topic,argument,key_point,stance,label,argument_vi
We should abolish the three-strikes laws,a criminal that offends two times is likely to keep committing crimes so the three strikes law would keep them out of the public earlier for the better,the three-strikes law is good at keeping criminals off of the streets,-1,1,"Một tội phạm tái phạm đến lần thứ hai thì khả năng cao là sẽ tiếp tục phạm tội, vì thế chính sách 'ba lần vi phạm' sẽ loại bỏ họ khỏi cộng đồng sớm hơn để đảm bảo an toàn."
We should ban cosmetic surgery,a lack of confidence due to appearance can have a crippling impact on poeple's lives and cosmetic surgery can help reduce this.,cosmetic surgery is a choice and bodily autonomy is paramount.,-1,0,"Việc thiếu tự tin do ngoại hình có thể gây ra tác động tiêu cực nghiêm trọng đến cuộc sống, và phẫu thuật thẩm mỹ chính là giải pháp để giảm bớt gánh nặng đó."
Entrapment should be legalized,a person could be tempted to commit a crime they would not otherwise have done if faced with entrapment practices.,entrapment is wrong and should be illegal,-1,0,Một người có thể bị cám dỗ phạm tội mà họ vốn dĩ sẽ không làm nếu không bị đặt vào tình huống 'gài bẫy' từ phía thực thi pháp luật.
We should ban cosmetic surgery,a person has the right to choose cosmetic surgery if they want to and they should not be prevented from doing so.,cosmetic surgery is a choice and bodily autonomy is paramount.,-1,1,"Mỗi người đều có quyền tự quyết định việc phẫu thuật thẩm mỹ nếu họ muốn, và không ai có quyền ngăn cản họ thực hiện điều đó."
We should subsidize student loans,a student does not have the resources to pay for the high cost of college,subsidizing student loans would encourage more to pursue higher education.,1,0,Sinh viên hiện nay không có đủ tiềm lực tài chính để chi trả cho mức học phí đắt đỏ của đại học.
We should subsidize student loans,a student loan is a loan that the person chose to take out.  there's no reason to offer a subsidy for them any more than any other type of loan.,student loans should be paid by the borrower like all other loans.,-1,1,"Khoản vay sinh viên là khoản nợ mà chính người đó đã tự nguyện lựa chọn, nên chẳng có lý do gì để trợ cấp cho nó nhiều hơn bất kỳ loại hình vay mượn nào khác."
We should ban algorithmic trading,a well-known economist has come out to say that algorithmic trading will be the doom of our economy,algorithmic trading gives an unfair advantage in the market,1,0,Một chuyên gia kinh tế có tên tuổi đã lên tiếng cảnh báo rằng giao dịch thuật toán sẽ là dấu chấm hết cho nền kinh tế của chúng ta.
We should adopt a zero-tolerance policy in schools,a zero-tolerance policy gives administrators no leeway if a student commits a less than serious crime.,zero-tolerance policies in schools are too strict and unnecessary,-1,0,Chính sách không khoan nhượng không cho phép ban quản lý có bất kỳ sự linh hoạt nào nếu học sinh mắc phải những lỗi không quá nghiêm trọng.
We should adopt a zero-tolerance policy in schools,"a zero-tolerance policy in school is impracticle when it comes to bullying and fighting as situations are often complicated and long-standing, sometimes initially with no clear outcome.",zero-tolerance policies in schools are too strict and unnecessary,-1,0,"Chính sách không khoan nhượng trong trường học là thiếu thực tế khi giải quyết vấn nạn bắt nạt và ẩu đả, vì các tình huống này thường rất phức tạp, kéo dài và đôi khi không rõ ràng ngay từ đầu."
We should adopt a zero-tolerance policy in schools,a zero-tolerance policy in school systems could put an end to the rampant spread of bullying which has increased the suicide rate among children.,clear boundaries and expectations must be set to protect students.,1,1,"Chính sách không khoan nhượng trong hệ thống giáo dục có thể chấm dứt tình trạng bắt nạt đang lan tràn, vốn là nguyên nhân làm gia tăng tỷ lệ tự tử ở trẻ em."
We should adopt a zero-tolerance policy in schools,a zero-tolerance policy in school would improve behaviour and thus improve results.,clear boundaries and expectations must be set to protect students.,1,0,"Chính sách không khoan nhượng trong trường học sẽ cải thiện hành vi của học sinh, từ đó nâng cao kết quả học tập."
We should adopt a zero-tolerance policy in schools,a zero-tolerance policy in schools is the wrong way to go as it would too often cause innocent students being punished for being pushed too far.,zero-tolerance policies in schools are too strict and unnecessary,-1,0,"Áp dụng chính sách không khoan nhượng là một nước đi sai lầm, vì nó rất dễ khiến những học sinh vô tội bị phạt oan do bị dồn vào đường cùng."
We should adopt a zero-tolerance policy in schools,a zero-tolerance policy in schools shows children that the schools are not playing around when it comes to punishment,clear boundaries and expectations must be set to protect students.,1,0,Chính sách không khoan nhượng cho học sinh thấy rằng nhà trường thực sự nghiêm túc trong vấn đề kỷ luật.
We should adopt a zero-tolerance policy in schools,a zero-tolerance policy in schools would remove disruptive students from class and facilitate better learning for the rest of the students.,clear boundaries and expectations must be set to protect students.,1,0,"Chính sách này giúp loại bỏ các học sinh gây rối ra khỏi lớp, tạo điều kiện thuận lợi hơn cho việc học của những bạn khác."
We should adopt a zero-tolerance policy in schools,a zero-tolerance policy insures that children are actually paying attention to their lessons and doing their best to not get into trouble.,clear boundaries and expectations must be set to protect students.,1,0,Chính sách không khoan nhượng đảm bảo học sinh phải thực sự tập trung vào bài giảng và cố gắng hết sức để không gây rắc rối.
We should adopt a zero-tolerance policy in schools,a zero-tolerance policy is a way to keep kids safe,clear boundaries and expectations must be set to protect students.,1,1,Chính sách không khoan nhượng là cách để giữ an toàn cho trẻ.
We should adopt a zero-tolerance policy in schools,a zero-tolerance policy is too restrictive for young children,zero-tolerance policies in schools are too strict and unnecessary,-1,1,Chính sách không khoan nhượng quá khắt khe đối với trẻ nhỏ.
We should adopt a zero-tolerance policy in schools,a zero-tolerance policy will weaken students. it shields them from experiences (mainly negative) that they may face in the real world.,zero-tolerance policies in schools are too strict and unnecessary,-1,0,"Chính sách không khoan nhượng sẽ làm học sinh trở nên yếu đuối, vì nó bao bọc các em khỏi những trải nghiệm thực tế (chủ yếu là tiêu cực) mà lẽ ra các em phải đối mặt."
We should adopt a zero-tolerance policy in schools,a zero-tolerance policy would help keep children safer.,clear boundaries and expectations must be set to protect students.,1,1,Chính sách không khoan nhượng sẽ giúp giữ an toàn hơn cho học sinh.
We should abolish the three-strikes laws,abolishing the three-strikes laws is mandatory because is not supporting evidence and not following the evidences in such a cases is abstract and not part of our western society.,people who have three minor offences are unfairly punished.,1,0,"Việc bãi bỏ luật 'ba lần phạm lỗi' (three-strikes laws) là bắt buộc vì không có bằng chứng xác thực cho hiệu quả của nó, và việc phớt lờ các bằng chứng thực tế như vậy là thiếu logic và đi ngược lại với các giá trị xã hội phương Tây."
We should adopt a zero-tolerance policy in schools,adopting a zero tolerance rule in schools is good for safety.,clear boundaries and expectations must be set to protect students.,1,1,Việc áp dụng quy tắc 'không khoan nhượng' trong trường học là giải pháp tốt để đảm bảo an toàn.
We should adopt a zero-tolerance policy in schools,adopting a zero-tolerance policy helps to combat violence and drug abuse in schools,clear boundaries and expectations must be set to protect students.,1,1,Chính sách 'không khoan nhượng' giúp ngăn chặn hiệu quả tình trạng bạo lực và lạm dụng chất cấm trong học đường.
We should adopt a zero-tolerance policy in schools,adopting a zero-tolerance policy in schools is unfair since it takes no account of the circumstances of the infraction,zero-tolerance policies in schools are too strict and unnecessary,-1,0,Chính sách 'không khoan nhượng' tại trường học là thiếu công bằng vì nó hoàn toàn bỏ qua các yếu tố hoàn cảnh cụ thể của từng vụ việc.
We should adopt a zero-tolerance policy in schools,adopting a zero-tolerance policy was shown to work in new york with crime and so would help in schools too.,clear boundaries and expectations must be set to protect students.,1,0,"Mô hình 'không khoan nhượng' đã chứng minh được hiệu quả trong việc trấn áp tội phạm tại New York, nên hoàn toàn có thể áp dụng tương tự trong môi trường học đường."
We should ban cosmetic surgery,adults should have the right to modify their bodies if they wish to,cosmetic surgery is a choice and bodily autonomy is paramount.,-1,1,Người trưởng thành nên có quyền được can thiệp vào cơ thể của chính mình nếu họ muốn.
We should ban algorithmic trading,"algorithimic trading, which to all intents and purposes is nothing more than ai-enabled gambling, makes a volatile, destructive and unethical trade even more so.",algorithmic trading gives an unfair advantage in the market,1,0,"Giao dịch thuật toán thực chất chẳng khác nào trò đánh bạc sử dụng AI, vốn đã làm cho thị trường tài chính vốn biến động, tàn phá và thiếu đạo đức lại càng trở nên tệ hại hơn."
We should ban algorithmic trading,algorithmic commerce does not do well to global markets,algorithmic trading gives an unfair advantage in the market,1,0,Giao dịch thuật toán không mang lại lợi ích gì cho các thị trường toàn cầu.
We should ban algorithmic trading,"algorithmic trading allows for greater numbers of trades to happen, getting more people involved in the economy","algorithmic trading allows for more timely, accurate, and efficient trading.",-1,0,"Giao dịch thuật toán cho phép khối lượng giao dịch lớn hơn, từ đó thu hút nhiều người tham gia vào nền kinh tế hơn."
We should ban algorithmic trading,"algorithmic trading allows for instantaneous response to the financial environment of the moment, without need for human thought or indecision.","algorithmic trading allows for more timely, accurate, and efficient trading.",-1,1,Giao dịch thuật toán cho phép phản ứng tức thì với các diễn biến tài chính tại thời điểm đó mà không cần đến suy nghĩ hay sự chần chừ của con người.
We should ban algorithmic trading,"algorithmic trading allows for more efficient, higher volume trading patterns, encouraging lower-cost funds and investment vehicles, benefiting the retail investor.","algorithmic trading allows for more timely, accurate, and efficient trading.",-1,1,"Giao dịch thuật toán giúp các mô hình giao dịch vận hành hiệu quả và với khối lượng cao hơn, từ đó thúc đẩy các quỹ đầu tư chi phí thấp, mang lại lợi ích trực tiếp cho các nhà đầu tư nhỏ lẻ."
We should ban algorithmic trading,"algorithmic trading allows for quicker more automated trading by utilizing mathematics and technology, this is simply a technological advancement as we see in all fields of business","algorithmic trading allows for more timely, accurate, and efficient trading.",-1,1,Giao dịch thuật toán giúp tối ưu hóa tốc độ và tự động hóa nhờ ứng dụng toán học và công nghệ; đây cũng chỉ là bước tiến công nghệ bình thường như mọi lĩnh vực kinh doanh khác thôi.
We should ban algorithmic trading,"algorithmic trading can be processed by computers much quicker than trades by humans, this gives some rich firms an unfair advantage.",algorithmic trading gives an unfair advantage in the market,1,1,"Máy tính xử lý giao dịch nhanh hơn con người rất nhiều, điều này vô hình trung tạo ra lợi thế bất công cho các tập đoàn tài chính lớn."
We should ban algorithmic trading,algorithmic trading can be rigged to benefit those who have the most money to gain,algorithmic trading gives an unfair advantage in the market,1,1,Giao dịch thuật toán hoàn toàn có thể bị dàn xếp để phục vụ lợi ích của những kẻ nắm giữ nguồn lực tài chính khổng lồ.
We should ban algorithmic trading,algorithmic trading can lead to sudden market shifts if all bots move at the same time and trigger other algorithms to trade the same way.,algorithmic trading gives an unfair advantage in the market,1,0,"Việc các bot cùng hành động đồng loạt có thể tạo ra hiệu ứng dây chuyền, khiến các thuật toán khác hùa theo và gây ra những cú sốc thị trường đột ngột."
We should ban algorithmic trading,"algorithmic trading cause massive stock market shifts and impacts on the economy, the practice should be banned",algorithmic trading gives an unfair advantage in the market,1,0,"Giao dịch thuật toán gây ra những biến động chứng khoán cực lớn và tác động tiêu cực đến nền kinh tế, vì vậy cần phải cấm hoàn toàn."
We should ban algorithmic trading,algorithmic trading could lead to an economic crisis,algorithmic trading gives an unfair advantage in the market,1,0,Giao dịch thuật toán hoàn toàn có nguy cơ châm ngòi cho một cuộc khủng hoảng kinh tế.
We should ban algorithmic trading,algorithmic trading could put traditional traders out of a job.,algorithmic trading gives an unfair advantage in the market,1,0,Giao dịch thuật toán có thể khiến những người làm nghề môi giới truyền thống mất việc làm.
We should ban algorithmic trading,algorithmic trading does not contribute to the growth of society and is profiting without contributing so it should be banned.,algorithmic trading gives an unfair advantage in the market,1,0,"Giao dịch thuật toán chẳng đóng góp gì cho sự phát triển của xã hội, chỉ đơn thuần là kiếm lời mà không tạo ra giá trị, do đó cần phải loại bỏ."
We should ban algorithmic trading,algorithmic trading doesn't provide the necessary thought processes of someone paying attention to the trades,algorithmic trading gives an unfair advantage in the market,1,0,Giao dịch thuật toán thiếu đi khả năng tư duy và sự nhạy bén của con người khi theo dõi diễn biến thị trường.
We should ban algorithmic trading,algorithmic trading enables a more level playing field in the trading of shares.,"algorithmic trading allows for more timely, accurate, and efficient trading.",-1,0,Giao dịch thuật toán thực chất lại giúp tạo ra một sân chơi công bằng hơn cho tất cả mọi người khi đầu tư chứng khoán.
We should ban algorithmic trading,algorithmic trading enables much faster trading to take place and saves too much time to ban it.,"algorithmic trading allows for more timely, accurate, and efficient trading.",-1,1,Giao dịch thuật toán cho phép thực hiện lệnh với tốc độ nhanh vượt trội và tiết kiệm thời gian đến mức chúng ta không thể cấm nó được.
We should ban algorithmic trading,algorithmic trading gives certain individuals an unfair advantage.,algorithmic trading gives an unfair advantage in the market,1,1,Giao dịch thuật toán đang mang lại lợi thế không công bằng cho một nhóm cá nhân nhất định.
We should ban algorithmic trading,algorithmic trading gives people an unfair advantage because they can trade so much more quickly and therefore it should be banned.,algorithmic trading gives an unfair advantage in the market,1,1,"Giao dịch thuật toán tạo ra lợi thế bất công vì những người dùng nó có thể đặt lệnh nhanh hơn hẳn người thường, vì vậy nên cấm hình thức này."
We should ban algorithmic trading,algorithmic trading gives some people an advantage while the rest are simply going to be the ones losing the most money.,algorithmic trading gives an unfair advantage in the market,1,1,"Giao dịch thuật toán giúp một số người hưởng lợi, trong khi phần còn lại chỉ biết gánh chịu những khoản thua lỗ nặng nề nhất."
We should ban algorithmic trading,algorithmic trading gives some people an unfair advantage,algorithmic trading gives an unfair advantage in the market,1,1,Giao dịch thuật toán đem lại lợi thế không công bằng cho một số người.
We should ban algorithmic trading,algorithmic trading gives too much control to machines. humans are better placed to understand the intricacies of the markets.,algorithmic trading gives an unfair advantage in the market,1,0,Giao dịch thuật toán trao quá nhiều quyền kiểm soát cho máy móc; con người mới là đối tượng hiểu rõ những biến động tinh vi của thị trường hơn cả.
We should ban algorithmic trading,algorithmic trading gives traders an unfair advantage,algorithmic trading gives an unfair advantage in the market,1,1,Giao dịch thuật toán mang lại cho các nhà đầu tư một lợi thế không công bằng.
We should ban algorithmic trading,algorithmic trading has been deemed responsible for crashes in the pound and the dow,algorithmic trading gives an unfair advantage in the market,1,0,Giao dịch thuật toán đã bị coi là nguyên nhân gây ra các đợt sụt giảm của đồng Bảng và chỉ số Dow Jones.
We should ban algorithmic trading,"algorithmic trading has been responsible for several mini market collapses, since computer systems lack the human sensitivity to look outside the stream of meaningless numbers to a wider context.",algorithmic trading gives an unfair advantage in the market,1,0,Giao dịch thuật toán từng gây ra vài đợt sụp đổ nhỏ trên thị trường vì máy tính thiếu sự nhạy bén của con người trong việc nhìn nhận bối cảnh rộng lớn thay vì chỉ chăm chăm vào những con số vô hồn.
We should ban algorithmic trading,"algorithmic trading has been responsible for some wild market fluctuations, damaging the confidence of investors.",algorithmic trading gives an unfair advantage in the market,1,0,"Giao dịch thuật toán là thủ phạm dẫn đến những biến động thị trường dữ dội, làm xói mòn niềm tin của các nhà đầu tư."
We should ban algorithmic trading,"algorithmic trading has helped the trading industry due to the high level of accuracy that it provides, there is no human error","algorithmic trading allows for more timely, accurate, and efficient trading.",-1,1,Giao dịch thuật toán đã giúp ích rất nhiều cho ngành tài chính nhờ độ chính xác cực cao và loại bỏ hoàn toàn sai sót do con người.
We should ban algorithmic trading,"algorithmic trading has its disadvantages which include system failure risks,network connectivity errors, time-lags between trade orders and execution and, most important of all, imperfect algorithms.",algorithmic trading gives an unfair advantage in the market,1,0,"Giao dịch thuật toán vẫn tồn tại nhiều rủi ro như lỗi hệ thống, sự cố kết nối mạng, độ trễ giữa lệnh đặt và khớp lệnh, và quan trọng nhất là các thuật toán chưa hoàn hảo."
We should ban algorithmic trading,algorithmic trading helps people trade with a smaller risk of financial losses.,"algorithmic trading allows for more timely, accurate, and efficient trading.",-1,0,Giao dịch thuật toán giúp nhà đầu tư giảm thiểu rủi ro thua lỗ về mặt tài chính.
We should ban algorithmic trading,"algorithmic trading improves the cost efficiency of financial markets, allows for the streamlining of regular micro transactions such as dividend reinvestment schemes.","algorithmic trading allows for more timely, accurate, and efficient trading.",-1,1,"Giao dịch thuật toán giúp tối ưu chi phí cho các thị trường tài chính, đồng thời hỗ trợ thực hiện trơn tru các giao dịch nhỏ lẻ như tái đầu tư cổ tức."
We should ban algorithmic trading,algorithmic trading is a harmful practice that is to all intents and purposes gambling. it allows companies that are already to powerful to increase their grip on the financial markets.,algorithmic trading gives an unfair advantage in the market,1,1,"Giao dịch thuật toán thực chất là một hành vi gây hại, không khác gì đánh bạc. Nó tạo điều kiện cho các tập đoàn vốn đã hùng mạnh càng thâu tóm thị trường tài chính chặt chẽ hơn."
We should ban algorithmic trading,algorithmic trading is a technological improvement on antiquated methods of trading and should be encouraged and improved.,"algorithmic trading allows for more timely, accurate, and efficient trading.",-1,0,"Giao dịch thuật toán là một bước tiến công nghệ so với các phương thức giao dịch lỗi thời, vì vậy chúng ta nên khuyến khích và cải tiến nó."
We should ban algorithmic trading,algorithmic trading is a very precise way of trading.  it's very efficient and should be allowed.,"algorithmic trading allows for more timely, accurate, and efficient trading.",-1,1,"Giao dịch thuật toán là một phương thức cực kỳ chuẩn xác, hiệu quả cao và nên được cho phép hoạt động."
We should ban algorithmic trading,algorithmic trading is cost effective because it is timely and accurate.,"algorithmic trading allows for more timely, accurate, and efficient trading.",-1,1,Giao dịch thuật toán rất tiết kiệm chi phí vì nó vừa nhanh chóng lại vừa chính xác.
We should ban algorithmic trading,algorithmic trading is fast and efficient and better able to deal with data,"algorithmic trading allows for more timely, accurate, and efficient trading.",-1,1,"Giao dịch thuật toán có tốc độ xử lý nhanh, hiệu quả cao và vượt trội trong việc xử lý dữ liệu."
We should ban algorithmic trading,algorithmic trading is good for those large investments that have something in common.,"algorithmic trading allows for more timely, accurate, and efficient trading.",-1,0,Giao dịch thuật toán rất phù hợp cho các khoản đầu tư lớn có chung đặc điểm.
We should ban algorithmic trading,"algorithmic trading is inherently unfair, only those with the resources to use it can benefit.",algorithmic trading gives an unfair advantage in the market,1,1,"Giao dịch thuật toán vốn dĩ đã không công bằng, chỉ những kẻ có nguồn lực mới được hưởng lợi từ nó."
We should ban algorithmic trading,algorithmic trading is just progrees in technology and a better way of doing business,"algorithmic trading allows for more timely, accurate, and efficient trading.",-1,0,Giao dịch thuật toán đơn giản là bước tiến công nghệ và là cách kinh doanh tối ưu hơn thôi.
We should ban algorithmic trading,algorithmic trading is like gambling and it should be banned.,algorithmic trading gives an unfair advantage in the market,1,0,"Giao dịch thuật toán chẳng khác nào cờ bạc, tốt nhất là nên cấm tiệt."
We should ban algorithmic trading,algorithmic trading is not available to all and hinders the vitality of all in a level playing field.,algorithmic trading gives an unfair advantage in the market,1,1,"Giao dịch thuật toán không dành cho tất cả mọi người, nó làm mất đi tính cạnh tranh sòng phẳng trên thị trường."
We should ban algorithmic trading,"algorithmic trading is not available to everyone, causing an unfair advantage with high economic detriments.",algorithmic trading gives an unfair advantage in the market,1,1,"Vì không phải ai cũng tiếp cận được nên giao dịch thuật toán tạo ra lợi thế bất công, gây hệ lụy kinh tế rất lớn."
We should ban algorithmic trading,algorithmic trading is one big risk because it's all ran by robots which require extensive knowledge to even create.  with that so many things can go wrong.,algorithmic trading gives an unfair advantage in the market,1,0,"Giao dịch thuật toán là một rủi ro khổng lồ vì toàn bộ do robot vận hành, mà cần kiến thức cực chuyên sâu mới lập trình nổi, chỉ cần sai sót nhỏ là hỏng hết."
We should ban algorithmic trading,"algorithmic trading is powered by ai that can be easily hacked, thus putting financial data at risk",algorithmic trading gives an unfair advantage in the market,1,0,"Giao dịch thuật toán chạy bằng AI nên rất dễ bị hack, đẩy dữ liệu tài chính vào vòng nguy hiểm."
We should ban algorithmic trading,algorithmic trading is slow to respond to what is going on in the real world,algorithmic trading gives an unfair advantage in the market,1,0,Giao dịch thuật toán phản ứng quá chậm chạp với những diễn biến thực tế bên ngoài.
We should ban algorithmic trading,algorithmic trading is too easily corrupted. it's far too easy to hack. if hacked it could completely destroy the economy and individual people's lives. it's not secure enough.,algorithmic trading gives an unfair advantage in the market,1,0,"Giao dịch thuật toán quá dễ bị thao túng và tấn công. Nếu bị hack, nó có thể phá hủy hoàn toàn nền kinh tế và cuộc đời của bao người; nó chẳng an toàn chút nào."
We should ban algorithmic trading,algorithmic trading is unfair because traders with faster computers and better connections to the market will have an advantage over others.,algorithmic trading gives an unfair advantage in the market,1,1,Giao dịch thuật toán bất công ở chỗ những người có máy tính mạnh hơn và đường truyền ổn định hơn sẽ luôn chiếm ưu thế tuyệt đối.
We should ban algorithmic trading,algorithmic trading is unfair to investors who are trying to invest hard earned money as a second income,algorithmic trading gives an unfair advantage in the market,1,1,Giao dịch thuật toán thật không công bằng với những nhà đầu tư đang cố gắng dùng số tiền mồ hôi nước mắt của mình để kiếm thêm thu nhập.
We should ban algorithmic trading,algorithmic trading keeps emotions out of investing and results in more logical moves for the trader,"algorithmic trading allows for more timely, accurate, and efficient trading.",-1,0,"Giao dịch thuật toán giúp loại bỏ yếu tố cảm xúc, từ đó đưa ra các quyết định đầu tư logic và chuẩn xác hơn."
We should ban algorithmic trading,"algorithmic trading leaves us vulnerable and fully dependent on technology, which can have issues of its own",algorithmic trading gives an unfair advantage in the market,1,0,"Giao dịch thuật toán khiến chúng ta trở nên bị động và lệ thuộc hoàn toàn vào công nghệ, thứ mà bản thân nó cũng tiềm ẩn nhiều rủi ro."
We should ban algorithmic trading,"algorithmic trading makes it easier for poor people to get more money, all they need to do is come up with an algorithm that makes them more money","algorithmic trading allows for more timely, accurate, and efficient trading.",-1,0,"Giao dịch thuật toán giúp người nghèo dễ dàng kiếm tiền hơn, vì tất cả những gì họ cần làm là tạo ra một thuật toán có khả năng sinh lời."
We should ban algorithmic trading,algorithmic trading makes trading easier and faster and keeps the system flowing smoothly.,"algorithmic trading allows for more timely, accurate, and efficient trading.",-1,1,"Giao dịch thuật toán làm cho việc giao dịch trở nên dễ dàng, nhanh chóng hơn và giúp hệ thống vận hành trơn tru."
We should ban algorithmic trading,algorithmic trading may be an artificial manipulation of the market.,algorithmic trading gives an unfair advantage in the market,1,0,Giao dịch thuật toán có thể là một hình thức thao túng thị trường nhân tạo.
We should ban algorithmic trading,algorithmic trading may be used to hide insider information or other illegal forms of trading by obfuscating data.,algorithmic trading gives an unfair advantage in the market,1,0,Giao dịch thuật toán có thể bị lợi dụng để che giấu thông tin nội gián hoặc các hành vi giao dịch phi pháp bằng cách làm nhiễu loạn dữ liệu.
We should ban algorithmic trading,algorithmic trading offers an unfair advantage to certain traders.,algorithmic trading gives an unfair advantage in the market,1,1,Giao dịch thuật toán mang lại lợi thế không công bằng cho một nhóm nhà đầu tư nhất định.
We should ban algorithmic trading,algorithmic trading optimize the efficiency and speed of order entry,"algorithmic trading allows for more timely, accurate, and efficient trading.",-1,1,Giao dịch thuật toán giúp tối ưu hóa hiệu suất và tốc độ đặt lệnh.
We should ban algorithmic trading,algorithmic trading produces erratic and unstable runs on stocks that disproportionately impact the vale of the market and should be banned.,algorithmic trading gives an unfair advantage in the market,1,0,"Giao dịch thuật toán tạo ra những đợt biến động bất thường và thiếu ổn định trên thị trường chứng khoán, gây ảnh hưởng tiêu cực đến giá trị thị trường và cần phải bị cấm."
We should ban algorithmic trading,algorithmic trading reduces operating costs so investors can get better profits,"algorithmic trading allows for more timely, accurate, and efficient trading.",-1,0,"Giao dịch thuật toán giúp giảm chi phí vận hành, nhờ đó nhà đầu tư thu được lợi nhuận tốt hơn."
We should ban algorithmic trading,algorithmic trading reduces transaction costs.,"algorithmic trading allows for more timely, accurate, and efficient trading.",-1,0,Giao dịch thuật toán giúp tối ưu hóa chi phí giao dịch.
We should ban algorithmic trading,algorithmic trading removes human emotions out of trading and relies soley on numbers and facts which can minimize loses,"algorithmic trading allows for more timely, accurate, and efficient trading.",-1,1,"Giao dịch thuật toán loại bỏ yếu tố cảm xúc, chỉ dựa trên số liệu và dữ kiện khách quan, từ đó hạn chế tối đa các khoản lỗ."
We should ban algorithmic trading,"algorithmic trading removes the human element of common sense from trading patterns, which has caused many wild mini-crashes and market fluctuations.",algorithmic trading gives an unfair advantage in the market,1,0,"Giao dịch thuật toán làm mất đi khả năng tư duy linh hoạt của con người, dẫn đến nhiều đợt sụt giảm đột ngột và biến động khó lường trên thị trường."
We should ban algorithmic trading,algorithmic trading save traders time and should be encouraged not banned,"algorithmic trading allows for more timely, accurate, and efficient trading.",-1,1,"Giao dịch thuật toán giúp các nhà giao dịch tiết kiệm thời gian, vì vậy nên được khuyến khích thay vì cấm đoán."
We should ban algorithmic trading,algorithmic trading should be banned as it does not allow for human intervention when unexpected events occur.,algorithmic trading gives an unfair advantage in the market,1,0,Cần cấm giao dịch thuật toán vì nó không cho phép con người can thiệp kịp thời khi có những sự kiện bất ngờ xảy ra.
We should ban algorithmic trading,algorithmic trading should be banned because it gives some people an unfair advantage.,algorithmic trading gives an unfair advantage in the market,1,1,Cần cấm giao dịch thuật toán vì nó tạo ra lợi thế không công bằng cho một nhóm người nhất định.
We should ban algorithmic trading,algorithmic trading should be prohibited because it is the absolute automation of commerce. it would open more passage to computers and would end the manual,algorithmic trading gives an unfair advantage in the market,1,0,Cần cấm giao dịch thuật toán vì đây là sự tự động hóa hoàn toàn hoạt động thương mại; điều này trao quá nhiều quyền kiểm soát cho máy tính và đặt dấu chấm hết cho các phương thức giao dịch thủ công.
We should ban algorithmic trading,algorithmic trading should not be banned as it allows for more trading with fewer errors,"algorithmic trading allows for more timely, accurate, and efficient trading.",-1,1,Không nên cấm giao dịch thuật toán vì nó giúp thực hiện nhiều giao dịch hơn với độ chính xác cao hơn.
We should ban algorithmic trading,algorithmic trading stops people having control over their spending and therefore increases debt,algorithmic trading gives an unfair advantage in the market,1,0,"Giao dịch thuật toán khiến người ta mất kiểm soát trong chi tiêu, từ đó làm gia tăng nợ nần."
We should ban algorithmic trading,algorithmic trading will generate many jobs for programmers who design the new algorithmic machines.,"algorithmic trading allows for more timely, accurate, and efficient trading.",-1,0,Giao dịch thuật toán sẽ mở ra vô vàn cơ hội việc làm cho các lập trình viên chuyên thiết kế những hệ thống máy tính này.
We should ban algorithmic trading,algorithmic trading will put many stock brokers and analysts out of business.,algorithmic trading gives an unfair advantage in the market,1,0,Giao dịch thuật toán sẽ khiến hàng loạt môi giới chứng khoán và các chuyên gia phân tích mất việc.
We should ban algorithmic trading,algorithmic trading works quicker than people are able to do it,"algorithmic trading allows for more timely, accurate, and efficient trading.",-1,1,Giao dịch thuật toán có tốc độ xử lý nhanh hơn nhiều so với khả năng của con người.
We should ban algorithmic trading,algorithms may not be 100% accurate and reflect the situation in the real market,algorithmic trading gives an unfair advantage in the market,1,0,Các thuật toán có thể không chính xác tuyệt đối và đôi khi không phản ánh đúng tình hình thực tế trên thị trường.
The use of public defenders should be mandatory,all american citizens have the right to a public defense if they can not afford it,everyone using public defenders would equalize the criminal justice system.,1,0,Mọi công dân Mỹ đều có quyền được nhà nước chỉ định luật sư bào chữa nếu họ không đủ khả năng tài chính.
We should adopt a zero-tolerance policy in schools,almost all schools already have zero tolerance policies and they clearly do not work. violence in schools is at an all time high. they clearly have no effect.,zero-tolerance policies in schools are too strict and unnecessary,-1,0,"Hầu hết các trường học đều đã áp dụng chính sách 'không khoan nhượng' nhưng rõ ràng là chúng không hiệu quả. Bạo lực học đường đang ở mức cao kỷ lục, chứng tỏ các biện pháp này chẳng có tác dụng gì cả."
We should ban algorithmic trading,alogorithmic trading adds too much volatility to the markets which should be based more on real valuations.,algorithmic trading gives an unfair advantage in the market,1,0,"Giao dịch thuật toán tạo ra quá nhiều biến động cho thị trường, trong khi lẽ ra thị trường nên được vận hành dựa trên các giá trị thực tế hơn."
We should subsidize student loans,an education is very important nowadays and subsidizing student loans will help many students go to school,subsidizing student loans would encourage more to pursue higher education.,1,1,"Giáo dục đóng vai trò cực kỳ quan trọng trong thời đại ngày nay, và việc trợ giá các khoản vay sinh viên sẽ giúp nhiều bạn trẻ tiếp cận được trường học hơn."
We should adopt a zero-tolerance policy in schools,any measure that contributes to less abuse in schools should be adopted without delay.,clear boundaries and expectations must be set to protect students.,1,1,Bất kỳ biện pháp nào góp phần giảm thiểu tình trạng bạo hành trong trường học đều cần được áp dụng ngay lập tức.
Entrapment should be legalized,"any method that catches a criminal should be utilized, don't provide protections for them",entrapment should be legalized in order to catch pedophiles,1,0,"Mọi phương pháp giúp bắt giữ tội phạm đều nên được sử dụng, đừng bao giờ bảo vệ những kẻ đó."
Foster care brings more harm than good,as concluded by the california-based little hoover commission (1992) regarding children placed in foster care children can come to harmand even die while supposedly under the protection of foster care,foster care harms childrens wellbeing in a number of ways,1,1,"Theo kết luận của Ủy ban Little Hoover tại California (1992) về trẻ em trong hệ thống chăm sóc thay thế, các em hoàn toàn có thể bị tổn thương, thậm chí tử vong ngay trong khi đang được cho là nằm dưới sự bảo vệ của hệ thống này."
We should ban algorithmic trading,automation means time gain and error minimization. ban algorithmic trade would be a step back at the technological level,"algorithmic trading allows for more timely, accurate, and efficient trading.",-1,1,Tự động hóa đồng nghĩa với tiết kiệm thời gian và giảm thiểu sai sót. Việc cấm giao dịch thuật toán sẽ là một bước lùi về mặt công nghệ.
We should ban cosmetic surgery,banning cosmetic surgery does not make sense.  i can be very helpful to a persons psyche especially surgery's that may have been performed on burn or accident victims.,cosmetic surgery is a choice and bodily autonomy is paramount.,-1,0,"Cấm phẫu thuật thẩm mỹ là điều vô lý, vì nó có thể hỗ trợ rất lớn cho tâm lý con người, đặc biệt là các ca phẫu thuật cho nạn nhân bị bỏng hoặc gặp tai nạn."
We should ban cosmetic surgery,banning cosmetic surgery is like banning freedom of speech.,cosmetic surgery is a choice and bodily autonomy is paramount.,-1,1,Cấm phẫu thuật thẩm mỹ cũng giống như tước đoạt quyền tự do ngôn luận vậy.
We should ban cosmetic surgery,banning cosmetic surgery would save people a lot of money.,cosmetic surgery is an unnecessary health risk,1,0,Cấm phẫu thuật thẩm mỹ sẽ giúp mọi người tiết kiệm được một khoản tiền lớn.
We should subsidize student loans,"because of this practice, tuition has gone up far more than inflation and schools are getting too expensive.",student loans should be paid by the borrower like all other loans.,-1,0,"Chính vì cách làm này mà học phí đã tăng cao hơn rất nhiều so với lạm phát, khiến trường học trở nên quá đắt đỏ."
The use of public defenders should be mandatory,being able to choose your own attorney to help determine your fate is vitally important if you have the means to do so.,imposing use of public defenders takes away a person's right to choose.,-1,1,"Việc có quyền tự lựa chọn luật sư để quyết định số phận của mình là điều cực kỳ quan trọng, nếu bạn có đủ điều kiện tài chính để làm việc đó."
We should ban cosmetic surgery,botched surgeries can lead people to feel even worse about themselves with little chance to completely repair the damage.,cosmetic surgery is an unnecessary health risk,1,0,"Những ca phẫu thuật hỏng có thể khiến người ta cảm thấy tồi tệ hơn về bản thân, trong khi cơ hội để khắc phục hoàn toàn những tổn thương đó lại rất thấp."
We should adopt a zero-tolerance policy in schools,bullying is in every school in the united states and the bullies are getting off scott-free.    this is resulting in more and more school shootings and suicides from those bullied.,clear boundaries and expectations must be set to protect students.,1,1,Bắt nạt xảy ra ở mọi trường học trên khắp nước Mỹ và những kẻ bắt nạt vẫn thường thoát tội. Điều này đang dẫn đến ngày càng nhiều vụ xả súng trường học và các vụ tự tử từ những nạn nhân bị bắt nạt.
We should adopt a zero-tolerance policy in schools,by adopting a zero-tolerance policy in schools we can cut bullying out since those who do it will be removed from the school.,clear boundaries and expectations must be set to protect students.,1,1,"Bằng cách áp dụng chính sách không khoan nhượng trong trường học, chúng ta có thể loại bỏ hoàn toàn nạn bắt nạt vì những kẻ vi phạm sẽ bị buộc rời khỏi trường."
We should adopt a zero-tolerance policy in schools,"by adopting a zero-tolerance policy in schools, we can be certain that that particular student will not be able to influence other students.",clear boundaries and expectations must be set to protect students.,1,0,Việc áp dụng chính sách không khoan nhượng tại trường học sẽ đảm bảo rằng những học sinh đó không thể gây ảnh hưởng xấu đến các bạn khác.
The use of public defenders should be mandatory,"by making it mandatory, the system would, effectively, be saying that everyone is equal and that representation quality is not based on ability to pay",everyone using public defenders would equalize the criminal justice system.,1,1,"Bằng cách bắt buộc, hệ thống đang khẳng định rằng mọi người đều bình đẳng và chất lượng đại diện không nên phụ thuộc vào khả năng chi trả."
The use of public defenders should be mandatory,by making the use of public defenders mandatory you are giving everyone the same amount of fairness rather than the rich being able to afford better lawyers than the poor.,everyone using public defenders would equalize the criminal justice system.,1,1,"Việc bắt buộc sử dụng luật sư công sẽ đảm bảo sự công bằng cho tất cả mọi người, thay vì để người giàu có lợi thế thuê luật sư giỏi hơn người nghèo."
We should subsidize student loans,by subsidizing student loans people would be able to put money back into the economy and it would have a positive effect for everyone,subsidizing student loans would encourage more to pursue higher education.,1,0,"Việc trợ cấp các khoản vay sinh viên sẽ giúp mọi người có thêm tiền để tái đầu tư vào nền kinh tế, từ đó tạo ra tác động tích cực cho cả xã hội."
Entrapment should be legalized,by using entrapment law enforcement is only making it faster to arrest those who are already going to commit the crime therefore saving someone from being a victim.,entrapment should be legalized in order to catch pedophiles,1,0,"Bằng cách sử dụng biện pháp gài bẫy, cơ quan thực thi pháp luật chỉ đang đẩy nhanh việc bắt giữ những kẻ vốn đã có ý định phạm tội, qua đó ngăn chặn kịp thời các nạn nhân bị hại."
We should end racial profiling,"certain races and ethnic groups commit more crimes than others, so it makes sense to scrutinize them more closely.",racial profiling helps to identify potential suspects,-1,0,"Một số chủng tộc và nhóm sắc tộc có tỷ lệ phạm tội cao hơn, vì vậy việc giám sát họ chặt chẽ hơn là điều hợp lý."
We should adopt a zero-tolerance policy in schools,"children are losing their respect for authority at an alarming rate, this is the only way we can halt that decline",clear boundaries and expectations must be set to protect students.,1,0,"Trẻ em đang mất dần sự tôn trọng đối với quyền uy ở mức đáng báo động, đây là cách duy nhất để chúng ta ngăn chặn sự xuống cấp đó."
Foster care brings more harm than good,children can be neglected because they are not guaranteed enough one on one interaction,foster care harms childrens wellbeing in a number of ways,1,0,Trẻ em có thể bị bỏ bê vì các em không được đảm bảo có đủ sự tương tác trực tiếp với người lớn.
Foster care brings more harm than good,children can be shuffled around from home to home and receive no stability.,foster care harms childrens wellbeing in a number of ways,1,1,Trẻ em có thể bị chuyển từ nhà này sang nhà khác liên tục và không nhận được sự ổn định cần thiết.
Foster care brings more harm than good,children in foster care are often bullied by others in the foster family,foster care harms childrens wellbeing in a number of ways,1,1,Trẻ em trong các gia đình nhận nuôi dưỡng thường xuyên bị những người khác trong gia đình đó bắt nạt.
Foster care brings more harm than good,children in foster care grow up in loving families that want children,children need to be placed in safe homes,-1,0,Trẻ em trong các gia đình nhận nuôi thường lớn lên trong tình yêu thương và sự quan tâm thực sự từ cha mẹ nuôi.
Foster care brings more harm than good,children in foster care have more compromised developmental outcomes than children who do not experience placement in foster care,foster care harms childrens wellbeing in a number of ways,1,1,Trẻ em phải vào các trại chăm sóc tập trung thường có sự phát triển tâm sinh lý bất ổn hơn so với những đứa trẻ được sống trong môi trường gia đình bình thường.
Foster care brings more harm than good,children need to be with their parents and get individual attention. children can be neglected in foster care.,foster care harms childrens wellbeing in a number of ways,1,0,"Trẻ em cần được ở bên cha mẹ để nhận được sự chăm sóc cá nhân sát sao, thay vì bị bỏ mặc trong các cơ sở nuôi dưỡng tập trung."
Foster care brings more harm than good,children put into foster care are often removed from situations that are hazardous.  the foster home offers them a place of safety and stability,children need to be placed in safe homes,-1,1,Việc đưa trẻ vào các cơ sở chăm sóc là cần thiết khi môi trường sống của các em quá nguy hiểm; đây là giải pháp để các em có nơi ở an toàn và ổn định hơn.
Foster care brings more harm than good,children should be allowed to stay with their parents foster care takes them away,foster care harms childrens wellbeing in a number of ways,1,0,"Trẻ em nên được ở cùng cha mẹ ruột, việc đưa các em vào trại nuôi dưỡng chẳng khác nào tách rời các em khỏi gia đình."
Foster care brings more harm than good,children will be able to experience family and stability until they are old enough,children need to be placed in safe homes,-1,0,Trẻ em sẽ có được cuộc sống ổn định và cảm giác gia đình cho đến khi các em đủ trưởng thành để tự lập.
We should adopt a zero-tolerance policy in schools,"children will make mistakes, because they are not mature.  we have to allow some discretion in the hands of the administrators",zero-tolerance policies in schools are too strict and unnecessary,-1,0,Trẻ em vốn chưa chín chắn nên chuyện phạm lỗi là khó tránh khỏi; chúng ta cần cho phép các nhà quản lý được linh hoạt trong cách xử lý.
We should adopt a zero-tolerance policy in schools,children's brains are no fully developed yet and as such shouldn't have their lives ruined over small 'crimes' in school.,zero-tolerance policies in schools are too strict and unnecessary,-1,0,"Bộ não của trẻ chưa phát triển hoàn thiện, vì thế không nên hủy hoại tương lai của các em chỉ vì những lỗi lầm nhỏ nhặt ở trường học."
We should subsidize student loans,college is getting more and more expensive each year so students should be getting as much help as they need,subsidizing student loans would encourage more to pursue higher education.,1,0,"Chi phí đại học ngày càng đắt đỏ theo từng năm, do đó sinh viên cần phải được hỗ trợ nhiều nhất có thể."
We should end the use of economic sanctions,corrupt governments must be overthrown by their people and economic sanctions can help bring this about.,we should support economic sanctions to keep others from violating interests,-1,0,"Những chính phủ độc tài, tham nhũng cần phải bị người dân lật đổ, và các lệnh trừng phạt kinh tế chính là đòn bẩy hiệu quả để hiện thực hóa điều đó."
We should ban cosmetic surgery,"cosmetic surgery allows those hurt in accidents, or disformed in other ways,  feel better about themselves my regaining some of their natural looks.",cosmetic surgery is a choice and bodily autonomy is paramount.,-1,0,Phẫu thuật thẩm mỹ giúp những người gặp tai nạn hoặc bị khiếm khuyết ngoại hình tìm lại sự tự tin nhờ khôi phục lại vẻ tự nhiên vốn có.
We should ban cosmetic surgery,cosmetic surgery boosts people's self esteem.,cosmetic surgery is a choice and bodily autonomy is paramount.,-1,0,Phẫu thuật thẩm mỹ giúp nâng cao lòng tự trọng của con người.
We should ban cosmetic surgery,cosmetic surgery can be addictive and people keep doing it until they look deformed.,cosmetic surgery is an unnecessary health risk,1,0,"Phẫu thuật thẩm mỹ rất dễ gây nghiện, khiến nhiều người cứ làm mãi cho đến khi biến dạng."
We should ban cosmetic surgery,cosmetic surgery can be addictive and some people trasnform themselves into plastic dolls.,cosmetic surgery is an unnecessary health risk,1,0,"Phẫu thuật thẩm mỹ có thể gây nghiện, khiến không ít người tự biến mình thành những con búp bê nhựa vô hồn."
We should ban cosmetic surgery,cosmetic surgery can be essential for those with birth defects in order to live normally and with less suffering.,cosmetic surgery is a choice and bodily autonomy is paramount.,-1,0,"Đối với những người bị dị tật bẩm sinh, phẫu thuật thẩm mỹ là yếu tố tiên quyết để họ có thể sống bình thường và bớt chịu đau khổ."
We should ban cosmetic surgery,cosmetic surgery can be good for many things if it involves saving the life of the patient.,cosmetic surgery is a choice and bodily autonomy is paramount.,-1,0,Phẫu thuật thẩm mỹ sẽ thực sự hữu ích nếu nó giúp cứu sống bệnh nhân.
We should ban cosmetic surgery,cosmetic surgery can be very dangerous and is not regulated as much as it needs to be.,cosmetic surgery is an unnecessary health risk,1,1,Phẫu thuật thẩm mỹ tiềm ẩn nhiều rủi ro nguy hiểm nhưng lại chưa được quản lý chặt chẽ như mức cần thiết.
We should ban cosmetic surgery,cosmetic surgery can cause health problems down the road,cosmetic surgery is an unnecessary health risk,1,1,Phẫu thuật thẩm mỹ có thể để lại những hệ lụy sức khỏe nghiêm trọng về lâu dài.
We should ban cosmetic surgery,cosmetic surgery can cause people to get addicted to procedures that they don't need.,cosmetic surgery is an unnecessary health risk,1,0,Phẫu thuật thẩm mỹ dễ khiến người ta sa đà vào những thủ thuật không cần thiết.
We should ban cosmetic surgery,cosmetic surgery can give a person confidence and help them overcome feelings of inadequacy,cosmetic surgery is a choice and bodily autonomy is paramount.,-1,0,"Phẫu thuật thẩm mỹ có thể mang lại sự tự tin, giúp một người vượt qua mặc cảm tự ti của bản thân."
We should ban cosmetic surgery,cosmetic surgery can help a lot of people who have been disfigured or who have a poor body image,cosmetic surgery is a choice and bodily autonomy is paramount.,-1,0,Phẫu thuật thẩm mỹ thực sự là cứu cánh cho những người bị dị dạng cơ thể hoặc luôn mặc cảm về ngoại hình của mình.
We should ban cosmetic surgery,cosmetic surgery can help patients feel better.,cosmetic surgery is a choice and bodily autonomy is paramount.,-1,0,Phẫu thuật thẩm mỹ giúp bệnh nhân cảm thấy tự tin và yêu bản thân hơn.
We should ban cosmetic surgery,cosmetic surgery can help people that had facial injuries or birth defects to look more normal,cosmetic surgery is a choice and bodily autonomy is paramount.,-1,0,Phẫu thuật thẩm mỹ giúp những người bị chấn thương vùng mặt hoặc dị tật bẩm sinh có cơ hội sở hữu diện mạo bình thường như bao người.
We should ban cosmetic surgery,cosmetic surgery can help people with self esteem issues,cosmetic surgery is a choice and bodily autonomy is paramount.,-1,0,Phẫu thuật thẩm mỹ là giải pháp hỗ trợ đắc lực cho những người đang gặp vấn đề về lòng tự trọng.
We should ban cosmetic surgery,cosmetic surgery can help some people who are so consumed with their appearance that they let it affect their mental well being,cosmetic surgery is a choice and bodily autonomy is paramount.,-1,0,Phẫu thuật thẩm mỹ giúp ích rất nhiều cho những người quá ám ảnh về vẻ bề ngoài đến mức suy sụp cả về mặt tinh thần.
We should ban cosmetic surgery,cosmetic surgery can help to relieve medical and mental health problems,cosmetic surgery is a choice and bodily autonomy is paramount.,-1,0,Phẫu thuật thẩm mỹ có thể góp phần cải thiện đáng kể các vấn đề về sức khỏe thể chất lẫn tinh thần.
We should ban cosmetic surgery,"cosmetic surgery can improve a person's emotional state, due to raising self-esteem, which is important for their mental health.",cosmetic surgery is a choice and bodily autonomy is paramount.,-1,0,"Việc cải thiện ngoại hình thông qua phẫu thuật thẩm mỹ giúp nâng cao lòng tự trọng, từ đó thúc đẩy trạng thái cảm xúc tích cực và sức khỏe tâm thần."
We should ban cosmetic surgery,cosmetic surgery can lead to body problems with time passing. it's not a 100% safe treatment and will only endanger people life while not worthing more,cosmetic surgery is an unnecessary health risk,1,1,"Phẫu thuật thẩm mỹ tiềm ẩn nhiều rủi ro về lâu dài. Đây không phải là phương pháp an toàn tuyệt đối và cái giá phải trả đôi khi là cả tính mạng, hoàn toàn không đáng để đánh đổi."
We should ban cosmetic surgery,cosmetic surgery can lead to damaged tissue in people body undergoing this treatment. this can lead to unforeseen problems that can lead to death,cosmetic surgery is an unnecessary health risk,1,1,Phẫu thuật thẩm mỹ có thể gây tổn thương mô nghiêm trọng cho cơ thể. Những biến chứng khôn lường từ việc can thiệp này thậm chí có thể dẫn đến tử vong.
We should ban cosmetic surgery,"cosmetic surgery can make a huge difference in how people feel about themselves, giving a higher quality of life.",cosmetic surgery is a choice and bodily autonomy is paramount.,-1,0,"Phẫu thuật thẩm mỹ tạo ra bước ngoặt lớn trong cách nhìn nhận bản thân của mỗi người, từ đó nâng cao chất lượng cuộc sống của họ."
We should ban cosmetic surgery,"cosmetic surgery can result in painful complications and health problems, is costly and fosters the damaging idea that image is of overriding importance.",cosmetic surgery is an unnecessary health risk,1,1,"Phẫu thuật thẩm mỹ không chỉ gây ra những biến chứng đau đớn, ảnh hưởng xấu đến sức khỏe và tốn kém, mà còn cổ xúy tư duy độc hại rằng ngoại hình là yếu tố quan trọng nhất."
We should ban cosmetic surgery,cosmetic surgery carries unnecessary risk and takes resources away from healing actual illnesses.,cosmetic surgery is an unnecessary health risk,1,1,Phẫu thuật thẩm mỹ mang lại những rủi ro không đáng có và tiêu tốn nguồn lực lẽ ra nên được dành cho việc điều trị các bệnh lý thực sự.
We should ban cosmetic surgery,cosmetic surgery causes unnecessary risks to the patient for a purely narcissistic procedure.,cosmetic surgery is an unnecessary health risk,1,1,Phẫu thuật thẩm mỹ đẩy bệnh nhân vào những rủi ro không cần thiết chỉ để thỏa mãn mục đích phù phiếm cá nhân.
We should ban cosmetic surgery,cosmetic surgery has been a saving grace to people who have sustained serious injuries and need reconstructive cosmetic surgery.,cosmetic surgery is a choice and bodily autonomy is paramount.,-1,0,Phẫu thuật thẩm mỹ thực sự là cứu cánh cho những người không may gặp tai nạn nghiêm trọng và cần được tái tạo ngoại hình.
We should ban cosmetic surgery,cosmetic surgery has been known to lead to deaths due to botched jobs. it should be banned so these deaths do not occur.,cosmetic surgery is an unnecessary health risk,1,1,"Phẫu thuật thẩm mỹ đã từng gây ra những ca tử vong thương tâm do lỗi kỹ thuật; vì vậy, cần phải cấm để ngăn chặn những hậu quả đau lòng này."
We should ban cosmetic surgery,cosmetic surgery has helped many people that had birth defects.,cosmetic surgery is a choice and bodily autonomy is paramount.,-1,0,Phẫu thuật thẩm mỹ đã giúp ích cho rất nhiều người sinh ra với những dị tật bẩm sinh.
We should ban cosmetic surgery,cosmetic surgery has too many risks of something going wrong compared to the benefit of looking more aesthetically pleasing.,cosmetic surgery is an unnecessary health risk,1,1,Lợi ích từ việc cải thiện ngoại hình không đủ để khỏa lấp những rủi ro tiềm tàng mà phẫu thuật thẩm mỹ gây ra.
We should ban cosmetic surgery,cosmetic surgery helps burn and accident victims to heal and look more normal.,cosmetic surgery is a choice and bodily autonomy is paramount.,-1,0,Phẫu thuật thẩm mỹ giúp những nạn nhân bị bỏng hoặc gặp tai nạn có cơ hội hồi phục và tìm lại diện mạo bình thường.
We should ban cosmetic surgery,"cosmetic surgery helps correct facial defects in children, giving them the chance at a normal life.",cosmetic surgery is a choice and bodily autonomy is paramount.,-1,0,"Phẫu thuật thẩm mỹ giúp khắc phục các dị tật khuôn mặt ở trẻ em, mang lại cho các em cơ hội có một cuộc sống bình thường như bao người khác."
We should ban cosmetic surgery,"cosmetic surgery helps patients who have been burned by fires, etc.",cosmetic surgery is a choice and bodily autonomy is paramount.,-1,0,Phẫu thuật thẩm mỹ hỗ trợ điều trị cho những bệnh nhân bị bỏng nặng do hỏa hoạn và nhiều nguyên nhân khác.
We should ban cosmetic surgery,"cosmetic surgery is  putting people's lives at risk, so we should really ban it",cosmetic surgery is an unnecessary health risk,1,1,"Phẫu thuật thẩm mỹ đang đe dọa tính mạng con người, vì vậy chúng ta thực sự cần cấm nó."
We should ban cosmetic surgery,"cosmetic surgery is a decision that a doctor and a patient makes, and we should not infringe on their choice.",cosmetic surgery is a choice and bodily autonomy is paramount.,-1,1,"Phẫu thuật thẩm mỹ là quyết định giữa bác sĩ và bệnh nhân, chúng ta không nên can thiệp vào lựa chọn cá nhân của họ."
We should ban cosmetic surgery,"cosmetic surgery is a harmful, invasive and unnecessary procedure that in the future will be looked upon as a barbaric practice, the way we look back at victorian medical procedures.",cosmetic surgery is an unnecessary health risk,1,1,"Phẫu thuật thẩm mỹ là một thủ thuật gây hại, xâm lấn và không cần thiết. Trong tương lai, nó sẽ bị coi là một hủ tục lạc hậu, giống như cách chúng ta nhìn nhận các phương pháp y tế thời Victoria vậy."
We should ban cosmetic surgery,cosmetic surgery is dangerous and addictive,cosmetic surgery is an unnecessary health risk,1,0,Phẫu thuật thẩm mỹ rất nguy hiểm và gây nghiện.
We should ban cosmetic surgery,cosmetic surgery is dangerous and has killed people in the past.,cosmetic surgery is an unnecessary health risk,1,1,Phẫu thuật thẩm mỹ rất nguy hiểm và thực tế đã từng gây ra tử vong.
We should ban cosmetic surgery,cosmetic surgery is dangerous and kills people every year.,cosmetic surgery is an unnecessary health risk,1,1,Phẫu thuật thẩm mỹ rất nguy hiểm và cướp đi sinh mạng của nhiều người mỗi năm.
We should ban cosmetic surgery,cosmetic surgery is dangerous and should be banned.,cosmetic surgery is an unnecessary health risk,1,1,Phẫu thuật thẩm mỹ rất nguy hiểm và cần phải bị cấm.
We should ban cosmetic surgery,"cosmetic surgery is expensive, a waste of resources, and gives people, especially young women, an impossible standard to live up to.",cosmetic surgery is an unnecessary health risk,1,0,"Phẫu thuật thẩm mỹ quá tốn kém, gây lãng phí nguồn lực và tạo ra những tiêu chuẩn vẻ đẹp phi thực tế, đặc biệt là với phụ nữ trẻ."
We should ban cosmetic surgery,"cosmetic surgery is expensive, needless, and may give people a false sense of what is beautiful.",cosmetic surgery is an unnecessary health risk,1,0,"Phẫu thuật thẩm mỹ vừa đắt đỏ, vừa không cần thiết, lại dễ khiến người ta ngộ nhận về khái niệm cái đẹp."
We should ban cosmetic surgery,cosmetic surgery is full of scam procedures that do nothing for the patient except drain their bank accounts.,cosmetic surgery is an unnecessary health risk,1,0,"Phẫu thuật thẩm mỹ đầy rẫy những chiêu trò lừa đảo, chẳng đem lại lợi ích gì cho bệnh nhân ngoài việc làm sạch ví tiền của họ."
We should ban cosmetic surgery,cosmetic surgery is helpful to those who have been disfigured due to injury regain their confidence by removing scars and improving the look of their damaged skin.,cosmetic surgery is a choice and bodily autonomy is paramount.,-1,0,Phẫu thuật thẩm mỹ giúp những người bị biến dạng do chấn thương lấy lại sự tự tin bằng cách xóa sẹo và cải thiện vẻ ngoài của làn da bị tổn thương.
We should ban cosmetic surgery,"cosmetic surgery is known to be risky and detrimental to everybody in the long-term, particularly those that have a number of treatment",cosmetic surgery is an unnecessary health risk,1,1,"Phẫu thuật thẩm mỹ vốn được biết là tiềm ẩn nhiều rủi ro và gây hại về lâu dài cho tất cả mọi người, đặc biệt là những ai thực hiện can thiệp quá nhiều lần."
We should ban cosmetic surgery,cosmetic surgery is needed for reconstructive surgery and is a necessary part of the process.,cosmetic surgery is a choice and bodily autonomy is paramount.,-1,0,Phẫu thuật thẩm mỹ đóng vai trò thiết yếu trong chỉnh hình và là một phần không thể thiếu của quy trình phục hồi chức năng.
We should ban cosmetic surgery,cosmetic surgery is only for the wealthy and results in poor people feeling worse about themselves.,cosmetic surgery is an unnecessary health risk,1,0,Phẫu thuật thẩm mỹ chỉ dành cho người giàu và khiến những người có thu nhập thấp cảm thấy tự ti hơn về bản thân.
We should ban cosmetic surgery,"cosmetic surgery is risky, expensive  and create a society based on superficial looks.",cosmetic surgery is an unnecessary health risk,1,1,"Phẫu thuật thẩm mỹ vừa rủi ro, đắt đỏ, vừa thúc đẩy một xã hội coi trọng vẻ bề ngoài nông cạn."
We should ban cosmetic surgery,cosmetic surgery is taking unnecessary risks.,cosmetic surgery is an unnecessary health risk,1,1,Phẫu thuật thẩm mỹ là một kiểu đánh đổi rủi ro không cần thiết.
We should ban cosmetic surgery,cosmetic surgery is too dangerous and people should be who they are,cosmetic surgery is an unnecessary health risk,1,1,Phẫu thuật thẩm mỹ quá nguy hiểm và con người nên học cách chấp nhận chính bản thân mình.
We should ban cosmetic surgery,cosmetic surgery is too risky and unnecessary. it isn't needed to improve a health outcome therefore making it too risky for something completely unnecessary.,cosmetic surgery is an unnecessary health risk,1,1,Phẫu thuật thẩm mỹ quá rủi ro và không cần thiết; vì nó không cải thiện kết quả sức khỏe nên việc đánh đổi rủi ro cho một thứ không cần thiết là điều không đáng.
We should ban cosmetic surgery,cosmetic surgery is unnecessary and dangerous.,cosmetic surgery is an unnecessary health risk,1,1,Phẫu thuật thẩm mỹ là thứ không cần thiết và nguy hiểm.
We should ban cosmetic surgery,cosmetic surgery is unnecessary and does not provide health benefits,cosmetic surgery is an unnecessary health risk,1,1,Phẫu thuật thẩm mỹ là không cần thiết và chẳng mang lại lợi ích gì cho sức khỏe cả.
We should ban cosmetic surgery,cosmetic surgery is vital for people like burn victims to heal and feel more normal.,cosmetic surgery is a choice and bodily autonomy is paramount.,-1,0,"Phẫu thuật thẩm mỹ cực kỳ quan trọng với những nạn nhân bị bỏng, giúp họ hồi phục và cảm thấy tự tin hơn trong cuộc sống."
We should ban cosmetic surgery,cosmetic surgery it is a personal choice and no one has the right to deny them that,cosmetic surgery is a choice and bodily autonomy is paramount.,-1,1,"Việc phẫu thuật thẩm mỹ là lựa chọn cá nhân, và không ai có quyền ngăn cản họ thực hiện điều đó cả."
We should ban cosmetic surgery,cosmetic surgery just increases the prevalence of body dysmorphia and leaves the poor with no access to such treatments. for these reasons it should be banned.,cosmetic surgery is an unnecessary health risk,1,0,"Phẫu thuật thẩm mỹ chỉ làm trầm trọng thêm tình trạng mặc cảm ngoại hình và tạo ra sự bất bình đẳng vì người nghèo không thể tiếp cận. Vì những lý do đó, nó nên bị cấm."
We should ban cosmetic surgery,cosmetic surgery leads to some people becoming disfigured when they are operated on by unskilled surgeons.,cosmetic surgery is an unnecessary health risk,1,0,Phẫu thuật thẩm mỹ dễ dẫn đến biến dạng cơ thể nếu bệnh nhân không may gặp phải những bác sĩ tay nghề kém.
We should ban cosmetic surgery,cosmetic surgery makes people feel better about themselves.,cosmetic surgery is a choice and bodily autonomy is paramount.,-1,0,Phẫu thuật thẩm mỹ giúp con người cảm thấy yêu bản thân hơn.
We should ban cosmetic surgery,cosmetic surgery only changes the outer appearance of a person and doesn't deal with the emotional issues that make someone feel they are less perfect just as they are.,cosmetic surgery is an unnecessary health risk,1,0,Phẫu thuật thẩm mỹ chỉ thay đổi vẻ bề ngoài chứ không giải quyết được những vấn đề tâm lý khiến một người luôn cảm thấy mình không hoàn hảo.
We should ban cosmetic surgery,cosmetic surgery ought to be available to anyone who has a disfigurement,cosmetic surgery is a choice and bodily autonomy is paramount.,-1,0,Phẫu thuật thẩm mỹ nên được cung cấp cho bất kỳ ai đang gặp tình trạng dị tật cơ thể.
We should ban cosmetic surgery,cosmetic surgery presents many health risks.,cosmetic surgery is an unnecessary health risk,1,1,Phẫu thuật thẩm mỹ tiềm ẩn quá nhiều rủi ro cho sức khỏe.
We should ban cosmetic surgery,cosmetic surgery promotes unhealthy body image ideals,cosmetic surgery is an unnecessary health risk,1,0,Phẫu thuật thẩm mỹ đang cổ súy cho những chuẩn mực ngoại hình thiếu lành mạnh.
We should ban cosmetic surgery,cosmetic surgery provides an important resource for people who have been involved in accidents and helps to enable them to resume a normal life.,cosmetic surgery is a choice and bodily autonomy is paramount.,-1,0,"Phẫu thuật thẩm mỹ là một nguồn lực quan trọng đối với những người không may gặp tai nạn, giúp họ có cơ hội quay trở lại với cuộc sống bình thường."
We should ban cosmetic surgery,cosmetic surgery should be allowed in a free enterprise system where people can act of their own free will in making that decision.,cosmetic surgery is a choice and bodily autonomy is paramount.,-1,1,"Phẫu thuật thẩm mỹ nên được cho phép trong một nền kinh tế tự do, nơi mọi người có quyền tự quyết đối với các lựa chọn cá nhân của chính mình."
We should ban cosmetic surgery,"cosmetic surgery should be banned because a lot of people these days continuously get it, which can eventually lead to them having a mental disorder.",cosmetic surgery is an unnecessary health risk,1,0,Phẫu thuật thẩm mỹ nên bị cấm vì xu hướng lạm dụng hiện nay có thể dẫn đến các vấn đề nghiêm trọng về sức khỏe tâm thần.
We should ban cosmetic surgery,cosmetic surgery should be banned because it is really not a necessary type of surgery.,cosmetic surgery is an unnecessary health risk,1,1,Phẫu thuật thẩm mỹ nên bị cấm vì thực tế đây không phải là loại hình phẫu thuật thực sự cần thiết.
We should ban cosmetic surgery,cosmetic surgery should be banned because the risks attached both to the surgery and in the longer term are not worth the gains.,cosmetic surgery is an unnecessary health risk,1,1,Phẫu thuật thẩm mỹ nên bị cấm vì những rủi ro trước mắt cũng như lâu dài của nó là quá lớn so với lợi ích mang lại.
We should ban cosmetic surgery,cosmetic surgery should be lawful as everyone should be allowed to do anything to their body as long as they are informed and aware of the risks.,cosmetic surgery is a choice and bodily autonomy is paramount.,-1,1,"Phẫu thuật thẩm mỹ nên được hợp pháp hóa, vì mỗi người có quyền can thiệp vào cơ thể mình miễn là họ được thông tin đầy đủ và hiểu rõ các rủi ro."
We should ban cosmetic surgery,cosmetic surgery should not be banned because it helps people recover from traumatic injuries resulting from accidents or disease.,cosmetic surgery is a choice and bodily autonomy is paramount.,-1,0,Phẫu thuật thẩm mỹ không nên bị cấm vì nó giúp bệnh nhân phục hồi các tổn thương nghiêm trọng do tai nạn hoặc bệnh tật.
We should ban cosmetic surgery,cosmetic surgery shouldn't be banned because there are plenty of cases and times when someone is in a accident and they actually need it to fix their appearance.,cosmetic surgery is a choice and bodily autonomy is paramount.,-1,0,Phẫu thuật thẩm mỹ không nên bị cấm vì có rất nhiều trường hợp nạn nhân cần đến nó để tái tạo ngoại hình sau tai nạn.
We should ban cosmetic surgery,"cosmetic surgery simply forces an ideal model for children to feel that they need to follow in order to be accepted in the world, and should be banned.",cosmetic surgery is an unnecessary health risk,1,0,"Phẫu thuật thẩm mỹ vô hình trung áp đặt một chuẩn mực ngoại hình khiến trẻ em cảm thấy phải chạy theo để được xã hội chấp nhận, vì vậy cần phải cấm."
We should ban cosmetic surgery,cosmetic surgery supports the idea that young people are not good enough as they are and that they require invasive procedures in order to look good enough for society.,cosmetic surgery is an unnecessary health risk,1,0,"Phẫu thuật thẩm mỹ cổ xúy tư tưởng rằng người trẻ không đủ tốt nếu để mặc định, khiến họ cảm thấy cần phải đụng chạm dao kéo mới đáp ứng được kỳ vọng của xã hội."
We should ban cosmetic surgery,"cosmetic surgery, other than for disfigurments, should be banned.  society puts too much pressure on people to look perfect.  people should embrace individuality.",cosmetic surgery is an unnecessary health risk,1,0,"Nên cấm phẫu thuật thẩm mỹ trừ những trường hợp tái tạo dị tật. Xã hội đang gây quá nhiều áp lực về sự hoàn hảo, thay vào đó chúng ta nên trân trọng vẻ đẹp riêng biệt của mỗi cá nhân."
Entrapment should be legalized,criminals are going to commit the crime either way. by allowing law enforcentment to use entrapment you just catch them sooner and keep that many more people safe.,entrapment should be legalized in order to catch pedophiles,1,0,"Dù sao thì tội phạm vẫn sẽ gây án thôi. Việc cho phép cảnh sát dùng biện pháp gài bẫy sẽ giúp bắt chúng sớm hơn, từ đó bảo vệ được nhiều người hơn."
Entrapment should be legalized,criminals should be caught by any means possible,entrapment should be legalized in order to catch pedophiles,1,0,Phải bắt được tội phạm bằng mọi giá.
We should abolish the three-strikes laws,criminals should be given only so many chances. multiple offenses prove they will not change and should be punished accordingly.,the three-strikes law is good at keeping criminals off of the streets,-1,0,Tội phạm chỉ nên được cho một số cơ hội nhất định thôi. Tái phạm nhiều lần là bằng chứng cho thấy chúng sẽ không bao giờ thay đổi và cần phải bị trừng phạt thích đáng.
We should abolish the three-strikes laws,"criminals should have a chance to go straight, even if they've committed the same crime multiple times.",people who have three minor offences are unfairly punished.,1,0,"Tội phạm vẫn nên có cơ hội để hoàn lương, kể cả khi đã phạm cùng một tội nhiều lần."
We should abolish the three-strikes laws,"criminals shouldn't get extra chances when committing crimes anyway, so the three-strikes law is not necessary.",people who have three minor offences are unfairly punished.,1,0,"Đằng nào tội phạm cũng chẳng xứng đáng có thêm cơ hội nào cả, nên luật 'ba lần phạm tội' là hoàn toàn không cần thiết."
The use of public defenders should be mandatory,defending one's self in court and not using a public defender is just stupid.   they know and understand the law better than someone not trained/taught in such.,everyone using public defenders would equalize the criminal justice system.,1,0,Tự bào chữa tại tòa mà không nhờ luật sư công thì đúng là dại dột. Họ hiểu luật hơn hẳn một người không được đào tạo bài bản.
We should adopt a zero-tolerance policy in schools,each case needs to be reviewed independently and punishments then established.,zero-tolerance policies in schools are too strict and unnecessary,-1,0,Mỗi vụ án cần được xem xét độc lập rồi mới đưa ra mức án phù hợp.
We should adopt a zero-tolerance policy in schools,each case needs to be reviewed to decide appropriate  discipline.,zero-tolerance policies in schools are too strict and unnecessary,-1,0,Mỗi vụ việc cần được thẩm định kỹ lưỡng để đưa ra hình thức kỷ luật thỏa đáng.
The use of public defenders should be mandatory,each person has the right to decide if he/she wants a public defender,imposing use of public defenders takes away a person's right to choose.,-1,1,Mỗi cá nhân đều có quyền tự quyết định xem mình có muốn sử dụng luật sư công hay không.
We should end the use of economic sanctions,economic sanction can provide the tangible and psychological equity that are preconditions for restorative justice,we should support economic sanctions to keep others from violating interests,-1,0,Các biện pháp trừng phạt kinh tế có thể mang lại sự công bằng về cả vật chất lẫn tâm lý – những điều kiện tiên quyết cho công lý phục hồi.
We should end the use of economic sanctions,economic sanctions affect the workers of the sanctioned countries and not the leaders,economic sanctions affect poor people more than governments,1,1,Các lệnh trừng phạt kinh tế thực chất chỉ đè nặng lên người lao động ở các nước bị trừng phạt chứ chẳng hề ảnh hưởng đến giới cầm quyền.
We should end the use of economic sanctions,economic sanctions are a clear message to foreign governments that their activities will not be tolerated and their economies and their population will be punished until they make changes.,we should support economic sanctions to keep others from violating interests,-1,0,"Trừng phạt kinh tế là lời cảnh báo đanh thép gửi tới các chính phủ nước ngoài rằng những hành vi của họ sẽ không được dung thứ, và cả nền kinh tế lẫn người dân của họ sẽ phải gánh chịu hậu quả cho đến khi họ chịu thay đổi."
We should end the use of economic sanctions,economic sanctions are a good way to get things to happen in a target area,we should support economic sanctions to keep others from violating interests,-1,0,Trừng phạt kinh tế là một công cụ hiệu quả để thúc đẩy những thay đổi cần thiết tại một quốc gia mục tiêu.
We should end the use of economic sanctions,economic sanctions are an effective tool and should be left as is,we should support economic sanctions to keep others from violating interests,-1,0,Các lệnh trừng phạt kinh tế là một công cụ hữu hiệu và cần được duy trì như hiện tại.
We should end the use of economic sanctions,economic sanctions are an effective way to put pressure on countries that are doing wrong,we should support economic sanctions to keep others from violating interests,-1,0,Trừng phạt kinh tế là cách thức hiệu quả để gây áp lực lên những quốc gia đang đi sai đường.
We should end the use of economic sanctions,economic sanctions are an effective way to signify that human rights abuses will not be tolerated.,we should support economic sanctions to keep others from violating interests,-1,0,Trừng phạt kinh tế là phương thức hữu hiệu để khẳng định rằng chúng ta sẽ không khoan nhượng trước các hành vi vi phạm nhân quyền.
We should end the use of economic sanctions,economic sanctions are an important and valuable tool in international relations with countries. they are a diplomatic option that can be used to solve problems without military conflict.,we should support economic sanctions to keep others from violating interests,-1,0,"Trừng phạt kinh tế là công cụ quan trọng và đắc lực trong quan hệ quốc tế, là giải pháp ngoại giao giúp giải quyết vấn đề mà không cần dùng đến vũ lực."
We should end the use of economic sanctions,economic sanctions are controversial and punish primarily innocent and poor people who are living on a day-to-day basis to get something to eat,economic sanctions affect poor people more than governments,1,1,"Trừng phạt kinh tế là vấn đề gây tranh cãi vì nó chủ yếu trừng phạt những người dân vô tội, những người vốn đang phải chật vật kiếm ăn từng bữa."
We should end the use of economic sanctions,economic sanctions are cruel and we should be able to negotiate,economic sanctions affect poor people more than governments,1,0,"Trừng phạt kinh tế là sự tàn nhẫn, chúng ta cần hướng đến các giải pháp đàm phán thay thế."
We should end the use of economic sanctions,economic sanctions are effective and are a response to other nations that does not use military force.,we should support economic sanctions to keep others from violating interests,-1,0,Trừng phạt kinh tế là phản ứng hiệu quả trước các quốc gia khác mà không cần phải sử dụng tới quân sự.
We should end the use of economic sanctions,economic sanctions are far better than using military force,we should support economic sanctions to keep others from violating interests,-1,0,Cấm vận kinh tế rõ ràng là lựa chọn tối ưu hơn hẳn so với việc sử dụng vũ lực quân sự.
We should end the use of economic sanctions,economic sanctions are favoured as they can be a peaceful alternative to military action,we should support economic sanctions to keep others from violating interests,-1,0,Cấm vận kinh tế được ưu tiên vì đây là giải pháp thay thế hòa bình cho các hành động quân sự.
We should end the use of economic sanctions,economic sanctions are immoral and hurt the people they are supposed to be protecting.,economic sanctions affect poor people more than governments,1,0,Cấm vận kinh tế là vô đạo đức vì nó gây tổn thương trực tiếp cho chính những người dân mà chúng ta đang cố bảo vệ.
We should end the use of economic sanctions,economic sanctions are not a viable means to any end. they constrict innovation and efficiency and are of no benefit to any one.,economic sanctions affect poor people more than governments,1,0,"Cấm vận kinh tế không phải là giải pháp khả thi cho bất kỳ mục tiêu nào. Nó kìm hãm sự đổi mới, giảm hiệu suất và chẳng mang lại lợi ích cho bất kỳ ai."
We should end the use of economic sanctions,economic sanctions are one of the most effective ways to motivate unscrupulous leaders to change,we should support economic sanctions to keep others from violating interests,-1,0,Cấm vận kinh tế là một trong những công cụ hiệu quả nhất để buộc các nhà lãnh đạo thiếu lương tâm phải thay đổi.
We should end the use of economic sanctions,economic sanctions are sometimes the only thing that a leader will respond to,we should support economic sanctions to keep others from violating interests,-1,0,Đôi khi cấm vận kinh tế là thứ duy nhất mà các nhà lãnh đạo chịu lắng nghe và phản hồi.
We should end the use of economic sanctions,economic sanctions are the only peaceful means to change the behavior of aggresive regimes.,we should support economic sanctions to keep others from violating interests,-1,0,Cấm vận kinh tế là phương thức hòa bình duy nhất để thay đổi hành vi của các chế độ hiếu chiến.
We should end the use of economic sanctions,economic sanctions are the only thing that will get the leader of a country to change his actions,we should support economic sanctions to keep others from violating interests,-1,0,Cấm vận kinh tế là biện pháp duy nhất khiến nhà lãnh đạo của một quốc gia phải thay đổi hành động của họ.
We should end the use of economic sanctions,economic sanctions are unnecessary because other methods can be just as effective without cutting off supplies from every day people.,economic sanctions affect poor people more than governments,1,0,Cấm vận kinh tế là không cần thiết vì vẫn còn nhiều phương pháp khác hiệu quả tương đương mà không cần phải cắt đứt nguồn cung nhu yếu phẩm của người dân vô tội.
We should end the use of economic sanctions,economic sanctions are useful in deterring unacceptable behavior from other governments.,we should support economic sanctions to keep others from violating interests,-1,0,Cấm vận kinh tế rất hữu ích trong việc ngăn chặn các hành vi không thể chấp nhận được từ các chính phủ khác.
We should end the use of economic sanctions,economic sanctions are useful to stop bad actions.,we should support economic sanctions to keep others from violating interests,-1,1,Các lệnh trừng phạt kinh tế là công cụ hiệu quả để ngăn chặn những hành vi sai trái.
We should end the use of economic sanctions,economic sanctions can adversely effect the poorest in a society leading to deaths.,economic sanctions affect poor people more than governments,1,1,"Các lệnh trừng phạt kinh tế có thể gây ảnh hưởng tiêu cực đến bộ phận nghèo nhất trong xã hội, thậm chí dẫn đến tử vong."
We should end the use of economic sanctions,economic sanctions can assist in deterring deadly threats against our nation,we should support economic sanctions to keep others from violating interests,-1,0,Các lệnh trừng phạt kinh tế giúp ngăn chặn các mối đe dọa nguy hiểm nhắm vào quốc gia của chúng ta.
We should end the use of economic sanctions,economic sanctions can be used to encourage humanitarian efforts.,we should support economic sanctions to keep others from violating interests,-1,0,Các lệnh trừng phạt kinh tế có thể được sử dụng để thúc đẩy các hoạt động nhân đạo.
We should end the use of economic sanctions,economic sanctions can cause distress and strain between countries,economic sanctions affect poor people more than governments,1,0,Các lệnh trừng phạt kinh tế dễ gây căng thẳng và rạn nứt trong quan hệ giữa các quốc gia.
We should end the use of economic sanctions,economic sanctions can end up hurting the poorest in societies.,economic sanctions affect poor people more than governments,1,1,Các lệnh trừng phạt kinh tế cuối cùng lại gây tổn thương cho những người nghèo nhất trong xã hội.
We should end the use of economic sanctions,economic sanctions can have lasting effects on the population of country under sanction.,economic sanctions affect poor people more than governments,1,0,Các lệnh trừng phạt kinh tế để lại những hệ quả lâu dài đối với người dân của quốc gia bị trừng phạt.
We should end the use of economic sanctions,economic sanctions can help control financial situations,we should support economic sanctions to keep others from violating interests,-1,0,Các lệnh trừng phạt kinh tế giúp kiểm soát các tình hình tài chính.
We should end the use of economic sanctions,economic sanctions can hurt international trade.,economic sanctions affect poor people more than governments,1,0,Các lệnh trừng phạt kinh tế có thể gây hại cho thương mại quốc tế.
We should end the use of economic sanctions,economic sanctions causes more conflicts then it solves,economic sanctions affect poor people more than governments,1,0,Các lệnh trừng phạt kinh tế gây ra nhiều xung đột hơn là giải quyết chúng.
We should end the use of economic sanctions,economic sanctions causes safer trading of goods,we should support economic sanctions to keep others from violating interests,-1,0,Các lệnh trừng phạt kinh tế giúp giao thương hàng hóa an toàn hơn
We should end the use of economic sanctions,economic sanctions do more harm than good,economic sanctions affect poor people more than governments,1,0,Các lệnh trừng phạt kinh tế gây hại nhiều hơn là có lợi
We should end the use of economic sanctions,"economic sanctions do not help dealing with  bad countries, they just starve  people living in the effected areas.",economic sanctions affect poor people more than governments,1,1,"Các lệnh trừng phạt kinh tế chẳng giúp ích gì trong việc đối phó với các quốc gia xấu, chúng chỉ khiến người dân tại các khu vực bị ảnh hưởng rơi vào cảnh đói nghèo"
We should end the use of economic sanctions,economic sanctions end up hurting the people at the bottom,economic sanctions affect poor people more than governments,1,1,Các lệnh trừng phạt kinh tế cuối cùng lại gây tổn thương cho những tầng lớp thấp kém nhất trong xã hội
We should end the use of economic sanctions,"economic sanctions harden a population against the very outside influences that are ultimately attempting to help them, and foster extremism elements.",economic sanctions affect poor people more than governments,1,0,"Các lệnh trừng phạt kinh tế khiến người dân trở nên bài ngoại, quay lưng lại với chính những tác động từ bên ngoài vốn đang muốn giúp đỡ họ, đồng thời còn thúc đẩy các phần tử cực đoan"
We should end the use of economic sanctions,economic sanctions help our country.,we should support economic sanctions to keep others from violating interests,-1,0,Các lệnh trừng phạt kinh tế mang lại lợi ích cho quốc gia chúng ta
We should end the use of economic sanctions,economic sanctions help punish bad behavior,we should support economic sanctions to keep others from violating interests,-1,0,Các lệnh trừng phạt kinh tế giúp trừng phạt các hành vi sai trái
We should end the use of economic sanctions,economic sanctions hurt innocent people and create political tensions,economic sanctions affect poor people more than governments,1,0,Các lệnh trừng phạt kinh tế gây tổn thương cho những người vô tội và tạo ra các căng thẳng chính trị
We should end the use of economic sanctions,"economic sanctions hurt the poor, working class and has little affect on the ruling party.",economic sanctions affect poor people more than governments,1,1,"Các lệnh trừng phạt kinh tế gây hại cho người nghèo và tầng lớp lao động, trong khi gần như chẳng ảnh hưởng gì đến giới cầm quyền"
We should end the use of economic sanctions,economic sanctions hurt the poorest people of a nation,economic sanctions affect poor people more than governments,1,1,Các lệnh trừng phạt kinh tế gây tổn thương cho những người nghèo khổ nhất của một quốc gia
We should end the use of economic sanctions,economic sanctions impede free trade and hinder economic development,economic sanctions affect poor people more than governments,1,0,các lệnh trừng phạt kinh tế gây cản trở tự do thương mại và kìm hãm sự phát triển kinh tế
We should end the use of economic sanctions,economic sanctions keep other countries from building up arsenals and help to protect people.,we should support economic sanctions to keep others from violating interests,-1,0,các lệnh trừng phạt kinh tế ngăn cản các quốc gia khác xây dựng kho vũ khí và giúp bảo vệ người dân
We should end the use of economic sanctions,economic sanctions make items made in foreign countries and shipped here more affordable for struggling americans.,we should support economic sanctions to keep others from violating interests,-1,0,các lệnh trừng phạt kinh tế giúp hàng hóa nhập khẩu từ nước ngoài trở nên vừa túi tiền hơn đối với những người Mỹ đang gặp khó khăn
We should end the use of economic sanctions,economic sanctions must be retained as it is the only way in which dishonest countries can be made to mend their ways.,we should support economic sanctions to keep others from violating interests,-1,0,cần duy trì các lệnh trừng phạt kinh tế vì đây là cách duy nhất để buộc các quốc gia bất chính phải thay đổi hành vi
We should end the use of economic sanctions,economic sanctions offer an effective way to deal with international conflict which does not involve military action.,we should support economic sanctions to keep others from violating interests,-1,0,các lệnh trừng phạt kinh tế là giải pháp hiệu quả để giải quyết xung đột quốc tế mà không cần dùng đến quân sự
We should end the use of economic sanctions,economic sanctions only hurt our economy by taking money out of it.,economic sanctions affect poor people more than governments,1,0,các lệnh trừng phạt kinh tế chỉ gây hại cho nền kinh tế của chính chúng ta bằng cách làm thất thoát tiền bạc
We should end the use of economic sanctions,economic sanctions only hurt productivity.,economic sanctions affect poor people more than governments,1,0,các lệnh trừng phạt kinh tế chỉ gây tổn hại đến năng suất lao động
We should end the use of economic sanctions,economic sanctions only truly harm the already poor & have no affect on those it is intended to,economic sanctions affect poor people more than governments,1,1,các lệnh trừng phạt kinh tế thực chất chỉ làm khổ người nghèo chứ chẳng tác động gì đến những đối tượng thực sự cần bị nhắm đến
We should end the use of economic sanctions,economic sanctions provide an easy way to protest and can easily be reversed when situations change.,we should support economic sanctions to keep others from violating interests,-1,0,các lệnh trừng phạt kinh tế là phương thức phản đối dễ dàng và có thể nhanh chóng được bãi bỏ khi tình hình thay đổi
We should end the use of economic sanctions,economic sanctions punish innocent civilians who have no control over the actions of their government so should be abolished.,economic sanctions affect poor people more than governments,1,1,"các lệnh trừng phạt kinh tế trừng phạt cả những thường dân vô tội, những người chẳng có quyền kiểm soát hành động của chính phủ họ, nên cần phải bãi bỏ"
We should end the use of economic sanctions,economic sanctions raise the prices of goods for many consumers and many can't afford the higher priced goods.,economic sanctions affect poor people more than governments,1,0,"Lệnh trừng phạt kinh tế làm giá hàng hóa tăng vọt, khiến nhiều người tiêu dùng không còn khả năng chi trả."
We should end the use of economic sanctions,economic sanctions should be ended as it usually tends to make life harder for the innocent poor citizens who have no idea about what's going on,economic sanctions affect poor people more than governments,1,1,"Cần phải chấm dứt các lệnh trừng phạt kinh tế vì chúng thường chỉ gây khó khăn cho những người dân nghèo vô tội, những người vốn chẳng biết gì về các tranh chấp chính trị."
We should end the use of economic sanctions,economic sanctions should be ended as these sanctions have a negative impact on poor countries whose leaders are despots and dictators.,economic sanctions affect poor people more than governments,1,1,"Nên gỡ bỏ các lệnh trừng phạt kinh tế vì chúng gây tác động tiêu cực đến những quốc gia nghèo, nơi mà người dân đang phải chịu sự cai trị của các nhà độc tài."
We should end the use of economic sanctions,economic sanctions should be ended because they are cruel and they don't work. sanctions harm ordinary citizens including the poor of these countries which is inhumane.,economic sanctions affect poor people more than governments,1,1,"Các lệnh trừng phạt kinh tế cần bị loại bỏ vì chúng vừa tàn nhẫn lại vừa không hiệu quả; việc làm hại đến những người dân thường, đặc biệt là người nghèo, là điều vô nhân đạo."
We should end the use of economic sanctions,economic sanctions should be ended so that poor people in the affected countiries can have food on the table.,economic sanctions affect poor people more than governments,1,1,Cần chấm dứt các lệnh trừng phạt kinh tế để người dân tại các quốc gia bị ảnh hưởng có thể đảm bảo được những bữa ăn hằng ngày.
We should end the use of economic sanctions,economic sanctions should not be used because they are too often used for political reasons and not the economic ones they're meant for,economic sanctions affect poor people more than governments,1,0,Không nên lạm dụng các lệnh trừng phạt kinh tế vì mục đích chính trị thay vì các mục tiêu kinh tế thuần túy như mục đích ban đầu của nó.
We should end the use of economic sanctions,economic sanctions take a long time to work and events can be developing too quickly for them to be a viable option,economic sanctions affect poor people more than governments,1,0,"Các lệnh trừng phạt kinh tế thường mất rất nhiều thời gian mới phát huy tác dụng, trong khi các diễn biến thực tế lại thay đổi quá nhanh để đây có thể coi là một phương án khả thi."
We should end the use of economic sanctions,economic sanctions usually do not prove to be effective and tend to cause hard feelings between the countries involved.,economic sanctions affect poor people more than governments,1,0,Các lệnh trừng phạt kinh tế hiếm khi đem lại hiệu quả thực chất mà chỉ gây ra sự thù hằn giữa các quốc gia liên quan.
We should end the use of economic sanctions,economic sanctions will mean a cut in government service which will be to the detriment of the coutries citizens,economic sanctions affect poor people more than governments,1,0,"Các lệnh trừng phạt kinh tế sẽ dẫn đến việc cắt giảm dịch vụ công, gây ảnh hưởng trực tiếp và bất lợi đến đời sống người dân của quốc gia đó."
We should end the use of economic sanctions,economic sanctions work when a country relies on exports for most of their wealth,we should support economic sanctions to keep others from violating interests,-1,0,Các lệnh trừng phạt kinh tế chỉ thực sự hiệu quả khi quốc gia đó phụ thuộc phần lớn vào xuất khẩu để duy trì nền kinh tế.
We should subsidize student loans,"education is expensive, and subsizing student loans encourages an academic career path, creating individuals who typically go on to contribute more to the economy via higher paid jobs.",subsidizing student loans would encourage more to pursue higher education.,1,1,"Giáo dục rất đắt đỏ, nên việc trợ giá các khoản vay sinh viên sẽ khuyến khích con đường học vấn, từ đó tạo ra những nhân sự chất lượng đóng góp nhiều hơn cho nền kinh tế nhờ mức thu nhập cao hơn."
We should end the use of economic sanctions,embargo could negatively affect the economy of the imposing country,economic sanctions affect poor people more than governments,1,0,Các lệnh cấm vận có thể gây ảnh hưởng tiêu cực ngược lại cho chính nền kinh tế của quốc gia áp đặt.
We should end the use of economic sanctions,ending sanctions will stop uneeded fees.,economic sanctions affect poor people more than governments,1,0,Việc chấm dứt các lệnh trừng phạt sẽ xóa bỏ được những khoản phí không đáng có.
We should end the use of economic sanctions,ending the use of economic sanctions will help the  population who suffer as a result of them.   governments do not seem to worry too much about sanctions.,economic sanctions affect poor people more than governments,1,1,"Dỡ bỏ các lệnh trừng phạt kinh tế sẽ giúp ích cho người dân, vốn là những người chịu ảnh hưởng nặng nề nhất, trong khi các chính phủ thì dường như chẳng mấy bận tâm đến việc bị cấm vận."
Entrapment should be legalized,entrapment  creates artificial circumstances where someone may do something which they would not otherwise do due to the level of enticement.,entrapment is wrong and should be illegal,-1,0,"Gài bẫy tạo ra những tình huống giả tạo, khiến một người có thể thực hiện hành vi mà bình thường họ sẽ không làm nếu không bị cám dỗ."
Entrapment should be legalized,entrapment aids the police where they have a good reason to suspect a culprit but the criminal activity would otherwise be difficult to detect,entrapment should be legalized in order to catch pedophiles,1,0,"Gài bẫy hỗ trợ đắc lực cho cảnh sát trong những trường hợp họ có lý do chính đáng để nghi ngờ một đối tượng, nhưng hoạt động phạm tội lại quá khó để phát hiện bằng cách thông thường."
Entrapment should be legalized,entrapment allows for officers to capture criminals who are trying to evade police in a manner that they would not expect.,entrapment should be legalized in order to catch pedophiles,1,0,Gài bẫy cho phép cảnh sát bắt giữ những tội phạm đang lẩn trốn theo cách mà chúng không hề ngờ tới.
Entrapment should be legalized,entrapment allows for the easy arrest of criminals,entrapment should be legalized in order to catch pedophiles,1,0,Gài bẫy giúp việc bắt giữ tội phạm trở nên dễ dàng hơn.
Entrapment should be legalized,entrapment allows law enforcement to arrest individuals who are already suspected of a crime but may be otherwise difficult to track down,entrapment should be legalized in order to catch pedophiles,1,0,Gài bẫy giúp cơ quan thực thi pháp luật bắt giữ những đối tượng đã nằm trong diện tình nghi nhưng lại khó theo dấu bằng các phương pháp khác.
Entrapment should be legalized,entrapment allows law enforcement to catch criminals red-handed.,entrapment should be legalized in order to catch pedophiles,1,0,Gài bẫy giúp lực lượng chức năng bắt quả tang tội phạm ngay tại trận.
Entrapment should be legalized,entrapment allows the police to capture criminals who would otherwise evade law enforcement.,entrapment should be legalized in order to catch pedophiles,1,0,Gài bẫy tội phạm cho phép cảnh sát tóm gọn những kẻ mà bình thường rất khó để đưa ra ánh sáng pháp luật.
Entrapment should be legalized,entrapment can be a powerful law enforcement tool to catch criminals before they commit that crime against the general public,entrapment should be legalized in order to catch pedophiles,1,0,"Gài bẫy là một công cụ thực thi pháp luật đắc lực, giúp ngăn chặn tội phạm ngay từ trong trứng nước trước khi chúng gây hại cho cộng đồng."
Entrapment should be legalized,entrapment can be a useful tool in proving that someone is guilty of a crime when traditional methods have failed.,entrapment should be legalized in order to catch pedophiles,1,0,Gài bẫy có thể là phương án hữu hiệu để buộc tội những đối tượng mà các biện pháp điều tra truyền thống đã bó tay.
Entrapment should be legalized,entrapment can cause a person to do something they would not normally do and should not be allowed.,entrapment is wrong and should be illegal,-1,0,"Việc gài bẫy có thể khiến một người làm những việc họ vốn không bao giờ làm, vì vậy đây là hành vi cần bị cấm đoán."
Entrapment should be legalized,entrapment can end with the wrong person arrested,entrapment is wrong and should be illegal,-1,0,Gài bẫy rất dễ dẫn đến việc bắt nhầm người vô tội.
Entrapment should be legalized,"entrapment can help catch truly dangerous people before they have a chance to do more harmful - it is a proactive, rather than reactive approach.",entrapment should be legalized in order to catch pedophiles,1,0,Gài bẫy giúp tóm gọn những kẻ nguy hiểm trước khi chúng kịp gây ra hậu quả nghiêm trọng - đây là cách tiếp cận chủ động thay vì ngồi chờ sự việc xảy ra.
Entrapment should be legalized,entrapment can help rid our society of criminals and therefore should be legalized,entrapment should be legalized in order to catch pedophiles,1,0,"Gài bẫy giúp làm sạch xã hội khỏi những thành phần tội phạm, vì thế nó nên được hợp pháp hóa."
Entrapment should be legalized,entrapment can help to remove violent criminals from society and should therefore be legalised.,entrapment should be legalized in order to catch pedophiles,1,0,"Gài bẫy giúp loại bỏ những tên tội phạm nguy hiểm khỏi xã hội, do đó cần được hợp pháp hóa."
Entrapment should be legalized,entrapment can lead to arrest of a person who was in the wrong place at the wrong time or unknowing they have done something wrong.,entrapment is wrong and should be illegal,-1,0,Gài bẫy có thể dẫn đến việc bắt giữ những người chỉ là vô tình có mặt tại hiện trường hoặc không hề biết mình đang vi phạm pháp luật.
Entrapment should be legalized,entrapment can make a person do something which in other circumstances they may not have done.,entrapment is wrong and should be illegal,-1,0,Gài bẫy có khả năng ép một người thực hiện hành vi mà trong hoàn cảnh bình thường họ sẽ không bao giờ làm.
Entrapment should be legalized,"entrapment can make ordinary people commit crimes that they wouldn't have otherwise committed, you could even be pressured into committing a crime by undercover police officers.",entrapment is wrong and should be illegal,-1,0,Gài bẫy có thể khiến những người bình thường phạm tội mà nếu không có nó thì họ đã chẳng làm vậy; thậm chí bạn còn có thể bị chính cảnh sát chìm gây áp lực để thực hiện hành vi phạm tội.
Entrapment should be legalized,entrapment causes more criminals to be caught and taken off the streets.,entrapment should be legalized in order to catch pedophiles,1,0,Việc gài bẫy giúp bắt giữ được nhiều tội phạm hơn và dọn sạch chúng ra khỏi đường phố.
Entrapment should be legalized,entrapment could be the only way to bring to justice highly organised and intelligent criminals.,entrapment should be legalized in order to catch pedophiles,1,0,Gài bẫy có thể là cách duy nhất để đưa những tên tội phạm tinh vi và có tổ chức cao ra trước công lý.
Entrapment should be legalized,entrapment could lead an innocent person to commit a crime based on a misunderstanding.,entrapment is wrong and should be illegal,-1,0,Gài bẫy có thể dẫn đến việc một người vô tội phạm tội chỉ vì hiểu lầm.
Entrapment should be legalized,entrapment enables law enforcement officers to better remove criminals from the streets,entrapment should be legalized in order to catch pedophiles,1,0,Gài bẫy cho phép lực lượng thực thi pháp luật loại bỏ tội phạm khỏi xã hội một cách hiệu quả hơn.
Entrapment should be legalized,entrapment enables the police to catch someone they suspect of committing previous crimes in the act of committing another so they can be put away and should therefore be legalised.,entrapment should be legalized in order to catch pedophiles,1,0,"Gài bẫy cho phép cảnh sát bắt quả tang những kẻ bị nghi ngờ từng phạm tội trong quá khứ, giúp tống giam chúng dễ dàng hơn, vì vậy hình thức này nên được hợp pháp hóa."
Entrapment should be legalized,entrapment encourages people to try and get people to commit crimes which they might otherwise  not have committed.,entrapment is wrong and should be illegal,-1,0,Gài bẫy vô tình khuyến khích việc tạo điều kiện cho người khác thực hiện những hành vi phạm tội mà có lẽ họ sẽ không bao giờ làm nếu không bị kích động.
Entrapment should be legalized,entrapment helps capture criminals that are evading the law and capture and entrapment would be the only solution to catch the perpetrators.,entrapment should be legalized in order to catch pedophiles,1,0,Gài bẫy giúp bắt giữ những tên tội phạm đang lẩn trốn pháp luật và đó có thể là giải pháp duy nhất để tóm gọn những kẻ thủ ác.
Entrapment should be legalized,entrapment is a good tool for law enforcement to have in their box of tricks.  it allows a known criminal to be caught much easier.,entrapment should be legalized in order to catch pedophiles,1,0,"Gài bẫy là một công cụ đắc lực trong kho vũ khí của lực lượng hành pháp, giúp việc bắt giữ những tội phạm đã biết trở nên dễ dàng hơn nhiều."
Entrapment should be legalized,"entrapment is a manipulative practice, those prosecuted through it may never have committed criminal activities without the manipulation of entrapment",entrapment is wrong and should be illegal,-1,0,"Gài bẫy là một thủ đoạn thao túng; những người bị truy tố theo cách này có lẽ đã không bao giờ dính líu đến các hoạt động tội phạm nếu không có sự giật dây, lôi kéo từ việc gài bẫy."
Entrapment should be legalized,"entrapment is a tool that, when used fairly, only catches individuals in the act doing what they would do regardless of the involvement of the police",entrapment should be legalized in order to catch pedophiles,1,0,"Gài bẫy là một công cụ mà nếu được sử dụng công bằng, nó chỉ bắt quả tang những kẻ làm điều mà chúng vẫn sẽ làm ngay cả khi không có sự can thiệp của cảnh sát."
Entrapment should be legalized,entrapment is a useful tool for law enforcement to find people who may otherwise fly under their radar.,entrapment should be legalized in order to catch pedophiles,1,0,"Gài bẫy là công cụ hữu ích để thực thi pháp luật, giúp phát hiện những đối tượng vốn có thể dễ dàng lọt lưới cơ quan chức năng."
Entrapment should be legalized,entrapment is a valid exercise in the prevention of possible future crimes.,entrapment should be legalized in order to catch pedophiles,1,0,Gài bẫy là một phương pháp hợp lệ để ngăn chặn các tội ác có khả năng xảy ra trong tương lai.
Entrapment should be legalized,entrapment is a valid tactic to remove criminal offenders from the streets,entrapment should be legalized in order to catch pedophiles,1,0,Gài bẫy là chiến thuật chính đáng để loại bỏ tội phạm ra khỏi cộng đồng.
Entrapment should be legalized,"entrapment is an easy way to prove that someone has committed crimes in the past, by baiting them into committing another one.",entrapment should be legalized in order to catch pedophiles,1,0,Gài bẫy là cách đơn giản để chứng minh quá khứ phạm tội của ai đó bằng cách dụ dỗ họ thực hiện thêm một hành vi sai trái khác.
Entrapment should be legalized,entrapment is an unjust form of capturing criminals as it is tempting someone to do something wrong,entrapment is wrong and should be illegal,-1,0,Gài bẫy là hình thức bắt giữ tội phạm không công bằng vì nó cố tình cám dỗ người khác làm điều sai trái.
Entrapment should be legalized,entrapment is illegal under the constitution,entrapment is wrong and should be illegal,-1,1,Gài bẫy là hành vi vi phạm Hiến pháp.
Entrapment should be legalized,entrapment is immoral as a way of decieving one for punishment,entrapment is wrong and should be illegal,-1,1,Gài bẫy là phi đạo đức vì nó sử dụng mánh khóe lừa lọc để trừng phạt người khác.
Entrapment should be legalized,entrapment is morally wrong and is against human rights and should not be legalized.,entrapment is wrong and should be illegal,-1,1,"Gài bẫy là hành vi sai trái về mặt đạo đức, vi phạm nhân quyền và không nên được hợp pháp hóa."
Entrapment should be legalized,"entrapment is simply giving criminals an opportunity to commit a crime, in a way that allows law enforcement to easily catch them.",entrapment should be legalized in order to catch pedophiles,1,0,"Gài bẫy đơn giản là việc tạo cơ hội cho tội phạm ra tay, qua đó giúp cơ quan chức năng dễ dàng tóm gọn chúng hơn."
Entrapment should be legalized,entrapment is sometimes the only means possible to capture a diehard criminal.,entrapment should be legalized in order to catch pedophiles,1,0,Đôi khi gài bẫy là cách duy nhất để tóm gọn những tên tội phạm ngoan cố.
Entrapment should be legalized,entrapment is sometimes the only way to catch sly criminals,entrapment should be legalized in order to catch pedophiles,1,0,Gài bẫy đôi khi là phương án duy nhất để bắt những kẻ phạm tội tinh vi.
Entrapment should be legalized,"entrapment is unfair and manipulative, they may not ever have committed a crime had they not been manipulated into it",entrapment is wrong and should be illegal,-1,0,Gài bẫy là hành vi bất công và thao túng; có lẽ họ đã chẳng bao giờ phạm tội nếu không bị dẫn dắt vào con đường đó.
Entrapment should be legalized,entrapment is unfair and often has the wrong results.,entrapment is wrong and should be illegal,-1,1,Gài bẫy là hành vi thiếu công bằng và thường dẫn đến những kết quả sai lệch.
Entrapment should be legalized,entrapment is unfair and often tempts people into committing crimes they normally would not have,entrapment is wrong and should be illegal,-1,0,Gài bẫy là bất công và thường cám dỗ người khác phạm tội mà bình thường họ sẽ không làm.
Entrapment should be legalized,entrapment is unfair and uses low and unfair tactics to trick people into committing crimes.,entrapment is wrong and should be illegal,-1,0,"Gài bẫy là hành vi bất công, sử dụng những chiêu trò thấp kém để lừa người khác vào con đường phạm tội."
Entrapment should be legalized,entrapment is wrong and inducing person to do the crime from state agents is just wrong.,entrapment is wrong and should be illegal,-1,1,"Gài bẫy là sai trái, và việc cơ quan chức năng xúi giục người khác phạm tội là điều không thể chấp nhận được."
Entrapment should be legalized,entrapment just encourages criminal activity that may not have otherwise have occurred,entrapment is wrong and should be illegal,-1,0,Gài bẫy chỉ làm gia tăng các hoạt động tội phạm vốn có thể đã không xảy ra nếu không có sự can thiệp này.
Entrapment should be legalized,entrapment leads to police abuse or to extort citizens,entrapment is wrong and should be illegal,-1,0,Gài bẫy tạo điều kiện cho cảnh sát lạm quyền hoặc tống tiền người dân.
Entrapment should be legalized,entrapment makes it easier to catch criminals,entrapment should be legalized in order to catch pedophiles,1,0,Gài bẫy giúp việc bắt giữ tội phạm trở nên dễ dàng hơn.
Entrapment should be legalized,entrapment may lead to people committing crimes that they would otherwise not have committed.,entrapment is wrong and should be illegal,-1,0,Cài bẫy có thể khiến người ta phạm tội trong khi lẽ ra họ sẽ không làm vậy.
Entrapment should be legalized,entrapment might be what gets someone to commit a crime who hasn't decided to do it,entrapment is wrong and should be illegal,-1,0,Việc cài bẫy có thể là yếu tố thúc đẩy một người thực hiện hành vi phạm tội mà trước đó họ chưa hề có ý định làm.
Entrapment should be legalized,entrapment should be considered as legal as giving huge benefit for safe and secure society.,entrapment should be legalized in order to catch pedophiles,1,0,"Việc cài bẫy nên được coi là hợp pháp, giống như cách chúng ta tạo ra những lợi ích to lớn để duy trì một xã hội an toàn và ổn định."
Entrapment should be legalized,entrapment should be illegal because they are convincing someone to commit a crime that they may not have committed without being cohersed into it.,entrapment is wrong and should be illegal,-1,0,"Cài bẫy cần phải bị cấm vì nó thực chất là hành vi lôi kéo, ép buộc người khác phạm tội mà nếu không có sự tác động đó, họ đã không làm."
Entrapment should be legalized,entrapment should be legal because it is a good way to ensure that a criminal is caught and prosecuted.,entrapment should be legalized in order to catch pedophiles,1,0,Cài bẫy nên được coi là hợp pháp vì đây là cách hiệu quả để tóm gọn và đưa tội phạm ra ánh sáng.
Entrapment should be legalized,entrapment should be legalized as enables the police to capture criminals,entrapment should be legalized in order to catch pedophiles,1,0,Nên hợp pháp hóa việc cài bẫy vì nó giúp lực lượng cảnh sát bắt giữ tội phạm dễ dàng hơn.
Entrapment should be legalized,entrapment should be legalized as it gives a clear insight into how a person would respond in certain situations and their attitude towards breaking the law.,entrapment should be legalized in order to catch pedophiles,1,0,Việc hợp pháp hóa cài bẫy giúp cơ quan chức năng nắm rõ cách một người phản ứng trong các tình huống cụ thể và thái độ của họ đối với việc vi phạm pháp luật.
Entrapment should be legalized,entrapment should be legalized as it is a useful tool to catch criminals when other strategies have failed.,entrapment should be legalized in order to catch pedophiles,1,0,Cài bẫy nên được hợp pháp hóa vì đây là công cụ hữu ích để bắt tội phạm khi các chiến thuật khác đã thất bại.
Entrapment should be legalized,entrapment should be legalized as it may be the only way of compiling evidence in order to solve a crime.,entrapment should be legalized in order to catch pedophiles,1,0,Nên hợp pháp hóa việc cài bẫy vì đây có thể là cách duy nhất để thu thập bằng chứng nhằm phá án.
Entrapment should be legalized,"entrapment should be legalized because better evidence leads to shorter trials, which means less time spent in jail for the accused before trial.",entrapment should be legalized in order to catch pedophiles,1,0,"Cài bẫy nên được hợp pháp hóa vì bằng chứng xác thực hơn sẽ giúp rút ngắn quá trình xét xử, từ đó giảm bớt thời gian tạm giam cho bị cáo trước khi ra tòa."
Entrapment should be legalized,"entrapment should be legalized because in some cases, it's the only way to verify that criminal activity is taking place.",entrapment should be legalized in order to catch pedophiles,1,0,"Cần hợp pháp hóa gài bẫy tội phạm vì trong một số tình huống, đó là cách duy nhất để xác minh hành vi phạm pháp đang diễn ra."
Entrapment should be legalized,"entrapment should be legalized because it can be used in a responsible way, even if it hasn't always been in the past.",entrapment should be legalized in order to catch pedophiles,1,0,"Cần hợp pháp hóa gài bẫy vì chúng ta hoàn toàn có thể áp dụng nó một cách có trách nhiệm, thay vì cứ vin vào những sai lầm trong quá khứ."
Entrapment should be legalized,"entrapment should be legalized because it can be useful to weed out all the criminals. if you are entrapped, your true self will show if you commit a crime.",entrapment should be legalized in order to catch pedophiles,1,0,"Cần hợp pháp hóa gài bẫy để loại bỏ tận gốc tội phạm; nếu một người bị gài bẫy mà vẫn phạm tội, thì đó chính là bản chất thật sự của họ."
Entrapment should be legalized,entrapment should be legalized because it can help stop would be criminals,entrapment should be legalized in order to catch pedophiles,1,0,Cần hợp pháp hóa gài bẫy vì nó là công cụ hiệu quả để ngăn chặn những kẻ có ý định phạm tội ngay từ đầu.
Entrapment should be legalized,entrapment should be legalized because it gets a lot of the bad guys off the streets,entrapment should be legalized in order to catch pedophiles,1,0,Cần hợp pháp hóa gài bẫy vì nó giúp dọn dẹp sạch sẽ đường phố bằng cách tống khứ những kẻ xấu vào tù.
Entrapment should be legalized,entrapment should be legalized because it helps catches criminals and puts them behind bars.,entrapment should be legalized in order to catch pedophiles,1,0,Cần hợp pháp hóa gài bẫy vì nó hỗ trợ cảnh sát bắt giữ tội phạm và đưa chúng ra trước vành móng ngựa.
Entrapment should be legalized,entrapment should be legalized because it is a way to catch potential criminals,entrapment should be legalized in order to catch pedophiles,1,0,Cần hợp pháp hóa gài bẫy vì đây là phương thức thiết thực để tóm gọn những đối tượng có nguy cơ phạm tội cao.
Entrapment should be legalized,entrapment should be legalized because it is arbitrary to ban this one type of evidence.,entrapment should be legalized in order to catch pedophiles,1,0,Cần hợp pháp hóa gài bẫy vì việc cấm đoán loại bằng chứng này là điều vô lý và thiếu nhất quán.
Entrapment should be legalized,entrapment should be legalized because it would allow police to go after known criminals for otherwise difficult to prove acts.,entrapment should be legalized in order to catch pedophiles,1,0,Cần hợp pháp hóa gài bẫy vì nó cho phép cảnh sát xử lý được những đối tượng cộm cán mà nếu dùng cách thông thường thì rất khó để buộc tội.
Entrapment should be legalized,entrapment should be legalized because people should be aware at all times and only obey rules when law enforcement is in site.,entrapment should be legalized in order to catch pedophiles,1,0,"Cần hợp pháp hóa gài bẫy vì mọi người luôn cần phải cảnh giác, thay vì chỉ tuân thủ luật pháp khi có cảnh sát ở ngay trước mặt."
Entrapment should be legalized,entrapment should be legalized because the only people in the position of becoming entrapped are criminals anyway. it keeps more criminals from committing more crimes.,entrapment should be legalized in order to catch pedophiles,1,0,"Cần hợp pháp hóa việc gài bẫy tội phạm vì suy cho cùng, chỉ có những kẻ phạm tội mới rơi vào bẫy. Điều này giúp ngăn chặn những đối tượng đó tiếp tục gây án."
Entrapment should be legalized,entrapment should be legalized in order to preserve police resources and prosecute criminals more efficiently.,entrapment should be legalized in order to catch pedophiles,1,0,Việc hợp pháp hóa gài bẫy sẽ giúp cảnh sát tiết kiệm nguồn lực và xử lý tội phạm hiệu quả hơn.
Entrapment should be legalized,"entrapment should be legalized in order to specifically go after people who target children or other vulnerable groups, who would be hard to catch otherwise.",entrapment should be legalized in order to catch pedophiles,1,1,"Nên hợp pháp hóa gài bẫy để nhắm thẳng vào những kẻ chuyên nhắm đến trẻ em hoặc các nhóm dễ bị tổn thương, vì nếu không dùng cách này thì rất khó để bắt được chúng."
Entrapment should be legalized,entrapment should not be legalized because it is unethical to promote unethical behavior.,entrapment is wrong and should be illegal,-1,1,"Không nên hợp pháp hóa việc gài bẫy vì về mặt đạo đức, cảnh sát không nên xúi giục hay thúc đẩy hành vi sai trái."
Entrapment should be legalized,entrapment should not be legalized because it will lead to many false convictions.,entrapment is wrong and should be illegal,-1,0,Không nên hợp pháp hóa gài bẫy vì nó sẽ dẫn đến nhiều bản án oan sai.
Entrapment should be legalized,entrapment should not be legalized because police will focus on easy convictions rather than finding other criminals.,entrapment is wrong and should be illegal,-1,0,Không nên hợp pháp hóa gài bẫy vì cảnh sát sẽ chỉ chăm chăm vào những vụ bắt bớ dễ dàng thay vì dành tâm sức truy tìm những tên tội phạm thực sự nguy hiểm.
Entrapment should be legalized,entrapment should not be legalized because there is no way to know if someone would have committed the crime without police involvement.,entrapment is wrong and should be illegal,-1,0,Không nên hợp pháp hóa gài bẫy vì chúng ta không thể nào biết chắc liệu đối tượng có thực hiện hành vi phạm tội nếu không có sự can thiệp từ phía cảnh sát hay không.
Entrapment should be legalized,entrapment shouldn't be legalized because it may end up getting wrong people in trouble,entrapment is wrong and should be illegal,-1,0,Không nên hợp pháp hóa gài bẫy vì nó rất dễ khiến những người vô tội bị liên lụy.
Entrapment should be legalized,entrapment would make it a lot easier to catch criminals,entrapment should be legalized in order to catch pedophiles,1,0,Việc gài bẫy sẽ giúp việc bắt giữ tội phạm trở nên dễ dàng hơn rất nhiều.
We should adopt a zero-tolerance policy in schools,even good people make mistakes so zero-tolerance is an unfair policy.,zero-tolerance policies in schools are too strict and unnecessary,-1,0,"Ngay cả người tốt cũng có lúc mắc sai lầm, vì vậy chính sách 'không khoan nhượng' là một cách tiếp cận bất công."
We should ban cosmetic surgery,everyone has the right to alter their bodies or appearances in which ever way makes them feel comfortable and at ease.,cosmetic surgery is a choice and bodily autonomy is paramount.,-1,1,Ai cũng có quyền thay đổi cơ thể hay ngoại hình của mình theo bất kỳ cách nào khiến họ cảm thấy thoải mái và tự tin nhất.
The use of public defenders should be mandatory,everyone is entitled to a defense. knowing that a public defender is mandatory can be a relief for those who are overwhelmed by their circumstances.,everyone using public defenders would equalize the criminal justice system.,1,0,Ai cũng có quyền được bào chữa. Việc có luật sư công là bắt buộc sẽ là cứu cánh cho những người đang rơi vào tình cảnh khốn cùng.
The use of public defenders should be mandatory,everyone should have the right to choose who represents them in a court,imposing use of public defenders takes away a person's right to choose.,-1,1,Mọi người nên có quyền tự chọn người đại diện cho mình tại tòa án.
The use of public defenders should be mandatory,everyone should have the same level of legal council.,everyone using public defenders would equalize the criminal justice system.,1,1,Ai cũng nên được tiếp cận một chất lượng dịch vụ pháp lý ngang bằng nhau.
We should ban cosmetic surgery,far too much is spent correcting bad surgery,cosmetic surgery is an unnecessary health risk,1,0,Chúng ta đang lãng phí quá nhiều tiền bạc để khắc phục hậu quả của những ca phẫu thuật hỏng.
We should ban algorithmic trading,financial trading is already a destructive and unethical sector of the economy and allowing algorithmic trading does not make it any less so.,algorithmic trading gives an unfair advantage in the market,1,0,"Giao dịch tài chính vốn đã là một lĩnh vực phi đạo đức và đầy tính hủy diệt của nền kinh tế, việc cho phép giao dịch thuật toán cũng chẳng làm nó trở nên tốt đẹp hơn."
Entrapment should be legalized,"for crimes like money laundering, stealing, and embezzlement, entrapment should be legal.",entrapment should be legalized in order to catch pedophiles,1,0,"Đối với các tội danh như rửa tiền, trộm cắp hay tham ô, việc gài bẫy tội phạm nên được coi là hợp pháp."
We should ban cosmetic surgery,"for some people who suffer from poor self esteem, cosmetic surgery can offer hope.",cosmetic surgery is a choice and bodily autonomy is paramount.,-1,0,"Với những người luôn tự ti về bản thân, phẫu thuật thẩm mỹ chính là tia hy vọng cho họ."
We should ban cosmetic surgery,"for some people, having cosmetic surgery can be essential to boost confidence levels and their self-image. for example people who were born with deformations, accidents, etc",cosmetic surgery is a choice and bodily autonomy is paramount.,-1,0,"Với một số người, phẫu thuật thẩm mỹ là yếu tố thiết yếu để cải thiện sự tự tin và hình ảnh cá nhân, chẳng hạn như những người không may bị dị tật bẩm sinh hoặc gặp tai nạn."
The use of public defenders should be mandatory,forcing everyone to use a public defender would prevent wealthier people from hiring top lawyers that wrongfully give them a better chance of winning in court.,everyone using public defenders would equalize the criminal justice system.,1,1,"Việc bắt buộc mọi người dùng luật sư công sẽ ngăn chặn những người giàu thuê được các luật sư giỏi nhất, điều vốn mang lại lợi thế bất công cho họ tại tòa."
Foster care brings more harm than good,foster car brings more good than harm because it gives children a good home to live in when the need arises.,children need to be placed in safe homes,-1,1,Việc nhận nuôi trẻ có hoàn cảnh khó khăn mang lại nhiều lợi ích hơn là tác hại vì nó cung cấp cho các em một mái ấm thực sự khi cần thiết.
Foster care brings more harm than good,"foster car gives the child the experience of a loving, supportive home life, and is better than a life in state care facilities.",children need to be placed in safe homes,-1,0,"Nhận nuôi giúp trẻ được trải nghiệm cuộc sống gia đình tràn đầy tình yêu thương và sự hỗ trợ, vốn tốt hơn hẳn so với việc phải sống trong các trại trẻ tập trung của nhà nước."
Foster care brings more harm than good,"foster care allows children to form a strong bond with individual parent figures, rather than constantly being shuffled between numerous adoption agency employees.",children need to be placed in safe homes,-1,0,"Thông qua việc nhận nuôi, trẻ có thể xây dựng mối quan hệ gắn kết với cha mẹ nuôi thay vì phải liên tục luân chuyển giữa các nhân viên tại các trung tâm bảo trợ."
Foster care brings more harm than good,foster care brings love and warmth to children who really need it and to give them a chance to have a normal family,children need to be placed in safe homes,-1,0,"Nhận nuôi mang đến tình yêu và sự ấm áp cho những đứa trẻ thực sự cần, trao cho các em cơ hội để có được một cuộc sống gia đình bình thường."
Foster care brings more harm than good,foster care brings more harm than good because many foster parents are in it for the money instead of actually caring for the children,foster care harms childrens wellbeing in a number of ways,1,0,Mô hình nhận nuôi có thể gây hại nhiều hơn là có lợi vì không ít cha mẹ nuôi chỉ vì tiền trợ cấp chứ không thực sự quan tâm đến trẻ.
Foster care brings more harm than good,foster care can be horrible for the child when moving from home to home and never settling down in one place.,foster care harms childrens wellbeing in a number of ways,1,1,Việc phải chuyển từ nhà này sang nhà khác mà không bao giờ có một nơi ở ổn định có thể trở thành cơn ác mộng đối với trẻ.
Foster care brings more harm than good,foster care can be very difficult for the child moving from him to home.,foster care harms childrens wellbeing in a number of ways,1,1,Việc phải liên tục thay đổi môi trường sống từ nhà này sang nhà khác là một trải nghiệm vô cùng khó khăn đối với trẻ.
Foster care brings more harm than good,"foster care can be very temporary in duration, and uprooting a child can cause emotional damage and unnecessary dislocation.",foster care harms childrens wellbeing in a number of ways,1,1,"Các đợt nhận nuôi thường chỉ mang tính tạm thời, việc bắt trẻ phải thay đổi môi trường sống liên tục sẽ gây ra những tổn thương tâm lý và sự xáo trộn không đáng có."
Foster care brings more harm than good,foster care can bring hope to children that are left with no family to love and support them.,children need to be placed in safe homes,-1,0,"Việc nhận nuôi có thể thắp lên hy vọng cho những đứa trẻ không còn người thân, giúp các em có người yêu thương và bảo bọc."
Foster care brings more harm than good,foster care can help provide a young person a stable environment so they can grow & flourish in a normal home setting,children need to be placed in safe homes,-1,0,Nhận nuôi giúp tạo ra một môi trường ổn định để các em nhỏ có thể phát triển và lớn lên như trong một gia đình bình thường.
Foster care brings more harm than good,foster care can leave kids with behavioral problems,foster care harms childrens wellbeing in a number of ways,1,1,Chế độ nhận nuôi tạm thời có thể để lại cho trẻ những vấn đề về hành vi.
Foster care brings more harm than good,"foster care children may have many adverse outcomes that persist throughout childhood, such as poor peer relationships, behavioral problems, or other mental health difficulties",foster care harms childrens wellbeing in a number of ways,1,1,"Trẻ em trong các trại trẻ hoặc gia đình nhận nuôi thường phải đối mặt với nhiều hệ lụy lâu dài, từ việc khó kết bạn, gặp vấn đề về hành vi cho đến các rối loạn tâm lý khác."
Foster care brings more harm than good,foster care creates an environment where the child cannot form a meaningful relationship because of the ever changing situations.,foster care harms childrens wellbeing in a number of ways,1,0,Môi trường nhận nuôi tạm thời đầy biến động khiến trẻ khó lòng xây dựng được bất kỳ mối quan hệ gắn kết thực sự nào.
Foster care brings more harm than good,foster care gives a child a safe environment to grow in versus their original situation. it gives them a chance at life.,children need to be placed in safe homes,-1,1,"Nhận nuôi tạm thời mang đến cho trẻ một môi trường sống an toàn hơn so với hoàn cảnh ban đầu, trao cho các em một cơ hội để làm lại cuộc đời."
Foster care brings more harm than good,foster care gives kids who would otherwise not have any parental figures in their lives have a chance at a somewhat normal life.,children need to be placed in safe homes,-1,0,Nhận nuôi tạm thời là giải pháp giúp những đứa trẻ vốn thiếu vắng bóng hình cha mẹ có được cơ hội sống một cuộc đời bình thường hơn.
Foster care brings more harm than good,foster care gives vulnerable kids a second chance at a stable home life.,children need to be placed in safe homes,-1,0,Chế độ này trao cho những đứa trẻ yếu thế một cơ hội thứ hai để được sống trong một mái ấm ổn định.
Foster care brings more harm than good,foster care has mostly bought medical problems to the children and lead to many deaths.,foster care harms childrens wellbeing in a number of ways,1,1,"Thực tế thì chế độ nhận nuôi tạm thời lại thường gây ra các vấn đề sức khỏe cho trẻ, thậm chí dẫn đến nhiều trường hợp tử vong đau lòng."
Foster care brings more harm than good,foster care helps many children that have abusive parents and make them live in a better environment.,children need to be placed in safe homes,-1,1,Nhận nuôi tạm thời đã giúp giải cứu rất nhiều trẻ em khỏi những phụ huynh bạo hành và đưa các em đến với môi trường sống tốt đẹp hơn.
Foster care brings more harm than good,foster care helps remove children from a dangerous environment and puts then in a safe place.,children need to be placed in safe homes,-1,1,Việc đưa trẻ ra khỏi môi trường nguy hiểm và đặt vào nơi an toàn là lợi ích thiết thực mà chế độ nhận nuôi tạm thời mang lại.
Foster care brings more harm than good,"foster care homes typically have a massive number of children, making meaningful, individual care impossible.",foster care harms childrens wellbeing in a number of ways,1,0,"Các gia đình nhận nuôi thường phải gánh số lượng trẻ quá lớn, khiến việc quan tâm sâu sát và cá nhân hóa cho từng đứa trẻ trở nên bất khả thi."
Foster care brings more harm than good,foster care is important because it keeps kids from living in large group care facilities where there is no semblance of a normal life.,children need to be placed in safe homes,-1,0,"Hệ thống nhận nuôi trẻ là vô cùng cần thiết vì nó giúp các em không phải sống trong những trại trẻ tập trung, nơi chẳng hề có lấy một chút hơi hướng của cuộc sống bình thường."
Foster care brings more harm than good,foster care is rarely a good place for children.  they're shuffled from home to home with little to no real connection or possessions.,foster care harms childrens wellbeing in a number of ways,1,0,"Thực tế, hệ thống nhận nuôi hiếm khi là nơi tốt cho trẻ em; các em cứ bị đẩy qua đẩy lại giữa các nhà, chẳng có lấy một mối gắn kết thực sự hay tài sản cá nhân nào."
Foster care brings more harm than good,foster care is run by people trying to make a profit rather than protect children.,foster care harms childrens wellbeing in a number of ways,1,0,Hệ thống này đang bị vận hành bởi những kẻ chỉ chăm chăm vào lợi nhuận thay vì đặt sự an toàn của trẻ lên hàng đầu.
Foster care brings more harm than good,foster care is the only chance some children have for a safe and stable home environment.,children need to be placed in safe homes,-1,1,"Đối với nhiều trẻ em, đây chính là cơ hội duy nhất để các em có được một mái ấm an toàn và ổn định."
Foster care brings more harm than good,foster care is valuable in protecting vulnerable children from harm,children need to be placed in safe homes,-1,1,Mô hình nhận nuôi đóng vai trò rất giá trị trong việc bảo vệ những đứa trẻ dễ bị tổn thương khỏi các nguy cơ bên ngoài.
Foster care brings more harm than good,"foster care isnt regulated enough, so much so that it gets taken advantage of and kids are placed in bad homes all for money.",foster care harms childrens wellbeing in a number of ways,1,0,"Quy định trong hệ thống nhận nuôi còn quá lỏng lẻo, tạo điều kiện cho những kẻ trục lợi gửi trẻ vào những môi trường tồi tệ chỉ vì tiền."
Foster care brings more harm than good,foster care keeps children out of shelters and homelessness and gives them a home and food to survive.,children need to be placed in safe homes,-1,1,"Hệ thống nhận nuôi giúp trẻ em tránh khỏi cảnh sống lang thang, vô gia cư, đồng thời cung cấp cho các em chỗ ở và thực phẩm để duy trì sự sống."
Foster care brings more harm than good,"foster care lets kids get individualized attention, instead of group homes where there might be one adult for every 30 kids and individual problems go unnoticed.",children need to be placed in safe homes,-1,0,"Việc nhận nuôi cho phép trẻ nhận được sự quan tâm sát sao thay vì sống trong các trại tập trung, nơi mà cứ 30 đứa trẻ mới có một người lớn trông coi và những vấn đề cá nhân của các em thường bị bỏ quên."
Foster care brings more harm than good,"foster care offers little stability for children already suffering hardships, putting them at an even greater disadvantage and giving them less of a chance of a normal life.",foster care harms childrens wellbeing in a number of ways,1,1,"Hệ thống nhận nuôi mang lại rất ít sự ổn định cho những đứa trẻ vốn đã chịu nhiều thiệt thòi, điều này càng đẩy các em vào thế bất lợi hơn và làm giảm cơ hội có được một cuộc sống bình thường."
Foster care brings more harm than good,foster care parents can provide a safe and loving home to children who would otherwise end up in an orphanage where nobody actually cares about them,children need to be placed in safe homes,-1,1,"Cha mẹ nuôi có thể mang lại một mái ấm an toàn, đầy yêu thương cho những đứa trẻ mà nếu không, sẽ phải vào trại mồ côi nơi chẳng ai thực sự quan tâm đến chúng."
Foster care brings more harm than good,foster care provides a family setting children desperately need.,children need to be placed in safe homes,-1,0,Mô hình chăm sóc thay thế (foster care) mang đến một môi trường gia đình mà trẻ em đang cực kỳ khao khát.
Foster care brings more harm than good,foster care provides a loving atmosphere as opposed to a group home.,children need to be placed in safe homes,-1,0,"So với các mái ấm tập thể, mô hình chăm sóc thay thế tạo ra một không gian ấm áp, giàu tình cảm hơn."
Foster care brings more harm than good,foster care provides a sense of impermanence that is detrimental to children.,foster care harms childrens wellbeing in a number of ways,1,1,"Mô hình này tạo ra cảm giác tạm bợ, thiếu ổn định, gây tổn hại đến sự phát triển của trẻ."
Foster care brings more harm than good,"foster care provides children a family setting, one that they so desperately need in order to become a positive influence on society.",children need to be placed in safe homes,-1,0,"Chăm sóc thay thế cung cấp một mái ấm thực sự, điều kiện tiên quyết để trẻ có thể lớn lên và trở thành những công dân có ích cho xã hội."
Foster care brings more harm than good,foster care provides children with a safe home as an alternative to group housing,children need to be placed in safe homes,-1,1,"Thay vì phải ở trong các trại tập trung, trẻ em có được một ngôi nhà an toàn hơn thông qua hệ thống chăm sóc thay thế."
Foster care brings more harm than good,foster care provides parents and children a rewarding opportunity to connect.,children need to be placed in safe homes,-1,0,Đây là cơ hội tuyệt vời để cả cha mẹ nuôi và con trẻ cùng xây dựng sợi dây gắn kết tình cảm.
Foster care brings more harm than good,foster care puts already vulnerable kids in to the hands of those who might abuse them further.,foster care harms childrens wellbeing in a number of ways,1,1,Chăm sóc thay thế đẩy những đứa trẻ vốn đã tổn thương vào tay những người có nguy cơ tiếp tục lạm dụng các em.
Foster care brings more harm than good,foster care reduces the burden on government institutions designed to deal with those that need these services and gives wards a more personal level of care.,children need to be placed in safe homes,-1,0,"Mô hình này giúp giảm tải cho các cơ quan chính phủ, đồng thời đảm bảo trẻ nhận được sự quan tâm chăm sóc cá nhân hóa tốt hơn."
Foster care brings more harm than good,foster care supports an environment for child abuse.,foster care harms childrens wellbeing in a number of ways,1,0,Hệ thống chăm sóc thay thế vô tình tạo điều kiện cho các hành vi lạm dụng trẻ em xảy ra.
Foster care brings more harm than good,foster care's downsides are obvious from the neglect and harm that the children face it's hard to make an emotional connection to children who aren't related to you.,foster care harms childrens wellbeing in a number of ways,1,1,Những mặt tối của hệ thống này hiện rõ qua việc trẻ em phải chịu sự bỏ bê và tổn thương; thật khó để xây dựng sợi dây tình cảm thực sự với những đứa trẻ không cùng máu mủ.
Foster care brings more harm than good,"foster carers don't really care about the children, they just do it for the government paycheck.",foster care harms childrens wellbeing in a number of ways,1,0,Cha mẹ nuôi chỉ chăm chăm vào tiền trợ cấp của chính phủ thôi chứ chẳng thực sự quan tâm đến bọn trẻ đâu.
Foster care brings more harm than good,foster carers need to be vetted seriously otherwise they might not able to provide the support required.,foster care harms childrens wellbeing in a number of ways,1,0,"Cần phải kiểm soát chặt chẽ lý lịch của các gia đình nhận nuôi, nếu không họ sẽ không đủ năng lực để hỗ trợ lũ trẻ như kỳ vọng."
Foster care brings more harm than good,"foster cares gives children who have been removed from abusive situations a chance at a family and care, education and a better life.",children need to be placed in safe homes,-1,0,"Việc nhận nuôi giúp những đứa trẻ từng bị bạo hành có cơ hội được sống trong một gia đình, được chăm sóc, học tập và có tương lai tốt đẹp hơn."
Foster care brings more harm than good,foster families are important because they provide homes to children who don't have responsible parents,children need to be placed in safe homes,-1,0,Các gia đình nhận nuôi đóng vai trò rất quan trọng vì họ là mái ấm cho những đứa trẻ không có cha mẹ đủ trách nhiệm.
Foster care brings more harm than good,foster families aren't fully prepared when fostering kids and can cause abuse mentally and/or physically to the child,foster care harms childrens wellbeing in a number of ways,1,1,"Nhiều gia đình nhận nuôi không có sự chuẩn bị kỹ lưỡng, dẫn đến việc gây ra những tổn thương về cả thể chất lẫn tinh thần cho trẻ."
Foster care brings more harm than good,foster homes can provide a bonding experience for children with no family.,children need to be placed in safe homes,-1,0,Các gia đình nhận nuôi có thể mang đến sự gắn kết tình cảm cho những đứa trẻ không còn người thân.
Foster care brings more harm than good,"foster parents are well-intentioned, the harms caused are ones that can easily be fixed by giving them access to more information and support from social workers.",children need to be placed in safe homes,-1,0,"Cha mẹ nuôi đều có ý tốt cả, những vấn đề phát sinh hoàn toàn có thể khắc phục được nếu họ được tiếp cận nhiều thông tin và nhận thêm sự hỗ trợ từ các nhân viên công tác xã hội."
Foster care brings more harm than good,"foster parents can take advantage of children, and sometimes they volunteer just to get a paycheck.",foster care harms childrens wellbeing in a number of ways,1,0,"Cha mẹ nuôi có thể lợi dụng trẻ em, đôi khi họ nhận nuôi chỉ vì muốn kiếm thêm thu nhập."
Foster care brings more harm than good,foster parents may not be properly vetted to insure children will not be abused,foster care harms childrens wellbeing in a number of ways,1,0,Quy trình kiểm duyệt cha mẹ nuôi có thể chưa đủ chặt chẽ để đảm bảo rằng trẻ sẽ không bị ngược đãi.
Entrapment should be legalized,gathering sufficient proofs to find a person guilty should be permissible. entrapment is somewhat an easy way to find a person guilty,entrapment should be legalized in order to catch pedophiles,1,0,Việc thu thập đầy đủ bằng chứng để khép tội một người là hoàn toàn hợp lý. 'Cài bẫy' (entrapment) cũng là một cách thức không quá khó để tìm ra thủ phạm.
We should ban cosmetic surgery,having a mastectomy is devastating to many women and having the chance to look normal again is needed in society,cosmetic surgery is a choice and bodily autonomy is paramount.,-1,0,"Phẫu thuật cắt bỏ vú là cú sốc tinh thần quá lớn với nhiều phụ nữ, vì thế xã hội cần tạo cơ hội để họ tìm lại vẻ tự nhiên vốn có."
The use of public defenders should be mandatory,"having a public defender in your court allows for a greater knowledge and experience when presenting your case, as opposed to representing yourself.",everyone using public defenders would equalize the criminal justice system.,1,0,"Việc có luật sư công bào chữa cho phép bạn tận dụng kiến thức và kinh nghiệm dày dặn của họ để bảo vệ bản thân, thay vì phải tự xoay xở một mình trước tòa."
The use of public defenders should be mandatory,having a system where public defenders are mandatory would make it fairer because all defendants would have the same level of defense,everyone using public defenders would equalize the criminal justice system.,1,1,"Thiết lập một hệ thống luật sư công bắt buộc sẽ công bằng hơn, vì mọi bị cáo đều xứng đáng được hưởng chất lượng bào chữa ngang bằng nhau."
Entrapment should be legalized,"helping to solve bigger crimes, entrapment is approved and should be legalized.",entrapment should be legalized in order to catch pedophiles,1,0,Việc gài bẫy tội phạm (entrapment) nên được hợp pháp hóa vì nó hỗ trợ đắc lực cho việc phá các vụ án lớn.
We should subsidize student loans,"higher education is no longer that useful in finding a job, we need to stop funneling money into it.",student loans should be paid by the borrower like all other loans.,-1,0,"Bằng đại học giờ chẳng còn mấy giá trị trong việc xin việc, chúng ta nên ngừng đổ tiền vào hệ thống này đi thôi."
We should ban algorithmic trading,i don't see the need to ban something that helps people make money automatically.,"algorithmic trading allows for more timely, accurate, and efficient trading.",-1,0,Tôi không thấy lý do gì để cấm một thứ giúp người ta tự động kiếm ra tiền cả.
We should adopt a zero-tolerance policy in schools,i think it is a very appropriate method given the physical and psychological violence that exists in schools today.,clear boundaries and expectations must be set to protect students.,1,1,Tôi nghĩ đây là một biện pháp rất phù hợp trước tình trạng bạo lực thể xác và tinh thần đang nhức nhối trong trường học hiện nay.
We should end racial profiling,if a certain race doesn't want to be treated like criminals then they shouldn't look like criminals.,racial profiling helps to identify potential suspects,-1,0,Nếu một sắc tộc không muốn bị đối xử như tội phạm thì họ đừng ăn mặc hay hành xử giống tội phạm là được.
The use of public defenders should be mandatory,if a criminal chooses to not have a legal counsel then those are his rights.,imposing use of public defenders takes away a person's right to choose.,-1,1,"Nếu bị cáo đã tự nguyện chọn từ chối luật sư bào chữa thì đó là quyền cá nhân của họ, cần được tôn trọng."
Entrapment should be legalized,if a criminal is given the opportunity to refuse then entrapment is permitted,entrapment should be legalized in order to catch pedophiles,1,0,Nếu kẻ phạm tội được cho quyền từ chối thì việc gài bẫy tội phạm hoàn toàn là điều có thể chấp nhận được.
The use of public defenders should be mandatory,if a person can pay for a better lawyer they should have the right to do so.,imposing use of public defenders takes away a person's right to choose.,-1,1,Nếu một người có đủ tiền thuê luật sư giỏi hơn thì họ hoàn toàn có quyền làm vậy.
The use of public defenders should be mandatory,"if a person can't afford otherwise, sure, give them a public defender but to require them is insanity.  the cost is just too great.",imposing use of public defenders takes away a person's right to choose.,-1,0,"Nếu không có khả năng chi trả thì dùng luật sư công là lẽ đương nhiên, nhưng bắt buộc phải dùng luật sư công thì thật vô lý. Cái giá phải trả là quá đắt."
Entrapment should be legalized,"if a person tries to commit a crime even though it didn't actually happen because a law enforcement officer was under cover, they still had the intent.",entrapment should be legalized in order to catch pedophiles,1,0,"Nếu một người cố tình thực hiện hành vi phạm tội, dù thực tế không thành công do gặp cảnh sát chìm, thì ý định phạm tội của họ vẫn còn đó."
The use of public defenders should be mandatory,"if all people had to use public defenders, more money would be forced to go into the system, which would improve criminal defense for the least well off.",everyone using public defenders would equalize the criminal justice system.,1,0,"Nếu tất cả mọi người đều phải dùng luật sư công, ngân sách sẽ buộc phải đổ dồn vào hệ thống này, từ đó cải thiện chất lượng bào chữa cho những người yếu thế nhất."
Entrapment should be legalized,"if entrapment can serve to more easily capture wanted criminals, then why shouldn't it be legal?",entrapment should be legalized in order to catch pedophiles,1,0,"Nếu việc gài bẫy có thể giúp bắt giữ tội phạm truy nã dễ dàng hơn, thì tại sao nó lại không nên được hợp pháp hóa?"
The use of public defenders should be mandatory,if everyone had the same quality of defense it would be a more level playing field,everyone using public defenders would equalize the criminal justice system.,1,1,Nếu ai cũng có chất lượng bào chữa như nhau thì cuộc chơi sẽ công bằng hơn.
The use of public defenders should be mandatory,"if everyone used a public defender it would level the playing field, and give more equality rather than the quality of defense being dependent on how rich the defendant is",everyone using public defenders would equalize the criminal justice system.,1,1,"Nếu tất cả mọi người đều dùng luật sư công, sân chơi sẽ bình đẳng hơn và tạo ra sự công bằng thay vì phụ thuộc vào việc bị cáo giàu có đến mức nào."
The use of public defenders should be mandatory,if everyone used public defenders it would make everyone defended in the same way and create fairer trials.,everyone using public defenders would equalize the criminal justice system.,1,1,"Nếu mọi người đều dùng luật sư công, tất cả sẽ được bào chữa theo cùng một cách và các phiên tòa sẽ công bằng hơn."
The use of public defenders should be mandatory,if everyone used public defenders it would make things more fair in court between the poor and the rich who can afford a better lawyer,everyone using public defenders would equalize the criminal justice system.,1,0,"Nếu tất cả mọi người đều dùng luật sư công, tòa án sẽ trở nên công bằng hơn giữa người nghèo và những kẻ giàu có đủ khả năng thuê luật sư riêng."
The use of public defenders should be mandatory,if everyone was to use public defenderd everyone would have an equal chance. money couldn't buy yourself out of trouble.,everyone using public defenders would equalize the criminal justice system.,1,1,Nếu ai cũng dùng luật sư công thì mọi người đều có cơ hội ngang nhau. Tiền bạc sẽ không thể mua được sự thoát tội.
Entrapment should be legalized,"if it means bringing the worst criminals to justice, it is a valuable tool.",entrapment should be legalized in order to catch pedophiles,1,0,"Nếu điều đó đồng nghĩa với việc đưa những tội phạm nguy hiểm nhất ra ánh sáng, thì đây chính là một công cụ đắc lực."
Entrapment should be legalized,"if it was legal, more crimials would be caught and punished",entrapment should be legalized in order to catch pedophiles,1,0,"Nếu luật này được hợp thức hóa, nhiều tội phạm sẽ bị bắt giữ và trừng trị hơn."
We should abolish the three-strikes laws,"if limited to violent crime, three-strikes laws serve the necessary function of keeping dangerous individuals out of society.",the three-strikes law is good at keeping criminals off of the streets,-1,1,"Nếu chỉ áp dụng cho các tội danh bạo lực, luật 'ba lần phạm tội' hoàn toàn thực hiện tốt chức năng loại bỏ những kẻ nguy hiểm ra khỏi xã hội."
We should abolish the three-strikes laws,if people are habitually re-offending then they need a punishment that will stop them. a mandatory prison sentence is the minimum they should have as a punishment.,the three-strikes law is good at keeping criminals off of the streets,-1,0,"Nếu một người cứ tái phạm liên tục thì họ cần một hình phạt đủ sức răn đe, và án tù bắt buộc là mức tối thiểu họ phải chịu."
The use of public defenders should be mandatory,"if people can afford it, they should be able to pick which attorney they want to defend them.",imposing use of public defenders takes away a person's right to choose.,-1,1,"Nếu có điều kiện kinh tế, mọi người nên được quyền tự chọn luật sư bào chữa cho mình."
We should abolish the three-strikes laws,"if people keep repeating the same offenses and won't change their ways, they deserve to be incarcerated permanently.",the three-strikes law is good at keeping criminals off of the streets,-1,0,"Nếu một người cứ liên tục phạm tội mà không chịu cải tạo, họ xứng đáng phải ngồi tù vĩnh viễn."
We should subsidize student loans,if somebody wants to go to university or college they should be responsible for the funding and not somebody else.,student loans should be paid by the borrower like all other loans.,-1,1,"Nếu ai đó muốn học đại học hay cao đẳng, họ phải tự chi trả học phí chứ không thể trông chờ vào người khác."
The use of public defenders should be mandatory,"if someone can afford a high-paid attorney, they should not be forced to use a public defender instead as they are entitled to have the best defense they can buy",imposing use of public defenders takes away a person's right to choose.,-1,1,"Nếu một người có khả năng thuê luật sư đắt tiền, họ không nên bị ép phải dùng luật sư công, vì họ có quyền được hưởng sự bào chữa tốt nhất trong khả năng của mình."
We should abolish the three-strikes laws,if someone commits three serious crimes then they have proven that they cannot be trusted and will likely go on to break the lay repeatedly.,the three-strikes law is good at keeping criminals off of the streets,-1,0,"Nếu một người phạm tới ba trọng tội, điều đó chứng tỏ họ không thể tin tưởng được và khả năng cao sẽ tiếp tục vi phạm pháp luật."
We should ban algorithmic trading,"if someone designs an algorithm that they trust to predict market trends, they should be able to employ it.","algorithmic trading allows for more timely, accurate, and efficient trading.",-1,0,"Nếu ai đó thiết kế được một thuật toán đáng tin cậy để dự đoán xu hướng thị trường, họ hoàn toàn có quyền sử dụng nó."
The use of public defenders should be mandatory,if someone feels they can represent themselves in court then they should not be forced to have a public defender,imposing use of public defenders takes away a person's right to choose.,-1,1,Nếu một người cảm thấy mình đủ khả năng tự biện hộ trước tòa thì họ không nên bị ép buộc phải nhận luật sư chỉ định.
The use of public defenders should be mandatory,"if someone has the means to afford the best representation they can, they should be allowed to do so in the interests of them getting the best defence.",imposing use of public defenders takes away a person's right to choose.,-1,1,"Nếu một người có đủ điều kiện tài chính để thuê luật sư giỏi nhất, họ nên được quyền làm vậy để đảm bảo mình có sự bảo vệ tốt nhất."
We should abolish the three-strikes laws,"if someone is habitually offending, they deserve to be punished on the harshest level.",the three-strikes law is good at keeping criminals off of the streets,-1,0,"Nếu ai đó tái phạm nhiều lần, họ xứng đáng phải chịu mức hình phạt cao nhất."
The use of public defenders should be mandatory,if someone is unable to afford a lawyer their rights must be protected by providing representation,everyone using public defenders would equalize the criminal justice system.,1,0,"Nếu một người không đủ khả năng thuê luật sư, quyền lợi của họ phải được bảo vệ bằng cách cung cấp người đại diện pháp lý."
The use of public defenders should be mandatory,if someone wants to defend themselves that is their right,imposing use of public defenders takes away a person's right to choose.,-1,1,Nếu một người muốn tự bào chữa cho mình thì đó là quyền của họ.
We should adopt a zero-tolerance policy in schools,if students know that they are going to be punished for a first time offense they probably will not even try it.,clear boundaries and expectations must be set to protect students.,1,0,Nếu học sinh biết mình sẽ bị kỷ luật ngay từ lần vi phạm đầu tiên thì có lẽ họ sẽ không dám thử làm sai nữa.
We should subsidize student loans,"if students want to attend university, they should be able to fund their own way themselves.",student loans should be paid by the borrower like all other loans.,-1,1,Nếu học sinh muốn học đại học thì họ nên tự lo chi phí cho việc học của mình.
We should abolish the three-strikes laws,if the person has a history of criminality then they should be punished more heavily.,the three-strikes law is good at keeping criminals off of the streets,-1,0,Nếu một người có tiền án tiền sự thì họ nên bị xử phạt nặng hơn.
We should subsidize student loans,if these loans were subsidized some of the students wouldn't take their studies as serious as those that have to pay out of pocket.,student loans should be paid by the borrower like all other loans.,-1,0,"Nếu các khoản vay này được trợ cấp, một số sinh viên sẽ không coi trọng việc học như những người phải tự bỏ tiền túi ra chi trả."
Entrapment should be legalized,if used to catch people where insufficient evidence exists it should be allowed,entrapment should be legalized in order to catch pedophiles,1,0,Nếu được dùng để bắt giữ những đối tượng mà bằng chứng hiện tại chưa đủ thuyết phục thì điều đó hoàn toàn nên được cho phép.
We should abolish the three-strikes laws,"if we got rid of three-strikes laws, there would be little deterrent for career criminals.",the three-strikes law is good at keeping criminals off of the streets,-1,0,"Nếu bãi bỏ luật 'ba lần phạm tội' (three-strikes laws), chúng ta sẽ mất đi công cụ răn đe hiệu quả đối với những tội phạm chuyên nghiệp."
We should subsidize student loans,if we subsidise student loans then people won't value their education as much as would if the were paying full fees.,student loans should be paid by the borrower like all other loans.,-1,0,"Nếu chúng ta trợ giá cho các khoản vay sinh viên, người học sẽ không còn coi trọng giá trị bằng cấp như khi họ phải tự chi trả toàn bộ học phí."
We should subsidize student loans,if we subsidize student loans we will create corruption mechanisms so that others can take advantage of these subsidies,student loans should be paid by the borrower like all other loans.,-1,0,Việc trợ giá cho các khoản vay sinh viên sẽ vô tình tạo ra những kẽ hở tham nhũng để kẻ xấu trục lợi từ các chính sách hỗ trợ này.
The use of public defenders should be mandatory,if you can afford a better more personalised experience you should be allowed to pay for one.,imposing use of public defenders takes away a person's right to choose.,-1,1,"Nếu bạn có đủ khả năng chi trả cho một trải nghiệm tốt hơn và cá nhân hóa hơn, bạn hoàn toàn có quyền làm điều đó."
We should adopt a zero-tolerance policy in schools,in many cases punishment does not match crime,zero-tolerance policies in schools are too strict and unnecessary,-1,0,"Trong rất nhiều trường hợp, hình phạt hiện nay không tương xứng với tội danh gây ra."
We should subsidize student loans,in the interests of raising the education level of our population we should subsidize student loans.,subsidizing student loans would encourage more to pursue higher education.,1,1,"Để nâng cao trình độ dân trí cho toàn xã hội, chúng ta nên thực hiện chính sách trợ giá cho các khoản vay sinh viên."
We should ban algorithmic trading,"in the new era, good ideas do not know limits, which makes it impossible to prohibit algorithm trading","algorithmic trading allows for more timely, accurate, and efficient trading.",-1,0,"Trong kỷ nguyên mới, những ý tưởng sáng tạo không có biên giới, điều đó khiến việc cấm giao dịch thuật toán trở nên bất khả thi."
We should ban cosmetic surgery,individuals have the right to make themselves more beautiful or correct defects.,cosmetic surgery is a choice and bodily autonomy is paramount.,-1,1,Cá nhân có quyền được làm đẹp bản thân hoặc chỉnh sửa những khiếm khuyết trên cơ thể mình.
The use of public defenders should be mandatory,it allows the poor who don't have the funds to have legal advice to be able to attain legal advice,everyone using public defenders would equalize the criminal justice system.,1,0,Điều này tạo điều kiện cho những người khó khăn không đủ khả năng tài chính vẫn có thể tiếp cận được dịch vụ tư vấn pháp lý.
We should adopt a zero-tolerance policy in schools,it can act as a good deterrent to bad behavior,clear boundaries and expectations must be set to protect students.,1,0,Nó có thể đóng vai trò như một cơ chế răn đe hiệu quả đối với những hành vi lệch chuẩn.
We should ban cosmetic surgery,it can be beneficial for people who have disfigurement to help them look more normal and feel confident.,cosmetic surgery is a choice and bodily autonomy is paramount.,-1,0,"Việc này thực sự có lợi cho những người bị dị tật, giúp họ trông bình thường hơn và cảm thấy tự tin hơn."
We should ban cosmetic surgery,it can help improve ones looks & therefore improve ones self esteem,cosmetic surgery is a choice and bodily autonomy is paramount.,-1,0,"Nó giúp cải thiện ngoại hình, từ đó nâng cao lòng tự trọng của mỗi người."
Entrapment should be legalized,it can help to get certain information out of people. it can be easy to twist their words and catch them in a lie.,entrapment should be legalized in order to catch pedophiles,1,0,"Nó giúp khai thác thông tin từ người khác, vì rất dễ để bẻ lái câu chữ và bắt thóp khi họ nói dối."
We should subsidize student loans,it causes tuition to rise far too much,student loans should be paid by the borrower like all other loans.,-1,0,Nó làm học phí tăng lên quá mức cần thiết.
We should ban algorithmic trading,it creates an unfair advantage for people with access,algorithmic trading gives an unfair advantage in the market,1,1,Nó tạo ra sự bất công cho những người không có điều kiện tiếp cận.
We should end racial profiling,it does more good then harm.  it can help catch criminals and or terrorists,racial profiling helps to identify potential suspects,-1,0,"Lợi ích mang lại lớn hơn tác hại, vì nó giúp bắt giữ tội phạm và khủng bố."
Foster care brings more harm than good,"it doesn't because it gives a child a chance at having a normal life with role models, instead of just staying in an institution.",children need to be placed in safe homes,-1,0,"Không phải vậy, vì nó mang lại cho đứa trẻ cơ hội sống một cuộc đời bình thường với những hình mẫu để noi theo thay vì phải ở trong trại trẻ."
Entrapment should be legalized,it helps to catch more criminals and it should be legal.,entrapment should be legalized in order to catch pedophiles,1,0,Nó giúp tóm gọn nhiều tội phạm hơn nên cần được hợp pháp hóa.
We should subsidize student loans,it is a complex situation for the government to subcidiar the costs of studies of people that sometimes do not end up staying in the country,student loans should be paid by the borrower like all other loans.,-1,0,Thật khó cho chính phủ khi phải trợ cấp chi phí học tập cho những người mà đôi khi họ còn chẳng định ở lại đất nước đó để làm việc.
Entrapment should be legalized,it is a simplified method of finding people who's criminal bahaviour may otherwise often fly under the radar for a very long time.,entrapment should be legalized in order to catch pedophiles,1,0,Đây là một cách đơn giản để tìm ra những kẻ có hành vi phạm tội mà nếu không thì rất khó bị phát hiện trong một thời gian dài.
We should ban algorithmic trading,it is an efficient way of trading & is less prone to human error,"algorithmic trading allows for more timely, accurate, and efficient trading.",-1,1,Đây là cách giao dịch hiệu quả và hạn chế được sai sót do con người.
Entrapment should be legalized,it is an illegal means by police to charge enemies,entrapment is wrong and should be illegal,-1,1,Đây là chiêu trò phi pháp mà cảnh sát dùng để buộc tội những người họ ghét.
The use of public defenders should be mandatory,it is an individual right to decide which representation to use,imposing use of public defenders takes away a person's right to choose.,-1,1,Mỗi cá nhân có quyền tự quyết trong việc chọn người đại diện cho mình.
We should ban algorithmic trading,it is an unfair advantage & also could be hacked & severely disrupt trading,algorithmic trading gives an unfair advantage in the market,1,1,"Đây là sự bất công, hơn nữa hệ thống còn dễ bị hack và gây rối loạn thị trường nghiêm trọng."
We should end racial profiling,it is bordering on racism to use racial profiling.,we should end racial profiling because it a form of prejudice,1,1,Việc sử dụng hồ sơ chủng tộc chẳng khác nào hành vi phân biệt đối xử.
We should subsidize student loans,"it is difficult to get a job without a degree these days, so students need help paying to obtain one.",subsidizing student loans would encourage more to pursue higher education.,1,0,"Ngày nay khó mà kiếm được việc nếu không có bằng cấp, nên sinh viên rất cần được hỗ trợ chi phí học tập."
We should end racial profiling,it is discrimanatory to use racial profiling which in turn alienates those on the receiving end of this type of profiling.,we should end racial profiling because it a form of prejudice,1,1,"Sử dụng hồ sơ chủng tộc là hành vi phân biệt đối xử, khiến những người trong cuộc cảm thấy bị cô lập và xa lánh."
We should end racial profiling,it is discriminatory  and wrong and should be illegal,we should end racial profiling because it a form of prejudice,1,1,"Điều này mang tính phân biệt đối xử, hoàn toàn sai trái và cần phải bị cấm."
We should end racial profiling,it is immoral to target a particular group based simply on their race of ethnicity.,we should end racial profiling because it a form of prejudice,1,1,Việc nhắm vào một nhóm đối tượng chỉ dựa trên sắc tộc hay chủng tộc là vô đạo đức.
We should adopt a zero-tolerance policy in schools,it is just that violating school rules results in serious consequences.,clear boundaries and expectations must be set to protect students.,1,0,Việc vi phạm nội quy trường học thì phải chịu hình phạt thích đáng là hoàn toàn hợp lý.
We should ban algorithmic trading,it is more secure as decisions are made based on data rather than emtions,"algorithmic trading allows for more timely, accurate, and efficient trading.",-1,0,Dựa trên dữ liệu thay vì cảm tính sẽ giúp các quyết định trở nên đáng tin cậy và an toàn hơn.
We should adopt a zero-tolerance policy in schools,it is necessary to have a zero tolerance policy to allow other students to benefit from a stable learning environment,clear boundaries and expectations must be set to protect students.,1,0,Cần phải có chính sách 'không khoan nhượng' để đảm bảo những học sinh khác được học tập trong một môi trường ổn định.
We should end the use of economic sanctions,it is not right to make another country ashamed of their practices,economic sanctions affect poor people more than governments,1,0,Chúng ta không có quyền khiến một quốc gia khác phải cảm thấy xấu hổ về văn hóa hay cách thực hành của họ.
Foster care brings more harm than good,"it is now on record more children are sexually abused,physically and emotionally abused while under state care",foster care harms childrens wellbeing in a number of ways,1,1,"Các số liệu hiện nay cho thấy tình trạng trẻ em bị lạm dụng tình dục, thể xác và tinh thần khi đang được nhà nước chăm sóc đang ngày càng gia tăng."
We should abolish the three-strikes laws,it is only fair to believe that if a person carries out a serious crime three times they have no hope of redemption.,the three-strikes law is good at keeping criminals off of the streets,-1,0,"Thật công bằng khi cho rằng nếu một người phạm tội nghiêm trọng đến ba lần, họ đã hoàn toàn không còn khả năng cải tạo."
We should end racial profiling,it is proven that african-americans are the ones who commit the most crimes,racial profiling helps to identify potential suspects,-1,0,Có những bằng chứng cho thấy người Mỹ gốc Phi là nhóm đối tượng thực hiện các hành vi phạm tội nhiều nhất.
We should end the use of economic sanctions,it is sometimes the only solution to solving foreign relatations between countries,we should support economic sanctions to keep others from violating interests,-1,0,Đôi khi đây là giải pháp duy nhất để giải quyết các mối quan hệ ngoại giao giữa các quốc gia.
We should adopt a zero-tolerance policy in schools,it is unfair on those being bullied to punish them the same as you punish the bully,zero-tolerance policies in schools are too strict and unnecessary,-1,0,Thật bất công khi phạt người bị bắt nạt giống hệt như cách phạt kẻ bắt nạt.
We should abolish the three-strikes laws,it keeps habitual offenders in prison and increases safety of citizens.,the three-strikes law is good at keeping criminals off of the streets,-1,1,Điều này giúp giữ chân những kẻ phạm tội tái diễn trong tù và làm tăng sự an toàn cho cộng đồng.
Entrapment should be legalized,it offers someone who hasn't decided to commit a crime an opportunity to commit one,entrapment is wrong and should be illegal,-1,0,Nó vô tình tạo cơ hội cho những người vốn chưa có ý định phạm tội lại nảy sinh suy nghĩ thực hiện hành vi đó.
Foster care brings more harm than good,"it provides a necessary function for abandoned children
many foster children are well adapted and happy
where would they go otherwise? orphanages are surely a far worst option",children need to be placed in safe homes,-1,0,
We should ban algorithmic trading,it should not be banned because it is efficient and fast,"algorithmic trading allows for more timely, accurate, and efficient trading.",-1,1,
Entrapment should be legalized,it should not be legal because it makes some people commit a crime that they normally would not commit,entrapment is wrong and should be illegal,-1,0,
We should end the use of economic sanctions,it would be good to end the use because it shames governments,economic sanctions affect poor people more than governments,1,0,
Entrapment should be legalized,it would enable policeman to catch more criminals and keep the streets safe,entrapment should be legalized in order to catch pedophiles,1,0,
The use of public defenders should be mandatory,it would put everyone on a level playing field.,everyone using public defenders would equalize the criminal justice system.,1,1,
We should end racial profiling,it's a clear fact that some social groups are more responsible than others for criminal acts and thuse racial profiling is a helpful shorthand tool to use in law enforcement.,racial profiling helps to identify potential suspects,-1,0,
We should end the use of economic sanctions,it's a way for a country to stand up to another country if we disagree with the way they live or if there's something such as human rights violations.,we should support economic sanctions to keep others from violating interests,-1,0,
The use of public defenders should be mandatory,keep a level playing field for those who cannot afford an attorney,everyone using public defenders would equalize the criminal justice system.,1,0,
We should end racial profiling,law-abiding citizens in groups that are racially profiled against may be unwilling to cooperate with law enforcement.,we should end racial profiling because it a form of prejudice,1,0,
We should adopt a zero-tolerance policy in schools,laws at school should be strict. only zero-tolerance policy would conform students to follow them,clear boundaries and expectations must be set to protect students.,1,1,Nội quy trường học phải thật nghiêm ngặt. Chỉ có chính sách 'không khoan nhượng' mới buộc học sinh phải đi vào khuôn phép.
We should subsidize student loans,learning to pay your own bills is important for students to learn,student loans should be paid by the borrower like all other loans.,-1,1,Việc học cách tự chi trả hóa đơn cá nhân là kỹ năng quan trọng mà sinh viên cần phải trang bị.
Entrapment should be legalized,legalising entrapment would assist law enforcement agencies when they have good reason to suspect an individual ofengaging in criminal activity which is otherwise hard to detect,entrapment should be legalized in order to catch pedophiles,1,0,Hợp pháp hóa các hành vi 'gài bẫy' sẽ hỗ trợ đắc lực cho cảnh sát khi họ có cơ sở tin rằng một cá nhân đang thực hiện hành vi phạm tội khó phát hiện.
We should subsidize student loans,"loans should not need to be subsidized as the students can pay them back when they are earning enough, which will be thanks to their education.",student loans should be paid by the borrower like all other loans.,-1,1,"Các khoản vay sinh viên không cần phải được trợ giá vì sau khi ra trường, với kiến thức được đào tạo, họ hoàn toàn có khả năng chi trả."
The use of public defenders should be mandatory,making a public defender mandatory takes away choice from those who may wish to find their own attorney or even just represent themselves.,imposing use of public defenders takes away a person's right to choose.,-1,1,Ép buộc sử dụng luật sư công tước đoạt quyền lựa chọn của những người muốn tự thuê luật sư riêng hoặc thậm chí là tự bào chữa cho chính mình.
The use of public defenders should be mandatory,making everyone use public defenders would lead to a fairer justice system; currently the rich can sometimes buy their way out of justice.,everyone using public defenders would equalize the criminal justice system.,1,1,"Bắt buộc mọi người dùng luật sư công sẽ giúp hệ thống tư pháp công bằng hơn; hiện tại, người giàu vẫn đang dùng tiền để lách luật một cách dễ dàng."
The use of public defenders should be mandatory,"making it mandatory is a slight overkill.  mandatory for those that cannot get counsel another way, sure but the wording is too loose here so i must say no.",imposing use of public defenders takes away a person's right to choose.,-1,0,"Quy định bắt buộc như vậy là hơi quá đà. Nếu chỉ bắt buộc với những người không có điều kiện thuê luật sư thì được, nhưng cách diễn đạt này quá mơ hồ nên tôi không đồng ý."
The use of public defenders should be mandatory,making public defenders mandatory would be a waste of public funds; public defenders should only be retained for those who cannot afford to pay for their own defence.,imposing use of public defenders takes away a person's right to choose.,-1,0,Ép buộc dùng luật sư công là sự lãng phí ngân sách nhà nước; loại hình này chỉ nên dành cho những người thực sự không đủ khả năng tài chính để tự thuê luật sư.
The use of public defenders should be mandatory,making public defenders mandatory would cost us too much money.,imposing use of public defenders takes away a person's right to choose.,-1,0,Việc bắt buộc dùng luật sư công sẽ khiến chúng ta tốn quá nhiều tiền ngân sách.
The use of public defenders should be mandatory,mandating public defenders will create tons of political backlash that will actualize in more conservative politicians winning office and more regulations giving rich people extra rights will pass.,imposing use of public defenders takes away a person's right to choose.,-1,0,"Việc bắt buộc dùng luật sư công sẽ gây ra làn sóng phản đối dữ dội, dẫn đến việc các chính trị gia bảo thủ lên nắm quyền và thông qua thêm nhiều quy định ưu ái cho người giàu."
The use of public defenders should be mandatory,mandating the  use of public defenders will ensure that all defendents are treated equally and not more favourably for those who can afford the best lawyers,everyone using public defenders would equalize the criminal justice system.,1,1,"Việc bắt buộc sử dụng luật sư công sẽ đảm bảo mọi bị cáo đều được đối xử công bằng, thay vì ưu tiên những người có tiền thuê luật sư giỏi."
The use of public defenders should be mandatory,mandating the use of public defenders ensures a fair trial for all.,everyone using public defenders would equalize the criminal justice system.,1,0,Việc bắt buộc sử dụng luật sư công đảm bảo một phiên tòa công bằng cho tất cả mọi người.
The use of public defenders should be mandatory,mandatory public defence would be costly for the state. the money might be better off spent elsewhere such as fighting crime.,imposing use of public defenders takes away a person's right to choose.,-1,0,Bắt buộc sử dụng luật sư công sẽ gây tốn kém cho ngân sách nhà nước; số tiền đó nên được đầu tư vào những mục đích thiết thực hơn như phòng chống tội phạm.
The use of public defenders should be mandatory,mandatory public defenders allows for a vigorous defense of all citizens.,everyone using public defenders would equalize the criminal justice system.,1,0,Việc bắt buộc sử dụng luật sư công tạo điều kiện cho mọi công dân được bào chữa một cách quyết liệt.
The use of public defenders should be mandatory,mandatory representation by public defenders endures all defendents have a level playing field and that those with the most money are more likely to be acquitted when guilty,everyone using public defenders would equalize the criminal justice system.,1,1,"Luật sư công bắt buộc đảm bảo mọi bị cáo đều có xuất phát điểm ngang hàng, tránh việc những người nhiều tiền dễ dàng được tuyên vô tội dù thực tế họ có tội."
Entrapment should be legalized,many career criminals are simply good at not getting caught. this is sometimes the only method that will get them off of the streets.,entrapment should be legalized in order to catch pedophiles,1,0,"Nhiều tội phạm chuyên nghiệp chỉ đơn giản là quá giỏi trong việc né tránh bị bắt, và đôi khi đây là phương pháp duy nhất để loại bỏ chúng khỏi xã hội."
Foster care brings more harm than good,many children are moved from home to home without finding a good family.,foster care harms childrens wellbeing in a number of ways,1,0,Nhiều trẻ em phải di chuyển từ nhà này sang nhà khác mà không thể tìm được một mái ấm thực sự.
Foster care brings more harm than good,many children in the foster care system have issues that can destroy a family.,foster care harms childrens wellbeing in a number of ways,1,0,Nhiều trẻ em trong hệ thống chăm sóc thay thế gặp phải những vấn đề có thể phá vỡ sự ổn định của một gia đình.
Foster care brings more harm than good,many foster children have behavioral or cognitive problems which foster care parents are not prepared to deal with.,foster care harms childrens wellbeing in a number of ways,1,0,Nhiều trẻ em trong các gia đình nhận nuôi có vấn đề về hành vi hoặc nhận thức mà các bậc cha mẹ nuôi thường không được chuẩn bị để đối phó.
Foster care brings more harm than good,"many foster parents do it for the money and do not actually take care of their foster children, and in some cases even abuse them.",foster care harms childrens wellbeing in a number of ways,1,0,"Nhiều cha mẹ nuôi nhận con chỉ vì tiền và không thực sự chăm sóc chúng, thậm chí trong một số trường hợp còn xảy ra hành vi ngược đãi."
We should abolish the three-strikes laws,many people could be imprisoned with harsh sentences for minor offenses,people who have three minor offences are unfairly punished.,1,1,nhiều người có thể phải chịu án tù nặng nề chỉ vì những lỗi vi phạm nhỏ nhặt
The use of public defenders should be mandatory,many people do not have the mental capacity to understand the reasons to defend themselves and the usage of public defenders should be mandatory.,everyone using public defenders would equalize the criminal justice system.,1,0,"nhiều người không đủ nhận thức để tự bào chữa cho mình, vì vậy việc chỉ định luật sư công là điều bắt buộc"
We should end racial profiling,most of the crimes that are committed and solved are done by racial profiling.,racial profiling helps to identify potential suspects,-1,0,phần lớn các vụ án được phá hiện nay đều dựa trên định kiến chủng tộc
We should abolish the three-strikes laws,"most people who commit violent crimes are acting impulsively, without thought to the consequences of their actions. thus, three strikes laws won't deter most violent crimes.",people who have three minor offences are unfairly punished.,1,0,"đa số tội phạm bạo lực hành động theo cảm tính mà không lường trước hậu quả, nên luật 'ba lần phạm tội' sẽ chẳng thể răn đe được ai"
We should adopt a zero-tolerance policy in schools,no evidence has been found that zero tolerance policies deter bullying and violence in schools,zero-tolerance policies in schools are too strict and unnecessary,-1,0,chưa có bằng chứng nào cho thấy chính sách 'không khoan nhượng' giúp giảm bớt nạn bắt nạt hay bạo lực học đường
We should subsidize student loans,"no need to subsidize student loans, people can access education by using their own money and time",student loans should be paid by the borrower like all other loans.,-1,1,"không cần thiết phải trợ giá các khoản vay sinh viên, vì người học hoàn toàn có thể tự chi trả bằng thời gian và tiền bạc của chính mình"
The use of public defenders should be mandatory,nobody can be forced to represented by a public defender; it is a personal choice.,imposing use of public defenders takes away a person's right to choose.,-1,1,không ai có thể bị ép buộc phải sử dụng luật sư công; đó là quyền lựa chọn cá nhân
The use of public defenders should be mandatory,not all criminals have the right to have a defense,imposing use of public defenders takes away a person's right to choose.,-1,0,không phải tội phạm nào cũng có quyền được bào chữa
We should subsidize student loans,offer protection to students and protect them from predatory lenders,subsidizing student loans would encourage more to pursue higher education.,1,0,cần có biện pháp bảo vệ sinh viên khỏi các tổ chức tín dụng đen
We should end the use of economic sanctions,often the only way get regressive regimes to act in the best interest of their populace is to financially strong-arm them in to doing so.,we should support economic sanctions to keep others from violating interests,-1,0,đôi khi cách duy nhất để buộc các chế độ độc tài quan tâm đến người dân là dùng áp lực kinh tế
We should ban cosmetic surgery,often there are no valid medical reasons for having cosmetic surgery so its frivolous and taking unnecessary risks,cosmetic surgery is an unnecessary health risk,1,1,"Phẫu thuật thẩm mỹ thường chẳng có lý do y tế xác đáng nào, nên nó vừa phù phiếm lại vừa tiềm ẩn những rủi ro không đáng có."
We should ban algorithmic trading,one bad tweek to code could cause a financial collapse of the economy,algorithmic trading gives an unfair advantage in the market,1,0,Chỉ cần một lỗi nhỏ trong mã nguồn cũng đủ sức kéo sập cả nền kinh tế.
We should abolish the three-strikes laws,"one effect of mandatory sentencing, and of three-strikes laws in particular, is the rapid growth of the prison population",people who have three minor offences are unfairly punished.,1,0,"Một trong những hệ quả của chính sách phạt tù bắt buộc, đặc biệt là luật 'ba lần phạm tội', chính là sự quá tải trầm trọng tại các nhà tù."
Entrapment should be legalized,"only criminally-minded people would commit crimes, even in situations where it is encouraged by police.",entrapment should be legalized in order to catch pedophiles,1,0,"Chỉ những kẻ có tư tưởng phạm tội mới làm điều sai trái, ngay cả khi được cảnh sát kích động."
The use of public defenders should be mandatory,only if everyone has access to free public defense will the justice system be fair,everyone using public defenders would equalize the criminal justice system.,1,0,Hệ thống tư pháp chỉ thực sự công bằng khi tất cả mọi người đều được tiếp cận dịch vụ bào chữa công miễn phí.
Foster care brings more harm than good,orphanages cannot give kids the personal care that foster parents can.,children need to be placed in safe homes,-1,0,Các trại trẻ mồ côi không thể mang lại sự chăm sóc cá nhân như cách mà các gia đình nhận nuôi làm được.
The use of public defenders should be mandatory,our constitution guarantees the right to a lawyer.  a public defender should be mandatory to advise people that have no clue what they are doing.,everyone using public defenders would equalize the criminal justice system.,1,0,"Hiến pháp bảo đảm quyền có luật sư, nên việc chỉ định luật sư công là bắt buộc để hỗ trợ những người không biết phải làm gì khi vướng vào kiện tụng."
We should subsidize student loans,our young people need to be educated so that they can become productive members of our society.,subsidizing student loans would encourage more to pursue higher education.,1,1,Giới trẻ cần được giáo dục bài bản để có thể trở thành những công dân có ích cho xã hội.
We should ban cosmetic surgery,people altering their looks for cosmetic purposes is unnecessary and possibly dangerous.  going through overpriced surgery just for vanity should not be allowed,cosmetic surgery is an unnecessary health risk,1,1,Việc phẫu thuật thẩm mỹ để thay đổi ngoại hình là không cần thiết và đầy rủi ro; thật vô lý khi cho phép thực hiện những ca phẫu thuật đắt đỏ chỉ để thỏa mãn sự phù phiếm.
We should abolish the three-strikes laws,"people are in jail for life over small offenses they commit as young people, its totally unfair and costs tax payers more than it needs to.",people who have three minor offences are unfairly punished.,1,1,"Việc giam giữ tù nhân chung thân vì những lỗi lầm nhỏ từ thời trẻ là cực kỳ bất công, chưa kể còn gây tốn kém ngân sách nhà nước một cách vô lý."
We should ban cosmetic surgery,"people can do what they want to their body, where does this stop? no invasive surgery, no injections, no facials, no makeup?",cosmetic surgery is a choice and bodily autonomy is paramount.,-1,1,"Mọi người có quyền tự quyết với cơ thể mình, nhưng ranh giới ở đâu? Cứ theo đà đó thì liệu phẫu thuật xâm lấn, tiêm chích, chăm sóc da hay thậm chí là trang điểm cũng bị cấm nốt sao?"
We should subsidize student loans,people choose to go to university and earn more as a result so should pay a market rate for their loans to do so.,student loans should be paid by the borrower like all other loans.,-1,1,"Người ta chọn học đại học để có thu nhập tốt hơn sau này, nên việc họ phải trả lãi suất theo thị trường cho các khoản vay du học là điều hoàn toàn hợp lý."
The use of public defenders should be mandatory,"people have a right to be represented by the best when they are facing potential fines, incarceration, or worse. mandating public defenders strips people of this right.",imposing use of public defenders takes away a person's right to choose.,-1,1,"Mọi người có quyền được đại diện bởi những luật sư giỏi nhất khi đối mặt với các án phạt, tù tội hoặc những hệ lụy nghiêm trọng hơn. Việc bắt buộc dùng luật sư công chính là tước đi quyền lợi chính đáng đó của họ."
We should ban cosmetic surgery,people have a right to make decisions about what they want to do with their own bodies,cosmetic surgery is a choice and bodily autonomy is paramount.,-1,1,Mỗi cá nhân đều có quyền tự quyết đối với cơ thể của chính mình.
The use of public defenders should be mandatory,people have a right to whatever defense they can afford or even represent themselves. by forcing people to use a public defender you are taking away their rights,imposing use of public defenders takes away a person's right to choose.,-1,1,Ai cũng có quyền thuê luật sư mà họ tin tưởng hoặc tự bào chữa cho bản thân. Việc ép buộc người dân sử dụng luật sư công chẳng khác nào đang tước đoạt quyền lợi của họ.
We should ban cosmetic surgery,"people have the freedom to do whatever they wish with their own bodies and appearance, within the bounds of the law.",cosmetic surgery is a choice and bodily autonomy is paramount.,-1,1,"Con người có quyền tự do làm bất cứ điều gì họ muốn với cơ thể và diện mạo của mình, miễn là nằm trong khuôn khổ pháp luật."
We should ban cosmetic surgery,people have the right to decide what they can and can not do with their bodies and do not need government interfering.,cosmetic surgery is a choice and bodily autonomy is paramount.,-1,1,"Mọi người có quyền quyết định những gì mình được phép và không được phép làm với cơ thể mình, chính phủ không có quyền can thiệp vào chuyện này."
We should ban cosmetic surgery,people have the right to enhance their body in any way they want to.,cosmetic surgery is a choice and bodily autonomy is paramount.,-1,1,Ai cũng có quyền làm đẹp cho cơ thể mình theo bất cứ cách nào họ muốn.
The use of public defenders should be mandatory,people have the right to hire whichever lawyer they choose.,imposing use of public defenders takes away a person's right to choose.,-1,1,Mọi người có quyền được thuê bất cứ luật sư nào mà họ cảm thấy tin tưởng.
We should ban cosmetic surgery,people have the right to make body modifications if they are not satisfied with the way they are.,cosmetic surgery is a choice and bodily autonomy is paramount.,-1,1,"Ai cũng có quyền can thiệp, chỉnh sửa cơ thể nếu họ cảm thấy không hài lòng với ngoại hình hiện tại của mình."
The use of public defenders should be mandatory,people have the right to their own attorney or no attorney at all.  making a public defender mandatory takes away a fundamental freedom.,imposing use of public defenders takes away a person's right to choose.,-1,1,Mọi người có quyền thuê luật sư riêng hoặc không cần luật sư. Việc bắt buộc phải có luật sư công là tước đi một quyền tự do căn bản.
Entrapment should be legalized,people may not realise they are committing a crime if they feel forced into it by police,entrapment is wrong and should be illegal,-1,0,Người ta có thể không nhận thức được mình đang phạm tội nếu cảm thấy bị cảnh sát ép buộc.
The use of public defenders should be mandatory,people need to be protected from themselves. making public defenders mandatory would ensure people who would otherwise mistakenly represent themselves an fair chance in the courtroom,everyone using public defenders would equalize the criminal justice system.,1,0,Chúng ta cần bảo vệ con người khỏi những quyết định sai lầm của chính họ. Việc bắt buộc có luật sư công sẽ đảm bảo những người vốn tự bào chữa một cách thiếu hiểu biết có được cơ hội công bằng tại tòa.
We should end racial profiling,people of certain groups are more likely to commit certain types of crime.,racial profiling helps to identify potential suspects,-1,0,Các nhóm người nhất định thường có xu hướng phạm một số loại tội phạm cụ thể.
The use of public defenders should be mandatory,people should be able to choose if they want someone to represent them or not.,imposing use of public defenders takes away a person's right to choose.,-1,1,Mọi người nên được quyền lựa chọn việc có muốn người khác đại diện cho mình hay không.
We should ban cosmetic surgery,people should be able to do whatever they want to their body,cosmetic surgery is a choice and bodily autonomy is paramount.,-1,1,Mọi người nên được tự do quyết định bất cứ điều gì đối với cơ thể mình.
We should ban cosmetic surgery,people should be able to make the choice on their own without someone telling them that they can't.,cosmetic surgery is a choice and bodily autonomy is paramount.,-1,1,Con người nên được quyền tự đưa ra quyết định mà không bị ai khác ngăn cản.
We should ban cosmetic surgery,people should be able to spend their money as they wish.,cosmetic surgery is a choice and bodily autonomy is paramount.,-1,1,Mọi người nên được quyền chi tiêu số tiền của mình theo ý muốn.
We should ban cosmetic surgery,people should be allowed to change their body in any way that makes them happy.,cosmetic surgery is a choice and bodily autonomy is paramount.,-1,1,Mọi người nên được phép thay đổi cơ thể theo bất kỳ cách nào khiến họ cảm thấy hạnh phúc.
We should ban cosmetic surgery,people should be content with how they look and it gives out the wrong message about body image when people change how they look like this.,cosmetic surgery is an unnecessary health risk,1,0,Mọi người nên hài lòng với vẻ ngoài của mình; việc thay đổi diện mạo như vậy sẽ gửi đi một thông điệp sai lệch về hình ảnh cơ thể.
The use of public defenders should be mandatory,people should be free to choose whether they want to represent themselves or have someone else do it.,imposing use of public defenders takes away a person's right to choose.,-1,1,mọi người nên có quyền tự quyết trong việc tự đại diện cho chính mình hoặc nhờ người khác làm thay.
We should ban cosmetic surgery,people should be free to make their own choices,cosmetic surgery is a choice and bodily autonomy is paramount.,-1,1,mọi người nên được tự do đưa ra những lựa chọn cho riêng mình.
We should ban algorithmic trading,people should be free to use a computer trading program at their own risk,"algorithmic trading allows for more timely, accurate, and efficient trading.",-1,0,mọi người nên được tự do sử dụng các chương trình giao dịch tự động và tự chịu trách nhiệm với rủi ro của bản thân.
The use of public defenders should be mandatory,people should have a right to their own attorney,imposing use of public defenders takes away a person's right to choose.,-1,1,mọi người nên có quyền được thuê luật sư riêng.
The use of public defenders should be mandatory,people should have the freedom to choose their own.,imposing use of public defenders takes away a person's right to choose.,-1,1,mọi người nên có quyền tự do lựa chọn điều họ muốn.
The use of public defenders should be mandatory,people should have the option to use their own attorney,imposing use of public defenders takes away a person's right to choose.,-1,1,mọi người nên được tùy chọn sử dụng luật sư của riêng mình.
We should ban cosmetic surgery,people should have the right to spend their money on any consumption that would only harm themselves.,cosmetic surgery is a choice and bodily autonomy is paramount.,-1,1,mọi người nên có quyền tiêu tiền vào bất cứ thứ gì miễn là nó chỉ gây hại cho bản thân họ.
The use of public defenders should be mandatory,people should have the right to use the attorney they want.,imposing use of public defenders takes away a person's right to choose.,-1,1,mọi người nên có quyền được chọn luật sư mà mình tin tưởng.
Foster care brings more harm than good,people who grew up in foster homes have a high rate of incarceration,foster care harms childrens wellbeing in a number of ways,1,0,tỷ lệ người lớn lên trong các trại trẻ mồ côi gặp rắc rối với pháp luật là rất cao.
We should ban cosmetic surgery,"plastic surgery carries risk and when it goes wrong, the nhs have to pay to repair the damage if the patient is suffering or at risk of serious illness.",cosmetic surgery is an unnecessary health risk,1,1,"phẫu thuật thẩm mỹ luôn tiềm ẩn rủi ro, và nếu xảy ra biến chứng, NHS phải chịu chi phí khắc phục hậu quả nếu bệnh nhân đau đớn hoặc đối mặt với nguy cơ bệnh tật nghiêm trọng."
Entrapment should be legalized,"police entrapment creates more crime. it sets up individuals to commit crimes which, on their own, they may not have committed.",entrapment is wrong and should be illegal,-1,0,"Việc cảnh sát gài bẫy chỉ làm gia tăng tội phạm, vì nó đẩy những người vốn không có ý định phạm tội vào con đường phạm pháp."
Entrapment should be legalized,police using entrapment could convince someone to commit a crime that they otherwise would not have.,entrapment is wrong and should be illegal,-1,0,"Cảnh sát sử dụng chiêu trò gài bẫy có thể lôi kéo một người thực hiện hành vi phạm tội mà nếu không bị ép buộc, họ đã chẳng bao giờ làm."
We should end racial profiling,profiling people based on skin colour is wrong,we should end racial profiling because it a form of prejudice,1,1,Việc phân loại đối tượng dựa trên màu da là hoàn toàn sai trái.
We should ban algorithmic trading,proponents of algorithmic trading came out in droves to speak in favor of algorithmic trading saying it has benefited their businesses.,"algorithmic trading allows for more timely, accurate, and efficient trading.",-1,0,"Những người ủng hộ giao dịch thuật toán đã đồng loạt lên tiếng bênh vực, cho rằng nó mang lại lợi ích rất lớn cho hoạt động kinh doanh của họ."
The use of public defenders should be mandatory,public defenders are a waste of government money and should not be allowed,imposing use of public defenders takes away a person's right to choose.,-1,0,Luật sư công là sự lãng phí ngân sách chính phủ và không nên được duy trì.
The use of public defenders should be mandatory,public defenders are a way to protect those that are unjustly accused of crimes,everyone using public defenders would equalize the criminal justice system.,1,0,Luật sư công là phương án cần thiết để bảo vệ những người bị buộc tội oan sai.
The use of public defenders should be mandatory,public defenders are already incredibly overworked. adding to their caseload by mandating everyone use them will just mean that everyone gets significantly worse representation.,imposing use of public defenders takes away a person's right to choose.,-1,0,"Các luật sư công vốn đã quá tải công việc, nếu ép buộc tất cả mọi người phải dùng dịch vụ này, chất lượng đại diện pháp lý cho từng người chắc chắn sẽ tệ đi đáng kể."
The use of public defenders should be mandatory,public defenders are an important part of the judicial system are necessary for those who cannot afford their own attorney.,everyone using public defenders would equalize the criminal justice system.,1,0,"Luật sư công là một mắt xích quan trọng trong hệ thống tư pháp, là cứu cánh cho những người không có khả năng chi trả phí luật sư riêng."
The use of public defenders should be mandatory,public defenders are helpful for poor people who cannot afford a lawyer,everyone using public defenders would equalize the criminal justice system.,1,0,Luật sư công là sự hỗ trợ thiết thực cho những người nghèo không có tiền thuê luật sư.
The use of public defenders should be mandatory,"public defenders are more effective at getting plea deals, this is good because now you will have less people going to jail if everyone is using public defenders.",everyone using public defenders would equalize the criminal justice system.,1,0,"Luật sư công có hiệu quả hơn trong việc thương lượng các thỏa thuận nhận tội, điều này rất tốt vì nó giúp giảm bớt số người phải ngồi tù nếu tất cả mọi người đều sử dụng dịch vụ này."
The use of public defenders should be mandatory,"public defenders are much more likely to be corrupted than private lawyers, by preventing people from having an alternative the government opens up public defender corruption to harm more people.",imposing use of public defenders takes away a person's right to choose.,-1,0,Các luật sư công dễ bị tham nhũng hơn luật sư tư. Việc chính phủ ép người dân sử dụng dịch vụ công mà không cho họ lựa chọn thay thế sẽ tạo điều kiện cho tham nhũng gây hại cho nhiều người hơn.
The use of public defenders should be mandatory,public defenders are often less experienced and less competent. if someone is accused of a crime it is their right to decide representation. their life depends on it.,imposing use of public defenders takes away a person's right to choose.,-1,1,"Luật sư công thường thiếu kinh nghiệm và năng lực kém hơn. Khi một người bị cáo buộc phạm tội, họ phải có quyền tự quyết định người đại diện pháp lý cho mình, vì đó là vấn đề sống còn của họ."
The use of public defenders should be mandatory,public defenders are often overworked and should only support those who cannot afford another attorney.,imposing use of public defenders takes away a person's right to choose.,-1,0,"Các luật sư công thường bị quá tải công việc, họ chỉ nên tập trung hỗ trợ những người thực sự không đủ khả năng chi trả cho luật sư tư."
The use of public defenders should be mandatory,public defenders are required to defend their clients as best as they can.,everyone using public defenders would equalize the criminal justice system.,1,0,Các luật sư công có nghĩa vụ phải bào chữa cho thân chủ của mình một cách tốt nhất có thể.
The use of public defenders should be mandatory,public defenders are so overburdened that defendants often sit in jail for months before the public defender is able to handle their case.,imposing use of public defenders takes away a person's right to choose.,-1,0,"Vì quá tải công việc, các luật sư công khiến nhiều bị cáo phải ngồi tù hàng tháng trời chỉ để chờ đến lượt được giải quyết hồ sơ."
The use of public defenders should be mandatory,public defenders are usually overworked and giving everyone one will cause the quality to drop,imposing use of public defenders takes away a person's right to choose.,-1,0,"Các luật sư công vốn đã quá tải, nếu cứ ép tất cả mọi người phải dùng dịch vụ này thì chất lượng bào chữa sẽ ngày càng đi xuống."
The use of public defenders should be mandatory,public defenders are waste of money and should be rigged off as pointless in every means.,imposing use of public defenders takes away a person's right to choose.,-1,0,"Duy trì các luật sư công chỉ là lãng phí tiền bạc, tốt nhất nên bỏ đi vì nó chẳng mang lại giá trị thực tế nào cả."
The use of public defenders should be mandatory,public defenders can assist the poor and lower middle classes when they cant afford legal representation,everyone using public defenders would equalize the criminal justice system.,1,0,Luật sư công là giải pháp hỗ trợ thiết thực cho người nghèo và tầng lớp trung lưu thấp khi họ không thể chi trả chi phí pháp lý.
The use of public defenders should be mandatory,"public defenders could easily be swayed by corrupt governmental forces, one way or another.",imposing use of public defenders takes away a person's right to choose.,-1,0,Các luật sư công rất dễ bị thao túng hoặc lung lay bởi các thế lực chính phủ tham nhũng dưới mọi hình thức.
The use of public defenders should be mandatory,public defenders do not have an agenda besides the task at hand and are more efficient than a lawyer who is trying to rack up the fees.,everyone using public defenders would equalize the criminal justice system.,1,0,"Luật sư công không có mục đích cá nhân nào khác ngoài công việc được giao, họ làm việc hiệu quả hơn hẳn những luật sư tư chỉ nhăm nhe kiếm chác phí dịch vụ."
The use of public defenders should be mandatory,public defenders level the playing field in court,everyone using public defenders would equalize the criminal justice system.,1,1,Luật sư công giúp cân bằng vị thế cho các bên tại tòa.
The use of public defenders should be mandatory,"public defenders should automatically defend the criminal, since obviously they can not afford a private lawyer.,",everyone using public defenders would equalize the criminal justice system.,1,0,Luật sư công nên được chỉ định tự động cho bị cáo vì rõ ràng họ không đủ điều kiện thuê luật sư riêng.
The use of public defenders should be mandatory,public defenders should be mandatory because it puts everybody on the same playing level,everyone using public defenders would equalize the criminal justice system.,1,1,Việc bắt buộc phải có luật sư công là cần thiết để đảm bảo sự bình đẳng cho tất cả mọi người.
The use of public defenders should be mandatory,public defenders should be provided to all charged persons to ensure they receive representation and a fair trial.  all persons deserve qualified representation regardless of their ability to pay.,everyone using public defenders would equalize the criminal justice system.,1,0,Mọi bị cáo đều phải được cung cấp luật sư công để đảm bảo họ có người đại diện và được xét xử công bằng. Ai cũng xứng đáng có sự hỗ trợ pháp lý chuyên nghiệp bất kể khả năng tài chính.
The use of public defenders should be mandatory,public defenders should not be mandatory for people who already plead guilty to crimes they've committed,imposing use of public defenders takes away a person's right to choose.,-1,0,Không nên bắt buộc cung cấp luật sư công cho những người đã tự nguyện nhận tội.
The use of public defenders should be mandatory,public defendors must be used so that a defendant can have a fair trial.,everyone using public defenders would equalize the criminal justice system.,1,0,Phải có luật sư công để bị cáo đảm bảo được hưởng quyền xét xử công bằng.
We should end racial profiling,racial profiling  is discriminatory to minorities. you can't just assume because someone is of a certain race that they automatically would be the one to commit the crime.,we should end racial profiling because it a form of prejudice,1,1,Lập hồ sơ phân biệt chủng tộc là hành vi kỳ thị các nhóm thiểu số. Bạn không thể mặc định ai đó là thủ phạm chỉ vì sắc tộc của họ.
We should end racial profiling,racial profiling can be beneficial in medical research as it has been identified that some drugs work better on white patients and some on blacks,racial profiling helps to identify potential suspects,-1,0,"Lập hồ sơ chủng tộc có thể hữu ích trong nghiên cứu y khoa, vì thực tế có những loại thuốc hiệu quả hơn với bệnh nhân da trắng và một số khác thì với bệnh nhân da đen."
We should end racial profiling,racial profiling can be more misleading than accurate and can discriminate against minority groups,we should end racial profiling because it a form of prejudice,1,1,Lập hồ sơ chủng tộc thường gây hiểu lầm nhiều hơn là chính xác và dẫn đến sự phân biệt đối xử với các nhóm thiểu số.
We should end racial profiling,racial profiling can potentially stop violent crimes,racial profiling helps to identify potential suspects,-1,0,Lập hồ sơ chủng tộc có tiềm năng ngăn chặn được các tội phạm bạo lực.
We should end racial profiling,"racial profiling creates animus between minority groups that are targeted and society at large, usually in the name of giving a false sense of safety or security.",we should end racial profiling because it a form of prejudice,1,0,"Việc nhắm mục tiêu dựa trên chủng tộc tạo ra sự thù địch giữa các nhóm thiểu số và xã hội, thường chỉ để đánh đổi lấy một cảm giác an toàn giả tạo."
We should end racial profiling,racial profiling creates distrust between people of color and police.,we should end racial profiling because it a form of prejudice,1,0,Việc này làm rạn nứt niềm tin giữa người da màu và lực lượng cảnh sát.
We should end racial profiling,"racial profiling damages the credibility of law enforcement officers, as well as the public's trust in them.",we should end racial profiling because it a form of prejudice,1,0,"Nó làm giảm uy tín của các nhân viên thực thi pháp luật, đồng thời khiến công chúng không còn tin tưởng vào họ nữa."
We should end racial profiling,"racial profiling discriminates minorities unfairly, causing feelings of shame and anger that can in themselves cause violence and hate.",we should end racial profiling because it a form of prejudice,1,1,"Việc phân biệt đối xử dựa trên chủng tộc gây ra cảm giác nhục nhã và phẫn nộ ở các nhóm thiểu số, bản thân điều này lại chính là mầm mống dẫn đến bạo lực và thù hận."
We should end racial profiling,"racial profiling distracts police from using actual evidence to catch criminals, as they are focused on skin color instead",we should end racial profiling because it a form of prejudice,1,0,"Việc này khiến cảnh sát xao nhãng, thay vì dùng bằng chứng xác thực để bắt tội phạm thì họ lại chỉ chăm chăm vào màu da."
We should end racial profiling,racial profiling does no one any good. it should be ended.,we should end racial profiling because it a form of prejudice,1,0,"Tệ nạn phân biệt chủng tộc này chẳng đem lại lợi ích cho ai cả, cần phải chấm dứt nó ngay."
We should end racial profiling,racial profiling does not guarantee that a crime will be prevented or stopped.,we should end racial profiling because it a form of prejudice,1,0,Việc nhắm mục tiêu theo chủng tộc chẳng hề đảm bảo rằng tội phạm sẽ được ngăn chặn hay chấm dứt.
We should end racial profiling,racial profiling encourages the reinforcement of stereotypes and can lead to minorities being unfairly targeted.,we should end racial profiling because it a form of prejudice,1,1,"Nó tiếp tay cho việc củng cố các định kiến, dẫn đến việc các nhóm thiểu số bị nhắm đến một cách bất công."
We should end racial profiling,racial profiling goes against what our justice system is based on - that everyone is innocent until proven guilty.,we should end racial profiling because it a form of prejudice,1,0,Việc này đi ngược lại nguyên tắc cốt lõi của hệ thống tư pháp: ai cũng vô tội cho đến khi có bằng chứng phạm tội.
We should end racial profiling,racial profiling has been proven to be an effective tool in preventing crime,racial profiling helps to identify potential suspects,-1,0,Việc nhắm mục tiêu dựa trên chủng tộc đã được chứng minh là một công cụ hiệu quả để ngăn chặn tội phạm.
We should end racial profiling,racial profiling has been used to target minority groups that are often victims of police brutality and harrassment.,we should end racial profiling because it a form of prejudice,1,0,"Việc phân biệt chủng tộc thường bị lợi dụng để nhắm vào các nhóm thiểu số, những người vốn đã là nạn nhân của bạo lực và sự sách nhiễu từ cảnh sát."
We should end racial profiling,"racial profiling has helped the government to prevent terrorist attacks, based on their ethnic background. when done right it can help to save hundreds, even thousands of innocent lives",racial profiling helps to identify potential suspects,-1,0,"Phân biệt chủng tộc đã giúp chính phủ ngăn chặn các vụ tấn công khủng bố dựa trên nền tảng sắc tộc. Nếu thực hiện đúng cách, nó có thể cứu sống hàng trăm, thậm chí hàng ngàn mạng người vô tội."
We should end racial profiling,racial profiling has put a lot of criminals behind bars,racial profiling helps to identify potential suspects,-1,0,Phân biệt chủng tộc đã đưa được rất nhiều tội phạm ra trước vành móng ngựa.
We should end racial profiling,racial profiling helps law enforcement detect threats in time,racial profiling helps to identify potential suspects,-1,1,Phân biệt chủng tộc giúp cơ quan thực thi pháp luật phát hiện các mối đe dọa kịp thời.
We should end racial profiling,"racial profiling is  used to keep everyone safe.  if someone is not doing anything wrong, then racial profiling won't affect them.",racial profiling helps to identify potential suspects,-1,0,Phân biệt chủng tộc là cách để giữ an toàn cho tất cả mọi người. Nếu ai đó không làm gì sai trái thì họ chẳng việc gì phải sợ việc này cả.
We should end racial profiling,racial profiling is a blatant act of discrimination.,we should end racial profiling because it a form of prejudice,1,1,Phân biệt chủng tộc là một hành vi kỳ thị trắng trợn.
We should end racial profiling,racial profiling is a fair trade off if it means potentially saving one life,racial profiling helps to identify potential suspects,-1,0,Phân biệt chủng tộc là một sự đánh đổi công bằng nếu nó có khả năng cứu được dù chỉ một mạng người.
We should end racial profiling,"racial profiling is a form of racism, and such discriminatory approaches lead to a worsening of relations between minorities and law enforcement agencies.",we should end racial profiling because it a form of prejudice,1,1,"Phân biệt chủng tộc chính là biểu hiện của nạn phân biệt chủng tộc, và những phương pháp kỳ thị như vậy chỉ khiến mối quan hệ giữa các nhóm thiểu số và lực lượng thực thi pháp luật ngày càng tệ đi."
We should end racial profiling,racial profiling is a good use of security budget by profiling those that are most capable of committing crimes. thus facilitating criminals and advancing security,racial profiling helps to identify potential suspects,-1,1,Phân biệt chủng tộc là cách sử dụng ngân sách an ninh hiệu quả bằng việc tập trung vào những đối tượng có khả năng phạm tội cao nhất. Điều này giúp tối ưu hóa công tác truy bắt tội phạm và tăng cường an ninh.
We should end racial profiling,racial profiling is a necessary tool when fighting terrorism. statistically certain groups commit more atrocities and this needs to be taken into account when  allocating resources.,racial profiling helps to identify potential suspects,-1,0,"Phân biệt chủng tộc là công cụ cần thiết khi chống khủng bố. Về mặt thống kê, một số nhóm nhất định gây ra nhiều tội ác hơn và điều này cần được cân nhắc khi phân bổ nguồn lực."
We should end racial profiling,racial profiling is a preconceived idea of people that views an entire race as criminal,we should end racial profiling because it a form of prejudice,1,1,"Racial profiling thực chất là định kiến áp đặt lên cả một chủng tộc, coi họ như những tội phạm tiềm tàng."
We should end racial profiling,racial profiling is a proven way of identifying criminals due to characteristics,racial profiling helps to identify potential suspects,-1,1,Racial profiling là cách hiệu quả để nhận diện tội phạm dựa trên những đặc điểm nhận dạng cụ thể.
We should end racial profiling,racial profiling is an unreliable practice based on stereotypes.,we should end racial profiling because it a form of prejudice,1,1,Racial profiling là một cách làm thiếu tin cậy vì nó chỉ dựa trên những khuôn mẫu rập khuôn.
We should end racial profiling,racial profiling is biased and wrong.,we should end racial profiling because it a form of prejudice,1,1,Racial profiling là hành vi thiên vị và hoàn toàn sai trái.
We should end racial profiling,racial profiling is continuing the horrible attitudes of racism of our ancestors,we should end racial profiling because it a form of prejudice,1,1,Racial profiling đang tiếp nối những tư tưởng phân biệt chủng tộc tồi tệ từ thế hệ trước.
We should end racial profiling,"racial profiling is dangerous, innocent people get punished for nothing.",we should end racial profiling because it a form of prejudice,1,0,"Racial profiling rất nguy hiểm, nó khiến những người vô tội phải chịu phạt dù chẳng làm gì cả."
We should end racial profiling,racial profiling is direct discrimination - stereotyping an individual and assuming guilt because of race. this is illegal and disgraceful,we should end racial profiling because it a form of prejudice,1,1,Racial profiling chính là phân biệt đối xử trực diện - việc quy chụp một cá nhân và mặc định họ có tội chỉ vì chủng tộc là hành vi bất hợp pháp và đáng xấu hổ.
We should end racial profiling,racial profiling is discrimination against non whites,we should end racial profiling because it a form of prejudice,1,1,Racial profiling là hành vi phân biệt đối xử nhắm vào những người không phải da trắng.
We should end racial profiling,racial profiling is discriminatory and should be banned on all levels.,we should end racial profiling because it a form of prejudice,1,1,Racial profiling là phân biệt đối xử và cần phải bị cấm ở mọi cấp độ.
We should end racial profiling,"racial profiling is discriminatory and should not be used as it proliferates the concept that certain ethnic groups, ages or sexes are participating in criminal behavior.",we should end racial profiling because it a form of prejudice,1,1,"Racial profiling mang tính phân biệt đối xử và không nên được áp dụng vì nó cổ xúy tư tưởng rằng các nhóm sắc tộc, độ tuổi hay giới tính nhất định đều dính líu đến hành vi phạm tội."
We should end racial profiling,"racial profiling is discriminatory and targets minorities, raising the views of racism prior to civil rights.",we should end racial profiling because it a form of prejudice,1,1,"Việc phân biệt đối xử dựa trên chủng tộc là hành vi kỳ thị, nhắm vào các nhóm thiểu số và gợi lại bóng ma phân biệt chủng tộc từ thời chưa có quyền dân sự."
We should end racial profiling,racial profiling is effective at finding people who commit crimes,racial profiling helps to identify potential suspects,-1,1,Phân biệt đối xử dựa trên chủng tộc là cách hiệu quả để truy tìm tội phạm.
We should end racial profiling,racial profiling is efficient because it narrows down who they are looking for,racial profiling helps to identify potential suspects,-1,1,Việc này giúp tối ưu hóa nguồn lực vì nó khoanh vùng được đối tượng cần theo dõi.
We should end racial profiling,racial profiling is expensive because governments usually must pay out massive settlements if they are found to have racially profiled.,we should end racial profiling because it a form of prejudice,1,0,Phân biệt đối xử dựa trên chủng tộc cực kỳ tốn kém vì chính phủ thường phải chi những khoản bồi thường khổng lồ nếu bị kiện.
We should end racial profiling,racial profiling is extremely important as it a proactive process to protect the general public,racial profiling helps to identify potential suspects,-1,0,Đây là một biện pháp cực kỳ quan trọng và chủ động để bảo vệ an ninh công cộng.
We should end racial profiling,racial profiling is indiscriminatory and it should end,we should end racial profiling because it a form of prejudice,1,1,Phân biệt đối xử dựa trên chủng tộc là hành vi bất công và cần phải chấm dứt.
We should end racial profiling,racial profiling is more likely to target innocent people who have the same race as a single guilty person.,we should end racial profiling because it a form of prejudice,1,0,Cách làm này dễ nhắm sai vào những người vô tội chỉ vì họ cùng chủng tộc với một cá nhân phạm tội.
We should end racial profiling,racial profiling is necessary to keep our country safe from foreigners who bring harm to innocent citizens.,racial profiling helps to identify potential suspects,-1,0,Phân biệt đối xử dựa trên chủng tộc là cần thiết để bảo vệ đất nước khỏi những người nước ngoài gây nguy hại cho công dân.
We should end racial profiling,racial profiling is necessary to solve crimes without wasting resources,racial profiling helps to identify potential suspects,-1,0,Đây là phương pháp cần thiết để giải quyết tội phạm mà không gây lãng phí nguồn lực.
We should end racial profiling,"racial profiling is needed in situations where people of ethnic backgrounds are known to be more likely to participate, such as terrorism.",racial profiling helps to identify potential suspects,-1,0,"Phân biệt đối xử dựa trên chủng tộc là cần thiết trong những trường hợp mà người có nền tảng sắc tộc nhất định được biết là có tỷ lệ tham gia cao hơn, ví dụ như khủng bố."
We should end racial profiling,racial profiling is often used in places where it makes sense.  there's no need to stop it because it does actually work.,racial profiling helps to identify potential suspects,-1,0,"Việc sàng lọc dựa trên chủng tộc thường được áp dụng ở những nơi hợp lý, nên chẳng có lý do gì phải dừng lại cả vì thực tế nó mang lại hiệu quả."
We should end racial profiling,racial profiling is one form of profiling and when combined with others is effective,racial profiling helps to identify potential suspects,-1,0,"Sàng lọc chủng tộc cũng chỉ là một hình thức phân loại, và khi kết hợp với các phương pháp khác thì nó hoàn toàn hiệu quả."
We should end racial profiling,racial profiling is racism - conducting studies and classification purely based on the colour of somebody's skin.,we should end racial profiling because it a form of prejudice,1,1,"Sàng lọc dựa trên chủng tộc chính là phân biệt chủng tộc, đó là hành vi nghiên cứu và phân loại con người chỉ dựa trên màu da."
We should end racial profiling,racial profiling is racist and targets all people in a group just because someone that looks like them did something wrong,we should end racial profiling because it a form of prejudice,1,1,"Sàng lọc chủng tộc là hành vi phân biệt đối xử, nhắm vào cả một nhóm người chỉ vì một cá nhân có ngoại hình tương tự họ làm điều sai trái."
We should end racial profiling,racial profiling leads to unfair discrimination  and racism.,we should end racial profiling because it a form of prejudice,1,1,Sàng lọc dựa trên chủng tộc dẫn đến sự phân biệt đối xử bất công và nạn phân biệt chủng tộc.
We should end racial profiling,"racial profiling makes certain communities unlikely to contact the police, making it more likely that criminals get away and citizens are hurt.",we should end racial profiling because it a form of prejudice,1,0,"Việc này khiến các cộng đồng nhất định trở nên e ngại khi liên hệ với cảnh sát, vô tình tạo điều kiện cho tội phạm lộng hành và gây hại cho người dân."
We should end racial profiling,racial profiling makes the people being profiled feel unsafe and afraid.,we should end racial profiling because it a form of prejudice,1,0,Sàng lọc chủng tộc khiến những người bị nhắm đến cảm thấy bất an và lo sợ.
We should end racial profiling,racial profiling needs to ended.  it's merely an approved method of racism which is wrong.,we should end racial profiling because it a form of prejudice,1,1,"Cần phải chấm dứt việc sàng lọc dựa trên chủng tộc; đó chỉ là một cách thức hợp thức hóa sự phân biệt chủng tộc, và điều đó hoàn toàn sai trái."
We should end racial profiling,racial profiling only contributes to strained relationships between minority communities and law enforcement.,we should end racial profiling because it a form of prejudice,1,0,Sàng lọc chủng tộc chỉ làm trầm trọng thêm mối quan hệ căng thẳng giữa các cộng đồng thiểu số và lực lượng thực thi pháp luật.
We should end racial profiling,racial profiling only serves to allow those in power to commit legalized racism.,we should end racial profiling because it a form of prejudice,1,1,Sàng lọc chủng tộc chẳng qua là công cụ để những kẻ nắm quyền thực hiện hành vi phân biệt chủng tộc dưới danh nghĩa hợp pháp.
We should end racial profiling,racial profiling only serves to fuel discrimination and racial resentment.,we should end racial profiling because it a form of prejudice,1,1,Việc phân biệt đối xử dựa trên chủng tộc chỉ làm trầm trọng thêm sự kỳ thị và thù hằn sắc tộc mà thôi.
We should end racial profiling,racial profiling should be stopped as it presupposes a criminal intent in a group of people without evidence.,we should end racial profiling because it a form of prejudice,1,1,Cần phải chấm dứt việc phân biệt đối xử dựa trên chủng tộc vì nó mặc định một nhóm người là tội phạm mà chẳng có bằng chứng cụ thể nào.
We should end racial profiling,racial profiling should end because it places unfair emphasis on certain minority groups,we should end racial profiling because it a form of prejudice,1,1,Phân biệt đối xử dựa trên chủng tộc cần phải dừng lại vì nó tạo áp lực bất công lên các nhóm thiểu số.
We should end racial profiling,racial profiling should not be allowed as it simply causes innocent people to seem to be guilty because of the actions of a few,we should end racial profiling because it a form of prejudice,1,0,Không thể chấp nhận việc phân biệt đối xử dựa trên chủng tộc vì nó khiến những người vô tội bị coi là có tội chỉ vì hành động của một vài cá nhân.
We should end racial profiling,racial profiling violates a person's rights,we should end racial profiling because it a form of prejudice,1,0,Phân biệt đối xử dựa trên chủng tộc là vi phạm quyền con người.
We should end racial profiling,"raciel profiling only perpetuates generations worth of institutional discrimination, and must end.",we should end racial profiling because it a form of prejudice,1,1,"Việc phân biệt đối xử dựa trên chủng tộc chỉ kéo dài sự phân biệt đối xử có tính hệ thống qua nhiều thế hệ, nên nó phải chấm dứt."
We should ban algorithmic trading,"rather than outright banning algorithmic trading, we should make it more available to everyone as a way of leveling the playing field.","algorithmic trading allows for more timely, accurate, and efficient trading.",-1,0,"Thay vì cấm hoàn toàn giao dịch thuật toán, chúng ta nên phổ cập nó cho tất cả mọi người để tạo ra sự công bằng hơn."
We should ban algorithmic trading,"relying on computers to do all this trading for us could lead to technical issues, hacking, or other problems that could lead to a total market crash.",algorithmic trading gives an unfair advantage in the market,1,0,"Việc quá phụ thuộc vào máy tính để thực hiện các giao dịch có thể dẫn đến các lỗi kỹ thuật, bị hack hoặc những vấn đề khác, gây ra nguy cơ sụp đổ toàn bộ thị trường."
We should abolish the three-strikes laws,repeat offenders need to be punished severely.,the three-strikes law is good at keeping criminals off of the streets,-1,0,Những người tái phạm cần phải bị trừng phạt thật nghiêm khắc.
We should end racial profiling,research has shown over and over again that racial profiling doesn't work.,we should end racial profiling because it a form of prejudice,1,0,Nhiều nghiên cứu đã chỉ ra rõ ràng rằng phân biệt đối xử dựa trên chủng tộc chẳng mang lại hiệu quả gì cả.
We should end the use of economic sanctions,sanctions are good and they can put pressure on a country to make changes,we should support economic sanctions to keep others from violating interests,-1,0,Các biện pháp trừng phạt rất hiệu quả vì chúng tạo áp lực buộc một quốc gia phải thay đổi.
We should end the use of economic sanctions,sanctions are still valuable and may be the only option,we should support economic sanctions to keep others from violating interests,-1,0,Các lệnh trừng phạt vẫn rất giá trị và đôi khi là giải pháp duy nhất chúng ta có.
We should end racial profiling,"simply put, racial profiling works, because certain crimes are committed by certain races.",racial profiling helps to identify potential suspects,-1,0,"Nói thẳng ra thì việc phân biệt chủng tộc dựa trên hồ sơ là có hiệu quả, vì một số loại tội phạm nhất định thường do các nhóm sắc tộc cụ thể thực hiện."
Foster care brings more harm than good,"since individuals who run groups homes are overworked, abuse and neglect is much more likely to happen.",foster care harms childrens wellbeing in a number of ways,1,1,"Vì nhân viên tại các mái ấm thường xuyên bị quá tải công việc, nguy cơ xảy ra lạm dụng và bỏ bê trẻ em là rất cao."
Foster care brings more harm than good,some children are in abusive homes and need to be removed from that situation and foster homes are a good alternative,children need to be placed in safe homes,-1,1,"Một số trẻ em sống trong môi trường bị lạm dụng cần phải được tách ra khỏi hoàn cảnh đó, và các gia đình nhận nuôi tạm thời là một phương án thay thế tốt."
Foster care brings more harm than good,some children need to be taken away from abusive parents and put in a safer home.,children need to be placed in safe homes,-1,1,Cần phải tách những đứa trẻ bị cha mẹ bạo hành ra khỏi gia đình và đưa đến những nơi an toàn hơn.
Entrapment should be legalized,"some criminals are hard to catch, entrapment help police catch those criminals.",entrapment should be legalized in order to catch pedophiles,1,0,"Một số tội phạm rất khó bắt giữ, nên việc gài bẫy chính là công cụ giúp cảnh sát tóm gọn những kẻ này."
Foster care brings more harm than good,some foster carers are doing it just for the money and don't really care about the children.,foster care harms childrens wellbeing in a number of ways,1,0,Một số người nhận nuôi chỉ coi đây là công việc kiếm tiền chứ không thực sự quan tâm đến bọn trẻ.
Foster care brings more harm than good,some foster parents are genuinely good people who want to help children who do not have parents. sometimes these relationships grow into adoption.,children need to be placed in safe homes,-1,0,"Nhiều cha mẹ nuôi là những người tốt, họ thực lòng muốn giúp đỡ những đứa trẻ thiếu thốn tình thương. Đôi khi, mối quan hệ này còn tiến xa đến mức nhận con nuôi hợp pháp."
Foster care brings more harm than good,some foster parents cause physical and emotional harm to the children they are hosting.,foster care harms childrens wellbeing in a number of ways,1,1,Một số gia đình nhận nuôi lại gây ra những tổn thương về cả thể chất lẫn tinh thần cho những đứa trẻ mà họ nhận chăm sóc.
Foster care brings more harm than good,some foster parents treat the children horribly.,foster care harms childrens wellbeing in a number of ways,1,1,Có những cha mẹ nuôi đối xử với trẻ em cực kỳ tệ hại.
Foster care brings more harm than good,some of these children would have no place else to go and some foster parents are very sincere and loving.,children need to be placed in safe homes,-1,0,"Một số đứa trẻ này nếu không ở đó thì chẳng còn nơi nào để đi cả, và thực tế là nhiều cha mẹ nuôi rất chân thành và yêu thương con cái."
We should abolish the three-strikes laws,some offenses are so minor that a three strikes law would cause a punishment much too harsh for the crime.,people who have three minor offences are unfairly punished.,1,1,"Một số hành vi vi phạm rất nhỏ nhặt, nên áp dụng luật 'ba lần phạm tội' sẽ tạo ra mức hình phạt quá khắt khe so với tội danh."
We should ban cosmetic surgery,some people are badly disfigured and need cosmetic surgery to live a normal life,cosmetic surgery is a choice and bodily autonomy is paramount.,-1,0,Có những người bị dị dạng nghiêm trọng cần phẫu thuật thẩm mỹ để có thể sống một cuộc đời bình thường.
We should ban cosmetic surgery,some people who overindulge with plastic surgery may have a mental illness and are on a pathway to self destructive behavior where they are never happy with their new changes,cosmetic surgery is an unnecessary health risk,1,0,"Một số người quá lạm dụng phẫu thuật thẩm mỹ có thể đang mắc bệnh tâm lý và đi vào con đường tự hủy hoại bản thân, nơi họ chẳng bao giờ cảm thấy thỏa mãn với những thay đổi của chính mình."
We should end racial profiling,some races are more likely to commit offences than others,racial profiling helps to identify potential suspects,-1,0,Một số chủng tộc có xu hướng phạm tội cao hơn các chủng tộc khác.
We should end racial profiling,"some races, statistically, tend to commit more crimes than others; racial profiling only serves to put an emphasis on those races.",racial profiling helps to identify potential suspects,-1,0,"Về mặt thống kê, một số chủng tộc có xu hướng phạm tội nhiều hơn; việc hồ sơ hóa theo chủng tộc chỉ làm trầm trọng thêm định kiến đối với những nhóm đó."
We should adopt a zero-tolerance policy in schools,sometimes children fight back in self defense and they should not be punished for protecting themselves in the best way that they know how to in the moment.,zero-tolerance policies in schools are too strict and unnecessary,-1,0,Đôi khi trẻ em phản kháng để tự vệ và chúng không đáng bị trừng phạt chỉ vì đã chọn cách bảo vệ bản thân tốt nhất trong khả năng tại thời điểm đó.
We should end the use of economic sanctions,sometimes economic sanctions are the only option,we should support economic sanctions to keep others from violating interests,-1,0,Đôi khi các biện pháp trừng phạt kinh tế là lựa chọn duy nhất.
Entrapment should be legalized,sometimes for human safety these animals need to be caught.,entrapment should be legalized in order to catch pedophiles,1,0,"Đôi khi vì sự an toàn của con người, những loài vật này cần phải bị bắt giữ."
We should ban algorithmic trading,sometimes in a company the supply exceeds the demand so this process would work well.,"algorithmic trading allows for more timely, accurate, and efficient trading.",-1,1,"Đôi khi cung trong một công ty vượt quá cầu, nên quy trình này sẽ phát huy hiệu quả."
We should abolish the three-strikes laws,sometimes people make mistakes in their life. to put an arbitrary number such as three strikes is not fair.,people who have three minor offences are unfairly punished.,1,1,Ai trong đời mà chẳng có lúc sai lầm. Đặt ra một con số tùy tiện như 'ba lần cảnh cáo' là hoàn toàn không công bằng.
We should end the use of economic sanctions,sometimes sanctions are the only option when all else has failed.,we should support economic sanctions to keep others from violating interests,-1,0,Đôi khi lệnh trừng phạt là phương án duy nhất khi mọi biện pháp khác đều bất lực.
Entrapment should be legalized,sometimes the only way to capture a criminal is to use entrapment as career criminals have learned ways to avoid legal prosecution.,entrapment should be legalized in order to catch pedophiles,1,0,"Đôi khi dùng bẫy là cách duy nhất để tóm gọn tội phạm, vì những kẻ chuyên nghiệp đã quá rành các mánh khóe để lách luật rồi."
Entrapment should be legalized,sometimes the only way to catch a criminal is by entrapment.  in these cases entrapment should be legal.,entrapment should be legalized in order to catch pedophiles,1,0,"Đôi khi gài bẫy là cách duy nhất để bắt tội phạm. Trong những trường hợp này, việc gài bẫy nên được coi là hợp pháp."
We should adopt a zero-tolerance policy in schools,sometimes the wrong person is accused and that would not be fair,zero-tolerance policies in schools are too strict and unnecessary,-1,0,"Đôi khi người vô tội lại bị buộc tội, và điều đó thật chẳng công bằng chút nào."
We should adopt a zero-tolerance policy in schools,sometimes zero tolerance causes the victims to be punished,zero-tolerance policies in schools are too strict and unnecessary,-1,0,Đôi khi chính sách 'không khoan nhượng' lại biến nạn nhân thành người bị trừng phạt.
We should subsidize student loans,"studen loans cannot be subsidised as not only is it unaffordable in the current climate, it would encourage universities offer degree courses purely for financial gain.",student loans should be paid by the borrower like all other loans.,-1,0,"Không thể trợ giá cho các khoản vay sinh viên được, vì ngoài việc không đủ ngân sách trong tình hình hiện nay, nó còn khiến các trường đại học mở tràn lan các khóa học chỉ vì lợi nhuận."
We should subsidize student loans,student loan can be costly to the taxpayers especially when students do not repay the debt nor finish their course work.,student loans should be paid by the borrower like all other loans.,-1,0,"Các khoản vay sinh viên có thể gây tốn kém cho người đóng thuế, nhất là khi sinh viên không trả được nợ hoặc bỏ dở việc học."
We should subsidize student loans,"student loan debt is an enormous pressure on working people, and should be subsidized.",subsidizing student loans would encourage more to pursue higher education.,1,0,"Nợ vay sinh viên đang là áp lực khủng khiếp đè nặng lên người lao động, vì vậy cần phải có chính sách trợ giá."
We should subsidize student loans,"student loan debt is the same as other debt, which we don't subsidize.  those who borrowed the money should pay back the money.",student loans should be paid by the borrower like all other loans.,-1,1,"Khoản vay sinh viên cũng giống như mọi khoản vay khác, mà chúng ta thì đâu có trợ cấp cho các khoản vay đó. Ai vay thì người đó phải tự chịu trách nhiệm trả nợ."
We should subsidize student loans,student loans are such a drag on people and offering a helping hand on those would be hugely beneficial in the long run.,subsidizing student loans would encourage more to pursue higher education.,1,0,"Các khoản vay sinh viên thực sự là gánh nặng lớn, nên việc hỗ trợ họ sẽ mang lại lợi ích rất lớn về lâu dài."
We should subsidize student loans,student loans are the responsibility of the individual and should not be subsidized,student loans should be paid by the borrower like all other loans.,-1,1,"Vay nợ sinh viên là trách nhiệm cá nhân, không nên dùng ngân sách nhà nước để trợ cấp."
We should subsidize student loans,student loans give students of lower income a chance at enrolling in a university,subsidizing student loans would encourage more to pursue higher education.,1,0,Vay nợ sinh viên là cơ hội để những bạn có thu nhập thấp có thể bước chân vào giảng đường đại học.
We should subsidize student loans,student loans is a type of aid that is given to them in order to help lower their expenses and debts,subsidizing student loans would encourage more to pursue higher education.,1,0,Các khoản vay sinh viên thực chất là một dạng hỗ trợ tài chính giúp giảm bớt gánh nặng chi phí và nợ nần cho người học.
We should subsidize student loans,student loans saddle graduates with debt that is almost insurmountable nowadays. if they are not subsidized they will just be a constant drain on the student.,subsidizing student loans would encourage more to pursue higher education.,1,0,"Các khoản vay sinh viên đang khiến người mới tốt nghiệp ngập trong nợ nần gần như không thể trả nổi. Nếu không được trợ cấp, món nợ này sẽ mãi là cái 'hố đen' vắt kiệt tương lai của họ."
We should subsidize student loans,student loans should be subsidized as this allows those from marginalized or poorer sections of society to access good education,subsidizing student loans would encourage more to pursue higher education.,1,0,Nên trợ cấp các khoản vay sinh viên để những người yếu thế hoặc có hoàn cảnh khó khăn được tiếp cận với giáo dục chất lượng.
We should subsidize student loans,student loans should be subsidized because it would drive costs down for the students.,subsidizing student loans would encourage more to pursue higher education.,1,0,Cần trợ cấp cho vay nợ sinh viên vì điều đó sẽ giúp giảm bớt chi phí đáng kể cho người học.
We should subsidize student loans,student loans should be subsidized because many students come out of college with five figures in debt that they can't repay easily.,subsidizing student loans would encourage more to pursue higher education.,1,0,Nên trợ cấp khoản vay sinh viên vì thực tế nhiều người tốt nghiệp xong đã gánh khoản nợ lên tới hàng chục nghìn đô mà chẳng biết bao giờ mới trả xong.
We should subsidize student loans,student loans should be subsidized because they offer protection in case you have financial trouble,subsidizing student loans would encourage more to pursue higher education.,1,0,Nên trợ cấp vay nợ sinh viên vì đây là một 'tấm lưới an toàn' giúp bảo vệ người học trong trường hợp họ gặp khó khăn tài chính.
We should subsidize student loans,student loans should be subsidized so that as many people as possible can receive a higher education regardless of their financial background.,subsidizing student loans would encourage more to pursue higher education.,1,1,Cần trợ giá các khoản vay sinh viên để bất kỳ ai cũng có thể học đại học mà không phải lo lắng về điều kiện tài chính.
We should subsidize student loans,student loans should be subsidized to create a competent work force,subsidizing student loans would encourage more to pursue higher education.,1,0,Việc trợ giá cho vay sinh viên là cần thiết để xây dựng một đội ngũ lao động chất lượng cao.
We should subsidize student loans,student loans should not be subsidized as it would allow the lower classes more access to university education and thus dilute the quality of those receiving a degree.,student loans should be paid by the borrower like all other loans.,-1,0,"Không nên trợ giá các khoản vay sinh viên, vì điều này làm tăng số lượng người thuộc tầng lớp thấp vào đại học, từ đó gây loãng chất lượng bằng cấp."
We should subsidize student loans,student loans shouldn't be subsidized because you're limited in the amount that you can borrow,student loans should be paid by the borrower like all other loans.,-1,0,Không nên trợ giá các khoản vay sinh viên vì bản thân các khoản vay này đã bị giới hạn về số tiền rồi.
We should adopt a zero-tolerance policy in schools,"students are not yet adults, and circumstances are unique for each child.",zero-tolerance policies in schools are too strict and unnecessary,-1,0,"Học sinh vẫn chưa phải là người trưởng thành, và mỗi đứa trẻ đều có hoàn cảnh riêng biệt."
We should adopt a zero-tolerance policy in schools,students are still children who need room to learn and grow from mistakes.,zero-tolerance policies in schools are too strict and unnecessary,-1,0,"Học sinh vẫn còn là trẻ con, các em cần không gian để học hỏi và rút kinh nghiệm từ những sai lầm."
We should adopt a zero-tolerance policy in schools,students need to conduct themselves appropriately when they attend school.,clear boundaries and expectations must be set to protect students.,1,0,Học sinh cần phải cư xử đúng mực khi đến trường.
We should subsidize student loans,students should be able to pursue higher education without worrying about being able to afford it. subsidizing students loans would make education more accessible.,subsidizing student loans would encourage more to pursue higher education.,1,1,Sinh viên nên được theo đuổi bậc đại học mà không phải lo nghĩ về học phí. Việc trợ giá các khoản vay sẽ giúp giáo dục trở nên dễ tiếp cận hơn.
We should adopt a zero-tolerance policy in schools,"students should be in a school environment where they are safe from violence and know that if someone is violent, they will get punished.",clear boundaries and expectations must be set to protect students.,1,1,"Học sinh cần được ở trong một môi trường an toàn, không có bạo lực và biết rằng mọi hành vi bạo lực đều sẽ bị xử lý nghiêm."
We should subsidize student loans,students shouldnt be subsidized if someone wants an education they should pay for it themselves,student loans should be paid by the borrower like all other loans.,-1,1,Không nên trợ giá cho sinh viên; nếu muốn có học vấn thì mỗi người phải tự chi trả cho việc học của mình.
Foster care brings more harm than good,"studies suggest that foster care placement, rather than remaining with family members  increases the likelihood of child behavior problems",foster care harms childrens wellbeing in a number of ways,1,1,"Các nghiên cứu chỉ ra rằng việc đưa trẻ vào các trung tâm chăm sóc thay thế, thay vì để trẻ ở lại với gia đình, làm tăng nguy cơ gặp các vấn đề về hành vi ở trẻ."
We should subsidize student loans,subsidised student loans would encourage everyone to go to university if they thought they wouldn't have any debt at the end of the studies.,subsidizing student loans would encourage more to pursue higher education.,1,1,"Việc trợ giá các khoản vay sinh viên sẽ khuyến khích tất cả mọi người học đại học, vì họ nghĩ rằng mình sẽ không phải gánh nợ sau khi tốt nghiệp."
We should subsidize student loans,subsidising student loans means that more people can get an education which benefits society on the whole.,subsidizing student loans would encourage more to pursue higher education.,1,1,"Trợ giá các khoản vay sinh viên giúp nhiều người tiếp cận giáo dục hơn, điều này mang lại lợi ích chung cho toàn xã hội."
We should subsidize student loans,subsidized loans help students get an education and without them they might not be able to go to school,subsidizing student loans would encourage more to pursue higher education.,1,1,"Các khoản vay trợ giá giúp sinh viên có cơ hội học tập; nếu không có chúng, có thể họ đã chẳng thể đến trường."
We should subsidize student loans,subsidized student loans allow for those from pooer backgrounds to achieve a good standard of education and progress in their lives,subsidizing student loans would encourage more to pursue higher education.,1,0,Các khoản vay trợ giá cho phép những người có hoàn cảnh khó khăn tiếp cận nền giáo dục chất lượng và tiến xa hơn trong cuộc sống.
We should subsidize student loans,subsidized student loans provide a lower interest rate and result in less debt for college graduates,subsidizing student loans would encourage more to pursue higher education.,1,0,"Các khoản vay trợ giá có mức lãi suất thấp hơn, giúp sinh viên mới tốt nghiệp giảm bớt gánh nặng nợ nần."
We should subsidize student loans,"subsidizing student loans encourages an education and, thus, a long term goal of a positive economy and society when people are financially independent.",subsidizing student loans would encourage more to pursue higher education.,1,1,"Việc trợ giá các khoản vay sinh viên thúc đẩy giáo dục, từ đó hướng tới mục tiêu dài hạn là một nền kinh tế và xã hội phát triển khi mọi người có khả năng tự chủ về tài chính."
We should subsidize student loans,subsidizing student loans is a huge expense on tax payers.,student loans should be paid by the borrower like all other loans.,-1,0,Trợ giá các khoản vay sinh viên là một gánh nặng tài chính khổng lồ đè lên vai người đóng thuế.
We should subsidize student loans,subsidizing student loans is like going back and fixing mistakes after they happen and it shouldn't be done.,student loans should be paid by the borrower like all other loans.,-1,0,"Trợ giá cho các khoản vay sinh viên giống như việc cố gắng sửa chữa sai lầm sau khi nó đã xảy ra, đây không phải là giải pháp nên làm."
We should subsidize student loans,subsidizing student loans is not a good way to teach responsibility in the youth of today.,student loans should be paid by the borrower like all other loans.,-1,0,Việc trợ giá các khoản vay sinh viên không phải là cách hay để giáo dục tinh thần trách nhiệm cho giới trẻ ngày nay.
We should subsidize student loans,"subsidizing student loans will enable the best and brightest high school students to go to college, become successful, and contribute to society.",subsidizing student loans would encourage more to pursue higher education.,1,1,"Việc trợ giá khoản vay sinh viên sẽ giúp những học sinh giỏi nhất có cơ hội vào đại học, từ đó đạt được thành công và đóng góp nhiều hơn cho xã hội."
We should subsidize student loans,subsidizing student loans will help the economy as a whole and we should try it.,subsidizing student loans would encourage more to pursue higher education.,1,0,"Trợ giá khoản vay sinh viên sẽ tạo động lực cho nền kinh tế nói chung, vì vậy chúng ta nên cân nhắc thực hiện."
We should subsidize student loans,"subsidizing student loans will introduce more students to higher education, getting them better jobs so that they can become more productive members of society.",subsidizing student loans would encourage more to pursue higher education.,1,1,"Việc trợ giá các khoản vay sẽ tạo điều kiện cho nhiều sinh viên tiếp cận giáo dục đại học hơn, giúp họ tìm được việc làm tốt và trở thành những công dân đóng góp hiệu quả cho xã hội."
We should subsidize student loans,subsidizing student loans will just add to our massive debt which is the last thing america needs at the moment.,student loans should be paid by the borrower like all other loans.,-1,0,Trợ giá khoản vay sinh viên chỉ làm trầm trọng thêm khoản nợ khổng lồ vốn đã là điều tệ nhất mà nước Mỹ cần vào lúc này.
We should subsidize student loans,subsidizing student loans will put many students in debt that they will have trouble paying off.,student loans should be paid by the borrower like all other loans.,-1,0,Việc trợ giá khoản vay sinh viên sẽ đẩy nhiều bạn trẻ vào cảnh nợ nần mà họ rất khó có khả năng chi trả.
We should subsidize student loans,"subsidizing student loans would allow access to funds above the means of the student and the financial consequences in the future, including higher interest rates would be financially detrimental.",student loans should be paid by the borrower like all other loans.,-1,0,"Trợ giá khoản vay sinh viên cho phép tiếp cận các nguồn tài chính vượt quá khả năng chi trả thực tế, dẫn đến những hệ lụy tài chính nặng nề trong tương lai, bao gồm cả lãi suất cao gây bất lợi lớn."
We should subsidize student loans,subsidizing student loans would allow too many of the lower classes in to higher education and thus dilute the quality of education.,student loans should be paid by the borrower like all other loans.,-1,0,"Việc trợ giá khoản vay sinh viên sẽ tạo điều kiện cho quá nhiều người từ tầng lớp thấp hơn vào đại học, từ đó làm loãng đi chất lượng đào tạo chung."
We should subsidize student loans,"subsidizing student loans would be costly to the banks and the government that funds them,",student loans should be paid by the borrower like all other loans.,-1,0,Việc trợ giá các khoản vay sinh viên sẽ gây tốn kém cho cả ngân hàng lẫn chính phủ – đơn vị cấp ngân sách cho các chương trình này.
We should subsidize student loans,subsidizing student loans would encourage those with less money to stay on in education rather than leaving for lower paying jobs.,subsidizing student loans would encourage more to pursue higher education.,1,1,Trợ giá khoản vay sinh viên sẽ khuyến khích những người có điều kiện kinh tế khó khăn tiếp tục học tập thay vì bỏ dở để đi làm những công việc thu nhập thấp.
We should subsidize student loans,subsidizing student loans would particularly help the poorest in society and so would help reduce social inequality.,subsidizing student loans would encourage more to pursue higher education.,1,0,"Việc trợ giá khoản vay sinh viên đặc biệt hỗ trợ nhóm yếu thế nhất trong xã hội, qua đó góp phần giảm thiểu bất bình đẳng xã hội."
Foster care brings more harm than good,taking children away from their own parents destroys families which is why foster care brings more harm than good.,foster care harms childrens wellbeing in a number of ways,1,0,"Việc tách trẻ khỏi cha mẹ ruột sẽ phá vỡ cấu trúc gia đình, đó là lý do tại sao hệ thống nhận nuôi thay thế gây hại nhiều hơn là có lợi."
We should adopt a zero-tolerance policy in schools,teachers and children should feel safe in schools and a zero-tolerance policy will be beneficial for all.,clear boundaries and expectations must be set to protect students.,1,1,"Giáo viên và học sinh cần một môi trường học đường an toàn, và chính sách 'không khoan nhượng' (zero-tolerance) sẽ mang lại lợi ích cho tất cả mọi người."
We should adopt a zero-tolerance policy in schools,teaching children to think for themselves and learn based on their own actions is important to their growth.  stunting them with zero-tolerance does no one any favors.,zero-tolerance policies in schools are too strict and unnecessary,-1,0,Việc dạy trẻ tư duy độc lập và rút kinh nghiệm từ hành động của bản thân là rất quan trọng cho sự phát triển. Ép trẻ vào khuôn khổ 'không khoan nhượng' chỉ kìm hãm chúng mà thôi.
We should ban algorithmic trading,technology is changing our lives and should be embraced in many ways,"algorithmic trading allows for more timely, accurate, and efficient trading.",-1,0,Công nghệ đang thay đổi cuộc sống của chúng ta và nên được tận dụng tối đa ở nhiều phương diện.
The use of public defenders should be mandatory,the average citizen does not have the funds to hire their own attorney,everyone using public defenders would equalize the criminal justice system.,1,0,Người dân bình thường thực tế không đủ khả năng tài chính để thuê luật sư riêng cho mình.
We should end the use of economic sanctions,the economic sanctions allow to suffocate the tyrants and dictators of the world,we should support economic sanctions to keep others from violating interests,-1,0,Các biện pháp trừng phạt kinh tế là công cụ hiệu quả để gây áp lực và làm suy yếu những kẻ độc tài trên thế giới.
We should abolish the three-strikes laws,the fact they are still used shows they are not effective as people still commit that third crime,people who have three minor offences are unfairly punished.,1,0,"Việc những hình phạt này vẫn còn tồn tại chứng tỏ chúng không có tác dụng răn đe, vì tội phạm vẫn tái diễn."
Foster care brings more harm than good,the foster care system treats children like objects by transporting them from home to home and preventing them from acquiring personal belongings.,foster care harms childrens wellbeing in a number of ways,1,1,"Hệ thống nhận nuôi thay thế đang đối xử với trẻ em như những món đồ, khi cứ chuyển chúng hết nhà này sang nhà khác và ngăn cản chúng sở hữu những món đồ cá nhân."
We should ban cosmetic surgery,the government should not outlaw safe procedures that can be done to the body.,cosmetic surgery is a choice and bodily autonomy is paramount.,-1,1,Chính phủ không nên cấm đoán các thủ thuật y tế an toàn mà con người có quyền can thiệp trên cơ thể mình.
The use of public defenders should be mandatory,the government should not spend money on people who can afford their own legal representation.,imposing use of public defenders takes away a person's right to choose.,-1,0,Chính phủ không nên tiêu tốn ngân sách cho những người vốn đã đủ khả năng tự chi trả phí pháp lý.
Foster care brings more harm than good,the lack of stability and continuity that comes with transferring a child from one foster home to another undermines proper social development.,foster care harms childrens wellbeing in a number of ways,1,1,"Việc phải chuyển từ nhà bảo trợ này sang nhà bảo trợ khác khiến trẻ mất đi sự ổn định và tính kết nối cần thiết, từ đó cản trở quá trình phát triển xã hội của các em."
The use of public defenders should be mandatory,"the law is a very complex thing, everybody should have the benefit of an attorney in court.",everyone using public defenders would equalize the criminal justice system.,1,0,"Pháp luật vốn rất phức tạp, nên ai cũng cần có luật sư đại diện tại tòa để đảm bảo quyền lợi của mình."
We should subsidize student loans,the loans cost us as a country to much,student loans should be paid by the borrower like all other loans.,-1,0,Các khoản vay này đang khiến đất nước chúng ta tốn kém quá nhiều.
The use of public defenders should be mandatory,the mandatory use of public defenders guarantees equality in the defense and the accusing party because the economic weight does not intervene,everyone using public defenders would equalize the criminal justice system.,1,1,"Việc bắt buộc sử dụng luật sư công giúp đảm bảo sự bình đẳng giữa bên bị cáo và bên nguyên cáo, vì khi đó tiềm lực tài chính không còn là yếu tố quyết định."
We should subsidize student loans,the national debt is out of control and subsidizing student loans will only add to it.,student loans should be paid by the borrower like all other loans.,-1,0,"Nợ công đang vượt tầm kiểm soát, việc tiếp tục trợ cấp cho các khoản vay sinh viên chỉ khiến tình hình thêm tồi tệ."
We should subsidize student loans,the national debt is out of control and we cannot afford to add to it further.,student loans should be paid by the borrower like all other loans.,-1,0,"Nợ công đã mất kiểm soát rồi, chúng ta không thể nào gánh thêm bất kỳ khoản nợ nào nữa."
We should end the use of economic sanctions,the only way to send a strong message to countries who are danger for our western world is economic sanctions which are most effective and successful.,we should support economic sanctions to keep others from violating interests,-1,0,"Cách duy nhất để gửi thông điệp đanh thép đến các quốc gia gây nguy hiểm cho phương Tây chính là áp đặt các lệnh trừng phạt kinh tế, vì đây là biện pháp hiệu quả và thành công nhất."
Entrapment should be legalized,the police need to use the tools needed to solve cases and prevent crimes,entrapment should be legalized in order to catch pedophiles,1,0,Cảnh sát cần được trang bị đầy đủ các công cụ cần thiết để phá án và ngăn chặn tội phạm.
We should abolish the three-strikes laws,the public needs protecting against violent criminals.,the three-strikes law is good at keeping criminals off of the streets,-1,1,Công chúng cần được bảo vệ khỏi những kẻ tội phạm nguy hiểm.
The use of public defenders should be mandatory,the public should not be required to fund the deference of criminals,imposing use of public defenders takes away a person's right to choose.,-1,0,Công chúng không nên bị bắt buộc phải đóng thuế để chi trả cho việc bào chữa cho tội phạm.
We should end racial profiling,"the racial profile is an absurd practice and must end because it pigeonholes people because of their ethnicity, race or religion. the racial profile goes against human rights",we should end racial profiling because it a form of prejudice,1,1,"Việc phân biệt đối xử dựa trên chủng tộc là hành vi vô lý và cần phải chấm dứt ngay, vì nó đóng khung con người chỉ dựa vào sắc tộc, màu da hay tôn giáo. Điều này hoàn toàn đi ngược lại với các giá trị nhân quyền cơ bản."
We should ban cosmetic surgery,the state has no right to interfere with any adjustments an individual wishes to make to their own body.,cosmetic surgery is a choice and bodily autonomy is paramount.,-1,1,Nhà nước không có quyền can thiệp vào bất kỳ quyết định thay đổi cơ thể nào của một cá nhân.
Foster care brings more harm than good,"the system is filled with too many rules, regulations, and players",foster care harms childrens wellbeing in a number of ways,1,0,"Hệ thống hiện tại đang quá cồng kềnh với hàng tá quy định, luật lệ và sự can thiệp của quá nhiều bên."
We should abolish the three-strikes laws,the the three-strikes laws is unfair and inhuman.,people who have three minor offences are unfairly punished.,1,1,Luật 'ba lần phạm tội' là bất công và phi nhân tính.
We should abolish the three-strikes laws,the three strike law is too strict for some offenders,people who have three minor offences are unfairly punished.,1,1,Luật 'ba lần phạm tội' áp dụng hình phạt quá khắc nghiệt đối với một số đối tượng phạm pháp.
We should abolish the three-strikes laws,the three strikes law does not prevent crime & is often to tough a sentence for not so dangerous crimes,people who have three minor offences are unfairly punished.,1,1,"Luật 'ba lần phạm tội' không thực sự giúp ngăn chặn tội phạm, đồng thời đưa ra các bản án quá nặng cho những hành vi không quá nguy hiểm."
We should abolish the three-strikes laws,the three strikes law encourages family and friends to get involved in preventing their children from committing crimes since they now know the punishment will be much higher.,the three-strikes law is good at keeping criminals off of the streets,-1,0,"Luật 'ba lần phạm tội' tạo động lực để gia đình và bạn bè tích cực hơn trong việc ngăn chặn con em mình phạm tội, vì họ biết rằng mức án sau đó sẽ nghiêm trọng hơn rất nhiều."
We should abolish the three-strikes laws,the three strikes law holds criminals accountable for their actions. a lot of criminals begin with small crimes and escalate and we are preventing the escalation.,the three-strikes law is good at keeping criminals off of the streets,-1,0,"Luật 'ba lần phạm tội' buộc tội phạm phải chịu trách nhiệm cho hành vi của mình. Rất nhiều kẻ phạm tội bắt đầu từ những lỗi nhỏ rồi leo thang dần, và đạo luật này giúp chúng ta ngăn chặn sự leo thang đó."
We should abolish the three-strikes laws,the three strikes law is unfairly punishing petty criminals with non-violent histories,people who have three minor offences are unfairly punished.,1,1,Luật 'ba lần phạm tội' đang trừng phạt một cách bất công những tội phạm vặt không có tiền án bạo lực.
We should abolish the three-strikes laws,"the three strikes law will scare a felon into not committing a second, or third, offense, to avoid a life sentence.",the three-strikes law is good at keeping criminals off of the streets,-1,0,"Luật 'ba lần phạm tội' sẽ khiến những kẻ phạm pháp phải e sợ mà không dám tái phạm lần thứ hai hay thứ ba, để tránh việc phải nhận án tù chung thân."
We should abolish the three-strikes laws,the three strikes laws helps keep dangerous criminal elements from doing more harm in society,the three-strikes law is good at keeping criminals off of the streets,-1,1,Luật 'ba lần phạm tội' (three-strikes) giúp ngăn chặn những thành phần tội phạm nguy hiểm tiếp tục gây hại cho xã hội.
We should abolish the three-strikes laws,the three-stikes laws are unfair since a minor crime would be treated the same as a major crime.  prisons are too full as it is now.,people who have three minor offences are unfairly punished.,1,1,"Luật 'ba lần phạm tội' vốn bất công vì một tội danh nhỏ cũng bị xử lý nặng như trọng tội. Hơn nữa, các nhà tù hiện tại vốn đã quá tải rồi."
We should abolish the three-strikes laws,the three-strikes law does not work as an effective deterrent of major crimes.,people who have three minor offences are unfairly punished.,1,0,Luật 'ba lần phạm tội' không phải là công cụ răn đe hiệu quả đối với các loại trọng tội.
We should abolish the three-strikes laws,"the three-strikes law gives no room for mitigating factors to be considered, making our justice system a rigid one that does not allow for true justice.",people who have three minor offences are unfairly punished.,1,1,"Luật 'ba lần phạm tội' không chừa chỗ cho việc xem xét các tình tiết giảm nhẹ, khiến hệ thống tư pháp trở nên cứng nhắc và thiếu đi công lý thực sự."
We should abolish the three-strikes laws,the three-strikes law gives victims peace of mind that the person who perpetuated a crime against them won't one day return and harm them again.,the three-strikes law is good at keeping criminals off of the streets,-1,1,Luật 'ba lần phạm tội' mang lại sự an tâm cho nạn nhân rằng kẻ đã gây tội với họ sẽ không thể quay lại làm hại họ lần nữa.
We should abolish the three-strikes laws,"the three-strikes law has failed to do what it was intended to.  there is still just as much crime, just as many repeat offenders.",people who have three minor offences are unfairly punished.,1,0,Luật 'ba lần phạm tội' đã thất bại trong việc đạt được mục đích ban đầu; tỷ lệ tội phạm và số lượng kẻ tái phạm vẫn không hề giảm.
We should abolish the three-strikes laws,the three-strikes law has prevented numerous offenses by imprisoning repeat offenders and should be kept as is,the three-strikes law is good at keeping criminals off of the streets,-1,1,"Luật 'ba lần phạm tội' đã ngăn chặn được vô số vụ phạm tội bằng cách giam giữ những đối tượng tái phạm, vì vậy cần giữ nguyên như hiện tại."
We should abolish the three-strikes laws,the three-strikes law includes too many lower level offenses which causes an innacurrate portrayal of the danger the individual poses to the community.,people who have three minor offences are unfairly punished.,1,1,"Luật 'ba lần phạm tội' bao hàm cả những tội danh mức độ thấp, dẫn đến việc đánh giá sai lệch mức độ nguy hiểm mà cá nhân đó gây ra cho cộng đồng."
We should abolish the three-strikes laws,the three-strikes law is unfair to those individuals who did not commit a heinous crime.,people who have three minor offences are unfairly punished.,1,1,Luật 'ba lần phạm tội' thực sự bất công đối với những người không phạm phải trọng tội hay tội ác ghê tởm.
We should abolish the three-strikes laws,the three-strikes law removes repeat offenders from society and stops them from committing further crimes against the population.,the three-strikes law is good at keeping criminals off of the streets,-1,1,Luật 'ba lần phạm tội' giúp loại bỏ những kẻ tái phạm khỏi xã hội và ngăn chặn chúng tiếp tục gây án đối với người dân.
We should abolish the three-strikes laws,the three-strikes law should be abolished because each offense committed should be judged on its own severity and punished accordingly.,people who have three minor offences are unfairly punished.,1,1,Luật 'ba lần phạm tội' nên được bãi bỏ vì mỗi hành vi sai phạm cần được xét xử dựa trên mức độ nghiêm trọng cụ thể và chịu mức án tương xứng.
We should abolish the three-strikes laws,the three-strikes laws are totally a mess. they do not accurately criminalize the offender for the gravity of his offense,people who have three minor offences are unfairly punished.,1,1,Luật 'ba lần phạm tội' thực sự là một mớ hỗn độn. Nó không hề phản ánh đúng mức độ nguy hiểm của tội phạm so với hành vi mà họ gây ra.
We should abolish the three-strikes laws,the three-strikes laws are unfair to those people who commit petty crimes.,people who have three minor offences are unfairly punished.,1,1,Luật 'ba lần phạm tội' cực kỳ bất công đối với những người chỉ phạm các lỗi nhỏ nhặt.
We should abolish the three-strikes laws,the three-strikes laws does not consider minor offenses and therefore the punishment is harsher than the actual crimes committed.,people who have three minor offences are unfairly punished.,1,1,"Luật 'ba lần phạm tội' hoàn toàn không cân nhắc đến các vi phạm nhỏ, dẫn đến việc áp đặt hình phạt nặng nề hơn nhiều so với tính chất thực tế của hành vi phạm tội."
We should abolish the three-strikes laws,the three-strikes laws helps stop crime,the three-strikes law is good at keeping criminals off of the streets,-1,1,Luật 'ba lần phạm tội' góp phần ngăn chặn tội phạm.
We should abolish the three-strikes laws,the three-strikes laws is am important part of lessening crimes.,the three-strikes law is good at keeping criminals off of the streets,-1,1,Luật 'ba lần phạm tội' là một công cụ quan trọng giúp giảm thiểu tỉ lệ tội phạm.
We should abolish the three-strikes laws,the three-strikes laws keep criminals off the streets and help teach them a lesson.,the three-strikes law is good at keeping criminals off of the streets,-1,1,Luật 'ba lần phạm tội' giúp loại bỏ tội phạm khỏi đường phố và dạy cho họ một bài học thích đáng.
We should abolish the three-strikes laws,"the three-strikes laws put an enormous financial strain on our prisons, due to more people incarcerated for crimes that would normally require probation.",people who have three minor offences are unfairly punished.,1,0,"Luật 'ba lần phạm tội' gây áp lực tài chính khổng lồ lên hệ thống nhà tù, vì số lượng người bị giam giữ tăng cao đối với những tội danh mà lẽ ra chỉ cần quản chế là đủ."
We should abolish the three-strikes laws,the three-strikes laws puts career criminals away.,the three-strikes law is good at keeping criminals off of the streets,-1,1,Luật 'ba lần phạm tội' giúp tống khứ những tên tội phạm chuyên nghiệp vào tù.
We should abolish the three-strikes laws,the three-strikes laws should be abolished because it causes more paperwork and work on the parts of lawyers and counties to keep track of everything,people who have three minor offences are unfairly punished.,1,0,Luật 'ba lần phạm tội' nên được bãi bỏ vì nó làm gia tăng khối lượng giấy tờ và công việc hành chính cho luật sư cũng như chính quyền địa phương trong việc theo dõi hồ sơ.
We should end the use of economic sanctions,the use of economic sanctions are a waste of money.,economic sanctions affect poor people more than governments,1,0,Áp đặt các lệnh trừng phạt kinh tế chỉ là trò lãng phí tiền bạc.
We should end the use of economic sanctions,the use of economic sanctions has proved beneficial to our country.,we should support economic sanctions to keep others from violating interests,-1,0,Việc sử dụng các lệnh trừng phạt kinh tế đã chứng minh được hiệu quả rõ rệt đối với đất nước ta.
We should end the use of economic sanctions,the use of economic sanctions helps the national economy by keeping things state side.,we should support economic sanctions to keep others from violating interests,-1,0,Các lệnh trừng phạt kinh tế giúp ích cho nền kinh tế quốc gia bằng cách giữ dòng tiền và hàng hóa ở lại trong nước.
The use of public defenders should be mandatory,"the use of public defenders is a serious drain on the coffers of government departments, and proven criminals have no right to such expenditure.",imposing use of public defenders takes away a person's right to choose.,-1,0,"Việc duy trì chế độ luật sư công là gánh nặng tài chính quá lớn cho ngân sách chính phủ, và những kẻ đã phạm tội thì không xứng đáng được hưởng quyền lợi này."
The use of public defenders should be mandatory,the use of public defenders should be mandatory because a lot of the time people on trial have no idea what is best for them,everyone using public defenders would equalize the criminal justice system.,1,0,"Chế độ luật sư công nên là bắt buộc vì thực tế, những người đang hầu tòa thường không biết cách bảo vệ quyền lợi tốt nhất cho chính mình."
The use of public defenders should be mandatory,the use of public defenders should be mandatory because it is free representation for those accused of crimes,everyone using public defenders would equalize the criminal justice system.,1,0,Chế độ luật sư công nên được áp dụng bắt buộc vì nó cung cấp dịch vụ đại diện pháp lý miễn phí cho người bị buộc tội.
The use of public defenders should be mandatory,the use of public defenders should be mandatory because some people don't have money for a lawyer and this would help those that don't,everyone using public defenders would equalize the criminal justice system.,1,0,Chế độ luật sư công nên là bắt buộc vì nó hỗ trợ kịp thời cho những người không có đủ khả năng tài chính để thuê luật sư riêng.
The use of public defenders should be mandatory,the use of public defenders should be mandatory in order to create a more equal playing field for all accused.,everyone using public defenders would equalize the criminal justice system.,1,1,Chế độ luật sư công nên là bắt buộc để tạo ra một sân chơi công bằng hơn cho tất cả những người bị cáo buộc.
The use of public defenders should be mandatory,the use of public defenders should be mandatory so that both parties have access to state resources in criminal trials.,everyone using public defenders would equalize the criminal justice system.,1,1,Chế độ luật sư công nên là bắt buộc để đảm bảo cả hai bên trong phiên tòa hình sự đều được tiếp cận các nguồn lực hỗ trợ từ nhà nước.
The use of public defenders should be mandatory,the use of public defenders should be mandatory so that every person is represented on the same level as the next.,everyone using public defenders would equalize the criminal justice system.,1,1,Chế độ luật sư công nên là bắt buộc để đảm bảo rằng bất cứ ai cũng nhận được sự đại diện pháp lý ở cùng một vị thế như nhau.
The use of public defenders should be mandatory,"the use of public defenders should be mandatory so that public defenders are no long stigmatized, which will make them more effective.",everyone using public defenders would equalize the criminal justice system.,1,0,"Cần bắt buộc sử dụng luật sư công để xóa bỏ định kiến xã hội, từ đó giúp họ làm việc hiệu quả hơn."
The use of public defenders should be mandatory,"the use of public defenders should be mandatory, so that corporations accused of criminal misconduct have the same resources that an individual would.",everyone using public defenders would equalize the criminal justice system.,1,1,"Việc bắt buộc dùng luật sư công sẽ tạo sự công bằng, để các tập đoàn bị cáo buộc phạm tội cũng phải chịu mức độ nguồn lực pháp lý như một cá nhân."
The use of public defenders should be mandatory,the use of public defenders should not be mandatory because every person gets to choose how they want to be represented.,imposing use of public defenders takes away a person's right to choose.,-1,1,Không nên bắt buộc dùng luật sư công vì mỗi người đều có quyền tự quyết định cách thức bảo vệ quyền lợi hợp pháp cho chính mình.
The use of public defenders should be mandatory,the use of public defenders should not be mandatory because it would require a large increase in state taxes to cover the massively increased cost of trials.,imposing use of public defenders takes away a person's right to choose.,-1,0,"Không nên bắt buộc vì điều này sẽ gây áp lực lên ngân sách nhà nước, buộc phải tăng thuế để bù đắp chi phí xét xử tăng vọt."
The use of public defenders should be mandatory,the use of public defenders should not be mandatory because some people can afford a lawyer of their choice.  in some cases this is a better choice.,imposing use of public defenders takes away a person's right to choose.,-1,1,"Không nên bắt buộc vì nhiều người có đủ điều kiện thuê luật sư riêng, và trong một số trường hợp, đó là phương án tối ưu hơn."
The use of public defenders should be mandatory,"the use of public defenders should not be mandatory because the quality of defense will be lower than private defense, which will lead to more wrongful convictions.",imposing use of public defenders takes away a person's right to choose.,-1,0,"Không nên bắt buộc vì chất lượng bào chữa của luật sư công thường không bằng luật sư riêng, dễ dẫn đến những bản án oan sai."
The use of public defenders should be mandatory,the use of public defenders shouldn't be mandatory because people should be able to pick their lawyers not have one forced on them,imposing use of public defenders takes away a person's right to choose.,-1,1,Không nên bắt buộc vì mọi người có quyền chọn luật sư thay vì bị ép buộc sử dụng dịch vụ không mong muốn.
The use of public defenders should be mandatory,the use of public defenders shouldn't be mandatory because they can carry a lot of cases at once at lead to lesser quality results,imposing use of public defenders takes away a person's right to choose.,-1,0,"Không nên bắt buộc vì các luật sư công thường phải ôm đồm quá nhiều vụ án cùng lúc, làm giảm chất lượng bào chữa."
The use of public defenders should be mandatory,the use of public defenders would lower the rate of incarceration and alleviate overcrowding in prisons.,everyone using public defenders would equalize the criminal justice system.,1,0,Sử dụng luật sư công sẽ giúp giảm tỷ lệ tù tội và giải quyết tình trạng quá tải trong các nhà tù.
We should adopt a zero-tolerance policy in schools,the zero-tolerance policy is a good deterent for kids.,clear boundaries and expectations must be set to protect students.,1,0,Chính sách 'không khoan nhượng' là biện pháp răn đe hiệu quả đối với trẻ em.
We should ban cosmetic surgery,"there are many situations where cosmetic surgery is a valuable solution for desperate people, cleft lips, burns victims, acid attack victims.",cosmetic surgery is a choice and bodily autonomy is paramount.,-1,0,"Phẫu thuật thẩm mỹ thực chất là giải pháp cứu cánh cho rất nhiều người trong hoàn cảnh ngặt nghèo, như những trường hợp bị sứt môi hở hàm ếch, bỏng nặng hay nạn nhân bị tạt axit."
We should subsidize student loans,there are more important things that we should subsidize with public funds such as housing and health care.,student loans should be paid by the borrower like all other loans.,-1,0,"Còn khối việc quan trọng hơn cần được dùng tiền ngân sách công để hỗ trợ, như nhà ở hay chăm sóc sức khỏe chẳng hạn."
We should subsidize student loans,there are other ways to channel student aid that is not subsidizing loans,student loans should be paid by the borrower like all other loans.,-1,0,Có nhiều cách khác để hỗ trợ sinh viên thay vì cứ chăm chăm vào việc trợ giá các khoản vay.
We should adopt a zero-tolerance policy in schools,"there are other, better alternatives to punish student offenders, such as community service.",zero-tolerance policies in schools are too strict and unnecessary,-1,0,"Có những phương án thay thế tốt hơn nhiều để kỷ luật học sinh thay vì đuổi học, ví dụ như lao động công ích."
Entrapment should be legalized,"there are some extreme circumstances that warrant entrapment, to get dangerous individuals out of society.",entrapment should be legalized in order to catch pedophiles,1,0,"Trong một số trường hợp cực đoan, cài bẫy là cần thiết để loại bỏ những đối tượng nguy hiểm ra khỏi xã hội."
Foster care brings more harm than good,there is a risk of having children with serious behavior problems that could harm healthy families.,foster care harms childrens wellbeing in a number of ways,1,0,"Luôn tiềm ẩn rủi ro con cái sau này gặp các vấn đề nghiêm trọng về hành vi, gây hại cho những gia đình bình thường khác."
We should ban cosmetic surgery,there is no need for cosmetic surgery and it just further promotes vanity.,cosmetic surgery is an unnecessary health risk,1,0,"Phẫu thuật thẩm mỹ vốn chẳng cần thiết, nó chỉ đang cổ xúy cho lối sống phù phiếm mà thôi."
We should end the use of economic sanctions,there is no proof that economic sanctions help anyone,economic sanctions affect poor people more than governments,1,0,Chẳng có bằng chứng nào cho thấy các lệnh trừng phạt kinh tế thực sự giúp ích được cho ai cả.
We should subsidize student loans,there should be no subsidy of student loans. the person reaping the benefit should pay their own way as they will earn all of the rewards.,student loans should be paid by the borrower like all other loans.,-1,1,"Không nên trợ giá các khoản vay sinh viên. Ai hưởng lợi thì người đó phải tự chi trả, vì sau này chính họ là người nhận hết quả ngọt mà."
We should adopt a zero-tolerance policy in schools,"there should be zero tolerance to prevent such things from happening, like bullying.",clear boundaries and expectations must be set to protect students.,1,1,Cần áp dụng chính sách không khoan nhượng đối với những hành vi như bắt nạt học đường để ngăn chặn từ trong trứng nước.
We should adopt a zero-tolerance policy in schools,"these situations need to be handled on a case by case basis because many times, the culprit is not really a threat.",zero-tolerance policies in schools are too strict and unnecessary,-1,0,"Những trường hợp này cần được xem xét linh hoạt tùy theo tình huống, vì thực tế là đối tượng vi phạm đôi khi không gây ra mối đe dọa thực sự."
We should end the use of economic sanctions,they have been useful in the past so we should continue the practice.,we should support economic sanctions to keep others from violating interests,-1,0,Chúng đã phát huy hiệu quả trong quá khứ nên chúng ta nên tiếp tục duy trì.
We should end the use of economic sanctions,they have proven to be effective so we should keep the practice,we should support economic sanctions to keep others from violating interests,-1,0,"Chúng đã được chứng minh là hiệu quả, vậy nên ta cứ nên giữ lại."
We should end the use of economic sanctions,they havent proven to be effective so we should end its use.,economic sanctions affect poor people more than governments,1,0,"Chúng chẳng mang lại hiệu quả gì cả, nên tốt nhất là dẹp bỏ đi."
We should end the use of economic sanctions,they only hurt the poorest of society and are an outdated punishment.,economic sanctions affect poor people more than governments,1,1,Điều này chỉ gây tổn thương cho những người nghèo nhất trong xã hội và là một hình phạt đã quá lỗi thời.
We should subsidize student loans,they should not be subsidized because it can become a way to defraud the state,student loans should be paid by the borrower like all other loans.,-1,0,Chúng không nên được trợ cấp vì điều đó dễ tạo kẽ hở cho việc trục lợi ngân sách nhà nước.
We should end the use of economic sanctions,they tend to fail to achieve the goals and purposes of why they are imposed.,economic sanctions affect poor people more than governments,1,0,Chúng thường không đạt được mục tiêu và ý nghĩa vốn có khi được ban hành.
We should ban algorithmic trading,this form of trading removes the human element which can have dangerous consequences.,algorithmic trading gives an unfair advantage in the market,1,0,"Cách giao dịch này loại bỏ yếu tố con người, dẫn đến những hệ lụy nguy hiểm khó lường."
The use of public defenders should be mandatory,"this is a constitutional right under the 6th amendment so yes, it absolutely should be mandatory to protect this important right to defence",everyone using public defenders would equalize the criminal justice system.,1,0,"Đây là quyền hiến định được quy định tại Tu chính án thứ 6, nên tất nhiên nó phải là bắt buộc để bảo vệ quyền được bào chữa quan trọng này."
We should abolish the three-strikes laws,this law is unfair to people committing small offenses that do not deserve to be put away for life.,people who have three minor offences are unfairly punished.,1,1,"Luật này quá bất công đối với những người phạm tội nhẹ, không đáng phải nhận án tù chung thân."
We should abolish the three-strikes laws,this law is unfair to those who's third crime is minor and thought should be given to changing the criteria of the third crime.,people who have three minor offences are unfairly punished.,1,1,"Luật này bất công với những người mà tội danh thứ ba chỉ là lỗi nhỏ, nên xem xét lại tiêu chí xác định tội danh thứ ba thay vì áp dụng cứng nhắc."
We should abolish the three-strikes laws,this law keeps communities safe from career criminals,the three-strikes law is good at keeping criminals off of the streets,-1,1,Đạo luật này giúp bảo vệ cộng đồng khỏi những tội phạm chuyên nghiệp.
We should abolish the three-strikes laws,"this law sentences people on crimes they committed in the past as well as the present, which is unfair",people who have three minor offences are unfairly punished.,1,1,"Luật này kết án người ta dựa trên cả những sai lầm trong quá khứ lẫn hiện tại, điều này thực sự thiếu công bằng."
We should subsidize student loans,this might be the only way a non-minority could afford to go to college.,subsidizing student loans would encourage more to pursue higher education.,1,0,Đây có lẽ là cách duy nhất để một người không thuộc nhóm thiểu số có đủ khả năng chi trả học phí đại học.
We should adopt a zero-tolerance policy in schools,this should be enforced to improve the children's discipline.,clear boundaries and expectations must be set to protect students.,1,0,Cần áp dụng quy định này để rèn giũa kỷ luật cho trẻ em.
We should adopt a zero-tolerance policy in schools,this should not be adopted as it wont make a difference to pupils who will ignore these rules.,zero-tolerance policies in schools are too strict and unnecessary,-1,0,"Không nên thông qua vì nó chẳng giải quyết được gì, học sinh vẫn sẽ phớt lờ các quy tắc này mà thôi."
We should abolish the three-strikes laws,this system is so unfair as people who commit one big crime can end up serving less time than those who commit three small crimes.,people who have three minor offences are unfairly punished.,1,1,Hệ thống này quá bất cập khi một kẻ phạm trọng tội lại có thể ngồi tù ít hơn người phạm ba lỗi nhỏ.
The use of public defenders should be mandatory,this takes away freedom of choice in terms of hiring a lawyer that suits your own needs.,imposing use of public defenders takes away a person's right to choose.,-1,1,Điều này tước đi quyền tự do lựa chọn luật sư phù hợp với nhu cầu cá nhân của mỗi người.
We should ban cosmetic surgery,this type of surgery has risks associated with it just like other ones except this one is not needed,cosmetic surgery is an unnecessary health risk,1,1,"Loại phẫu thuật này cũng tiềm ẩn nhiều rủi ro như bất kỳ ca mổ nào khác, chưa kể nó vốn dĩ là không cần thiết."
Entrapment should be legalized,this will allow the truth to be forced out.,entrapment should be legalized in order to catch pedophiles,1,0,Cách này sẽ buộc sự thật phải được phơi bày.
The use of public defenders should be mandatory,this will level the playing field between those who can afford top-notch attorneys and those who can't.,everyone using public defenders would equalize the criminal justice system.,1,1,Việc này sẽ tạo ra sự công bằng cho những người không có đủ điều kiện thuê luật sư giỏi so với những người có khả năng chi trả.
The use of public defenders should be mandatory,"this would level the playing field for all, meaning the poor would have access to the same lawyers the rich use.",everyone using public defenders would equalize the criminal justice system.,1,1,"Điều này sẽ cân bằng cán cân cho tất cả mọi người, đồng nghĩa với việc người nghèo cũng được tiếp cận các luật sư xịn như người giàu."
The use of public defenders should be mandatory,this would not be a good use of public money; money should instead be spent on education and welfare.,imposing use of public defenders takes away a person's right to choose.,-1,0,"Đây không phải là cách sử dụng ngân sách công hợp lý; thay vào đó, tiền nên được đầu tư vào giáo dục và phúc lợi xã hội."
We should subsidize student loans,those who choose to go to college should pay for it themselves.,student loans should be paid by the borrower like all other loans.,-1,1,Ai chọn học đại học thì nên tự chi trả cho việc học của chính mình.
We should abolish the three-strikes laws,"three strike laws count insignificant crimes like drug use, and result in unfair jail time sentences.",people who have three minor offences are unfairly punished.,1,1,"Luật 'ba lần phạm tội' (three-strikes) tính cả những tội nhỏ nhặt như sử dụng chất kích thích, dẫn đến các bản án tù vô lý."
We should abolish the three-strikes laws,three strike laws do not take into account the passage of time and lessons learned from previous and possibly unrelated offenses.  automatic three strikes are unfair,people who have three minor offences are unfairly punished.,1,1,Luật 'ba lần phạm tội' không cân nhắc đến thời gian đã trôi qua và những bài học mà người phạm tội rút ra từ các lỗi lầm trước đó. Việc áp dụng tự động luật này là không công bằng.
We should abolish the three-strikes laws,three strike laws keep people who've killed a lot off the street.,the three-strikes law is good at keeping criminals off of the streets,-1,1,Luật 'ba lần phạm tội' giúp cách ly những kẻ giết người hàng loạt khỏi cộng đồng.
We should abolish the three-strikes laws,three strikes laws are expensive because they increase how long people are incarcerated which must be paid for by tax payers.,people who have three minor offences are unfairly punished.,1,0,"Luật 'ba lần phạm tội' rất tốn kém vì làm tăng thời gian giam giữ, gây áp lực lên tiền thuế của người dân."
We should abolish the three-strikes laws,three strikes laws are unnecessary because states already have ways of punishing recidivism more harshly.,people who have three minor offences are unfairly punished.,1,0,Luật 'ba lần phạm tội' là không cần thiết vì các tiểu bang vốn đã có những hình phạt nghiêm khắc hơn cho các đối tượng tái phạm.
We should abolish the three-strikes laws,three strikes laws gives people more chances to straight their act,the three-strikes law is good at keeping criminals off of the streets,-1,0,Luật 'ba lần phạm tội' mang lại cho người phạm tội nhiều cơ hội hơn để làm lại cuộc đời.
We should abolish the three-strikes laws,"three strikes laws have not decreased the number of crimes being committed, so they have no purpose.",people who have three minor offences are unfairly punished.,1,0,Luật 'ba lần phạm tội' hoàn toàn vô nghĩa vì thực tế nó chẳng giúp giảm bớt tỷ lệ tội phạm là bao.
We should abolish the three-strikes laws,three strikes laws lead to more people being put in jail which ends up being a burden on tax-payers and federal funding.,people who have three minor offences are unfairly punished.,1,0,"Việc áp dụng luật 'ba lần phạm tội' khiến số lượng tù nhân tăng vọt, vô hình trung trở thành gánh nặng đè lên ngân sách nhà nước và tiền thuế của người dân."
We should abolish the three-strikes laws,three strikes laws lead to prison over-population since more offenders are put away for a longer time. this leads to worse prison conditions and more violence in prisons.,people who have three minor offences are unfairly punished.,1,0,"Luật 'ba lần phạm tội' gây ra tình trạng quá tải tù nhân do thời hạn giam giữ kéo dài, hệ quả là điều kiện sống trong tù ngày càng tồi tệ và bạo lực leo thang."
We should abolish the three-strikes laws,"three strikes laws often punish those who have been pushed into crime by their socioeconomic background, which is unjust.",people who have three minor offences are unfairly punished.,1,1,Thật bất công khi luật 'ba lần phạm tội' trừng phạt những người bị hoàn cảnh kinh tế - xã hội đẩy vào con đường phạm tội.
We should abolish the three-strikes laws,three strikes laws put people in jail for long periods despite committing only minor offenses.,people who have three minor offences are unfairly punished.,1,1,Luật này quá khắc nghiệt khi tống giam người ta hàng chục năm trời chỉ vì những tội danh nhỏ nhặt.
We should abolish the three-strikes laws,three-strike laws are too harsh when the felonies are for non violent crimes such as prostitution and tax fraud.,people who have three minor offences are unfairly punished.,1,1,Hình phạt của luật 'ba lần phạm tội' là quá nặng tay đối với những tội phi bạo lực như mại dâm hay trốn thuế.
We should abolish the three-strikes laws,three-strike laws keep repeat offenders from being let out after a very short prison term.  it will prevent many serious crimes.,the three-strikes law is good at keeping criminals off of the streets,-1,1,"Luật 'ba lần phạm tội' ngăn chặn việc thả sớm những đối tượng tái phạm, từ đó giúp hạn chế đáng kể các vụ trọng án."
We should abolish the three-strikes laws,three-strike laws lead to expensive trials. three-strike offenders will demand a court trial rather than accept a plea bargain (which costs a fraction of the price of a full-blown trial).,people who have three minor offences are unfairly punished.,1,0,Luật này khiến chi phí xét xử đắt đỏ hơn vì tội phạm thường đòi ra tòa thay vì nhận tội để được giảm án (vốn tiết kiệm hơn nhiều so với một phiên tòa chính thức).
We should abolish the three-strikes laws,three-strike laws should be abolished because employers abuse the legislation,people who have three minor offences are unfairly punished.,1,0,Nên xóa bỏ luật 'ba lần phạm tội' vì các chủ doanh nghiệp đang lạm dụng chính sách này.
We should abolish the three-strikes laws,three-strikes laws can help keep the violent and unruly off of the streets of regular society.,the three-strikes law is good at keeping criminals off of the streets,-1,1,Luật 'ba lần phạm tội' là công cụ hiệu quả để loại bỏ những đối tượng bạo lực và bất hảo khỏi cộng đồng.
We should abolish the three-strikes laws,three-strikes laws can lead to extreme punishments that don't fit the crime,people who have three minor offences are unfairly punished.,1,1,"Luật 'ba lần phạm tội' có thể dẫn đến những hình phạt cực đoan, không tương xứng với tính chất tội phạm."
We should abolish the three-strikes laws,"three-strikes laws clog the court systems.  defendants will take their cases to trial, rather than accept a plea bargain, in an attempt to avoid a life sentence.",people who have three minor offences are unfairly punished.,1,0,Luật 'ba lần phạm tội' làm quá tải hệ thống tòa án. Các bị cáo sẽ chọn ra tòa thay vì nhận tội để tránh mức án tù chung thân.
We should abolish the three-strikes laws,three-strikes laws don't consider the proportionality of the crimes committed and would offer disproportionate punishment to people who commit petty crimes.,people who have three minor offences are unfairly punished.,1,1,"Luật 'ba lần phạm tội' không xét đến tính cân xứng, gây ra những hình phạt quá đà cho những tội danh nhỏ lẻ."
We should abolish the three-strikes laws,three-strikes laws have lowered crime rates in many areas,the three-strikes law is good at keeping criminals off of the streets,-1,1,Luật 'ba lần phạm tội' đã góp phần kéo giảm tỷ lệ tội phạm ở nhiều khu vực.
We should abolish the three-strikes laws,three-strikes laws help people realize that what they did was wrong and change their ways before they end up in jail for life.,the three-strikes law is good at keeping criminals off of the streets,-1,0,Luật 'ba lần phạm tội' giúp tội phạm nhận ra sai lầm và thay đổi trước khi phải đối mặt với án tù chung thân.
We should abolish the three-strikes laws,"three-strikes laws increase taxpayer costs by increasing the number of prisoners imprisoned for life, a very costly expense.",people who have three minor offences are unfairly punished.,1,0,Luật 'ba lần phạm tội' làm gánh nặng thuế của người dân tăng lên do phải chi trả chi phí nuôi tù nhân chung thân quá lớn.
We should abolish the three-strikes laws,"three-strikes laws increase the likelihood that twice-convicted felons would resist arrest violently, leading to increased violence against police officers, as well as potential harm to bystanders.",people who have three minor offences are unfairly punished.,1,0,"Luật 'ba lần phạm tội' khiến những kẻ từng có hai tiền án dễ chống cự quyết liệt khi bị bắt, gây nguy hiểm cho cảnh sát và người dân vô tội."
We should abolish the three-strikes laws,three-strikes laws keep the worst of the worst criminals off the streets,the three-strikes law is good at keeping criminals off of the streets,-1,1,Luật 'ba lần phạm tội' giúp loại bỏ những thành phần nguy hiểm nhất ra khỏi xã hội.
We should abolish the three-strikes laws,three-strikes laws my wrongfully imprison someone whose crime wasn't minor and absolutely not worth a life sentence.,people who have three minor offences are unfairly punished.,1,1,Luật 'ba lần phạm tội' có thể bỏ tù oan ức những người mà tội trạng của họ thực sự không đáng phải nhận án chung thân.
We should abolish the three-strikes laws,three-strikes laws often lead to harsh punishments that do not fit their crimes,people who have three minor offences are unfairly punished.,1,1,"Luật 'ba lần phạm tội' thường dẫn đến các hình phạt khắc nghiệt, không phù hợp với mức độ tội trạng."
We should abolish the three-strikes laws,three-strikes laws reduce the rate of crime in a community.,the three-strikes law is good at keeping criminals off of the streets,-1,1,Chính sách 'ba lần phạm tội' giúp giảm tỷ lệ tội phạm trong cộng đồng.
We should subsidize student loans,to encourage more people to study for longer we should subsidize student loans.,subsidizing student loans would encourage more to pursue higher education.,1,1,"Để khuyến khích nhiều người học cao hơn, chúng ta nên trợ giá các khoản vay sinh viên."
We should subsidize student loans,to help young people so they can finish university and be successful tomorrow should be obligatory for any government in the world.,subsidizing student loans would encourage more to pursue higher education.,1,0,Việc hỗ trợ người trẻ hoàn thành đại học để họ có tương lai thành công là trách nhiệm bắt buộc của mọi chính phủ trên thế giới.
We should end racial profiling,"too many innocent people are stopped, humiliated and inconvenienced, simply because of their race or ethnicity.",we should end racial profiling because it a form of prejudice,1,0,"Có quá nhiều người vô tội bị chặn lại, làm nhục và gây phiền toái chỉ vì chủng tộc hoặc sắc tộc của họ."
We should subsidize student loans,"too many people go to university, subsidising loans would make the problem even worse",student loans should be paid by the borrower like all other loans.,-1,0,"Hiện tại đã có quá nhiều người học đại học, việc tiếp tục trợ giá các khoản vay chỉ khiến vấn đề thêm trầm trọng."
We should end the use of economic sanctions,trade between countries should be more easy and free-flowing. it is beneficial to both countries and also leads to peace.,economic sanctions affect poor people more than governments,1,0,"Giao thương giữa các quốc gia nên được tự do và dễ dàng hơn; điều này vừa có lợi cho đôi bên, vừa thúc đẩy hòa bình."
We should ban algorithmic trading,"trading using an algorithm is more accurate, quicker, and easier.","algorithmic trading allows for more timely, accurate, and efficient trading.",-1,1,"Giao dịch bằng thuật toán mang lại độ chính xác cao hơn, nhanh chóng và dễ dàng hơn nhiều."
Entrapment should be legalized,tricking someone into committing a crime that they wouldn't do otherwise is not right.,entrapment is wrong and should be illegal,-1,0,Việc lừa ai đó phạm tội khi họ vốn không có ý định làm vậy là hành vi sai trái.
We should end the use of economic sanctions,"ultimately, it is the poor and vulnerable that suffer as a result of economic sanctions, so ending them should happen.",economic sanctions affect poor people more than governments,1,1,"Xét cho cùng, người nghèo và những nhóm yếu thế mới là đối tượng chịu ảnh hưởng nặng nề nhất từ các lệnh trừng phạt kinh tế, vì vậy nên chấm dứt chúng."
We should end the use of economic sanctions,unilateral sanctions have been imposed for ill-defined purposes or with little consideration of their real impact,economic sanctions affect poor people more than governments,1,0,Các lệnh trừng phạt đơn phương thường được áp đặt với những mục đích mơ hồ hoặc không được cân nhắc kỹ lưỡng về tác động thực tế.
We should ban algorithmic trading,"unless everyone is using algorithmic trading, the system would ensure only those that had access to it would have the best chance of making money.",algorithmic trading gives an unfair advantage in the market,1,1,"Trừ khi tất cả mọi người đều dùng giao dịch thuật toán, còn không thì hệ thống này chỉ mang lại lợi thế kiếm tiền cho những ai có quyền tiếp cận nó mà thôi."
The use of public defenders should be mandatory,use of public defenders should be mandatory because rich people can afford high priced lawyers to buy their way out of whatever crime they have commited.,everyone using public defenders would equalize the criminal justice system.,1,1,"Việc bắt buộc sử dụng luật sư công là cần thiết, vì người giàu thường thuê được những luật sư đắt đỏ để dùng tiền bẻ cong công lý."
We should ban algorithmic trading,using computer-aided tools to assist in financial trading is giving some traders an unfair advantage; it's not unlike insider trading.,algorithmic trading gives an unfair advantage in the market,1,1,"Việc dùng công cụ máy tính để hỗ trợ giao dịch tài chính mang lại lợi thế không công bằng cho một bộ phận nhà đầu tư, chẳng khác nào giao dịch nội gián cả."
We should end the use of economic sanctions,using money to bully other countries into doing what you want is terrible.,economic sanctions affect poor people more than governments,1,0,Dùng tiền bạc để chèn ép các quốc gia khác phục vụ mục đích cá nhân là một điều tồi tệ.
The use of public defenders should be mandatory,using public defenders ensures that even the poorest and most marginalised in society have access to some form of legal representation.,everyone using public defenders would equalize the criminal justice system.,1,0,Việc áp dụng luật sư công đảm bảo rằng cả những người nghèo nhất hay yếu thế nhất trong xã hội cũng được tiếp cận các hình thức đại diện pháp lý.
The use of public defenders should be mandatory,using public defenders exclusively will be an expensive burden on taxpayers.,imposing use of public defenders takes away a person's right to choose.,-1,0,Nếu chỉ dùng luật sư công thì sẽ trở thành gánh nặng chi phí khổng lồ lên vai người đóng thuế.
The use of public defenders should be mandatory,using public defenders for all would create a level playing field so that having more money cannot buy you a better defence.,everyone using public defenders would equalize the criminal justice system.,1,1,"Việc phổ cập luật sư công cho tất cả mọi người sẽ tạo ra một sân chơi bình đẳng, nơi mà tiền bạc không thể mua được một sự bào chữa tốt hơn."
The use of public defenders should be mandatory,using public defenders would level the playing field in the court of law; people would be less likely to be able to buy their way out of legal troubles.,everyone using public defenders would equalize the criminal justice system.,1,1,"Dùng luật sư công sẽ giúp cân bằng cán cân công lý, khiến người ta khó có thể dùng tiền để chạy tội hơn."
Entrapment should be legalized,valuable information can often be gained through entrapment,entrapment should be legalized in order to catch pedophiles,1,0,Những thông tin giá trị thường có thể thu thập được thông qua các vụ gài bẫy.
We should subsidize student loans,"we cannot afford subsidizing student loans when there are other areas to focus on such as healthcare, infrastructure, and security.",student loans should be paid by the borrower like all other loans.,-1,0,"Chúng ta không thể gánh nổi việc trợ cấp các khoản vay sinh viên khi còn quá nhiều lĩnh vực khác cần ưu tiên như y tế, cơ sở hạ tầng và an ninh."
We should adopt a zero-tolerance policy in schools,we cannot continue to risk the lives of our children and a zero-tolerance policy is a step in the right direction toward solving this horrific problem.,clear boundaries and expectations must be set to protect students.,1,1,"Chúng ta không thể tiếp tục đánh cược mạng sống của con em mình, và chính sách không khoan nhượng chính là bước đi đúng đắn để giải quyết vấn đề khủng khiếp này."
We should end the use of economic sanctions,"we cannot let governments ignore people's human rights, economic sanctions are essential to stop these regimes having the money they want to continue their atrocities.",we should support economic sanctions to keep others from violating interests,-1,0,Chúng ta không thể để chính phủ phớt lờ nhân quyền; các lệnh trừng phạt kinh tế là cần thiết để cắt nguồn tài chính nuôi dưỡng các chế độ độc tài thực hiện tội ác.
We should subsidize student loans,we do not know the fate of these immature teenage loans. they do not know how to make decisions that have life-long consequences.,student loans should be paid by the borrower like all other loans.,-1,0,"Chúng ta chẳng thể biết được số phận của những khoản vay từ những người trẻ chưa đủ trưởng thành, vì họ vốn chưa đủ khả năng đưa ra những quyết định mang tính hệ quả cả đời."
We should ban algorithmic trading,we do not really know if this form of trading really works and it can be risky,algorithmic trading gives an unfair advantage in the market,1,0,"Chúng ta thực sự không biết liệu hình thức giao dịch này có hiệu quả hay không, và nó ẩn chứa quá nhiều rủi ro."
The use of public defenders should be mandatory,"we have a right to choose who we want to defend us, including defending ourselves.  making the use of public defenders mandatory takes away that right.",imposing use of public defenders takes away a person's right to choose.,-1,1,"Chúng ta có quyền lựa chọn người bảo vệ mình, bao gồm cả quyền tự vệ. Việc bắt buộc sử dụng luật sư công đã tước đi quyền đó của chúng ta."
We should subsidize student loans,"we have so much debt in this world and so many poor lacking food and healthcare, we can't afford to pay for someone's schooling.",student loans should be paid by the borrower like all other loans.,-1,0,"Thế giới hiện đang ngập trong nợ nần, trong khi biết bao người nghèo còn thiếu ăn, thiếu cả y tế, nên chúng ta không thể nào gánh thêm chi phí học tập cho người khác được."
We should end the use of economic sanctions,we need sanctions because it is a better option then going to war.,we should support economic sanctions to keep others from violating interests,-1,0,Chúng ta cần các lệnh trừng phạt vì đó là phương án tối ưu hơn so với việc phải gây chiến.
We should end the use of economic sanctions,we need to end the use of economic sanctions and start relying on americans to produce more goods.,economic sanctions affect poor people more than governments,1,0,Chúng ta cần chấm dứt các lệnh trừng phạt kinh tế và bắt đầu dựa vào việc tăng cường sản xuất hàng hóa của chính người Mỹ.
We should adopt a zero-tolerance policy in schools,"we need to set an example, therefore a zero-tolerance policy is the right model for us",clear boundaries and expectations must be set to protect students.,1,0,"Chúng ta cần phải làm gương, vì thế chính sách không khoan nhượng chính là mô hình chuẩn mực mà chúng ta nên theo đuổi."
We should ban algorithmic trading,we should  not ban algorithmic trading because if you can find a way to make money why should others be mad?,"algorithmic trading allows for more timely, accurate, and efficient trading.",-1,0,"Chúng ta không nên cấm giao dịch thuật toán, vì nếu bạn tìm được cách kiếm tiền thì hà cớ gì người khác phải tức tối?"
We should abolish the three-strikes laws,"we should abolish the three-strikes laws and just stick to one law, because it may stop reoffending if it's that harsh",people who have three minor offences are unfairly punished.,1,0,"Chúng ta nên bãi bỏ luật 'ba lần phạm lỗi' và chỉ áp dụng một mức án duy nhất, vì hình phạt nghiêm khắc ngay từ đầu có thể ngăn chặn tội phạm tái phạm hiệu quả hơn."
We should abolish the three-strikes laws,we should abolish the three-strikes laws because it is a waste of tax payers money to give criminals so many chances,people who have three minor offences are unfairly punished.,1,0,Chúng ta nên bãi bỏ luật 'ba lần phạm lỗi' vì việc cứ tiếp tục cho tội phạm thêm cơ hội chỉ là sự lãng phí tiền thuế của người dân.
We should abolish the three-strikes laws,we should abolish the three-strikes laws because it is not truly effective in reducing crimes,people who have three minor offences are unfairly punished.,1,0,Chúng ta nên bãi bỏ luật 'ba lần phạm lỗi' vì thực tế nó không hề mang lại hiệu quả trong việc giảm thiểu tỷ lệ tội phạm.
We should abolish the three-strikes laws,we should abolish the three-strikes laws because the criminals shouldn't be given more than one chance to turn their life around.,people who have three minor offences are unfairly punished.,1,0,Chúng ta nên bãi bỏ luật 'ba lần phạm lỗi' vì tội phạm không đáng được cho quá một cơ hội để thay đổi bản thân.
We should abolish the three-strikes laws,we should abolish the three-strikes laws because they discriminate against over-policed communities.,people who have three minor offences are unfairly punished.,1,0,Chúng ta nên bãi bỏ luật 'ba lần phạm lỗi' vì nó mang tính phân biệt đối xử với các cộng đồng đang bị cảnh sát kiểm soát quá mức.
We should abolish the three-strikes laws,we should abolish the three-strikes laws because they have no effect in detering crime,people who have three minor offences are unfairly punished.,1,0,Chúng ta nên bãi bỏ luật 'ba lần phạm lỗi' vì nó chẳng có tác dụng gì trong việc răn đe tội phạm cả.
We should abolish the three-strikes laws,"we should abolish the three-strikes laws because they introduce arbitrary punishment for some crimes over others, when the action was the same.",people who have three minor offences are unfairly punished.,1,1,Chúng ta nên bãi bỏ luật 'ba lần phạm lỗi' vì nó tạo ra những hình phạt tùy tiện cho cùng một hành vi phạm tội nhưng lại bị xét xử khác nhau.
We should abolish the three-strikes laws,"we should abolish the three-strikes laws because they were created to target african americans, and harm that community disproportionately.",people who have three minor offences are unfairly punished.,1,0,Chúng ta nên bãi bỏ luật 'ba lần phạm lỗi' vì nó vốn được tạo ra để nhắm vào người Mỹ gốc Phi và gây tổn hại nghiêm trọng cho cộng đồng này.
We should adopt a zero-tolerance policy in schools,we should adopt a zero-tolerance policy because it will keep kids disciplined and the schools will be safer,clear boundaries and expectations must be set to protect students.,1,1,Chúng ta nên áp dụng chính sách 'không khoan nhượng' vì nó giúp học sinh có kỷ luật hơn và môi trường học đường cũng sẽ an toàn hơn.
We should adopt a zero-tolerance policy in schools,we should adopt a zero-tolerance policy in schools because it will teach students to behave,clear boundaries and expectations must be set to protect students.,1,0,Chúng ta nên áp dụng chính sách 'không khoan nhượng' trong trường học vì nó là bài học thực tế để dạy học sinh biết cách cư xử đúng mực.
We should adopt a zero-tolerance policy in schools,we should adopt a zero-tolerance policy in schools since children need boundaries in order to thrive.,clear boundaries and expectations must be set to protect students.,1,1,Chúng ta nên áp dụng chính sách 'không khoan nhượng' trong trường học vì trẻ em cần có những giới hạn rõ ràng mới phát triển tốt được.
We should adopt a zero-tolerance policy in schools,we should adopt a zero-tolerance policy in schools then all the children will more likely behave,clear boundaries and expectations must be set to protect students.,1,0,Việc áp dụng chính sách 'không khoan nhượng' tại trường học sẽ giúp học sinh có ý thức kỷ luật tốt hơn.
We should adopt a zero-tolerance policy in schools,we should adopt a zero-tolerance policy in schools to avoid students acting badly and when they do breaks the rules they can learn from their mistakes,clear boundaries and expectations must be set to protect students.,1,0,"Chúng ta cần áp dụng chính sách 'không khoan nhượng' để ngăn chặn các hành vi sai lệch, từ đó giúp học sinh rút ra bài học sau mỗi lần mắc lỗi."
We should adopt a zero-tolerance policy in schools,we should adopt a zero-tolerance policy to protect all of our children.,clear boundaries and expectations must be set to protect students.,1,1,Chúng ta nên áp dụng chính sách 'không khoan nhượng' để bảo vệ sự an toàn cho tất cả học sinh.
We should ban algorithmic trading,we should ban algorithmic trading as it causes unpredictable volatility in the market.,algorithmic trading gives an unfair advantage in the market,1,0,Chúng ta nên cấm giao dịch thuật toán vì nó gây ra những biến động khó lường cho thị trường.
We should ban algorithmic trading,we should ban algorithmic trading as it disrupts the natural flow of the markets and creates artificial peaks and troughs.,algorithmic trading gives an unfair advantage in the market,1,0,"Việc cấm giao dịch thuật toán là cần thiết vì nó làm gián đoạn sự vận hành tự nhiên của thị trường, tạo ra những đợt tăng giảm giá ảo."
We should ban algorithmic trading,we should ban algorithmic trading because computers can fail and cause lots of money to be lost,algorithmic trading gives an unfair advantage in the market,1,0,Chúng ta nên cấm giao dịch thuật toán vì các lỗi kỹ thuật từ hệ thống máy tính có thể dẫn đến những tổn thất tài chính nặng nề.
We should ban algorithmic trading,we should ban algorithmic trading because it gives a select few an unfair advantage over others.,algorithmic trading gives an unfair advantage in the market,1,1,Chúng ta nên cấm giao dịch thuật toán vì nó tạo ra lợi thế bất công cho một nhóm nhỏ người chơi so với phần còn lại.
We should ban algorithmic trading,we should ban algorithmic trading because it gives unfair advantages to some.,algorithmic trading gives an unfair advantage in the market,1,1,Việc cấm giao dịch thuật toán là cần thiết vì nó mang lại lợi thế không công bằng cho một số cá nhân.
We should ban algorithmic trading,we should ban algorithmic trading because it is a dirty practice.,algorithmic trading gives an unfair advantage in the market,1,0,Chúng ta nên cấm giao dịch thuật toán vì đây là một chiêu trò giao dịch không lành mạnh.
We should ban algorithmic trading,"we should ban algorithmic trading because it uses pre-programmed data, not new data each time",algorithmic trading gives an unfair advantage in the market,1,0,Chúng ta nên cấm giao dịch thuật toán vì nó chỉ dựa trên dữ liệu lập trình sẵn thay vì phân tích dữ liệu mới theo thời gian thực.
We should ban algorithmic trading,we should ban algorithmic trading because most people have no idea how it works and if it is good for them or not,algorithmic trading gives an unfair advantage in the market,1,0,Chúng ta nên cấm giao dịch thuật toán vì đa số người dùng hoàn toàn mù mờ về cách thức vận hành cũng như việc nó có thực sự mang lại lợi ích cho họ hay không.
We should ban algorithmic trading,we should ban algorithmic trading because most people have no idea what it is and how it works,algorithmic trading gives an unfair advantage in the market,1,0,Chúng ta nên cấm giao dịch thuật toán vì hầu hết mọi người chẳng hiểu nó là gì và hoạt động ra sao.
We should ban algorithmic trading,we should ban algorithmic trading because trading should be done based on background knowledge.,algorithmic trading gives an unfair advantage in the market,1,0,Chúng ta nên cấm giao dịch thuật toán vì lẽ ra việc đầu tư phải được thực hiện dựa trên sự hiểu biết nền tảng và kiến thức chuyên môn.
We should ban cosmetic surgery,"we should ban cosmetic surgery as it is an unecessary risk which damages paitients, opens them up to infections and even death for non medically necessary reasons.",cosmetic surgery is an unnecessary health risk,1,1,"Chúng ta nên cấm phẫu thuật thẩm mỹ vì đây là những rủi ro không đáng có, gây tổn hại cho bệnh nhân và khiến họ đối mặt với nguy cơ nhiễm trùng, thậm chí tử vong vì những mục đích không xuất phát từ nhu cầu y tế thiết yếu."
We should ban cosmetic surgery,we should ban cosmetic surgery because doctors should spend their time helping people that need it not the people that want it,cosmetic surgery is an unnecessary health risk,1,0,"Chúng ta nên cấm phẫu thuật thẩm mỹ vì các bác sĩ nên dành thời gian cứu chữa cho những người thực sự cần, thay vì phục vụ những người chỉ đơn thuần là muốn làm đẹp."
We should ban cosmetic surgery,we should ban cosmetic surgery because the safety of the procedure is questionable and too many people are disfigured or die because of poorly trained doctors.,cosmetic surgery is an unnecessary health risk,1,1,"Chúng ta nên cấm phẫu thuật thẩm mỹ vì tính an toàn của các ca phẫu thuật này rất đáng nghi ngại, đã có quá nhiều người bị biến dạng hoặc mất mạng chỉ vì tay nghề của bác sĩ không đảm bảo."
We should ban cosmetic surgery,we should ban cosmetic surgery because there will a side effect that leads to more health problem.,cosmetic surgery is an unnecessary health risk,1,1,Chúng ta nên cấm phẫu thuật thẩm mỹ vì các tác dụng phụ của nó chắc chắn sẽ dẫn đến nhiều vấn đề sức khỏe nghiêm trọng hơn.
We should ban cosmetic surgery,we should ban cosmetic surgery since it can be a dangerous procedure that can kill you and the outcome is only superficial since beauty is only on the surface.,cosmetic surgery is an unnecessary health risk,1,1,"Chúng ta nên cấm phẫu thuật thẩm mỹ vì đây là thủ thuật nguy hiểm có thể đe dọa đến tính mạng, trong khi kết quả lại chỉ mang tính hời hợt vì vẻ đẹp thực chất không chỉ nằm ở bề ngoài."
We should ban algorithmic trading,we should ban this because it takes a large portion of jobs away from people.,algorithmic trading gives an unfair advantage in the market,1,0,Chúng ta nên cấm việc này vì nó đang tước đi cơ hội việc làm của rất nhiều người.
We should ban algorithmic trading,we should be free to decide how to trade as long as we assume the risks associated with it,"algorithmic trading allows for more timely, accurate, and efficient trading.",-1,0,Chúng ta nên được tự do quyết định cách thức giao dịch miễn là chúng ta chấp nhận các rủi ro đi kèm với nó.
We should ban algorithmic trading,we should certainly place a ban on algorithmic trading because it could create an unfair advantage for people that can afford it versus those who cannot,algorithmic trading gives an unfair advantage in the market,1,1,Chúng ta chắc chắn nên cấm giao dịch thuật toán vì nó có thể tạo ra lợi thế không công bằng cho những người có điều kiện so với những người không có.
We should ban cosmetic surgery,we should continue to support cosmetic surgery as these procedures help people feel better about themselves boosting self-esteem.,cosmetic surgery is a choice and bodily autonomy is paramount.,-1,0,"Chúng ta nên tiếp tục ủng hộ phẫu thuật thẩm mỹ vì những thủ thuật này giúp mọi người cảm thấy tự tin hơn về bản thân, từ đó nâng cao lòng tự trọng."
We should end racial profiling,we should definitely end racial profiling because every individual should be judged on their character alone.,we should end racial profiling because it a form of prejudice,1,0,Chúng ta nhất định phải chấm dứt việc phân biệt chủng tộc vì mỗi cá nhân cần được đánh giá chỉ dựa trên phẩm chất của chính họ.
We should end the use of economic sanctions,we should end economic sanctions as they provide no real value,economic sanctions affect poor people more than governments,1,0,Chúng ta nên chấm dứt các lệnh trừng phạt kinh tế vì chúng chẳng mang lại giá trị thực tiễn nào cả.
We should end racial profiling,we should end racial profiling because it is discriminatory and causes racial stereotyping,we should end racial profiling because it a form of prejudice,1,1,Chúng ta nên chấm dứt việc phân biệt chủng tộc vì nó mang tính kỳ thị và gây ra những định kiến về sắc tộc.
We should end racial profiling,"we should end racial profiling it only makes things worse it does stop crime, it only hurts innocent people.",we should end racial profiling because it a form of prejudice,1,0,Chúng ta nên chấm dứt việc phân biệt chủng tộc vì nó chỉ làm mọi thứ tồi tệ hơn; nó không ngăn chặn được tội phạm mà chỉ làm tổn thương những người vô tội.
We should end the use of economic sanctions,"we should end the usage of economic sanctions because it is incredibly cruel to the citizens of the country being sanctioned, especially the poor. sanctions don't necessarily stop wars either.",economic sanctions affect poor people more than governments,1,1,"Chúng ta nên chấm dứt việc sử dụng các lệnh trừng phạt kinh tế vì nó cực kỳ tàn nhẫn đối với công dân của quốc gia bị trừng phạt, đặc biệt là người nghèo. Hơn nữa, các lệnh trừng phạt cũng không nhất thiết ngăn chặn được chiến tranh."
We should end the use of economic sanctions,we should end the use of economic sanctions because sometimes they don't work how they should and it just hurts countries economically,economic sanctions affect poor people more than governments,1,0,Chúng ta nên chấm dứt sử dụng các lệnh trừng phạt kinh tế vì đôi khi chúng không đem lại hiệu quả như mong muốn và chỉ gây tổn hại về mặt kinh tế cho các quốc gia.
We should end the use of economic sanctions,we should end the use of economic sanctions because they are costly,economic sanctions affect poor people more than governments,1,0,Chúng ta nên chấm dứt sử dụng các lệnh trừng phạt kinh tế vì chúng rất tốn kém.
We should end the use of economic sanctions,we should end the use of economic sanctions to help our goal of peace.,economic sanctions affect poor people more than governments,1,0,Chúng ta nên chấm dứt việc áp dụng các lệnh trừng phạt kinh tế để tiến gần hơn tới mục tiêu hòa bình.
We should end the use of economic sanctions,we should end the use of economic sanctions to save time,economic sanctions affect poor people more than governments,1,0,Chúng ta nên bãi bỏ các lệnh trừng phạt kinh tế để tiết kiệm thời gian.
We should subsidize student loans,"we should invest in the young generations and support them in their education, especially when higher education is so expensive.",subsidizing student loans would encourage more to pursue higher education.,1,1,"Chúng ta nên đầu tư và hỗ trợ thế hệ trẻ trong học tập, nhất là khi học phí đại học đang trở nên quá đắt đỏ."
We should abolish the three-strikes laws,we should not abolish the three strikes law since this would promote lawlessness and would make our society a dangerous one to live in.,the three-strikes law is good at keeping criminals off of the streets,-1,1,Chúng ta không nên bãi bỏ luật 'ba lần phạm tội' vì điều này sẽ tạo tiền đề cho sự vô pháp và khiến xã hội trở nên nguy hiểm hơn.
We should abolish the three-strikes laws,we should not abolish the three-strikes laws because sometimes people learn from their mistakes and change,the three-strikes law is good at keeping criminals off of the streets,-1,0,Chúng ta không nên bãi bỏ luật 'ba lần phạm tội' vì đôi khi con người có thể rút ra bài học từ sai lầm và thay đổi.
We should abolish the three-strikes laws,we should not abolish the three-strikes laws because they are popular with voters and it would be undemocratic to remove them.,the three-strikes law is good at keeping criminals off of the streets,-1,0,"Chúng ta không nên bãi bỏ luật 'ba lần phạm tội' vì nó nhận được sự ủng hộ từ cử tri, và việc loại bỏ nó sẽ đi ngược lại tinh thần dân chủ."
We should adopt a zero-tolerance policy in schools,we should not adopt a zero-tolerance policy because it is too restricting and suppressing.,zero-tolerance policies in schools are too strict and unnecessary,-1,1,Chúng ta không nên áp dụng chính sách 'không khoan nhượng' vì nó quá gò bó và mang tính áp đặt.
We should adopt a zero-tolerance policy in schools,we should not adopt a zero-tolerance policy in schools because every one makes a mistake and should be forgiven.,zero-tolerance policies in schools are too strict and unnecessary,-1,0,Chúng ta không nên áp dụng chính sách 'không khoan nhượng' trong trường học vì ai cũng có lúc sai lầm và xứng đáng được tha thứ.
We should adopt a zero-tolerance policy in schools,we should not adopt a zero-tolerance policy in schools because kicking a child out of school sure in heck does nothing to educate them.,zero-tolerance policies in schools are too strict and unnecessary,-1,0,Chúng ta không nên áp dụng chính sách 'không khoan nhượng' trong trường học vì việc đuổi học một đứa trẻ chẳng giúp ích gì cho quá trình giáo dục chúng cả.
We should adopt a zero-tolerance policy in schools,we should not adopt a zero-tolerance policy in schools because sometimes the teachers are too strict on the children,zero-tolerance policies in schools are too strict and unnecessary,-1,1,Chúng ta không nên áp dụng chính sách 'không khoan nhượng' trong trường học vì đôi khi giáo viên đang quá khắt khe với học sinh.
We should ban algorithmic trading,we should not ban algorithmic trading as it can help teach people how to trade until they are ready to do it for themselves.,"algorithmic trading allows for more timely, accurate, and efficient trading.",-1,0,Chúng ta không nên cấm giao dịch thuật toán vì nó là công cụ hỗ trợ đắc lực giúp người dùng làm quen và học cách đầu tư cho đến khi họ đủ bản lĩnh tự thực hiện.
We should ban algorithmic trading,we should not ban algorithmic trading because a lot of the time it helps the poorer countries,"algorithmic trading allows for more timely, accurate, and efficient trading.",-1,0,"Chúng ta không nên cấm giao dịch thuật toán vì về cơ bản, nó mang lại nhiều lợi ích thiết thực cho các quốc gia đang phát triển."
We should ban algorithmic trading,we should not ban algorithmic trading because computers are smarter than people,"algorithmic trading allows for more timely, accurate, and efficient trading.",-1,0,Chúng ta không nên cấm giao dịch thuật toán bởi lẽ máy tính sở hữu khả năng phân tích vượt trội hơn hẳn con người.
We should ban algorithmic trading,we should not ban algorithmic trading because if people can find a way to beat the system they should not be punished.,"algorithmic trading allows for more timely, accurate, and efficient trading.",-1,0,"Chúng ta không nên cấm giao dịch thuật toán, vì nếu một người có khả năng tìm ra cách để tối ưu hóa hệ thống thì họ không đáng bị trừng phạt."
We should ban algorithmic trading,we should not ban algorithmic trading because it helps the poorer companies and without it the richer countries might take advantage of the poorer ones,"algorithmic trading allows for more timely, accurate, and efficient trading.",-1,0,"Chúng ta không nên cấm giao dịch thuật toán vì nó giúp các công ty nhỏ có chỗ đứng, tránh việc bị các quốc gia giàu mạnh chèn ép hay lợi dụng."
We should ban cosmetic surgery,we should not ban because it helps people feel good about themselves and improve their confidence.,cosmetic surgery is a choice and bodily autonomy is paramount.,-1,0,Chúng ta không nên cấm giao dịch thuật toán vì nó giúp người dùng cảm thấy tự tin hơn và có cái nhìn tích cực hơn về khả năng của bản thân.
We should ban cosmetic surgery,we should not ban cosmetic surgery because it could help a disfigured person regain confidence.,cosmetic surgery is a choice and bodily autonomy is paramount.,-1,0,Chúng ta không nên cấm phẫu thuật thẩm mỹ vì nó có thể giúp những người bị dị tật lấy lại sự tự tin trong cuộc sống.
We should ban cosmetic surgery,we should not ban cosmetic surgery because it would reduce the pool of surgeons able to perform reconstructive surgery on victims of accidents and of diseases such as cancer,cosmetic surgery is a choice and bodily autonomy is paramount.,-1,0,"Chúng ta không nên cấm phẫu thuật thẩm mỹ, vì điều này sẽ làm giảm nguồn nhân lực bác sĩ có đủ kỹ năng thực hiện các ca phẫu thuật tái tạo cho nạn nhân tai nạn hoặc bệnh nhân ung thư."
We should ban cosmetic surgery,we should not ban cosmetic surgery because it's been deemed safe by the fda and it is ultimately an individual's choice whether to undergo such a procedure.,cosmetic surgery is a choice and bodily autonomy is paramount.,-1,1,Chúng ta không nên cấm phẫu thuật thẩm mỹ vì các thủ tục này đã được FDA kiểm chứng an toàn và quyền quyết định cuối cùng phải thuộc về cá nhân người đó.
We should ban cosmetic surgery,we should not ban cosmetic surgery because many people are really needing it specially when the surgery should be taken to save lives of people.,cosmetic surgery is a choice and bodily autonomy is paramount.,-1,0,"Chúng ta không nên cấm phẫu thuật thẩm mỹ vì rất nhiều người thực sự cần đến nó, đặc biệt là trong những trường hợp cấp thiết để cứu sống con người."
We should ban cosmetic surgery,we should not ban cosmetic surgery because people have a right to spend their money how and on what they want,cosmetic surgery is a choice and bodily autonomy is paramount.,-1,1,Chúng ta không nên cấm phẫu thuật thẩm mỹ vì mọi người có quyền tự do chi tiêu tiền bạc của mình cho bất cứ thứ gì họ muốn.
We should ban cosmetic surgery,we should not ban cosmetic surgery because some people need it done to improve their health and lifestyle,cosmetic surgery is a choice and bodily autonomy is paramount.,-1,0,Chúng ta không nên cấm phẫu thuật thẩm mỹ vì nhiều người thực sự cần nó để cải thiện sức khỏe và chất lượng cuộc sống.
We should ban cosmetic surgery,we should not ban cosmetic surgery cause people have the right to spend their money how they want to,cosmetic surgery is a choice and bodily autonomy is paramount.,-1,1,Chúng ta không nên cấm phẫu thuật thẩm mỹ vì ai cũng có quyền sử dụng tiền của mình theo cách họ muốn.
We should ban cosmetic surgery,we should not ban cosmetic surgery people some people don't like how they look and it's their money if they want to change that,cosmetic surgery is a choice and bodily autonomy is paramount.,-1,1,"Chúng ta không nên cấm phẫu thuật thẩm mỹ vì nếu một người không hài lòng với ngoại hình của mình và muốn thay đổi, đó là quyền cá nhân và tiền bạc của họ."
We should end racial profiling,we should not end racial profiling because people of certain races tend to commit more crimes,racial profiling helps to identify potential suspects,-1,0,Chúng ta không nên xóa bỏ việc kiểm soát dựa trên chủng tộc vì có những sắc tộc có xu hướng phạm tội cao hơn.
We should end the use of economic sanctions,we should not end the use of economic sanctions because in the long term they can achieve significant results such as the end of the apartheid regime in south africa,we should support economic sanctions to keep others from violating interests,-1,0,"Chúng ta không nên chấm dứt các lệnh trừng phạt kinh tế vì về lâu dài, chúng mang lại kết quả đáng kể như việc xóa bỏ chế độ phân biệt chủng tộc ở Nam Phi."
We should end the use of economic sanctions,we should not end the use of economic sanctions because it gives us an edge over an enemy.,we should support economic sanctions to keep others from violating interests,-1,0,Chúng ta không nên chấm dứt các lệnh trừng phạt kinh tế vì nó giúp chúng ta tạo lợi thế trước đối thủ.
We should end the use of economic sanctions,we should not end the use of economic sanctions due to our economy being so fragile.,we should support economic sanctions to keep others from violating interests,-1,0,Chúng ta không nên chấm dứt các lệnh trừng phạt kinh tế vì nền kinh tế của chúng ta hiện đang rất dễ bị tổn thương.
The use of public defenders should be mandatory,we should not make the use of public defenders as mandatory as one should have the freedom to hire their defense team if they think they can get better represented.,imposing use of public defenders takes away a person's right to choose.,-1,1,Chúng ta không nên bắt buộc sử dụng luật sư công vì mỗi người cần có quyền tự do thuê đội ngũ pháp lý nếu họ tin rằng mình sẽ được đại diện tốt hơn.
We should subsidize student loans,we should not subside students loans because for many kids it takes them decades to pay off and the interest accumulates.,student loans should be paid by the borrower like all other loans.,-1,0,Chúng ta không nên trợ cấp các khoản vay sinh viên vì thực tế nhiều bạn trẻ phải mất hàng chục năm để trả nợ trong khi lãi suất thì cứ chồng chất.
We should subsidize student loans,we should not subsidize student loan beacause student loan debt is one of the major causes of the economic downfall,student loans should be paid by the borrower like all other loans.,-1,0,Chúng ta không nên trợ cấp khoản vay sinh viên vì nợ vay học tập chính là một trong những nguyên nhân lớn dẫn đến suy thoái kinh tế.
We should subsidize student loans,we should not subsidize student loans because it is each individuals choice to continue to study so they take the responsibility to pay for it.,student loans should be paid by the borrower like all other loans.,-1,1,"Chúng ta không nên trợ cấp khoản vay sinh viên vì việc tiếp tục học tập là lựa chọn của mỗi cá nhân, nên họ phải có trách nhiệm tự chi trả."
We should subsidize student loans,we should not subsidize student loans because it was a personal decision and responsibility to accept the loan,student loans should be paid by the borrower like all other loans.,-1,1,Chúng ta không nên trợ cấp khoản vay sinh viên vì việc chấp nhận khoản vay ngay từ đầu đã là quyết định và trách nhiệm cá nhân.
We should subsidize student loans,"we should not subsidize student loans since higher education is a personal choice. if you want to borrow money for college, you should have to repay it, including interest.",student loans should be paid by the borrower like all other loans.,-1,1,"Chúng ta không nên trợ cấp khoản vay sinh viên vì học đại học là lựa chọn cá nhân. Nếu đã vay tiền để đi học thì phải có trách nhiệm hoàn trả, bao gồm cả lãi suất."
We should subsidize student loans,we should pay for student loans because then less privileged children could get an education and have more of a chance of getting out of a poor lifestyle.,subsidizing student loans would encourage more to pursue higher education.,1,0,Chúng ta nên hỗ trợ các khoản vay sinh viên để những bạn trẻ có hoàn cảnh khó khăn có cơ hội tiếp cận giáo dục và thoát khỏi cảnh nghèo đói.
We should subsidize student loans,we should subsidize student loans as the cost of further education is astronomical and puts many people off so we end up with a less educated population.,subsidizing student loans would encourage more to pursue higher education.,1,1,"Chúng ta nên trợ cấp khoản vay sinh viên vì học phí hiện nay quá đắt đỏ khiến nhiều người chùn bước, dẫn đến việc mặt bằng dân trí tổng thể bị giảm sút."
We should subsidize student loans,we should subsidize student loans as these are our future leaders and workers and we want to ensure their success in order to secure the countries success.,subsidizing student loans would encourage more to pursue higher education.,1,0,Chúng ta nên trợ cấp khoản vay sinh viên vì họ chính là những nhà lãnh đạo và lực lượng lao động tương lai; đầu tư cho sự thành công của họ cũng chính là đảm bảo sự phát triển của quốc gia.
We should subsidize student loans,we should subsidize student loans because it can help them manage future finances,subsidizing student loans would encourage more to pursue higher education.,1,0,Chúng ta nên trợ cấp khoản vay sinh viên vì điều này giúp họ quản lý tài chính cá nhân tốt hơn trong tương lai.
We should subsidize student loans,we should subsidize student loans because it gives students an option to further their education,subsidizing student loans would encourage more to pursue higher education.,1,1,Chúng ta nên trợ cấp khoản vay sinh viên vì nó tạo điều kiện cho sinh viên có thêm lựa chọn để theo đuổi con đường học vấn.
We should subsidize student loans,we should subsidize student loans to help students that cannot afford to go to college with a low interest on the loan,subsidizing student loans would encourage more to pursue higher education.,1,0,Chúng ta nên trợ cấp khoản vay sinh viên để hỗ trợ những bạn không có khả năng chi trả học phí thông qua việc áp dụng mức lãi suất thấp.
We should subsidize student loans,"we should subsidize students loans so that more kids can get a better education, they are the future after all and we will need doctors, engineers, scientists, etc.",subsidizing student loans would encourage more to pursue higher education.,1,1,"Chúng ta nên trợ cấp vốn vay sinh viên để nhiều bạn trẻ có cơ hội tiếp cận giáo dục tốt hơn; suy cho cùng, họ chính là tương lai của đất nước, và chúng ta rất cần những bác sĩ, kỹ sư, nhà khoa học trong tương lai."
The use of public defenders should be mandatory,we should try to cut costs since our debt is at dangerous levels,imposing use of public defenders takes away a person's right to choose.,-1,0,Chúng ta cần cắt giảm chi tiêu vì mức nợ công hiện tại đã chạm ngưỡng nguy hiểm rồi.
We should abolish the three-strikes laws,we shouldn't abolish the three-strikes laws because sometimes it takes people more than one chance to turn their lives around.,the three-strikes law is good at keeping criminals off of the streets,-1,0,Chúng ta không nên bãi bỏ luật 'ba lần phạm lỗi' vì đôi khi con người cần nhiều hơn một cơ hội để làm lại cuộc đời.
We should adopt a zero-tolerance policy in schools,we shouldn't adapt a zero tolerance policy in schools because everyone deserves a second chance. especially children who are still being molded into the people they will become.,zero-tolerance policies in schools are too strict and unnecessary,-1,0,"Chúng ta không nên áp dụng chính sách 'không khoan nhượng' ở trường học vì ai cũng xứng đáng có cơ hội thứ hai, nhất là với trẻ em - lứa tuổi vẫn đang trong quá trình hình thành nhân cách."
We should adopt a zero-tolerance policy in schools,we shouldn't adopt a zero tolerance policy in schools because it could cause kids to be wrongfully punished due to misunderstandings for example protecting themselves against a bully,zero-tolerance policies in schools are too strict and unnecessary,-1,0,"Chúng ta không nên áp dụng chính sách 'không khoan nhượng' trong trường học vì nó dễ khiến học sinh bị phạt oan do những hiểu lầm, ví dụ như trường hợp các em tự vệ trước kẻ bắt nạt."
We should adopt a zero-tolerance policy in schools,we shouldn't adopt a zero-tolerance policy in schools because a misunderstanding can cause innocent students to be suspended or expelled,zero-tolerance policies in schools are too strict and unnecessary,-1,0,Chúng ta không nên áp dụng chính sách 'không khoan nhượng' ở trường học vì chỉ cần một hiểu lầm nhỏ cũng có thể khiến những học sinh vô tội bị đình chỉ hoặc đuổi học.
We should adopt a zero-tolerance policy in schools,we shouldn't adopt a zero-tolerance policy in schools because it doesn't actually improve school safety and some of the suspensions are unfair,zero-tolerance policies in schools are too strict and unnecessary,-1,0,"Chúng ta không nên áp dụng chính sách 'không khoan nhượng' vì thực tế nó chẳng giúp trường học an toàn hơn, trong khi số lượng án kỷ luật lại thường rất bất công."
We should end the use of economic sanctions,we shouldn't end it because all sorts of illegal things can come into the country.,we should support economic sanctions to keep others from violating interests,-1,0,"Chúng ta không nên chấm dứt việc này vì nếu không, đủ loại hàng lậu và vấn đề bất hợp pháp sẽ tràn vào nước ta."
We should end the use of economic sanctions,we shouldn't end the use of economic sanctions because it will be more effective,we should support economic sanctions to keep others from violating interests,-1,0,Chúng ta không nên dỡ bỏ các lệnh trừng phạt kinh tế vì duy trì chúng sẽ mang lại hiệu quả tốt hơn.
We should subsidize student loans,we shouldn't subsidize student loans because it puts large amounts of money back into the economy.,student loans should be paid by the borrower like all other loans.,-1,0,Chúng ta không nên trợ cấp vốn vay sinh viên vì việc này sẽ giúp giữ lại một lượng tiền lớn cho nền kinh tế thay vì bơm ra ngoài.
We should subsidize student loans,we shouldn't subsidize student loans because it will lead the student to be in debt,student loans should be paid by the borrower like all other loans.,-1,0,Chúng ta không nên trợ giá các khoản vay sinh viên vì điều đó chỉ khiến sinh viên thêm nợ nần chồng chất.
We should subsidize student loans,we shouldn't subsidize student loans because they are already cheap enough and i don't think the banks would be able to handle any lower prices.,student loans should be paid by the borrower like all other loans.,-1,0,"Việc trợ giá các khoản vay sinh viên là không cần thiết vì lãi suất hiện tại đã đủ thấp rồi, hơn nữa tôi không nghĩ các ngân hàng có thể chịu nổi mức giá thấp hơn nữa đâu."
Entrapment should be legalized,whatever it takes to catch a criminal is a good thing.  the end result of getting dangerous people off of the streets is all that matters.,entrapment should be legalized in order to catch pedophiles,1,0,Bằng mọi giá để bắt tội phạm là việc làm đúng đắn. Kết quả cuối cùng là loại bỏ được những kẻ nguy hiểm ra khỏi xã hội mới là điều quan trọng nhất.
The use of public defenders should be mandatory,"when criminals need a lawyer, public defenders are mostly their only option and should be used automatically.",everyone using public defenders would equalize the criminal justice system.,1,0,"Khi tội phạm cần luật sư, các luật sư công thường là lựa chọn duy nhất và nên được chỉ định tự động cho họ."
Entrapment should be legalized,when it is known that someone has committed a crime but it cannot be proven then entrapment provides an effective way of proving what they are capable of.,entrapment should be legalized in order to catch pedophiles,1,0,"Khi biết rõ ai đó đã phạm tội nhưng không thể chứng minh được, thì cài bẫy là cách hiệu quả để làm rõ bản chất của họ."
Entrapment should be legalized,when the only way to catch a criminal is to engage in a way that captures evidence during entrapment it is so valuable to society that it should be legalized.,entrapment should be legalized in order to catch pedophiles,1,0,"Khi cách duy nhất để bắt tội phạm là cài bẫy để thu thập bằng chứng, thì phương pháp này mang lại giá trị lớn cho xã hội và nên được hợp pháp hóa."
We should subsidize student loans,"wider availability of student loans creates a glut of over-educated, under-employed individuals contributing less to society - money would be better investing in vocational education.",student loans should be paid by the borrower like all other loans.,-1,0,"Việc các khoản vay sinh viên quá dễ tiếp cận tạo ra một thế hệ thừa bằng cấp nhưng thiếu việc làm, gây lãng phí nguồn lực xã hội - thay vào đó, đầu tư vào giáo dục nghề nghiệp sẽ hiệu quả hơn nhiều."
We should end the use of economic sanctions,without the use of economic sanctions a country has very little way of objecting to another country's actions without resorting to violence.,we should support economic sanctions to keep others from violating interests,-1,0,"Nếu không có các lệnh trừng phạt kinh tế, một quốc gia chẳng còn cách nào khác để phản đối hành động của nước khác ngoài việc sử dụng vũ lực."
The use of public defenders should be mandatory,you should be able to hire any lawyer you can to defend yourself from charges.,imposing use of public defenders takes away a person's right to choose.,-1,1,Bạn nên có quyền thuê bất kỳ luật sư nào mà mình có khả năng chi trả để bào chữa cho bản thân.
The use of public defenders should be mandatory,you should prohibit the use of public defenders since they often do not provide good service,imposing use of public defenders takes away a person's right to choose.,-1,0,Nên cấm sử dụng các luật sư công vì chất lượng dịch vụ của họ thường không đảm bảo.
We should adopt a zero-tolerance policy in schools,young people need clear boundaries and rules so that every pupil can be educated in a calm and orderly school.,clear boundaries and expectations must be set to protect students.,1,1,Học sinh cần những quy tắc và giới hạn rõ ràng để đảm bảo môi trường học đường luôn ổn định và kỷ luật.
We should adopt a zero-tolerance policy in schools,zero tolerance do not improve the violence  of the students,zero-tolerance policies in schools are too strict and unnecessary,-1,0,Chính sách không khoan nhượng không hề giúp giảm thiểu tình trạng bạo lực học đường.
We should adopt a zero-tolerance policy in schools,zero tolerance has proven to be ineffective.,zero-tolerance policies in schools are too strict and unnecessary,-1,0,Thực tế đã chứng minh chính sách không khoan nhượng là không hiệu quả.
We should adopt a zero-tolerance policy in schools,zero tolerance leaves no room for individual cases where it may do more harm than good,zero-tolerance policies in schools are too strict and unnecessary,-1,0,"Chính sách không khoan nhượng không có sự linh hoạt cho những trường hợp đặc biệt, đôi khi còn gây tác dụng ngược."
We should adopt a zero-tolerance policy in schools,zero tolerance polices limit implicit bias by requiring the same punishments for students of different races/backgrounds.,clear boundaries and expectations must be set to protect students.,1,0,Các chính sách không khoan nhượng giúp hạn chế định kiến bằng cách áp dụng hình phạt đồng nhất cho học sinh ở mọi sắc tộc và hoàn cảnh.
We should adopt a zero-tolerance policy in schools,zero tolerance policies can lead to better outcomes in school,clear boundaries and expectations must be set to protect students.,1,0,Chính sách không khoan nhượng có thể mang lại kết quả học tập tốt hơn cho học sinh.
We should adopt a zero-tolerance policy in schools,zero tolerance policies do not improve school safety.,zero-tolerance policies in schools are too strict and unnecessary,-1,0,Các chính sách không khoan nhượng thực chất không giúp cải thiện an ninh trường học.
We should adopt a zero-tolerance policy in schools,zero tolerance policies don't take into account the needs of individual students.,zero-tolerance policies in schools are too strict and unnecessary,-1,0,Chính sách không khoan nhượng hoàn toàn phớt lờ nhu cầu và hoàn cảnh riêng biệt của từng học sinh.
We should adopt a zero-tolerance policy in schools,zero tolerance policies enforce fair punishment for everyone by treating all offenses the same way,clear boundaries and expectations must be set to protect students.,1,0,Chính sách không khoan nhượng đảm bảo tính công bằng bằng cách xử lý mọi vi phạm như nhau.
We should adopt a zero-tolerance policy in schools,zero tolerance policy in schools would help kids behave better,clear boundaries and expectations must be set to protect students.,1,0,Việc áp dụng chính sách không khoan nhượng trong trường học sẽ giúp học sinh cư xử đúng mực hơn.
We should adopt a zero-tolerance policy in schools,zero tolerance stifles young people from expressing themselves and learning from their mistakes.,zero-tolerance policies in schools are too strict and unnecessary,-1,0,Chính sách không khoan nhượng thực chất đang kìm hãm khả năng thể hiện bản thân và cơ hội rút kinh nghiệm từ sai lầm của người trẻ.
We should adopt a zero-tolerance policy in schools,zero tolerance will improve educational standards and behaviour leading to better learning outcomes.,clear boundaries and expectations must be set to protect students.,1,0,"Việc áp dụng chính sách không khoan nhượng sẽ nâng cao tiêu chuẩn giáo dục và kỷ luật, từ đó mang lại kết quả học tập tốt hơn."
We should adopt a zero-tolerance policy in schools,zero-tolerance does not take in to consideration special circumstances that may be present and will punish children without getting all the facts.,zero-tolerance policies in schools are too strict and unnecessary,-1,0,"Chính sách không khoan nhượng thường bỏ qua những hoàn cảnh đặc biệt, dẫn đến việc trừng phạt học sinh mà chưa nắm rõ bản chất sự việc."
We should adopt a zero-tolerance policy in schools,zero-tolerance policies are a waste of time.,zero-tolerance policies in schools are too strict and unnecessary,-1,0,Các chính sách không khoan nhượng chỉ là sự lãng phí thời gian.
We should adopt a zero-tolerance policy in schools,zero-tolerance policies are too far-reaching and punish too harshly minor infractions.,zero-tolerance policies in schools are too strict and unnecessary,-1,1,Chính sách không khoan nhượng đang bị áp dụng quá đà và trừng phạt quá nặng tay đối với những lỗi vi phạm nhỏ.
We should adopt a zero-tolerance policy in schools,zero-tolerance policies are unreasonable and antithetical to the learning process.,zero-tolerance policies in schools are too strict and unnecessary,-1,1,Các chính sách không khoan nhượng là vô lý và đi ngược lại với tinh thần của quá trình học tập.
We should adopt a zero-tolerance policy in schools,zero-tolerance policies do not increase discipline at schools.,zero-tolerance policies in schools are too strict and unnecessary,-1,0,Chính sách không khoan nhượng hoàn toàn không giúp cải thiện kỷ luật tại trường học.
We should adopt a zero-tolerance policy in schools,zero-tolerance policies do not take into account the individual and leads to children who could have been helped failing in life.,zero-tolerance policies in schools are too strict and unnecessary,-1,0,Việc không quan tâm đến cá tính riêng biệt trong chính sách không khoan nhượng khiến nhiều học sinh đáng lẽ có thể được giúp đỡ lại rơi vào bế tắc.
We should adopt a zero-tolerance policy in schools,"zero-tolerance policies force the same rules to be applied to all students, reducing discrimination",clear boundaries and expectations must be set to protect students.,1,0,"Chính sách không khoan nhượng đảm bảo các quy định được áp dụng công bằng cho mọi học sinh, giúp giảm thiểu sự phân biệt đối xử."
We should adopt a zero-tolerance policy in schools,zero-tolerance policies have harmful long-term effects. students who are expelled or suspended are more likely to drop out of high school.,zero-tolerance policies in schools are too strict and unnecessary,-1,0,"Các chính sách không khoan nhượng gây ra những hệ lụy lâu dài, khi học sinh bị đình chỉ hoặc đuổi học sẽ có nguy cơ bỏ học cao hơn."
We should adopt a zero-tolerance policy in schools,zero-tolerance policies help keep kids safe.,clear boundaries and expectations must be set to protect students.,1,1,Chính sách không khoan nhượng giúp bảo vệ học sinh tốt hơn.
We should adopt a zero-tolerance policy in schools,zero-tolerance policies in school are necessary to ensure a safe environment for students.,clear boundaries and expectations must be set to protect students.,1,1,Áp dụng chính sách không khoan nhượng trong trường học là cần thiết để đảm bảo môi trường an toàn cho học sinh.
We should adopt a zero-tolerance policy in schools,zero-tolerance policies provide a safe space,clear boundaries and expectations must be set to protect students.,1,1,Chính sách không khoan nhượng tạo ra một môi trường an toàn.
We should adopt a zero-tolerance policy in schools,zero-tolerance policies unfairly target students of color and perpetuate stereotypes.,zero-tolerance policies in schools are too strict and unnecessary,-1,0,Chính sách không khoan nhượng đang nhắm vào học sinh da màu một cách bất công và củng cố thêm các định kiến sai lệch.
We should adopt a zero-tolerance policy in schools,zero-tolerance policy in schools drives problem students even deeper into a hopeless situation and removes opportunity for reform and redirection onto a path of productivity.,zero-tolerance policies in schools are too strict and unnecessary,-1,0,"Chính sách không khoan nhượng đẩy những học sinh cá biệt vào tình thế bế tắc, tước đi cơ hội để các em sửa sai và quay trở lại con đường học tập hiệu quả."
We should adopt a zero-tolerance policy in schools,zero-tolerance reinforces behavioural patterns and does not address underlying problems that lead to the situation,zero-tolerance policies in schools are too strict and unnecessary,-1,0,Cách tiếp cận không khoan nhượng chỉ tập trung vào việc trừng phạt bề nổi mà không giải quyết được nguyên nhân gốc rễ dẫn đến hành vi sai trái.
We should adopt a zero-tolerance policy in schools,"zero-tolerance results in an overly disciplinarian approach, and is unable to distinguish between all the subtle gradations of rule-breaking.",zero-tolerance policies in schools are too strict and unnecessary,-1,1,"Chính sách không khoan nhượng tạo ra tư duy kỷ luật cực đoan, thiếu sự linh hoạt để phân biệt các mức độ vi phạm khác nhau."
We should ban cosmetic surgery,a lack of confidence due to appearance can have a crippling impact on poeple's lives and cosmetic surgery can help reduce this.,"cosmetic surgery is safe, and can help people.",-1,0,"Việc thiếu tự tin vì ngoại hình có thể gây ra những ảnh hưởng tiêu cực nghiêm trọng đến cuộc sống, và phẫu thuật thẩm mỹ chính là giải pháp giúp cải thiện vấn đề này."
Entrapment should be legalized,a person could be tempted to commit a crime they would not otherwise have done if faced with entrapment practices.,entrapment can be abused and corner innocent people.,-1,0,"Một người có thể bị cám dỗ thực hiện hành vi phạm tội mà nếu không bị gài bẫy, họ đã không bao giờ làm điều đó."
We should ban cosmetic surgery,a person has the right to choose cosmetic surgery if they want to and they should not be prevented from doing so.,"cosmetic surgery is safe, and can help people.",-1,0,Mỗi cá nhân có quyền tự do lựa chọn phẫu thuật thẩm mỹ và không ai có quyền ngăn cản họ thực hiện quyền đó.
We should subsidize student loans,a student does not have the resources to pay for the high cost of college,student loans is a help for those who do not have resources,1,1,Sinh viên làm gì có đủ tiềm lực tài chính để chi trả cho học phí đại học đắt đỏ.
We should subsidize student loans,a student loan is a loan that the person chose to take out.  there's no reason to offer a subsidy for them any more than any other type of loan.,student loans can be expensive and put young people in debt,-1,0,"Khoản vay sinh viên là lựa chọn cá nhân của mỗi người, chẳng có lý do gì để chính phủ phải trợ giá cho nó nhiều hơn các loại hình vay vốn khác cả."
We should ban algorithmic trading,a well-known economist has come out to say that algorithmic trading will be the doom of our economy,algorithmic trading can cause unnatural market movements.,1,0,Một chuyên gia kinh tế nổi tiếng đã lên tiếng cảnh báo rằng giao dịch thuật toán sẽ là dấu chấm hết cho nền kinh tế của chúng ta.
We should adopt a zero-tolerance policy in schools,a zero tolerance approach is an excellent deterrent to prevent all types of unwanted behavior from bullying to carrying weapons to make schools a much safer place for everyone.,ero-toleraanfce creates a stable learning environment and encourages better behaviour,1,0,"Cách tiếp cận 'không khoan nhượng' là biện pháp răn đe cực kỳ hiệu quả để ngăn chặn mọi hành vi tiêu cực, từ bắt nạt học đường đến mang vũ khí, giúp trường học trở thành môi trường an toàn hơn cho tất cả mọi người."
We should adopt a zero-tolerance policy in schools,a zero-tolerance policy does not teach anything since it does not give a child the chance to correct the problem and show that they have learned a lesson.,a zero tolerance policy is unfair for minimal infractions.,-1,0,"Chính sách không khoan nhượng chẳng dạy được học sinh điều gì, bởi nó tước đi cơ hội để trẻ tự sửa sai và chứng minh rằng chúng đã rút ra được bài học cho bản thân."
We should adopt a zero-tolerance policy in schools,a zero-tolerance policy gives administrators no leeway if a student commits a less than serious crime.,a zero tolerance policy is unfair for minimal infractions.,-1,1,Chính sách không khoan nhượng khiến ban giám hiệu không còn chút linh động nào nếu học sinh phạm phải một lỗi không quá nghiêm trọng.
We should adopt a zero-tolerance policy in schools,"a zero-tolerance policy improves discipline in schools and lets children know exactly where they stand, allowing the concentration to be on learning.",ero-toleraanfce creates a stable learning environment and encourages better behaviour,1,1,"Chính sách không khoan nhượng giúp cải thiện kỷ luật trong trường học, giúp học sinh biết rõ giới hạn của mình, từ đó tập trung vào việc học tập."
We should adopt a zero-tolerance policy in schools,"a zero-tolerance policy in school is impracticle when it comes to bullying and fighting as situations are often complicated and long-standing, sometimes initially with no clear outcome.",a zero tolerance policy is unfair for minimal infractions.,-1,0,"Áp dụng chính sách không khoan nhượng đối với vấn nạn bắt nạt và bạo lực học đường là thiếu thực tế, bởi các tình huống thường rất phức tạp, kéo dài và nhiều khi khó phân định rõ ràng ngay từ đầu."
We should adopt a zero-tolerance policy in schools,a zero-tolerance policy in school systems could put an end to the rampant spread of bullying which has increased the suicide rate among children.,ero-toleraanfce creates a stable learning environment and encourages better behaviour,1,0,"Chính sách không khoan nhượng trong hệ thống giáo dục có thể chấm dứt tình trạng bắt nạt tràn lan, thứ đang làm gia tăng tỷ lệ tự tử ở trẻ em."
We should adopt a zero-tolerance policy in schools,a zero-tolerance policy in school would improve behaviour and thus improve results.,ero-toleraanfce creates a stable learning environment and encourages better behaviour,1,1,"Chính sách không khoan nhượng trong nhà trường sẽ cải thiện hành vi học sinh, từ đó nâng cao kết quả học tập."
We should adopt a zero-tolerance policy in schools,a zero-tolerance policy in schools is the wrong way to go as it would too often cause innocent students being punished for being pushed too far.,a zero tolerance policy is unfair for minimal infractions.,-1,0,"Áp dụng chính sách 'không khoan nhượng' trong trường học là sai lầm, vì nó thường xuyên khiến những học sinh vô tội bị kỷ luật oan chỉ vì bị dồn vào đường cùng."
We should adopt a zero-tolerance policy in schools,a zero-tolerance policy in schools shows children that the schools are not playing around when it comes to punishment,ero-toleraanfce creates a stable learning environment and encourages better behaviour,1,0,Chính sách 'không khoan nhượng' cho học sinh thấy rằng nhà trường thực sự nghiêm túc trong việc xử lý kỷ luật.
We should adopt a zero-tolerance policy in schools,a zero-tolerance policy in schools would inhibit the freedoms of students and create a standard mindset. this in turn would lead to less interesting individuals in society.,a zero tolerance policy is unfair for minimal infractions.,-1,0,"Chính sách này sẽ kìm hãm sự tự do của học sinh và tạo ra một tư duy rập khuôn, từ đó tạo ra những cá nhân thiếu cá tính trong xã hội."
We should adopt a zero-tolerance policy in schools,a zero-tolerance policy in schools would remove disruptive students from class and facilitate better learning for the rest of the students.,ero-toleraanfce creates a stable learning environment and encourages better behaviour,1,1,"Chính sách này giúp loại bỏ những học sinh gây rối ra khỏi lớp, tạo điều kiện thuận lợi hơn cho việc học tập của các học sinh khác."
We should adopt a zero-tolerance policy in schools,"a zero-tolerance policy is proven to increase discipline across the board, leaving the school a more efficient place for learning.",ero-toleraanfce creates a stable learning environment and encourages better behaviour,1,1,"Chính sách 'không khoan nhượng' đã được chứng minh là giúp nâng cao kỷ luật toàn diện, biến trường học thành một môi trường học tập hiệu quả hơn."
We should adopt a zero-tolerance policy in schools,a zero-tolerance policy is the best way to crack down on unacceptable behavior before it gets out of hand.,ero-toleraanfce creates a stable learning environment and encourages better behaviour,1,1,Chính sách 'không khoan nhượng' là cách tốt nhất để ngăn chặn các hành vi không thể chấp nhận được trước khi mọi thứ trở nên mất kiểm soát.
We should adopt a zero-tolerance policy in schools,a zero-tolerance policy is too restrictive for young children,a zero tolerance policy is unfair for minimal infractions.,-1,0,Chính sách 'không khoan nhượng' là quá khắt khe đối với trẻ nhỏ.
We should adopt a zero-tolerance policy in schools,a zero-tolerance policy make a firm statement against problematic behavior.,ero-toleraanfce creates a stable learning environment and encourages better behaviour,1,1,Chính sách 'không khoan nhượng' khẳng định một thái độ cứng rắn đối với những hành vi gây rối.
We should adopt a zero-tolerance policy in schools,a zero-tolerance policy will weaken students. it shields them from experiences (mainly negative) that they may face in the real world.,a zero tolerance policy is unfair for minimal infractions.,-1,0,Chính sách này sẽ khiến học sinh trở nên yếu đuối hơn vì nó bao bọc các em khỏi những trải nghiệm (đặc biệt là những điều tiêu cực) mà các em có thể phải đối mặt ngoài đời thực.
We should adopt a zero-tolerance policy in schools,a zero-tolerance policy would help keep children safer.,ero-toleraanfce creates a stable learning environment and encourages better behaviour,1,0,Chính sách 'không khoan nhượng' sẽ giúp giữ cho trẻ em được an toàn hơn.
We should adopt a zero-tolerance policy in schools,adopting a zero tolerance in schools doesn't allow for a second chance when a child really did not mean to do what they did.,a zero tolerance policy is unfair for minimal infractions.,-1,0,Việc áp dụng chính sách 'không khoan nhượng' trong trường học tước đi cơ hội sửa sai của những đứa trẻ vốn không cố ý gây ra lỗi lầm.
We should adopt a zero-tolerance policy in schools,adopting a zero-tolerance policy helps to combat violence and drug abuse in schools,ero-toleraanfce creates a stable learning environment and encourages better behaviour,1,0,Áp dụng chính sách 'không khoan nhượng' là biện pháp hữu hiệu để đẩy lùi bạo lực và tệ nạn ma túy trong học đường.
We should adopt a zero-tolerance policy in schools,adopting a zero-tolerance policy in schools is unfair since it takes no account of the circumstances of the infraction,a zero tolerance policy is unfair for minimal infractions.,-1,0,Chính sách 'không khoan nhượng' tại trường học là thiếu công bằng vì nó hoàn toàn bỏ qua các tình tiết khách quan dẫn đến hành vi sai phạm.
We should adopt a zero-tolerance policy in schools,adopting a zero-tolerance policy on schools would create fear for students and make the learning environment less pleasant.,a zero tolerance policy is unfair for minimal infractions.,-1,0,"Việc áp dụng chính sách 'không khoan nhượng' sẽ gieo rắc nỗi sợ hãi cho học sinh, khiến môi trường học tập trở nên ngột ngạt và kém hiệu quả."
We should ban cosmetic surgery,adults should have the right to modify their bodies if they wish to,"cosmetic surgery is safe, and can help people.",-1,0,Người trưởng thành nên có quyền tự do thay đổi cơ thể nếu họ muốn.
We should ban algorithmic trading,"algorithmic trading allows computers to buy and sell assets suddenly and in massive quantities, creating shifts in the market and making human trading difficult.",algorithmic trading can cause unnatural market movements.,1,1,"Giao dịch thuật toán cho phép máy tính mua bán tài sản với tốc độ chóng mặt và khối lượng khổng lồ, gây ra những biến động bất thường trên thị trường và khiến con người khó lòng theo kịp."
We should ban algorithmic trading,"algorithmic trading allows for greater numbers of trades to happen, getting more people involved in the economy",algorithmic trading merely enables better decisions in investments utilising technology and intelligence,-1,0,"Giao dịch thuật toán giúp gia tăng đáng kể số lượng giao dịch, từ đó tạo cơ hội cho nhiều người tham gia vào nền kinh tế hơn."
We should ban algorithmic trading,"algorithmic trading allows for instantaneous response to the financial environment of the moment, without need for human thought or indecision.",algorithmic trading merely enables better decisions in investments utilising technology and intelligence,-1,1,Giao dịch thuật toán cho phép phản ứng tức thời với các biến động tài chính mà không cần đến sự phân vân hay can thiệp từ tư duy con người.
We should ban algorithmic trading,"algorithmic trading allows for quicker more automated trading by utilizing mathematics and technology, this is simply a technological advancement as we see in all fields of business",algorithmic trading merely enables better decisions in investments utilising technology and intelligence,-1,1,Giao dịch thuật toán giúp quá trình mua bán trở nên nhanh chóng và tự động hơn nhờ tận dụng toán học và công nghệ; đây đơn thuần chỉ là một bước tiến kỹ thuật như trong mọi lĩnh vực kinh doanh khác.
We should ban algorithmic trading,"algorithmic trading can be processed by computers much quicker than trades by humans, this gives some rich firms an unfair advantage.",algorithmic trading can cause unnatural market movements.,1,0,Việc máy tính xử lý giao dịch nhanh hơn con người đang mang lại lợi thế bất công cho một vài công ty giàu có.
We should ban algorithmic trading,algorithmic trading can be rigged to benefit those who have the most money to gain,algorithmic trading can cause unnatural market movements.,1,0,giao dịch thuật toán hoàn toàn có thể bị thao túng để phục vụ lợi ích của những cá mập nắm nhiều vốn nhất.
We should ban algorithmic trading,algorithmic trading can lead to sudden market shifts if all bots move at the same time and trigger other algorithms to trade the same way.,algorithmic trading can cause unnatural market movements.,1,1,giao dịch thuật toán dễ gây ra những cú sốc thị trường bất ngờ khi các con bot đồng loạt phản ứng và kéo theo hàng loạt thuật toán khác cùng bán tháo.
We should ban algorithmic trading,"algorithmic trading cause massive stock market shifts and impacts on the economy, the practice should be banned",algorithmic trading can cause unnatural market movements.,1,1,"giao dịch thuật toán gây ra những biến động khủng khiếp trên sàn chứng khoán, ảnh hưởng trực tiếp đến nền kinh tế, vì vậy cần phải cấm hoàn toàn."
We should ban algorithmic trading,algorithmic trading could lead to an economic crisis,algorithmic trading can cause unnatural market movements.,1,0,giao dịch thuật toán hoàn toàn có thể là ngòi nổ cho một cuộc khủng hoảng kinh tế.
We should ban algorithmic trading,algorithmic trading could put traditional traders out of a job.,algorithmic trading can cause unnatural market movements.,1,0,giao dịch thuật toán sẽ đẩy những nhà giao dịch truyền thống vào cảnh thất nghiệp.
We should ban algorithmic trading,algorithmic trading does not contribute to the growth of society and is profiting without contributing so it should be banned.,algorithmic trading can cause unnatural market movements.,1,0,"giao dịch thuật toán chẳng đóng góp gì cho sự phát triển của xã hội, nó chỉ là kiểu kiếm lời vô ích nên cần phải loại bỏ."
We should ban algorithmic trading,algorithmic trading doesn't provide the necessary thought processes of someone paying attention to the trades,algorithmic trading can cause unnatural market movements.,1,0,giao dịch thuật toán thiếu đi khả năng tư duy và sự nhạy bén cần thiết của con người khi theo dõi các phiên giao dịch.
We should ban algorithmic trading,algorithmic trading enables a more level playing field in the trading of shares.,algorithmic trading merely enables better decisions in investments utilising technology and intelligence,-1,0,giao dịch thuật toán thực tế lại tạo ra một sân chơi công bằng hơn cho tất cả mọi người trong việc mua bán cổ phiếu.
We should ban algorithmic trading,algorithmic trading enables more business to be carried out and improves the economy,algorithmic trading merely enables better decisions in investments utilising technology and intelligence,-1,0,giao dịch thuật toán giúp khối lượng giao dịch tăng vọt và thúc đẩy nền kinh tế phát triển hơn.
We should ban algorithmic trading,algorithmic trading enables much faster trading to take place and saves too much time to ban it.,algorithmic trading merely enables better decisions in investments utilising technology and intelligence,-1,0,"giao dịch thuật toán giúp việc khớp lệnh nhanh đến mức khó tin, tiết kiệm bao nhiêu thời gian nên không thể nói cấm là cấm được."
We should ban algorithmic trading,"algorithmic trading enables trades to be made without spikes of emotion or rage on the part of the trader, therefore it can only be seen as positive.",algorithmic trading merely enables better decisions in investments utilising technology and intelligence,-1,0,"Giao dịch thuật toán giúp loại bỏ yếu tố cảm xúc và sự nóng nảy của con người, vì vậy đây rõ ràng là một bước tiến tích cực."
We should ban algorithmic trading,algorithmic trading gives certain individuals an unfair advantage.,algorithmic trading can cause unnatural market movements.,1,0,Giao dịch thuật toán đang mang lại lợi thế không công bằng cho một nhóm người nhất định.
We should ban algorithmic trading,algorithmic trading gives people an unfair advantage because they can trade so much more quickly and therefore it should be banned.,algorithmic trading can cause unnatural market movements.,1,0,"Việc giao dịch thuật toán cho phép thực hiện lệnh với tốc độ quá nhanh đã tạo ra lợi thế không công bằng, vì vậy hình thức này cần phải bị cấm."
We should ban algorithmic trading,algorithmic trading gives some people an advantage while the rest are simply going to be the ones losing the most money.,algorithmic trading can cause unnatural market movements.,1,0,"Giao dịch thuật toán tạo ra lợi thế cho một số người, trong khi những người còn lại gần như chắc chắn sẽ là bên chịu thua lỗ nặng nề nhất."
We should ban algorithmic trading,algorithmic trading gives some people an unfair advantage,algorithmic trading can cause unnatural market movements.,1,0,Giao dịch thuật toán mang lại lợi thế bất công cho một bộ phận người dùng.
We should ban algorithmic trading,algorithmic trading gives too much control to machines. humans are better placed to understand the intricacies of the markets.,algorithmic trading can cause unnatural market movements.,1,0,Giao dịch thuật toán đang trao quá nhiều quyền kiểm soát cho máy móc; con người vẫn là chủ thể hiểu rõ các biến động phức tạp của thị trường hơn.
We should ban algorithmic trading,algorithmic trading gives traders an unfair advantage,algorithmic trading can cause unnatural market movements.,1,0,Giao dịch thuật toán giúp các nhà đầu tư có được lợi thế không công bằng.
We should ban algorithmic trading,"algorithmic trading has been responsible for some wild market fluctuations, damaging the confidence of investors.",algorithmic trading can cause unnatural market movements.,1,1,"Giao dịch thuật toán là tác nhân gây ra những biến động bất thường trên thị trường, làm xói mòn niềm tin của các nhà đầu tư."
We should ban algorithmic trading,"algorithmic trading has helped the trading industry due to the high level of accuracy that it provides, there is no human error",algorithmic trading merely enables better decisions in investments utilising technology and intelligence,-1,0,Giao dịch thuật toán đã hỗ trợ ngành tài chính rất nhiều nhờ độ chính xác cao và loại bỏ được các sai sót do con người.
We should ban algorithmic trading,"algorithmic trading has its disadvantages which include system failure risks,network connectivity errors, time-lags between trade orders and execution and, most important of all, imperfect algorithms.",algorithmic trading can cause unnatural market movements.,1,0,"Giao dịch thuật toán vẫn tồn tại những mặt hạn chế như rủi ro lỗi hệ thống, sự cố đường truyền, độ trễ khi thực thi lệnh và quan trọng nhất là các thuật toán chưa thực sự hoàn hảo."
We should ban algorithmic trading,algorithmic trading helps people trade with a smaller risk of financial losses.,algorithmic trading merely enables better decisions in investments utilising technology and intelligence,-1,0,Giao dịch thuật toán giúp nhà đầu tư giảm thiểu rủi ro thua lỗ tài chính.
We should ban algorithmic trading,"algorithmic trading improves the cost efficiency of financial markets, allows for the streamlining of regular micro transactions such as dividend reinvestment schemes.",algorithmic trading merely enables better decisions in investments utilising technology and intelligence,-1,0,"Giao dịch thuật toán nâng cao hiệu quả chi phí cho thị trường tài chính, đồng thời tối ưu hóa các giao dịch nhỏ lẻ như tái đầu tư cổ tức."
We should ban algorithmic trading,algorithmic trading is a bad way for trading. too much information gotten reduce the chance for other person to trade accurately,algorithmic trading can cause unnatural market movements.,1,0,Giao dịch thuật toán là một phương thức tồi. Việc tiếp cận quá nhiều thông tin làm giảm cơ hội giao dịch chính xác của những người khác.
We should ban algorithmic trading,algorithmic trading is a harmful practice that is to all intents and purposes gambling. it allows companies that are already to powerful to increase their grip on the financial markets.,algorithmic trading can cause unnatural market movements.,1,0,"Giao dịch thuật toán là một hành vi gây hại, thực chất chẳng khác gì đánh bạc. Nó tiếp tay cho các tập đoàn vốn đã quyền lực nay lại càng thâu tóm thị trường tài chính."
We should ban algorithmic trading,algorithmic trading is a very precise way of trading.  it's very efficient and should be allowed.,algorithmic trading merely enables better decisions in investments utilising technology and intelligence,-1,0,"Giao dịch thuật toán là phương thức cực kỳ chuẩn xác, hiệu quả và cần được khuyến khích."
We should ban algorithmic trading,algorithmic trading is cost effective because it is timely and accurate.,algorithmic trading merely enables better decisions in investments utilising technology and intelligence,-1,0,Giao dịch thuật toán rất tiết kiệm chi phí nhờ vào tốc độ nhanh chóng và tính chính xác cao.
We should ban algorithmic trading,algorithmic trading is effective in making positive changes in the economy,algorithmic trading merely enables better decisions in investments utilising technology and intelligence,-1,0,Giao dịch thuật toán thực sự tạo ra những thay đổi tích cực cho nền kinh tế.
We should ban algorithmic trading,algorithmic trading is fast and efficient and better able to deal with data,algorithmic trading merely enables better decisions in investments utilising technology and intelligence,-1,0,"Giao dịch thuật toán vừa nhanh vừa hiệu quả, đồng thời xử lý dữ liệu tốt hơn nhiều so với con người."
We should ban algorithmic trading,"algorithmic trading is inherently unfair, only those with the resources to use it can benefit.",algorithmic trading can cause unnatural market movements.,1,0,"Giao dịch thuật toán vốn dĩ bất công, vì chỉ những ai có tiềm lực tài chính mạnh mới được hưởng lợi từ nó."
We should ban algorithmic trading,algorithmic trading is like gambling and it should be banned.,algorithmic trading can cause unnatural market movements.,1,0,Giao dịch thuật toán không khác gì đánh bạc và cần phải bị cấm.
We should ban algorithmic trading,"algorithmic trading is no less fair than people with more direct access to the trade floor, and, thus, should not be illegal.",algorithmic trading merely enables better decisions in investments utilising technology and intelligence,-1,0,"Giao dịch thuật toán cũng công bằng chẳng kém gì những người có quyền tiếp cận trực tiếp vào sàn giao dịch, vì vậy, nó không nên bị cấm."
We should ban algorithmic trading,algorithmic trading is not available to all and hinders the vitality of all in a level playing field.,algorithmic trading can cause unnatural market movements.,1,0,"Giao dịch thuật toán không dành cho tất cả mọi người và đang làm mất đi sự công bằng, cạnh tranh lành mạnh trên thị trường."
We should ban algorithmic trading,"algorithmic trading is not available to everyone, causing an unfair advantage with high economic detriments.",algorithmic trading can cause unnatural market movements.,1,0,"Việc giao dịch thuật toán không phổ cập với mọi đối tượng đã tạo ra lợi thế không công bằng, gây tổn hại lớn về mặt kinh tế."
We should ban algorithmic trading,"algorithmic trading is powered by ai that can be easily hacked, thus putting financial data at risk",algorithmic trading can cause unnatural market movements.,1,0,"Giao dịch thuật toán dựa trên nền tảng AI vốn rất dễ bị tấn công, từ đó đặt dữ liệu tài chính vào vòng nguy hiểm."
We should ban algorithmic trading,algorithmic trading is slow to respond to what is going on in the real world,algorithmic trading can cause unnatural market movements.,1,0,Giao dịch thuật toán phản ứng rất chậm chạp trước những diễn biến thực tế bên ngoài thị trường.
We should ban algorithmic trading,algorithmic trading is too easily corrupted. it's far too easy to hack. if hacked it could completely destroy the economy and individual people's lives. it's not secure enough.,algorithmic trading can cause unnatural market movements.,1,0,"Giao dịch thuật toán quá dễ bị thao túng và tấn công mạng. Nếu bị hack, nó có thể phá hủy hoàn toàn nền kinh tế và cuộc sống của nhiều người; hệ thống này chưa đủ bảo mật."
We should ban algorithmic trading,algorithmic trading is unfair because traders with faster computers and better connections to the market will have an advantage over others.,algorithmic trading can cause unnatural market movements.,1,0,Giao dịch thuật toán thiếu công bằng vì những nhà đầu tư có máy tính mạnh và kết nối mạng nhanh hơn sẽ chiếm ưu thế hoàn toàn so với người khác.
We should ban algorithmic trading,algorithmic trading is unfair the normal people who do not have access to the technology,algorithmic trading can cause unnatural market movements.,1,0,Giao dịch thuật toán là bất công đối với những người bình thường không có điều kiện tiếp cận các công nghệ này.
We should ban algorithmic trading,algorithmic trading is unfair to investors who are trying to invest hard earned money as a second income,algorithmic trading can cause unnatural market movements.,1,0,"Giao dịch thuật toán gây bất lợi cho những nhà đầu tư nhỏ lẻ, những người chỉ đang cố gắng dùng số tiền dành dụm vất vả để kiếm thêm thu nhập."
We should ban algorithmic trading,"algorithmic trading leads to crashes and insider trading, so we need to ban it.",algorithmic trading can cause unnatural market movements.,1,1,"Giao dịch thuật toán dẫn đến các cuộc sụp đổ thị trường và giao dịch nội gián, nên chúng ta cần phải cấm nó."
We should ban algorithmic trading,"algorithmic trading leaves us vulnerable and fully dependent on technology, which can have issues of its own",algorithmic trading can cause unnatural market movements.,1,0,"Giao dịch thuật toán khiến chúng ta trở nên dễ bị tổn thương và lệ thuộc hoàn toàn vào công nghệ, vốn dĩ bản thân nó cũng có thể gặp lỗi."
We should ban algorithmic trading,"algorithmic trading makes it easier for poor people to get more money, all they need to do is come up with an algorithm that makes them more money",algorithmic trading merely enables better decisions in investments utilising technology and intelligence,-1,0,"Giao dịch thuật toán giúp người nghèo dễ kiếm tiền hơn, vì họ chỉ cần tạo ra một thuật toán có khả năng sinh lời là được."
We should ban algorithmic trading,algorithmic trading makes trading easier and faster and keeps the system flowing smoothly.,algorithmic trading merely enables better decisions in investments utilising technology and intelligence,-1,0,"Giao dịch thuật toán làm cho việc mua bán trở nên nhanh chóng, dễ dàng và giúp thị trường vận hành trơn tru hơn."
We should ban algorithmic trading,algorithmic trading may be used to hide insider information or other illegal forms of trading by obfuscating data.,algorithmic trading can cause unnatural market movements.,1,0,Giao dịch thuật toán có thể bị lợi dụng để che giấu thông tin nội gián hoặc các hành vi giao dịch phi pháp khác bằng cách làm nhiễu loạn dữ liệu.
We should ban algorithmic trading,algorithmic trading offers an unfair advantage to certain traders.,algorithmic trading can cause unnatural market movements.,1,0,Giao dịch thuật toán tạo ra lợi thế không công bằng cho một nhóm nhà đầu tư nhất định.
We should ban algorithmic trading,algorithmic trading optimize the efficiency and speed of order entry,algorithmic trading merely enables better decisions in investments utilising technology and intelligence,-1,0,Giao dịch thuật toán tối ưu hóa tốc độ và hiệu suất khi đặt lệnh.
We should ban algorithmic trading,algorithmic trading produces erratic and unstable runs on stocks that disproportionately impact the vale of the market and should be banned.,algorithmic trading can cause unnatural market movements.,1,1,"Giao dịch thuật toán gây ra những đợt biến động bất thường và mất ổn định trên thị trường, làm ảnh hưởng tiêu cực đến giá trị chứng khoán nên cần phải bị cấm."
We should ban algorithmic trading,algorithmic trading reduces operating costs so investors can get better profits,algorithmic trading merely enables better decisions in investments utilising technology and intelligence,-1,0,"Giao dịch thuật toán giúp giảm chi phí vận hành, nhờ đó nhà đầu tư có thể tối đa hóa lợi nhuận."
We should ban algorithmic trading,algorithmic trading reduces transaction costs.,algorithmic trading merely enables better decisions in investments utilising technology and intelligence,-1,0,Giao dịch thuật toán giúp giảm thiểu chi phí giao dịch.
We should ban algorithmic trading,"algorithmic trading removes the human element of common sense from trading patterns, which has caused many wild mini-crashes and market fluctuations.",algorithmic trading can cause unnatural market movements.,1,1,"Giao dịch thuật toán loại bỏ yếu tố cảm quan của con người trong các mô hình giao dịch, chính điều này đã gây ra hàng loạt các đợt sụt giảm chớp nhoáng và biến động thị trường cực đoan."
We should ban algorithmic trading,algorithmic trading save traders time and should be encouraged not banned,algorithmic trading merely enables better decisions in investments utilising technology and intelligence,-1,0,"Giao dịch thuật toán giúp trader tiết kiệm thời gian, nên được khuyến khích thay vì cấm đoán."
We should ban algorithmic trading,algorithmic trading should be banned as it does not allow for human intervention when unexpected events occur.,algorithmic trading can cause unnatural market movements.,1,0,Cần cấm giao dịch thuật toán vì nó không cho phép con người can thiệp kịp thời khi có sự cố bất ngờ xảy ra.
We should ban algorithmic trading,algorithmic trading should be banned because it gives some people an unfair advantage.,algorithmic trading can cause unnatural market movements.,1,0,Giao dịch thuật toán nên bị cấm vì nó tạo ra lợi thế không công bằng cho một nhóm người.
We should ban algorithmic trading,algorithmic trading should be prohibited because it is the absolute automation of commerce. it would open more passage to computers and would end the manual,algorithmic trading can cause unnatural market movements.,1,0,Nên cấm giao dịch thuật toán vì đây là sự tự động hóa hoàn toàn trong thương mại; nó mở đường cho máy móc chiếm lĩnh và đặt dấu chấm hết cho các thao tác thủ công.
We should ban algorithmic trading,algorithmic trading should not be banned as it allows for more trading with fewer errors,algorithmic trading merely enables better decisions in investments utilising technology and intelligence,-1,0,Không nên cấm giao dịch thuật toán vì nó giúp thực hiện nhiều giao dịch hơn với ít sai sót hơn.
We should ban algorithmic trading,algorithmic trading simply makes the process of trading easier and there is nothing wrong with it.,algorithmic trading merely enables better decisions in investments utilising technology and intelligence,-1,0,"Giao dịch thuật toán chỉ đơn giản là làm cho quá trình giao dịch dễ dàng hơn, chẳng có gì sai trái ở đây cả."
We should ban algorithmic trading,algorithmic trading stops people having control over their spending and therefore increases debt,algorithmic trading can cause unnatural market movements.,1,0,"Giao dịch thuật toán khiến con người mất kiểm soát chi tiêu, từ đó làm gia tăng nợ nần."
We should ban algorithmic trading,algorithmic trading will generate many jobs for programmers who design the new algorithmic machines.,algorithmic trading merely enables better decisions in investments utilising technology and intelligence,-1,0,Giao dịch thuật toán sẽ tạo ra nhiều việc làm cho các lập trình viên – những người thiết kế nên các cỗ máy thuật toán mới.
We should ban algorithmic trading,algorithmic trading will put many stock brokers and analysts out of business.,algorithmic trading can cause unnatural market movements.,1,0,Giao dịch thuật toán sẽ khiến nhiều nhà môi giới và chuyên viên phân tích chứng khoán mất việc.
We should ban algorithmic trading,algorithmic trading works quicker than people are able to do it,algorithmic trading merely enables better decisions in investments utilising technology and intelligence,-1,0,Giao dịch thuật toán hoạt động nhanh hơn bất kỳ thao tác nào mà con người có thể thực hiện.
The use of public defenders should be mandatory,all american citizens have the right to a public defense if they can not afford it,public defenders should be mandatory to ensure everyone has a fair shot,1,0,Mọi công dân Mỹ đều có quyền được luật sư công bào chữa nếu họ không đủ khả năng tài chính.
We should subsidize student loans,all students should have acces to subsidized loans as society as a whole benefits from a more educated population.,student loans is a help for those who do not have resources,1,0,Tất cả sinh viên nên được tiếp cận các khoản vay hỗ trợ học phí vì một dân trí cao hơn sẽ mang lại lợi ích cho toàn xã hội.
We should adopt a zero-tolerance policy in schools,almost all schools already have zero tolerance policies and they clearly do not work. violence in schools is at an all time high. they clearly have no effect.,a zero tolerance policy is unfair for minimal infractions.,-1,0,"Hầu hết các trường học hiện nay đều đã áp dụng chính sách 'không khoan nhượng' nhưng rõ ràng chúng chẳng hiệu quả chút nào. Bạo lực học đường đang ở mức cao kỷ lục, chứng tỏ các chính sách đó hoàn toàn vô tác dụng."
We should ban algorithmic trading,alogorithmic trading adds too much volatility to the markets which should be based more on real valuations.,algorithmic trading can cause unnatural market movements.,1,1,"Giao dịch thuật toán đang gây ra sự biến động quá mức cho thị trường, trong khi lẽ ra thị trường nên vận hành dựa trên các giá trị thực tế hơn."
We should subsidize student loans,an education is very important nowadays and subsidizing student loans will help many students go to school,student loans is a help for those who do not have resources,1,0,"Giáo dục ngày nay rất quan trọng, và việc trợ giá các khoản vay sinh viên sẽ tạo điều kiện cho nhiều bạn trẻ được đến trường hơn."
We should adopt a zero-tolerance policy in schools,any measure that contributes to less abuse in schools should be adopted without delay.,ero-toleraanfce creates a stable learning environment and encourages better behaviour,1,0,Bất kỳ biện pháp nào góp phần giảm thiểu tình trạng bạo hành trong trường học đều cần được áp dụng ngay lập tức.
Entrapment should be legalized,"any method that catches a criminal should be utilized, don't provide protections for them",entrapment  is a useful tool to law enforcement,1,0,Mọi phương pháp giúp bắt giữ tội phạm đều nên được sử dụng; chúng ta không nên cung cấp bất kỳ sự bảo hộ nào cho họ.
Foster care brings more harm than good,as concluded by the california-based little hoover commission (1992) regarding children placed in foster care children can come to harmand even die while supposedly under the protection of foster care,foster care is open to abuse by predators,1,0,"Theo kết luận từ Ủy ban Little Hoover tại California (1992) về trẻ em trong hệ thống chăm sóc thay thế, trẻ em vẫn có thể bị tổn thương hoặc thậm chí tử vong ngay trong khi đang được cho là nằm dưới sự bảo vệ của hệ thống này."
We should ban cosmetic surgery,banning cosmetic surgery and obligatory because is harming our health and is not supportive from main western doctors. cosmetic surgery is all about money and nothing else.,cosmetic surgery encourages the focus on appearance and unattainable beauty norms,1,0,Việc cấm phẫu thuật thẩm mỹ là bắt buộc vì nó gây hại cho sức khỏe và không được các bác sĩ phương Tây ủng hộ. Phẫu thuật thẩm mỹ chỉ xoay quanh tiền bạc chứ chẳng vì mục đích nào khác.
We should ban cosmetic surgery,banning cosmetic surgery does not make sense.  i can be very helpful to a persons psyche especially surgery's that may have been performed on burn or accident victims.,"cosmetic surgery is safe, and can help people.",-1,0,"Cấm phẫu thuật thẩm mỹ là vô lý. Nó có thể giúp ích rất nhiều cho tâm lý con người, đặc biệt là các ca phẫu thuật cho nạn nhân của các vụ bỏng hoặc tai nạn."
We should ban cosmetic surgery,banning cosmetic surgery is like banning freedom of speech.,"cosmetic surgery is safe, and can help people.",-1,0,Cấm phẫu thuật thẩm mỹ cũng chẳng khác nào cấm quyền tự do ngôn luận.
We should ban cosmetic surgery,banning cosmetic surgery would save people a lot of money.,cosmetic surgery encourages the focus on appearance and unattainable beauty norms,1,0,Cấm phẫu thuật thẩm mỹ sẽ giúp mọi người tiết kiệm được một khoản tiền lớn.
We should adopt a zero-tolerance policy in schools,because it provides a secure and stable environment for children to learn in. the clearly defined boundaries enable them to understand what is expected of them.,ero-toleraanfce creates a stable learning environment and encourages better behaviour,1,1,"Bởi vì nó tạo ra môi trường an toàn và ổn định cho học sinh học tập, đồng thời những quy định rõ ràng giúp các em hiểu rõ những gì được mong đợi ở mình."
We should subsidize student loans,"because of this practice, tuition has gone up far more than inflation and schools are getting too expensive.",student loans can be expensive and put young people in debt,-1,0,"Chính vì thực trạng này mà học phí đã tăng cao hơn nhiều so với lạm phát, khiến trường học trở nên quá đắt đỏ."
The use of public defenders should be mandatory,being able to choose your own attorney to help determine your fate is vitally important if you have the means to do so.,public defendors cost taxpayers more money and therefore should not be mandatory.,-1,0,Việc có quyền tự chọn luật sư để bảo vệ số phận mình là cực kỳ quan trọng nếu bạn có đủ khả năng tài chính.
We should adopt a zero-tolerance policy in schools,being too harsh creates a negative environment which is bad for children so there should be some flexibility to avoid a zero-tolerance policy in schools.,a zero tolerance policy is unfair for minimal infractions.,-1,0,"Kỷ luật quá khắt khe sẽ tạo ra môi trường tiêu cực, gây hại cho trẻ, nên cần có sự linh hoạt thay vì áp dụng chính sách 'không khoan nhượng' ở trường học."
We should ban cosmetic surgery,botched surgeries can lead people to feel even worse about themselves with little chance to completely repair the damage.,cosmetic surgery encourages the focus on appearance and unattainable beauty norms,1,0,"Phẫu thuật hỏng có thể khiến con người cảm thấy tồi tệ hơn về bản thân, mà cơ hội khắc phục hậu quả thì lại chẳng đáng là bao."
We should adopt a zero-tolerance policy in schools,bullying is in every school in the united states and the bullies are getting off scott-free.    this is resulting in more and more school shootings and suicides from those bullied.,ero-toleraanfce creates a stable learning environment and encourages better behaviour,1,0,"Bắt nạt đang diễn ra ở mọi trường học tại Mỹ nhưng những kẻ bắt nạt lại chẳng hề hấn gì, dẫn đến ngày càng nhiều vụ xả súng và tự tử từ các nạn nhân."
We should adopt a zero-tolerance policy in schools,"by adopting a zero-tolerance policy in schools, we can be certain that that particular student will not be able to influence other students.",ero-toleraanfce creates a stable learning environment and encourages better behaviour,1,0,"Bằng cách áp dụng chính sách 'không khoan nhượng', chúng ta có thể chắc chắn rằng học sinh vi phạm sẽ không còn cơ hội ảnh hưởng xấu đến các em khác."
We should end racial profiling,"by narrowing down the number of suspects, racial profiling saves the police both money and resources.",certain groups are more prone to crimes than others.,-1,0,"Bằng cách khoanh vùng các nghi phạm, việc phân biệt chủng tộc giúp cảnh sát tiết kiệm được cả tiền bạc lẫn nguồn lực."
We should end racial profiling,"by proactively stopping potential crimes using racial profiling, the crime rates over time will decrease.",certain groups are more prone to crimes than others.,-1,0,Việc chủ động ngăn chặn tội phạm thông qua phân biệt chủng tộc sẽ giúp giảm tỷ lệ tội phạm theo thời gian.
We should subsidize student loans,by subsidizing student loans people would be able to put money back into the economy and it would have a positive effect for everyone,student loans is a help for those who do not have resources,1,0,"Việc trợ cấp các khoản vay sinh viên sẽ giúp mọi người có thêm tiền để tái đầu tư vào nền kinh tế, mang lại tác động tích cực cho tất cả mọi người."
Entrapment should be legalized,by using entrapment law enforcement is only making it faster to arrest those who are already going to commit the crime therefore saving someone from being a victim.,entrapment  is a useful tool to law enforcement,1,0,"Bằng cách sử dụng biện pháp gài bẫy, lực lượng thực thi pháp luật chỉ đang đẩy nhanh việc bắt giữ những kẻ vốn dĩ đã có ý định phạm tội, từ đó ngăn chặn việc có thêm nạn nhân."
We should end racial profiling,"certain races and ethnic groups commit more crimes than others, so it makes sense to scrutinize them more closely.",certain groups are more prone to crimes than others.,-1,1,"Một số chủng tộc và nhóm sắc tộc nhất định thường có tỷ lệ phạm tội cao hơn, vì vậy việc kiểm soát họ chặt chẽ hơn là điều hợp lý."
Foster care brings more harm than good,children can be neglected because they are not guaranteed enough one on one interaction,foster care is open to abuse by predators,1,0,Trẻ em có thể bị bỏ bê vì không được đảm bảo có đủ thời gian tương tác trực tiếp với người chăm sóc.
Foster care brings more harm than good,children can be shuffled around from home to home and receive no stability.,foster care is open to abuse by predators,1,0,Trẻ em có thể phải chuyển nhà liên tục và không có được sự ổn định cần thiết.
Foster care brings more harm than good,children in foster care are at higher risk for poor academic success.,foster care is open to abuse by predators,1,0,Trẻ em trong các trại trẻ mồ côi hoặc hệ thống chăm sóc thay thế thường có nguy cơ gặp khó khăn trong việc học tập cao hơn.
Foster care brings more harm than good,children in foster care are often bullied by others in the foster family,foster care is open to abuse by predators,1,0,Trẻ em trong hệ thống chăm sóc thay thế thường bị chính các thành viên trong gia đình nhận nuôi tạm thời bắt nạt.
Foster care brings more harm than good,children in foster care are often not treated as lovingly and unconditionally as natural parents or adoptive parents are because they are getting paid to foster,foster care is open to abuse by predators,1,0,"Trẻ em trong hệ thống chăm sóc thay thế thường không được yêu thương và chăm sóc vô điều kiện như ở các gia đình ruột thịt hoặc gia đình nhận nuôi chính thức, vì những người nhận nuôi tạm thời chủ yếu làm vì mục đích kinh tế."
Foster care brings more harm than good,children in foster care grow up in loving families that want children,foster care can provide a child with a family dynamic,-1,1,Trẻ em trong hệ thống chăm sóc thay thế vẫn có cơ hội lớn lên trong những gia đình yêu thương và thực sự mong muốn có con.
Foster care brings more harm than good,children in foster care have more compromised developmental outcomes than children who do not experience placement in foster care,foster care is open to abuse by predators,1,0,Trẻ em trong các cơ sở nuôi dưỡng có sự phát triển tâm sinh lý kém hơn hẳn so với những trẻ không phải trải qua cảnh sống xa gia đình.
Foster care brings more harm than good,children in foster care lack stability.,foster care is open to abuse by predators,1,0,Trẻ em trong hệ thống nuôi dưỡng thường thiếu đi sự ổn định cần thiết.
Foster care brings more harm than good,children move frequently from foster home to foster home causing attachment problems and sociopathic behavior,foster care is open to abuse by predators,1,0,"Việc phải chuyển nhà liên tục khiến trẻ gặp khó khăn trong việc gắn kết tình cảm, thậm chí dẫn đến các vấn đề về hành vi xã hội."
Foster care brings more harm than good,children need to be with their parents and get individual attention. children can be neglected in foster care.,foster care is open to abuse by predators,1,0,"Trẻ cần được sống với cha mẹ và nhận được sự quan tâm cá nhân, thay vì bị bỏ mặc trong môi trường nuôi dưỡng tập trung."
We should adopt a zero-tolerance policy in schools,children need to learn boundaries and consequences for their actions. they learn faster if there is immediate repercussions than if you let them do it over and over again.,ero-toleraanfce creates a stable learning environment and encourages better behaviour,1,0,Trẻ cần được dạy về giới hạn và trách nhiệm. Những hình phạt tức thời sẽ giúp trẻ học hỏi nhanh hơn là cứ để mặc chúng lặp đi lặp lại lỗi lầm.
Foster care brings more harm than good,children put into foster care are often removed from situations that are hazardous.  the foster home offers them a place of safety and stability,foster care can provide a child with a family dynamic,-1,0,Việc đưa trẻ vào môi trường nuôi dưỡng thường giúp chúng thoát khỏi những hoàn cảnh nguy hiểm; đó là nơi cung cấp sự an toàn và ổn định cho trẻ.
Foster care brings more harm than good,children remain in miserable conditions for years in foster care,foster care is open to abuse by predators,1,0,Rất nhiều trẻ em phải chịu đựng cảnh sống khổ sở trong hệ thống nuôi dưỡng suốt nhiều năm trời.
Foster care brings more harm than good,children should be allowed to stay with their parents foster care takes them away,foster care is open to abuse by predators,1,0,Trẻ em nên được ở cùng cha mẹ thay vì bị tách rời khỏi gia đình thông qua hệ thống nuôi dưỡng.
We should adopt a zero-tolerance policy in schools,"children will make mistakes, because they are not mature.  we have to allow some discretion in the hands of the administrators",a zero tolerance policy is unfair for minimal infractions.,-1,0,"Trẻ em chưa đủ trưởng thành nên khó tránh khỏi sai sót, vì vậy, chúng ta cần cho phép các nhà quản lý có sự linh động nhất định."
We should end the use of economic sanctions,corrupt governments must be overthrown by their people and economic sanctions can help bring this about.,economic sanctions are an effective alternative to military action,-1,0,"Người dân có quyền lật đổ những chính phủ tham nhũng, và các biện pháp trừng phạt kinh tế là công cụ hỗ trợ đắc lực cho mục tiêu này."
We should ban cosmetic surgery,"cosmetic surgery allows those hurt in accidents, or disformed in other ways,  feel better about themselves my regaining some of their natural looks.","cosmetic surgery is safe, and can help people.",-1,0,Phẫu thuật thẩm mỹ giúp những người gặp tai nạn hoặc bị biến dạng cơ thể tìm lại sự tự tin khi khôi phục được diện mạo tự nhiên.
We should ban cosmetic surgery,cosmetic surgery boosts people's self esteem.,"cosmetic surgery is safe, and can help people.",-1,0,Phẫu thuật thẩm mỹ giúp nâng cao lòng tự trọng của con người.
We should ban cosmetic surgery,cosmetic surgery can be addictive and people keep doing it until they look deformed.,cosmetic surgery encourages the focus on appearance and unattainable beauty norms,1,0,Phẫu thuật thẩm mỹ có thể gây nghiện và khiến nhiều người lạm dụng đến mức biến dạng gương mặt.
We should ban cosmetic surgery,cosmetic surgery can be addictive and some people trasnform themselves into plastic dolls.,cosmetic surgery encourages the focus on appearance and unattainable beauty norms,1,0,"Phẫu thuật thẩm mỹ dễ gây nghiện, khiến một số người biến bản thân thành những con búp bê nhựa vô hồn."
We should ban cosmetic surgery,cosmetic surgery can be essential for those with birth defects in order to live normally and with less suffering.,"cosmetic surgery is safe, and can help people.",-1,0,Phẫu thuật thẩm mỹ là giải pháp thiết yếu giúp những người có dị tật bẩm sinh có cuộc sống bình thường và bớt đau khổ hơn.
We should ban cosmetic surgery,cosmetic surgery can be good for many things if it involves saving the life of the patient.,"cosmetic surgery is safe, and can help people.",-1,0,Phẫu thuật thẩm mỹ mang lại nhiều lợi ích tích cực nếu nó góp phần cứu sống bệnh nhân.
We should ban cosmetic surgery,cosmetic surgery can be very dangerous and is not regulated as much as it needs to be.,cosmetic surgery encourages the focus on appearance and unattainable beauty norms,1,0,Phẫu thuật thẩm mỹ tiềm ẩn nhiều rủi ro nguy hiểm và hiện chưa được quản lý chặt chẽ như mức cần thiết.
We should ban cosmetic surgery,cosmetic surgery can cause health problems down the road,cosmetic surgery encourages the focus on appearance and unattainable beauty norms,1,0,Phẫu thuật thẩm mỹ có thể để lại những hệ lụy sức khỏe nghiêm trọng về lâu dài.
We should ban cosmetic surgery,cosmetic surgery can cause people to get addicted to procedures that they don't need.,cosmetic surgery encourages the focus on appearance and unattainable beauty norms,1,0,"Phẫu thuật thẩm mỹ khiến nhiều người rơi vào vòng xoáy nghiện làm đẹp, dù thực tế họ không hề cần đến các can thiệp đó."
We should ban cosmetic surgery,cosmetic surgery can give a person confidence and help them overcome feelings of inadequacy,"cosmetic surgery is safe, and can help people.",-1,0,Phẫu thuật thẩm mỹ mang lại sự tự tin và giúp con người vượt qua cảm giác tự ti về bản thân.
We should ban cosmetic surgery,cosmetic surgery can go terribly wrong making people look and feel worse than they did before.,cosmetic surgery encourages the focus on appearance and unattainable beauty norms,1,0,"Phẫu thuật thẩm mỹ có thể để lại những hậu quả kinh khủng, khiến người ta trông tệ hơn và cảm thấy tồi tệ hơn cả lúc ban đầu."
We should ban cosmetic surgery,cosmetic surgery can help a lot of people who have been disfigured or who have a poor body image,"cosmetic surgery is safe, and can help people.",-1,0,Phẫu thuật thẩm mỹ thực sự là cứu cánh cho những người bị biến dạng cơ thể hoặc đang gặp vấn đề trầm trọng về sự tự tin với ngoại hình của mình.
We should ban cosmetic surgery,cosmetic surgery can help patients feel better.,"cosmetic surgery is safe, and can help people.",-1,0,Phẫu thuật thẩm mỹ có thể giúp bệnh nhân cảm thấy tự tin và yêu bản thân hơn.
We should ban cosmetic surgery,cosmetic surgery can help people that had facial injuries or birth defects to look more normal,"cosmetic surgery is safe, and can help people.",-1,0,Phẫu thuật thẩm mỹ giúp những người bị chấn thương vùng mặt hoặc dị tật bẩm sinh có cơ hội được trở lại với diện mạo bình thường.
We should ban cosmetic surgery,cosmetic surgery can help people with self esteem issues,"cosmetic surgery is safe, and can help people.",-1,0,Phẫu thuật thẩm mỹ là giải pháp hỗ trợ đắc lực cho những người đang gặp khủng hoảng về sự tự tôn.
We should ban cosmetic surgery,"cosmetic surgery can improve a person's emotional state, due to raising self-esteem, which is important for their mental health.","cosmetic surgery is safe, and can help people.",-1,0,"Phẫu thuật thẩm mỹ cải thiện trạng thái cảm xúc của một người bằng cách nâng cao lòng tự trọng, điều này cực kỳ quan trọng đối với sức khỏe tâm thần."
We should ban cosmetic surgery,cosmetic surgery can lead to body problems with time passing. it's not a 100% safe treatment and will only endanger people life while not worthing more,cosmetic surgery encourages the focus on appearance and unattainable beauty norms,1,0,Phẫu thuật thẩm mỹ có thể gây ra những vấn đề về cơ thể theo thời gian. Nó không bao giờ an toàn tuyệt đối và việc đánh đổi tính mạng cho những thứ không xứng đáng là quá mạo hiểm.
We should ban cosmetic surgery,cosmetic surgery can lead to damaged tissue in people body undergoing this treatment. this can lead to unforeseen problems that can lead to death,cosmetic surgery encourages the focus on appearance and unattainable beauty norms,1,0,Phẫu thuật thẩm mỹ có thể dẫn đến tổn thương mô nghiêm trọng. Những rủi ro không lường trước được này thậm chí có thể dẫn đến tử vong.
We should ban cosmetic surgery,"cosmetic surgery can make a huge difference in how people feel about themselves, giving a higher quality of life.","cosmetic surgery is safe, and can help people.",-1,0,"Phẫu thuật thẩm mỹ tạo ra sự thay đổi lớn trong cách nhìn nhận bản thân, từ đó nâng cao chất lượng cuộc sống của mỗi người."
We should ban cosmetic surgery,cosmetic surgery carries unnecessary risk and takes resources away from healing actual illnesses.,cosmetic surgery encourages the focus on appearance and unattainable beauty norms,1,0,Phẫu thuật thẩm mỹ mang lại những rủi ro không đáng có và còn làm lãng phí nguồn lực lẽ ra nên dùng để điều trị các căn bệnh thực sự.
We should ban cosmetic surgery,cosmetic surgery causes unnecessary risks to the patient for a purely narcissistic procedure.,cosmetic surgery encourages the focus on appearance and unattainable beauty norms,1,0,Phẫu thuật thẩm mỹ gây ra những rủi ro không cần thiết cho bệnh nhân chỉ vì mục đích làm đẹp phù phiếm.
We should ban cosmetic surgery,cosmetic surgery has been a saving grace to people who have sustained serious injuries and need reconstructive cosmetic surgery.,"cosmetic surgery is safe, and can help people.",-1,0,Phẫu thuật thẩm mỹ thực sự là cứu cánh cho những người gặp chấn thương nghiêm trọng và cần được tái tạo ngoại hình.
We should ban cosmetic surgery,cosmetic surgery has been known to lead to deaths due to botched jobs. it should be banned so these deaths do not occur.,cosmetic surgery encourages the focus on appearance and unattainable beauty norms,1,0,"Đã có nhiều trường hợp tử vong do phẫu thuật thẩm mỹ hỏng, vì vậy nên cấm nó để tránh những bi kịch tương tự."
We should ban cosmetic surgery,cosmetic surgery has helped many people that had birth defects.,"cosmetic surgery is safe, and can help people.",-1,0,Phẫu thuật thẩm mỹ đã giúp ích cho rất nhiều người gặp các khiếm khuyết bẩm sinh.
We should ban cosmetic surgery,cosmetic surgery has too many risks of something going wrong compared to the benefit of looking more aesthetically pleasing.,cosmetic surgery encourages the focus on appearance and unattainable beauty norms,1,0,Rủi ro xảy ra biến chứng từ phẫu thuật thẩm mỹ là quá lớn so với lợi ích về ngoại hình mà nó mang lại.
We should ban cosmetic surgery,cosmetic surgery helps burn and accident victims to heal and look more normal.,"cosmetic surgery is safe, and can help people.",-1,0,Phẫu thuật thẩm mỹ giúp các nạn nhân bị bỏng và tai nạn có cơ hội hồi phục và trông bình thường trở lại.
We should ban cosmetic surgery,"cosmetic surgery helps correct facial defects in children, giving them the chance at a normal life.","cosmetic surgery is safe, and can help people.",-1,0,"Phẫu thuật thẩm mỹ giúp chỉnh sửa các khuyết điểm trên khuôn mặt trẻ em, cho các em cơ hội có một cuộc sống bình thường."
We should ban cosmetic surgery,"cosmetic surgery helps patients who have been burned by fires, etc.","cosmetic surgery is safe, and can help people.",-1,0,Phẫu thuật thẩm mỹ hỗ trợ điều trị cho những bệnh nhân bị bỏng do hỏa hoạn hoặc các tai nạn khác.
We should ban cosmetic surgery,"cosmetic surgery is  putting people's lives at risk, so we should really ban it",cosmetic surgery encourages the focus on appearance and unattainable beauty norms,1,0,"Phẫu thuật thẩm mỹ đang đặt tính mạng con người vào vòng nguy hiểm, nên chúng ta cần phải cấm nó."
We should ban cosmetic surgery,"cosmetic surgery is a decision that a doctor and a patient makes, and we should not infringe on their choice.","cosmetic surgery is safe, and can help people.",-1,0,"Phẫu thuật thẩm mỹ là quyết định giữa bác sĩ và bệnh nhân, chúng ta không nên can thiệp vào quyền lựa chọn của họ."
We should ban cosmetic surgery,"cosmetic surgery is a harmful, invasive and unnecessary procedure that in the future will be looked upon as a barbaric practice, the way we look back at victorian medical procedures.",cosmetic surgery encourages the focus on appearance and unattainable beauty norms,1,0,"Phẫu thuật thẩm mỹ là một thủ thuật gây hại, xâm lấn và không cần thiết. Trong tương lai, người ta sẽ nhìn nhận nó như một hủ tục lạc hậu, giống như cách chúng ta nhìn lại các phương pháp y tế thời Victoria vậy."
We should ban cosmetic surgery,cosmetic surgery is addictive and leads to some people turning their otherwise healthy bodies into sickly silicone wrecks.,cosmetic surgery encourages the focus on appearance and unattainable beauty norms,1,0,"Phẫu thuật thẩm mỹ gây nghiện, khiến không ít người biến cơ thể vốn dĩ khỏe mạnh của mình thành những 'thảm họa' silicone đáng sợ."
We should ban cosmetic surgery,cosmetic surgery is costly and if not done right can cause physical damages to the patient.,cosmetic surgery encourages the focus on appearance and unattainable beauty norms,1,0,"Phẫu thuật thẩm mỹ vừa tốn kém, lại vừa tiềm ẩn rủi ro gây tổn thương cơ thể nếu không được thực hiện đúng cách."
We should ban cosmetic surgery,cosmetic surgery is dangerous and addictive,cosmetic surgery encourages the focus on appearance and unattainable beauty norms,1,0,Phẫu thuật thẩm mỹ là một thủ thuật nguy hiểm và dễ gây nghiện.
We should ban cosmetic surgery,cosmetic surgery is dangerous and has killed people in the past.,cosmetic surgery encourages the focus on appearance and unattainable beauty norms,1,0,Phẫu thuật thẩm mỹ rất nguy hiểm và thực tế đã từng gây ra nhiều ca tử vong trong quá khứ.
We should ban cosmetic surgery,cosmetic surgery is dangerous and kills people every year.,cosmetic surgery encourages the focus on appearance and unattainable beauty norms,1,0,Phẫu thuật thẩm mỹ rất nguy hiểm và vẫn cướp đi sinh mạng của nhiều người mỗi năm.
We should ban cosmetic surgery,cosmetic surgery is dangerous and should be banned.,cosmetic surgery encourages the focus on appearance and unattainable beauty norms,1,0,"Phẫu thuật thẩm mỹ tiềm ẩn quá nhiều rủi ro, cần phải bị cấm."
We should ban cosmetic surgery,cosmetic surgery is dangerous and turns out bad for the patient more often than not. this leaves them in worse shape than they were before the surgery.,cosmetic surgery encourages the focus on appearance and unattainable beauty norms,1,0,Phẫu thuật thẩm mỹ rất nguy hiểm và thường để lại kết quả không như ý. Hậu quả là bệnh nhân còn rơi vào tình trạng tồi tệ hơn cả trước khi phẫu thuật.
We should ban cosmetic surgery,"cosmetic surgery is expensive, a waste of resources, and gives people, especially young women, an impossible standard to live up to.",cosmetic surgery encourages the focus on appearance and unattainable beauty norms,1,1,"Phẫu thuật thẩm mỹ quá đắt đỏ, gây lãng phí nguồn lực và tạo ra những tiêu chuẩn ngoại hình bất khả thi cho mọi người, đặc biệt là phụ nữ trẻ."
We should ban cosmetic surgery,cosmetic surgery is full of scam procedures that do nothing for the patient except drain their bank accounts.,cosmetic surgery encourages the focus on appearance and unattainable beauty norms,1,0,"Phẫu thuật thẩm mỹ đầy rẫy những chiêu trò lừa đảo, chẳng mang lại lợi ích gì cho bệnh nhân ngoài việc khiến túi tiền của họ vơi đi."
We should ban cosmetic surgery,cosmetic surgery is helpful to those who have been disfigured due to injury regain their confidence by removing scars and improving the look of their damaged skin.,"cosmetic surgery is safe, and can help people.",-1,0,Phẫu thuật thẩm mỹ thực sự giúp những người bị biến dạng do chấn thương lấy lại sự tự tin bằng cách xóa bỏ sẹo và cải thiện vùng da bị tổn thương.
We should ban cosmetic surgery,"cosmetic surgery is known to be risky and detrimental to everybody in the long-term, particularly those that have a number of treatment",cosmetic surgery encourages the focus on appearance and unattainable beauty norms,1,0,"Phẫu thuật thẩm mỹ vốn tiềm ẩn nhiều rủi ro và gây hại về lâu dài cho bất kỳ ai, đặc biệt là những người thực hiện can thiệp quá nhiều lần."
We should ban cosmetic surgery,cosmetic surgery is often abused and used for selfish unreasonable motives,cosmetic surgery encourages the focus on appearance and unattainable beauty norms,1,0,"Phẫu thuật thẩm mỹ thường bị lạm dụng và thực hiện vì những mục đích ích kỷ, phi lý."
We should ban cosmetic surgery,cosmetic surgery is taking unnecessary risks.,cosmetic surgery encourages the focus on appearance and unattainable beauty norms,1,0,Phẫu thuật thẩm mỹ là một kiểu đánh cược với rủi ro không đáng có.
We should ban cosmetic surgery,cosmetic surgery is too dangerous and people should be who they are,cosmetic surgery encourages the focus on appearance and unattainable beauty norms,1,0,Phẫu thuật thẩm mỹ quá nguy hiểm và con người nên chấp nhận con người thật của chính mình.
We should ban cosmetic surgery,cosmetic surgery is too risky and unnecessary. it isn't needed to improve a health outcome therefore making it too risky for something completely unnecessary.,cosmetic surgery encourages the focus on appearance and unattainable beauty norms,1,0,Phẫu thuật thẩm mỹ quá rủi ro và không cần thiết. Vì nó không mang lại lợi ích sức khỏe nào đáng kể nên việc đánh đổi rủi ro cho một thứ không cần thiết là quá phi lý.
We should ban cosmetic surgery,cosmetic surgery is unnecessary and dangerous.,cosmetic surgery encourages the focus on appearance and unattainable beauty norms,1,0,Phẫu thuật thẩm mỹ là thứ không cần thiết và nguy hiểm.
We should ban cosmetic surgery,cosmetic surgery is unnecessary and does not provide health benefits,cosmetic surgery encourages the focus on appearance and unattainable beauty norms,1,0,Phẫu thuật thẩm mỹ chẳng cần thiết và cũng chẳng mang lại lợi ích gì cho sức khỏe.
We should ban cosmetic surgery,cosmetic surgery is unnecessary except for medical purposes,cosmetic surgery encourages the focus on appearance and unattainable beauty norms,1,0,"Phẫu thuật thẩm mỹ là không cần thiết, trừ trường hợp phục vụ mục đích y tế."
We should ban cosmetic surgery,cosmetic surgery is vital for people like burn victims to heal and feel more normal.,"cosmetic surgery is safe, and can help people.",-1,0,Phẫu thuật thẩm mỹ đóng vai trò thiết yếu giúp những nạn nhân bị bỏng hồi phục và cảm thấy bình thường trở lại.
We should ban cosmetic surgery,cosmetic surgery isn't medically necessary,cosmetic surgery encourages the focus on appearance and unattainable beauty norms,1,0,Phẫu thuật thẩm mỹ xét về mặt y khoa là không thực sự cần thiết.
We should ban cosmetic surgery,cosmetic surgery it is a personal choice and no one has the right to deny them that,"cosmetic surgery is safe, and can help people.",-1,0,Phẫu thuật thẩm mỹ là lựa chọn cá nhân và không ai có quyền ngăn cản điều đó.
We should ban cosmetic surgery,cosmetic surgery just increases the prevalence of body dysmorphia and leaves the poor with no access to such treatments. for these reasons it should be banned.,cosmetic surgery encourages the focus on appearance and unattainable beauty norms,1,1,"Phẫu thuật thẩm mỹ chỉ làm gia tăng tình trạng mặc cảm ngoại hình và khiến người nghèo không thể tiếp cận các phương pháp điều trị. Vì những lý do này, nó cần bị cấm."
We should ban cosmetic surgery,cosmetic surgery leads to some people becoming disfigured when they are operated on by unskilled surgeons.,cosmetic surgery encourages the focus on appearance and unattainable beauty norms,1,0,Phẫu thuật thẩm mỹ dẫn đến rủi ro biến dạng khuôn mặt khi người bệnh gặp phải những bác sĩ thiếu chuyên môn.
We should ban cosmetic surgery,cosmetic surgery only changes the outer appearance of a person and doesn't deal with the emotional issues that make someone feel they are less perfect just as they are.,cosmetic surgery encourages the focus on appearance and unattainable beauty norms,1,1,Phẫu thuật thẩm mỹ chỉ thay đổi vẻ bề ngoài chứ không giải quyết được những vấn đề tâm lý khiến một người cảm thấy tự ti về bản thân.
We should ban cosmetic surgery,cosmetic surgery ought to be available to anyone who has a disfigurement,"cosmetic surgery is safe, and can help people.",-1,0,Phẫu thuật thẩm mỹ nên được cung cấp cho bất kỳ ai có khiếm khuyết ngoại hình.
We should ban cosmetic surgery,cosmetic surgery presents many health risks.,cosmetic surgery encourages the focus on appearance and unattainable beauty norms,1,0,Phẫu thuật thẩm mỹ tiềm ẩn rất nhiều rủi ro cho sức khỏe.
We should ban cosmetic surgery,cosmetic surgery promotes unhealthy body image ideals,cosmetic surgery encourages the focus on appearance and unattainable beauty norms,1,1,Phẫu thuật thẩm mỹ cổ xúy cho những tiêu chuẩn ngoại hình độc hại.
We should ban cosmetic surgery,cosmetic surgery should be allowed in a free enterprise system where people can act of their own free will in making that decision.,"cosmetic surgery is safe, and can help people.",-1,0,"Phẫu thuật thẩm mỹ nên được cho phép trong một hệ thống kinh tế tự do, nơi mọi người có quyền tự quyết đối với lựa chọn của chính mình."
We should ban cosmetic surgery,cosmetic surgery should be banned as more people are feeling under pressure to become more youthful or beautiful and not all cosmetic surgery is safe,cosmetic surgery encourages the focus on appearance and unattainable beauty norms,1,1,"Phẫu thuật thẩm mỹ nên bị cấm vì ngày càng nhiều người cảm thấy áp lực phải trẻ trung hoặc xinh đẹp hơn, trong khi không phải ca phẫu thuật nào cũng an toàn."
We should ban cosmetic surgery,"cosmetic surgery should be banned because a lot of people these days continuously get it, which can eventually lead to them having a mental disorder.",cosmetic surgery encourages the focus on appearance and unattainable beauty norms,1,0,Cần cấm phẫu thuật thẩm mỹ vì việc lạm dụng nó quá đà hiện nay có thể dẫn đến những vấn đề nghiêm trọng về tâm lý.
We should ban cosmetic surgery,cosmetic surgery should be banned because it is really not a necessary type of surgery.,cosmetic surgery encourages the focus on appearance and unattainable beauty norms,1,0,Phẫu thuật thẩm mỹ nên bị cấm vì thực tế đây không phải là loại hình can thiệp thực sự cần thiết.
We should ban cosmetic surgery,cosmetic surgery should be banned because the risks attached both to the surgery and in the longer term are not worth the gains.,cosmetic surgery encourages the focus on appearance and unattainable beauty norms,1,0,Nên cấm phẫu thuật thẩm mỹ vì những rủi ro đi kèm cả trước mắt lẫn lâu dài là quá lớn so với lợi ích mà nó mang lại.
We should ban cosmetic surgery,cosmetic surgery should be lawful as everyone should be allowed to do anything to their body as long as they are informed and aware of the risks.,"cosmetic surgery is safe, and can help people.",-1,0,"Phẫu thuật thẩm mỹ nên được coi là hợp pháp, bởi mỗi cá nhân có quyền tự quyết với cơ thể mình miễn là họ được thông tin đầy đủ và hiểu rõ các rủi ro."
We should ban cosmetic surgery,cosmetic surgery should not be banned because it helps people recover from traumatic injuries resulting from accidents or disease.,"cosmetic surgery is safe, and can help people.",-1,0,Không nên cấm phẫu thuật thẩm mỹ vì nó đóng vai trò quan trọng trong việc giúp bệnh nhân phục hồi các tổn thương do tai nạn hoặc bệnh tật gây ra.
We should ban cosmetic surgery,cosmetic surgery shouldn't be banned because there are plenty of cases and times when someone is in a accident and they actually need it to fix their appearance.,"cosmetic surgery is safe, and can help people.",-1,0,Không nên cấm phẫu thuật thẩm mỹ vì có rất nhiều trường hợp nạn nhân sau tai nạn cần được can thiệp để khôi phục lại diện mạo ban đầu.
We should ban cosmetic surgery,"cosmetic surgery simply forces an ideal model for children to feel that they need to follow in order to be accepted in the world, and should be banned.",cosmetic surgery encourages the focus on appearance and unattainable beauty norms,1,1,"Phẫu thuật thẩm mỹ đang áp đặt một hình mẫu lý tưởng lệch lạc, khiến trẻ em cảm thấy phải chạy theo để được xã hội chấp nhận, vì vậy cần phải cấm."
We should ban cosmetic surgery,cosmetic surgery supports the idea that young people are not good enough as they are and that they require invasive procedures in order to look good enough for society.,cosmetic surgery encourages the focus on appearance and unattainable beauty norms,1,1,Phẫu thuật thẩm mỹ cổ xúy tư tưởng rằng người trẻ hiện tại vẫn chưa đủ tốt và phải nhờ đến các thủ thuật xâm lấn thì mới được coi là ngoại hình đạt chuẩn trong mắt xã hội.
We should ban cosmetic surgery,"cosmetic surgery, other than for disfigurments, should be banned.  society puts too much pressure on people to look perfect.  people should embrace individuality.",cosmetic surgery encourages the focus on appearance and unattainable beauty norms,1,1,"Nên cấm phẫu thuật thẩm mỹ trừ những trường hợp tái tạo do dị dạng. Xã hội đang gây áp lực quá lớn về việc phải hoàn hảo, thay vào đó chúng ta nên tôn trọng nét riêng biệt của mỗi người."
We should abolish the three-strikes laws,criminals may be deterred from committing further crime if they know that they will be put in prison for life if they commit further criminal acts.,repeat offenders should be punished accordingly,-1,0,"Tội phạm có thể sẽ bị răn đe, không dám tiếp tục phạm pháp nếu chúng biết rằng bản thân sẽ phải chịu án tù chung thân nếu tái phạm."
We should abolish the three-strikes laws,"criminals should have a chance to go straight, even if they've committed the same crime multiple times.",the three strike law has not proved effective in reducing criminality,1,0,"Tội phạm vẫn nên có cơ hội hoàn lương, dù là tái phạm nhiều lần."
We should abolish the three-strikes laws,"criminals shouldn't get extra chances when committing crimes anyway, so the three-strikes law is not necessary.",the three strike law has not proved effective in reducing criminality,1,0,"Đằng nào thì tội phạm cũng chẳng xứng đáng có thêm cơ hội, nên luật 'ba lần phạm tội' là hoàn toàn không cần thiết."
Entrapment should be legalized,democracy could never allow entrapment,entrapment can be abused and corner innocent people.,-1,0,Dân chủ không bao giờ có chỗ cho việc cài bẫy người khác.
We should end racial profiling,disclaimer: this one is a tough thing to contest on a personal level. we should keep racial profiling because it sometimes streamlines investigative resources.,certain groups are more prone to crimes than others.,-1,0,Lưu ý: Quan điểm này khá nhạy cảm để tranh luận. Chúng ta nên duy trì việc kiểm soát dựa trên sắc tộc vì đôi khi nó giúp tối ưu hóa nguồn lực điều tra.
We should adopt a zero-tolerance policy in schools,each case needs to be reviewed independently and punishments then established.,a zero tolerance policy is unfair for minimal infractions.,-1,0,Mỗi vụ án cần phải được xem xét độc lập rồi mới đưa ra hình phạt tương xứng.
We should adopt a zero-tolerance policy in schools,each case needs to be reviewed to decide appropriate  discipline.,a zero tolerance policy is unfair for minimal infractions.,-1,0,Cần phải xét duyệt từng trường hợp cụ thể để đưa ra mức kỷ luật phù hợp.
The use of public defenders should be mandatory,each person has the right to decide if he/she wants a public defender,public defendors cost taxpayers more money and therefore should not be mandatory.,-1,0,Mỗi cá nhân đều có quyền tự quyết định xem mình có muốn sử dụng luật sư công hay không.
We should end the use of economic sanctions,economic sanction can provide the tangible and psychological equity that are preconditions for restorative justice,economic sanctions are an effective alternative to military action,-1,0,"Các biện pháp trừng phạt kinh tế có thể mang lại sự công bằng cả về vật chất lẫn tinh thần, vốn là tiền đề cho công lý phục hồi."
We should end the use of economic sanctions,economic sanctions affect the citizens of a country: farmers factory workers and others as the products they produce are unintended targets of sanctions.,economic sanctions cause hard feelings between nations and can cause war.,1,0,"Các lệnh trừng phạt kinh tế gây ảnh hưởng trực tiếp đến người dân, từ nông dân cho đến công nhân nhà máy, vì sản phẩm họ làm ra lại trở thành mục tiêu ngoài ý muốn của các lệnh trừng phạt này."
We should end the use of economic sanctions,economic sanctions affect the workers of the sanctioned countries and not the leaders,economic sanctions cause hard feelings between nations and can cause war.,1,0,Các lệnh trừng phạt kinh tế chỉ nhắm vào tầng lớp lao động ở quốc gia bị trừng phạt chứ chẳng hề đụng chạm tới giới lãnh đạo.
We should end the use of economic sanctions,economic sanctions always punish the innocent people of the country not the oppressive regimes.,economic sanctions cause hard feelings between nations and can cause war.,1,0,Các lệnh trừng phạt kinh tế thực chất chỉ làm khổ người dân vô tội chứ chẳng ảnh hưởng gì đến chế độ độc tài cả.
We should end the use of economic sanctions,economic sanctions are a clear message to foreign governments that their activities will not be tolerated and their economies and their population will be punished until they make changes.,economic sanctions are an effective alternative to military action,-1,0,"Trừng phạt kinh tế là lời cảnh báo đanh thép gửi tới các chính phủ rằng hành vi của họ là không thể dung thứ, và họ buộc phải thay đổi nếu không muốn cả nền kinh tế lẫn người dân phải trả giá."
We should end the use of economic sanctions,economic sanctions are a good way for a government to show disapproval without resorting to violence.,economic sanctions are an effective alternative to military action,-1,1,Trừng phạt kinh tế là cách hiệu quả để một quốc gia thể hiện thái độ phản đối mà không cần dùng đến bạo lực.
We should end the use of economic sanctions,economic sanctions are a good way to get things to happen in a target area,economic sanctions are an effective alternative to military action,-1,0,Các lệnh trừng phạt kinh tế là công cụ hữu hiệu để thúc đẩy những chuyển biến tích cực tại các khu vực mục tiêu.
We should end the use of economic sanctions,economic sanctions are an effective deterrent to some country's bad or dangerous behavior,economic sanctions are an effective alternative to military action,-1,0,Trừng phạt kinh tế là biện pháp răn đe hiệu quả đối với những hành vi nguy hiểm hoặc sai trái của một số quốc gia.
We should end the use of economic sanctions,economic sanctions are an effective tool and should be left as is,economic sanctions are an effective alternative to military action,-1,0,Trừng phạt kinh tế đang phát huy tác dụng tốt và cần được duy trì như hiện tại.
We should end the use of economic sanctions,economic sanctions are an effective way to put pressure on countries that are doing wrong,economic sanctions are an effective alternative to military action,-1,0,Trừng phạt kinh tế là cách hiệu quả để gây áp lực lên những quốc gia đang đi sai hướng.
We should end the use of economic sanctions,economic sanctions are an effective way to signify that human rights abuses will not be tolerated.,economic sanctions are an effective alternative to military action,-1,0,Trừng phạt kinh tế là công cụ mạnh mẽ để khẳng định rằng chúng ta sẽ không bao giờ thỏa hiệp với các hành vi vi phạm nhân quyền.
We should end the use of economic sanctions,economic sanctions are an important and valuable tool in international relations with countries. they are a diplomatic option that can be used to solve problems without military conflict.,economic sanctions are an effective alternative to military action,-1,1,Trừng phạt kinh tế đóng vai trò then chốt trong quan hệ quốc tế; đây là giải pháp ngoại giao giúp giải quyết vấn đề mà không cần đến xung đột quân sự.
We should end the use of economic sanctions,economic sanctions are controversial and punish primarily innocent and poor people who are living on a day-to-day basis to get something to eat,economic sanctions cause hard feelings between nations and can cause war.,1,0,Trừng phạt kinh tế vẫn luôn gây tranh cãi vì thực tế nó chỉ đè nặng lên vai những người nghèo vô tội – những người vốn đang chật vật kiếm ăn từng ngày.
We should end the use of economic sanctions,economic sanctions are cruel and we should be able to negotiate,economic sanctions cause hard feelings between nations and can cause war.,1,0,Cấm vận kinh tế là tàn nhẫn và chúng ta nên chọn cách đối thoại thì hơn.
We should end the use of economic sanctions,economic sanctions are cruel to the people of the country and does nothing to change the action of the leadership.,economic sanctions cause hard feelings between nations and can cause war.,1,0,Cấm vận kinh tế thực chất chỉ gây khổ cực cho người dân chứ chẳng hề lay chuyển được quyết định của giới lãnh đạo.
We should end the use of economic sanctions,economic sanctions are designed to curb human rights violators and their collaborators,economic sanctions are an effective alternative to military action,-1,0,Cấm vận kinh tế được thiết lập để kiềm chế những kẻ vi phạm nhân quyền và đồng bọn của chúng.
We should end the use of economic sanctions,economic sanctions are effective and are a response to other nations that does not use military force.,economic sanctions are an effective alternative to military action,-1,1,Cấm vận kinh tế mang lại hiệu quả và là giải pháp thay thế cho việc dùng vũ lực quân sự giữa các quốc gia.
We should end the use of economic sanctions,economic sanctions are far better than using military force,economic sanctions are an effective alternative to military action,-1,1,Cấm vận kinh tế dù sao vẫn tốt hơn nhiều so với việc phải dùng đến quân đội.
We should end the use of economic sanctions,economic sanctions are favoured as they can be a peaceful alternative to military action,economic sanctions are an effective alternative to military action,-1,1,Cấm vận kinh tế được ưu tiên vì nó là một phương án hòa bình thay thế cho hành động quân sự.
We should end the use of economic sanctions,economic sanctions are immoral and hurt the people they are supposed to be protecting.,economic sanctions cause hard feelings between nations and can cause war.,1,0,Cấm vận kinh tế là phi đạo đức vì nó gây tổn thương chính những người mà lẽ ra cần được bảo vệ.
We should end the use of economic sanctions,economic sanctions are needed to punish countries that don't play by international rules.,economic sanctions are an effective alternative to military action,-1,0,Cấm vận kinh tế là cần thiết để trừng phạt những quốc gia không tuân thủ luật pháp quốc tế.
We should end the use of economic sanctions,economic sanctions are not a viable means to any end. they constrict innovation and efficiency and are of no benefit to any one.,economic sanctions cause hard feelings between nations and can cause war.,1,0,"Cấm vận kinh tế chẳng phải là giải pháp khả thi cho bất cứ mục tiêu nào cả, nó chỉ bóp nghẹt sự đổi mới, giảm hiệu suất và chẳng mang lại lợi ích cho ai hết."
We should end the use of economic sanctions,economic sanctions are often the only way to force countries to comply with international law.,economic sanctions are an effective alternative to military action,-1,0,Cấm vận kinh tế thường là cách duy nhất để buộc các quốc gia phải tuân thủ luật pháp quốc tế.
We should end the use of economic sanctions,economic sanctions are one of the most effective ways to motivate unscrupulous leaders to change,economic sanctions are an effective alternative to military action,-1,0,Các lệnh trừng phạt kinh tế là một trong những cách hiệu quả nhất để buộc những nhà lãnh đạo vô đạo đức phải thay đổi.
We should end the use of economic sanctions,economic sanctions are sometimes the only thing that a leader will respond to,economic sanctions are an effective alternative to military action,-1,0,Đôi khi lệnh trừng phạt kinh tế là công cụ duy nhất mà một nhà lãnh đạo chịu lắng nghe.
We should end the use of economic sanctions,economic sanctions are the only thing that will get the leader of a country to change his actions,economic sanctions are an effective alternative to military action,-1,0,Lệnh trừng phạt kinh tế là thứ duy nhất có thể khiến người đứng đầu một quốc gia thay đổi hành vi của họ.
We should end the use of economic sanctions,economic sanctions are the only way to force other countries to give up certain damaging actions by affecting a larger crowd that simply the government people.,economic sanctions are an effective alternative to military action,-1,0,"Lệnh trừng phạt kinh tế là cách duy nhất để ép các quốc gia khác từ bỏ những hành động gây hại, bằng cách tạo áp lực lên cả cộng đồng thay vì chỉ nhắm vào bộ máy chính quyền."
We should end the use of economic sanctions,economic sanctions are unnecessary because other methods can be just as effective without cutting off supplies from every day people.,economic sanctions cause hard feelings between nations and can cause war.,1,0,Lệnh trừng phạt kinh tế là không cần thiết vì có những phương pháp khác hiệu quả tương đương mà không làm cắt đứt nguồn cung cấp nhu yếu phẩm của người dân thường.
We should end the use of economic sanctions,economic sanctions are useful in deterring unacceptable behavior from other governments.,economic sanctions are an effective alternative to military action,-1,0,Lệnh trừng phạt kinh tế rất hữu ích trong việc ngăn chặn các hành vi sai trái từ những chính phủ khác.
We should end the use of economic sanctions,economic sanctions are useful to stop bad actions.,economic sanctions are an effective alternative to military action,-1,0,Lệnh trừng phạt kinh tế có tác dụng tốt để chấm dứt các hành vi tiêu cực.
We should end the use of economic sanctions,economic sanctions can adversely effect the poorest in a society leading to deaths.,economic sanctions cause hard feelings between nations and can cause war.,1,0,"Lệnh trừng phạt kinh tế có thể gây ảnh hưởng xấu đến những người nghèo nhất trong xã hội, thậm chí dẫn đến tử vong."
We should end the use of economic sanctions,economic sanctions can be the only way to enforce international law.,economic sanctions are an effective alternative to military action,-1,0,Lệnh trừng phạt kinh tế có thể là cách duy nhất để thực thi luật pháp quốc tế.
We should end the use of economic sanctions,economic sanctions can be used to encourage humanitarian efforts.,economic sanctions are an effective alternative to military action,-1,0,Lệnh trừng phạt kinh tế có thể được sử dụng để thúc đẩy các nỗ lực nhân đạo.
We should end the use of economic sanctions,economic sanctions can cause distress and strain between countries,economic sanctions cause hard feelings between nations and can cause war.,1,1,Các biện pháp trừng phạt kinh tế dễ gây căng thẳng và rạn nứt trong quan hệ ngoại giao giữa các quốc gia.
We should end the use of economic sanctions,economic sanctions can end up hurting the poorest in societies.,economic sanctions cause hard feelings between nations and can cause war.,1,0,Trừng phạt kinh tế rốt cuộc lại giáng đòn đau nhất vào tầng lớp nghèo khổ trong xã hội.
We should end the use of economic sanctions,economic sanctions can have lasting effects on the population of country under sanction.,economic sanctions cause hard feelings between nations and can cause war.,1,0,Hệ quả từ các biện pháp trừng phạt kinh tế có thể đeo đẳng và ảnh hưởng lâu dài đến đời sống người dân ở quốc gia bị áp đặt.
We should end the use of economic sanctions,economic sanctions can help control financial situations,economic sanctions are an effective alternative to military action,-1,0,Trừng phạt kinh tế là một công cụ hữu hiệu để kiểm soát và điều tiết các tình hình tài chính.
We should end the use of economic sanctions,economic sanctions can help force countries to provide better treatment for the common people of that country.,economic sanctions are an effective alternative to military action,-1,0,Các biện pháp này có thể gây áp lực buộc chính phủ các nước phải cải thiện quyền lợi và đối xử tốt hơn với người dân của họ.
We should end the use of economic sanctions,economic sanctions can hurt international trade.,economic sanctions cause hard feelings between nations and can cause war.,1,0,Trừng phạt kinh tế gây cản trở nghiêm trọng đến hoạt động thương mại quốc tế.
We should end the use of economic sanctions,economic sanctions causes safer trading of goods,economic sanctions are an effective alternative to military action,-1,0,Các lệnh trừng phạt kinh tế giúp việc giao thương hàng hóa trở nên an toàn và minh bạch hơn.
We should end the use of economic sanctions,economic sanctions choke off the economy in a way that punishes ordinary citizens for their government's actions.,economic sanctions cause hard feelings between nations and can cause war.,1,0,"Trừng phạt kinh tế bóp nghẹt nền kinh tế, biến người dân vô tội thành nạn nhân phải gánh chịu hậu quả từ hành động của chính phủ họ."
We should end the use of economic sanctions,economic sanctions do more harm than good,economic sanctions cause hard feelings between nations and can cause war.,1,0,"Xét cho cùng, trừng phạt kinh tế gây hại nhiều hơn là mang lại lợi ích."
We should end the use of economic sanctions,"economic sanctions do not help dealing with  bad countries, they just starve  people living in the effected areas.",economic sanctions cause hard feelings between nations and can cause war.,1,0,"Trừng phạt kinh tế chẳng giúp giải quyết được các chính thể độc hại, mà chỉ làm khổ người dân đang sinh sống tại những khu vực đó."
We should end the use of economic sanctions,economic sanctions end up hurting the people at the bottom,economic sanctions cause hard feelings between nations and can cause war.,1,0,Các lệnh trừng phạt kinh tế rốt cuộc chỉ làm khổ người dân tầng lớp dưới.
We should end the use of economic sanctions,economic sanctions generally end up hurting more than just those they are applied against and are no longer in the best interest of our country,economic sanctions cause hard feelings between nations and can cause war.,1,0,"Các lệnh trừng phạt kinh tế thường gây tổn hại nhiều hơn là chỉ tác động đến đối tượng bị nhắm tới, và về lâu dài, chúng không còn mang lại lợi ích tốt nhất cho quốc gia chúng ta."
We should end the use of economic sanctions,economic sanctions help our country.,economic sanctions are an effective alternative to military action,-1,0,Các lệnh trừng phạt kinh tế đem lại lợi ích cho đất nước chúng ta.
We should end the use of economic sanctions,economic sanctions help punish bad behavior,economic sanctions are an effective alternative to military action,-1,0,Các lệnh trừng phạt kinh tế góp phần trừng trị những hành vi sai trái.
We should end the use of economic sanctions,economic sanctions hurt a country's ability to grow economically and thereby become democracies.,economic sanctions cause hard feelings between nations and can cause war.,1,0,"Các lệnh trừng phạt kinh tế cản trở khả năng tăng trưởng kinh tế của một quốc gia, từ đó ngăn cản họ tiến tới dân chủ."
We should end the use of economic sanctions,economic sanctions hurt families but do little to change political policies.,economic sanctions cause hard feelings between nations and can cause war.,1,0,Các lệnh trừng phạt kinh tế gây tổn thương cho các gia đình nhưng lại chẳng có mấy tác dụng trong việc thay đổi chính sách chính trị.
We should end the use of economic sanctions,economic sanctions hurt the average citizen who has not done anything wrong while the guilty parties in the government still are well taken care of,economic sanctions cause hard feelings between nations and can cause war.,1,0,"Các lệnh trừng phạt kinh tế làm khổ những người dân thường vô tội, trong khi những kẻ cầm quyền vẫn được hưởng đặc quyền và sống tốt."
We should end the use of economic sanctions,"economic sanctions hurt the poor, working class and has little affect on the ruling party.",economic sanctions cause hard feelings between nations and can cause war.,1,0,Các lệnh trừng phạt kinh tế đánh mạnh vào tầng lớp lao động nghèo khó nhưng chẳng ảnh hưởng bao nhiêu đến giới cầm quyền.
We should end the use of economic sanctions,economic sanctions hurt the poorest people of a nation,economic sanctions cause hard feelings between nations and can cause war.,1,0,Các lệnh trừng phạt kinh tế gây thiệt hại nặng nề nhất cho những người dân nghèo khổ nhất trong một quốc gia.
We should end the use of economic sanctions,economic sanctions impede free trade and hinder economic development,economic sanctions cause hard feelings between nations and can cause war.,1,0,Các lệnh trừng phạt kinh tế làm gián đoạn tự do thương mại và kìm hãm sự phát triển kinh tế.
We should end the use of economic sanctions,economic sanctions keep businesses in line.,economic sanctions are an effective alternative to military action,-1,0,Các biện pháp trừng phạt kinh tế giúp kiểm soát hành vi của các doanh nghiệp.
We should end the use of economic sanctions,economic sanctions keep other countries from building up arsenals and help to protect people.,economic sanctions are an effective alternative to military action,-1,0,Các lệnh trừng phạt kinh tế ngăn cản các quốc gia khác tích trữ vũ khí và góp phần bảo vệ người dân.
We should end the use of economic sanctions,economic sanctions make items made in foreign countries and shipped here more affordable for struggling americans.,economic sanctions are an effective alternative to military action,-1,0,Các biện pháp trừng phạt kinh tế giúp hàng hóa nhập khẩu trở nên dễ tiếp cận hơn đối với những người Mỹ đang gặp khó khăn về tài chính.
We should end the use of economic sanctions,economic sanctions must be retained as it is the only way in which dishonest countries can be made to mend their ways.,economic sanctions are an effective alternative to military action,-1,0,Chúng ta bắt buộc phải duy trì các biện pháp trừng phạt kinh tế vì đây là cách duy nhất để buộc các quốc gia thiếu trung thực phải thay đổi thái độ.
We should end the use of economic sanctions,economic sanctions offer an effective way to deal with international conflict which does not involve military action.,economic sanctions are an effective alternative to military action,-1,1,Các lệnh trừng phạt kinh tế là phương thức hiệu quả để giải quyết xung đột quốc tế mà không cần dùng đến quân sự.
We should end the use of economic sanctions,economic sanctions only hurt our economy by taking money out of it.,economic sanctions cause hard feelings between nations and can cause war.,1,0,Các lệnh trừng phạt kinh tế chỉ gây hại cho nền kinh tế của chính chúng ta bằng cách làm thất thoát ngân sách.
We should end the use of economic sanctions,economic sanctions only hurt productivity.,economic sanctions cause hard feelings between nations and can cause war.,1,0,Các lệnh trừng phạt kinh tế chỉ làm kìm hãm năng suất lao động.
We should end the use of economic sanctions,economic sanctions only hurt the general population of a country and not the people who are running it,economic sanctions cause hard feelings between nations and can cause war.,1,0,Các biện pháp trừng phạt kinh tế chỉ gây thiệt hại cho đại đa số người dân chứ không ảnh hưởng đến những người đang cầm quyền.
We should end the use of economic sanctions,economic sanctions only hurt the normal working class citizens,economic sanctions cause hard feelings between nations and can cause war.,1,0,Các lệnh trừng phạt kinh tế chỉ gây khó khăn cho tầng lớp lao động bình thường.
We should end the use of economic sanctions,economic sanctions only hurt the people of the country and never the regime that is being sanctioned.,economic sanctions cause hard feelings between nations and can cause war.,1,0,Các biện pháp trừng phạt kinh tế chỉ làm khổ người dân vô tội chứ chẳng bao giờ tác động được đến bộ máy cầm quyền đang bị trừng phạt cả.
We should end the use of economic sanctions,economic sanctions only hurt those at the bottom of society and foster further friction with countries we should be trying to find a more diplomatic solution with.,economic sanctions cause hard feelings between nations and can cause war.,1,0,Các lệnh trừng phạt kinh tế chỉ làm khổ người dân tầng lớp dưới và gây thêm căng thẳng với những quốc gia mà lẽ ra chúng ta nên tìm cách giải quyết bằng ngoại giao.
We should end the use of economic sanctions,economic sanctions only serve to punish the citizens of a nation for the misdeeds of a few in power.,economic sanctions cause hard feelings between nations and can cause war.,1,0,Các lệnh trừng phạt kinh tế thực chất chỉ là công cụ để trừng phạt người dân vì lỗi lầm của một nhóm nhỏ cầm quyền.
We should end the use of economic sanctions,economic sanctions only truly harm the already poor & have no affect on those it is intended to,economic sanctions cause hard feelings between nations and can cause war.,1,0,Các lệnh trừng phạt kinh tế chỉ thực sự gây hại cho những người vốn đã nghèo khó chứ chẳng tác động gì đến đối tượng mà nó nhắm tới.
We should end the use of economic sanctions,economic sanctions provide an easy way to protest and can easily be reversed when situations change.,economic sanctions are an effective alternative to military action,-1,0,Các lệnh trừng phạt kinh tế cung cấp một cách phản đối dễ dàng và có thể nhanh chóng được gỡ bỏ khi tình hình thay đổi.
We should end the use of economic sanctions,economic sanctions provide security and ensure that citizens are treated fairly.,economic sanctions are an effective alternative to military action,-1,0,Các lệnh trừng phạt kinh tế đem lại sự an toàn và đảm bảo quyền lợi công bằng cho người dân.
We should end the use of economic sanctions,economic sanctions punish innocent civilians who have no control over the actions of their government so should be abolished.,economic sanctions cause hard feelings between nations and can cause war.,1,0,"Các lệnh trừng phạt kinh tế trừng phạt cả những thường dân vô tội vốn chẳng thể tác động gì đến chính sách của chính phủ, vì vậy cần phải bãi bỏ."
We should end the use of economic sanctions,economic sanctions raise the prices of goods for many consumers and many can't afford the higher priced goods.,economic sanctions cause hard feelings between nations and can cause war.,1,0,"Các lệnh trừng phạt kinh tế làm tăng giá hàng hóa, khiến nhiều người tiêu dùng không còn khả năng chi trả."
We should end the use of economic sanctions,economic sanctions should be ended as it usually tends to make life harder for the innocent poor citizens who have no idea about what's going on,economic sanctions cause hard feelings between nations and can cause war.,1,0,"Cần chấm dứt các lệnh trừng phạt kinh tế vì chúng thường chỉ làm khổ những người dân nghèo vô tội, những người thậm chí còn chẳng biết chuyện gì đang xảy ra."
We should end the use of economic sanctions,economic sanctions should be ended as these sanctions have a negative impact on poor countries whose leaders are despots and dictators.,economic sanctions cause hard feelings between nations and can cause war.,1,0,"Cần chấm dứt các lệnh trừng phạt kinh tế vì chúng gây ảnh hưởng tiêu cực lên các nước nghèo, nơi mà lãnh đạo thường là các nhà độc tài."
We should end the use of economic sanctions,economic sanctions should be ended because they are cruel and they don't work. sanctions harm ordinary citizens including the poor of these countries which is inhumane.,economic sanctions cause hard feelings between nations and can cause war.,1,0,"Cần chấm dứt các lệnh trừng phạt kinh tế vì chúng vừa tàn nhẫn lại vừa không hiệu quả; các lệnh này làm hại người dân bình thường, đặc biệt là người nghèo, điều này thật vô nhân đạo."
We should end the use of economic sanctions,economic sanctions should be ended so that poor people in the affected countiries can have food on the table.,economic sanctions cause hard feelings between nations and can cause war.,1,0,Cần bãi bỏ các lệnh trừng phạt kinh tế để người nghèo ở các quốc gia bị ảnh hưởng có cơm ăn áo mặc.
We should end the use of economic sanctions,economic sanctions should not be used because they are too often used for political reasons and not the economic ones they're meant for,economic sanctions cause hard feelings between nations and can cause war.,1,0,Không nên lạm dụng các lệnh trừng phạt kinh tế vì thực tế chúng thường bị dùng cho mục đích chính trị thay vì mục đích kinh tế như dự kiến ban đầu.
We should end the use of economic sanctions,economic sanctions shouldn't be ended because it helps keep most countries in order,economic sanctions are an effective alternative to military action,-1,0,Không nên dỡ bỏ các lệnh trừng phạt kinh tế vì đây là công cụ hiệu quả để duy trì trật tự giữa các quốc gia.
We should end the use of economic sanctions,economic sanctions take a long time to work and events can be developing too quickly for them to be a viable option,economic sanctions cause hard feelings between nations and can cause war.,1,0,"Các lệnh trừng phạt kinh tế mất rất nhiều thời gian mới có tác dụng, trong khi tình hình thế giới thay đổi quá nhanh nên đây không phải là phương án khả thi."
We should end the use of economic sanctions,economic sanctions target the people for punishment instead of the government,economic sanctions cause hard feelings between nations and can cause war.,1,0,Các lệnh trừng phạt kinh tế thực chất là đang nhắm vào người dân để trừng phạt thay vì chính phủ nước đó.
We should end the use of economic sanctions,economic sanctions will mean a cut in government service which will be to the detriment of the coutries citizens,economic sanctions cause hard feelings between nations and can cause war.,1,0,"Các lệnh trừng phạt kinh tế sẽ dẫn đến việc cắt giảm ngân sách dịch vụ công, gây tổn hại trực tiếp đến quyền lợi của người dân nước sở tại."
We should end the use of economic sanctions,economic sanctions work when a country relies on exports for most of their wealth,economic sanctions are an effective alternative to military action,-1,0,Các lệnh trừng phạt kinh tế chỉ phát huy tác dụng khi quốc gia đó phụ thuộc vào xuất khẩu để tạo ra phần lớn thu nhập quốc gia.
We should end the use of economic sanctions,economic sanctions works and gives lessons to those countries that don't follow rules.,economic sanctions are an effective alternative to military action,-1,0,Các lệnh trừng phạt kinh tế thực sự hiệu quả và là bài học đắt giá cho những quốc gia không tuân thủ các quy tắc quốc tế.
We should subsidize student loans,education is important to ensure the continued progress of humanity and to move humanity forwards; for this reason we should subsidise loans for students.,student loans is a help for those who do not have resources,1,0,"Giáo dục đóng vai trò then chốt để đảm bảo sự tiến bộ liên tục và phát triển của nhân loại, vì vậy chúng ta nên trợ giá các khoản vay cho sinh viên."
We should subsidize student loans,"education is so expensive, we should subsidize it to ensure it is accessible for all.",student loans is a help for those who do not have resources,1,1,"Học phí đang quá đắt đỏ, chúng ta nên trợ cấp để đảm bảo mọi người đều có cơ hội tiếp cận giáo dục."
We should end the use of economic sanctions,embargo could negatively affect the economy of the imposing country,economic sanctions cause hard feelings between nations and can cause war.,1,0,Lệnh cấm vận có thể gây ảnh hưởng tiêu cực đến chính nền kinh tế của quốc gia áp đặt lệnh trừng phạt.
We should end the use of economic sanctions,ending sanctions will stop uneeded fees.,economic sanctions cause hard feelings between nations and can cause war.,1,0,Việc dỡ bỏ các lệnh trừng phạt sẽ loại bỏ được những khoản phí không cần thiết.
We should end the use of economic sanctions,ending the use of economic sanctions will help the  population who suffer as a result of them.   governments do not seem to worry too much about sanctions.,economic sanctions cause hard feelings between nations and can cause war.,1,0,"Việc chấm dứt sử dụng các lệnh trừng phạt kinh tế sẽ giúp ích cho người dân – những đối tượng đang phải chịu khổ sở vì chúng, trong khi các chính phủ dường như chẳng mấy bận tâm đến hậu quả của những lệnh này."
Entrapment should be legalized,entrapment  creates artificial circumstances where someone may do something which they would not otherwise do due to the level of enticement.,entrapment can be abused and corner innocent people.,-1,0,"Gài bẫy tạo ra những tình huống giả tạo, khiến một người thực hiện hành vi mà bình thường họ sẽ không làm nếu không có sự dụ dỗ đó."
Entrapment should be legalized,entrapment aids the police where they have a good reason to suspect a culprit but the criminal activity would otherwise be difficult to detect,entrapment  is a useful tool to law enforcement,1,1,"Gài bẫy hỗ trợ cảnh sát trong các vụ án mà họ có cơ sở để nghi ngờ đối tượng, nhưng các hoạt động phạm tội lại rất khó để phát hiện nếu không sử dụng phương pháp này."
Entrapment should be legalized,entrapment allows for officers to capture criminals who are trying to evade police in a manner that they would not expect.,entrapment  is a useful tool to law enforcement,1,1,Gài bẫy cho phép các đặc vụ bắt giữ những tội phạm đang cố lẩn trốn cảnh sát theo những cách mà đối tượng không hề ngờ tới.
Entrapment should be legalized,entrapment allows for the easy arrest of criminals,entrapment  is a useful tool to law enforcement,1,1,Gài bẫy giúp việc bắt giữ tội phạm trở nên dễ dàng hơn.
Entrapment should be legalized,entrapment allows law enforcement to arrest individuals who are already suspected of a crime but may be otherwise difficult to track down,entrapment  is a useful tool to law enforcement,1,1,Gài bẫy cho phép cơ quan thực thi pháp luật bắt giữ những đối tượng đã nằm trong diện tình nghi nhưng lại rất khó để truy vết bằng các biện pháp thông thường.
Entrapment should be legalized,entrapment allows law enforcement to catch criminals red-handed.,entrapment  is a useful tool to law enforcement,1,1,Gài bẫy giúp cơ quan chức năng bắt quả tang tội phạm ngay tại trận.
Entrapment should be legalized,entrapment can be a powerful law enforcement tool to catch criminals before they commit that crime against the general public,entrapment  is a useful tool to law enforcement,1,1,Gài bẫy có thể là một công cụ thực thi pháp luật hiệu quả để tóm gọn tội phạm trước khi chúng kịp gây hại cho cộng đồng.
Entrapment should be legalized,entrapment can cause a person to do something they would not normally do and should not be allowed.,entrapment can be abused and corner innocent people.,-1,0,"Gài bẫy pháp lý có thể khiến một người làm những việc họ vốn không bao giờ làm, vì vậy hành vi này không nên được chấp nhận."
Entrapment should be legalized,entrapment can end with the wrong person arrested,entrapment can be abused and corner innocent people.,-1,1,Gài bẫy có thể dẫn đến việc bắt nhầm người.
Entrapment should be legalized,entrapment can help to remove violent criminals from society and should therefore be legalised.,entrapment  is a useful tool to law enforcement,1,0,"Gài bẫy có thể giúp loại bỏ những tội phạm nguy hiểm ra khỏi xã hội, do đó cần được hợp pháp hóa."
Entrapment should be legalized,entrapment can lead to arrest of a person who was in the wrong place at the wrong time or unknowing they have done something wrong.,entrapment can be abused and corner innocent people.,-1,1,"Gài bẫy có thể khiến những người vô tình ở sai chỗ, sai thời điểm hoặc không hề biết mình đang phạm pháp bị bắt giữ."
Entrapment should be legalized,entrapment can make a person do something which in other circumstances they may not have done.,entrapment can be abused and corner innocent people.,-1,0,Gài bẫy có thể ép một người thực hiện hành vi mà trong những tình huống bình thường họ sẽ không làm.
Entrapment should be legalized,"entrapment can make ordinary people commit crimes that they wouldn't have otherwise committed, you could even be pressured into committing a crime by undercover police officers.",entrapment can be abused and corner innocent people.,-1,0,Gài bẫy có thể khiến những người bình thường phạm tội mà lẽ ra họ sẽ không bao giờ làm; bạn thậm chí có thể bị cảnh sát chìm gây áp lực để phạm tội.
Entrapment should be legalized,entrapment causes more criminals to be caught and taken off the streets.,entrapment  is a useful tool to law enforcement,1,0,Gài bẫy giúp bắt giữ và loại bỏ nhiều tội phạm hơn ra khỏi đường phố.
Entrapment should be legalized,entrapment convinces people to commit a crime when they normally wouldn't and should not be legal.,entrapment can be abused and corner innocent people.,-1,0,"Gài bẫy dụ dỗ người ta phạm tội khi họ vốn không định làm vậy, vì thế nó không nên được xem là hợp pháp."
Entrapment should be legalized,entrapment encourages people to try and get people to commit crimes which they might otherwise  not have committed.,entrapment can be abused and corner innocent people.,-1,0,Gài bẫy khuyến khích việc cố tình lôi kéo người khác thực hiện hành vi phạm tội mà đáng lẽ họ đã không làm.
Entrapment should be legalized,entrapment is a breach of individual rights,entrapment can be abused and corner innocent people.,-1,0,Gài bẫy là hành vi xâm phạm quyền cá nhân.
Entrapment should be legalized,entrapment is a good tool for law enforcement to have in their box of tricks.  it allows a known criminal to be caught much easier.,entrapment  is a useful tool to law enforcement,1,1,"Gài bẫy là một công cụ hiệu quả trong tay cảnh sát, giúp họ tóm gọn những tội phạm đã biết mặt một cách dễ dàng hơn nhiều."
Entrapment should be legalized,entrapment is a slippery slope we should stay off of.  too easy to make a criminal instead of catching one.,entrapment can be abused and corner innocent people.,-1,0,"Gài bẫy là một con dốc trơn trượt mà chúng ta cần tránh xa, bởi nó rất dễ biến một người bình thường thành tội phạm thay vì bắt kẻ thủ ác."
Entrapment should be legalized,"entrapment is a tool that, when used fairly, only catches individuals in the act doing what they would do regardless of the involvement of the police",entrapment  is a useful tool to law enforcement,1,1,"Gài bẫy là công cụ mà nếu sử dụng công bằng, nó chỉ tóm được những kẻ vốn đã sẵn sàng thực hiện hành vi phạm tội dù không có sự can thiệp của cảnh sát."
Entrapment should be legalized,entrapment is a useful tool for law enforcement to find people who may otherwise fly under their radar.,entrapment  is a useful tool to law enforcement,1,1,"Gài bẫy là phương tiện hữu hiệu để lực lượng chức năng phát hiện những đối tượng mà nếu không có nó, họ sẽ dễ dàng lọt lưới."
Entrapment should be legalized,entrapment is a valid tactic to remove criminal offenders from the streets,entrapment  is a useful tool to law enforcement,1,0,Gài bẫy là một chiến thuật hợp lệ để loại bỏ những tên tội phạm nguy hiểm ra khỏi cộng đồng.
Entrapment should be legalized,entrapment is an unjust form of capturing criminals as it is tempting someone to do something wrong,entrapment can be abused and corner innocent people.,-1,0,Gài bẫy là cách bắt giữ tội phạm bất công vì đó chẳng khác nào hành vi dụ dỗ người khác sa chân vào con đường sai trái.
Entrapment should be legalized,entrapment is considered a crime that is previously committed by the police and you are forced to continue the crime.,entrapment can be abused and corner innocent people.,-1,0,"Gài bẫy bị coi là hành vi phạm tội do chính cảnh sát khơi mào, ép người dân phải tiếp tục hành vi sai phạm đó."
Entrapment should be legalized,"entrapment is encouraging offences to be committed, which is immoral",entrapment can be abused and corner innocent people.,-1,0,"Việc gài bẫy chẳng khác nào khuyến khích người ta phạm tội, đây là hành động vô đạo đức."
Entrapment should be legalized,entrapment is illegal under the constitution,entrapment can be abused and corner innocent people.,-1,0,Gài bẫy là hành vi vi phạm hiến pháp và bất hợp pháp.
Entrapment should be legalized,entrapment is immoral as a way of decieving one for punishment,entrapment can be abused and corner innocent people.,-1,0,Gài bẫy là hành vi vô đạo đức vì nó sử dụng thủ đoạn lừa dối để đưa người ta vào tròng rồi trừng phạt.
Entrapment should be legalized,"entrapment is in essence encouraging a crime, and as such is surely indirectly a criminal offence in itself.",entrapment can be abused and corner innocent people.,-1,0,"Về bản chất, gài bẫy chính là hành vi xúi giục phạm tội, nên suy cho cùng, chính hành vi này cũng gián tiếp là một tội phạm."
Entrapment should be legalized,entrapment is morally wrong and is against human rights and should not be legalized.,entrapment can be abused and corner innocent people.,-1,0,"Gài bẫy là hành vi sai trái về mặt đạo đức, vi phạm nhân quyền và không bao giờ nên được hợp pháp hóa."
Entrapment should be legalized,"entrapment is simply giving criminals an opportunity to commit a crime, in a way that allows law enforcement to easily catch them.",entrapment  is a useful tool to law enforcement,1,1,"Gài bẫy đơn giản chỉ là tạo cơ hội cho kẻ gian thực hiện hành vi phạm tội, giúp cơ quan chức năng dễ dàng tóm gọn chúng hơn mà thôi."
Entrapment should be legalized,entrapment is sometimes the only means possible to capture a diehard criminal.,entrapment  is a useful tool to law enforcement,1,0,"Đôi khi, gài bẫy lại là cách duy nhất để có thể bắt giữ những tên tội phạm ngoan cố và nguy hiểm."
Entrapment should be legalized,entrapment is unfair and often has the wrong results.,entrapment can be abused and corner innocent people.,-1,0,Gài bẫy là bất công và thường dẫn đến những hệ lụy sai lệch.
Entrapment should be legalized,entrapment is unfair and often tempts people into committing crimes they normally would not have,entrapment can be abused and corner innocent people.,-1,0,"Gài bẫy là không công bằng, nó thường cám dỗ người khác phạm tội trong khi bình thường họ sẽ không bao giờ làm như vậy."
Entrapment should be legalized,entrapment is unfair and startles drivers at the last minute.,entrapment can be abused and corner innocent people.,-1,0,Gài bẫy là không công bằng và gây bất ngờ cho người lái xe vào phút chót.
Entrapment should be legalized,entrapment is unfair and uses low and unfair tactics to trick people into committing crimes.,entrapment can be abused and corner innocent people.,-1,0,"Gài bẫy là bất công, nó sử dụng những thủ đoạn hèn hạ và không chính đáng để lừa người khác vào con đường phạm tội."
Entrapment should be legalized,entrapment is unfair to people who would not otherwise commit crimes it should remain illegal,entrapment can be abused and corner innocent people.,-1,0,"Gài bẫy là bất công đối với những người vốn không có ý định phạm tội, vì vậy nó cần phải bị coi là bất hợp pháp."
Entrapment should be legalized,entrapment is wrong and inducing person to do the crime from state agents is just wrong.,entrapment can be abused and corner innocent people.,-1,0,"Gài bẫy là sai trái, và việc các đặc vụ nhà nước xúi giục một người thực hiện hành vi phạm tội là điều hoàn toàn không thể chấp nhận được."
Entrapment should be legalized,entrapment is wrong since a person is almost coerced into committing a crime. it's cruel and wrong to trick a person into committing a crime.,entrapment can be abused and corner innocent people.,-1,0,Cài bẫy là sai trái vì người đó gần như bị ép buộc phải phạm tội. Việc lừa người khác vào con đường phạm pháp là hành vi tàn nhẫn và không thể chấp nhận được.
Entrapment should be legalized,entrapment just encourages criminal activity that may not have otherwise have occurred,entrapment can be abused and corner innocent people.,-1,0,Cài bẫy chỉ làm khuyến khích các hoạt động tội phạm vốn dĩ sẽ không xảy ra nếu không có sự tác động này.
Entrapment should be legalized,entrapment leads to police abuse or to extort citizens,entrapment can be abused and corner innocent people.,-1,1,Cài bẫy dễ dẫn đến tình trạng cảnh sát lạm quyền hoặc dùng nó để tống tiền người dân.
Entrapment should be legalized,entrapment may lead to people committing crimes that they would otherwise not have committed.,entrapment can be abused and corner innocent people.,-1,0,"Cài bẫy có thể khiến người ta phạm những tội mà nếu không có nó, họ đã chẳng bao giờ làm."
Entrapment should be legalized,entrapment might be what gets someone to commit a crime who hasn't decided to do it,entrapment can be abused and corner innocent people.,-1,0,Cài bẫy có thể là mồi nhử khiến một người vốn chưa hề có ý định phạm tội phải thực hiện hành vi vi phạm pháp luật.
Entrapment should be legalized,"entrapment sets people up to fail and is simply, unfair.",entrapment can be abused and corner innocent people.,-1,0,"Cài bẫy là hành vi dàn dựng để người khác mắc bẫy, xét về mọi khía cạnh thì đây là điều bất công."
Entrapment should be legalized,entrapment should be illegal because they are convincing someone to commit a crime that they may not have committed without being cohersed into it.,entrapment can be abused and corner innocent people.,-1,0,Cài bẫy cần phải bị coi là bất hợp pháp vì nó thuyết phục một người thực hiện hành vi phạm tội mà họ có thể sẽ không làm nếu không bị ép buộc.
Entrapment should be legalized,entrapment should be legalized as enables the police to capture criminals,entrapment  is a useful tool to law enforcement,1,1,Cài bẫy nên được hợp pháp hóa vì nó giúp cảnh sát bắt giữ tội phạm hiệu quả hơn.
Entrapment should be legalized,entrapment should be legalized as it is a useful tool to catch criminals when other strategies have failed.,entrapment  is a useful tool to law enforcement,1,1,Cài bẫy nên được hợp pháp hóa vì đây là công cụ hữu ích để tóm gọn tội phạm khi các chiến thuật khác đều thất bại.
Entrapment should be legalized,entrapment should be legalized as it may be the only way of compiling evidence in order to solve a crime.,entrapment  is a useful tool to law enforcement,1,1,Cài bẫy nên được hợp pháp hóa vì đôi khi đó là cách duy nhất để thu thập chứng cứ nhằm phá án.
Entrapment should be legalized,"entrapment should be legalized because it can be used in ways that are not abusive, like a police-run to catch a predator.",entrapment  is a useful tool to law enforcement,1,1,"Cần hợp pháp hóa việc gài bẫy vì nó có thể được áp dụng một cách hợp lý, chẳng hạn như việc cảnh sát sử dụng nó để bắt giữ những kẻ săn mồi nguy hiểm."
Entrapment should be legalized,entrapment should be legalized because it gets a lot of the bad guys off the streets,entrapment  is a useful tool to law enforcement,1,0,Cần hợp pháp hóa việc gài bẫy vì nó là cách hiệu quả để loại bỏ những kẻ xấu ra khỏi xã hội.
Entrapment should be legalized,entrapment should be legalized because the only people in the position of becoming entrapped are criminals anyway. it keeps more criminals from committing more crimes.,entrapment  is a useful tool to law enforcement,1,0,Cần hợp pháp hóa việc gài bẫy vì đối tượng duy nhất rơi vào tầm ngắm vốn dĩ đã là tội phạm rồi; điều này ngăn chặn chúng tiếp tục gây án.
Entrapment should be legalized,entrapment should be legalized in order to preserve police resources and prosecute criminals more efficiently.,entrapment  is a useful tool to law enforcement,1,1,Việc hợp pháp hóa gài bẫy sẽ giúp tối ưu hóa nguồn lực cảnh sát và đẩy nhanh quá trình truy tố tội phạm.
Entrapment should be legalized,entrapment should not be allowed as it entices people to act in an unnatural way as a result of enticements of the police,entrapment can be abused and corner innocent people.,-1,0,Không nên cho phép gài bẫy vì nó lôi kéo người khác hành động trái với bản chất bình thường của họ chỉ vì những sự dụ dỗ từ phía cảnh sát.
Entrapment should be legalized,entrapment should not be legalized because it creates an imbalance in favor of prosecutors.,entrapment can be abused and corner innocent people.,-1,0,Không nên hợp pháp hóa gài bẫy vì nó tạo ra sự mất cân bằng có lợi cho phía công tố.
Entrapment should be legalized,"entrapment should not be legalized because it is not necessary for the police to do their job, so we should defer to not infringing on people's freedom by entrapping them.",entrapment can be abused and corner innocent people.,-1,0,"Không nên hợp pháp hóa gài bẫy vì cảnh sát vốn không cần đến thủ đoạn này để hoàn thành nhiệm vụ, nên chúng ta không nên vì thế mà xâm phạm quyền tự do của người dân."
Entrapment should be legalized,entrapment should not be legalized because it is unethical to promote unethical behavior.,entrapment can be abused and corner innocent people.,-1,0,Không nên hợp pháp hóa gài bẫy vì việc thúc đẩy hành vi phi đạo đức là trái với chuẩn mực đạo đức.
Entrapment should be legalized,entrapment should not be legalized because there is no way to know if someone would have committed the crime without police involvement.,entrapment can be abused and corner innocent people.,-1,0,Không nên hợp pháp hóa gài bẫy vì không có bằng chứng nào khẳng định chắc chắn rằng đối tượng sẽ phạm tội nếu không có sự nhúng tay từ cảnh sát.
Entrapment should be legalized,entrapment shouldn't be legalized because it is immoral to trick someone into committing a crime,entrapment can be abused and corner innocent people.,-1,0,Không nên hợp pháp hóa gài bẫy vì việc lừa gạt người khác phạm tội là hành vi vô đạo đức.
Entrapment should be legalized,entrapment shouldn't be legalized because it may end up getting wrong people in trouble,entrapment can be abused and corner innocent people.,-1,1,Không nên hợp pháp hóa bẫy pháp lý (entrapment) vì nó rất dễ dẫn đến việc gây rắc rối cho những người vô tội.
The use of public defenders should be mandatory,"every citizen has the right to some form of legal defense, and the use of public defenders is a guarantee of this fundamental, democratic position.",public defenders should be mandatory to ensure everyone has a fair shot,1,0,"Mọi công dân đều có quyền được bảo vệ về mặt pháp lý, và việc cung cấp luật sư công là minh chứng rõ nhất cho nền tảng dân chủ cơ bản này."
We should subsidize student loans,everyone deserves a chance of a good education even if they can not afford the schooling.,student loans is a help for those who do not have resources,1,1,"Ai cũng xứng đáng có cơ hội được học tập tử tế, kể cả khi họ không đủ điều kiện tài chính để chi trả học phí."
The use of public defenders should be mandatory,everyone has a right to representation if they are unable to afford it themselves,public defenders should be mandatory to ensure everyone has a fair shot,1,0,Ai cũng có quyền được đại diện pháp lý ngay cả khi bản thân không đủ khả năng chi trả cho luật sư riêng.
We should ban cosmetic surgery,everyone has the right to alter their bodies or appearances in which ever way makes them feel comfortable and at ease.,"cosmetic surgery is safe, and can help people.",-1,0,Mọi người đều có quyền thay đổi cơ thể hay ngoại hình theo bất cứ cách nào khiến họ cảm thấy thoải mái và tự tin nhất.
The use of public defenders should be mandatory,everyone is entitled to a defense. knowing that a public defender is mandatory can be a relief for those who are overwhelmed by their circumstances.,public defenders should be mandatory to ensure everyone has a fair shot,1,0,"Ai cũng có quyền được bào chữa. Việc biết chắc chắn sẽ có luật sư công hỗ trợ chính là điểm tựa tâm lý cho những người đang rơi vào tình cảnh khó khăn, bế tắc."
We should adopt a zero-tolerance policy in schools,everyone makes mistakes and should be given a second chance which zero-tolerance policies will not allow.,a zero tolerance policy is unfair for minimal infractions.,-1,0,"Ai cũng có thể mắc sai lầm và xứng đáng có cơ hội thứ hai, điều mà các chính sách 'không khoan nhượng' hoàn toàn tước đi."
The use of public defenders should be mandatory,everyone should have the right to choose who represents them in a court,public defendors cost taxpayers more money and therefore should not be mandatory.,-1,0,Mọi người nên có quyền tự do lựa chọn người đại diện cho mình tại tòa án.
We should ban cosmetic surgery,far too much is spent correcting bad surgery,cosmetic surgery encourages the focus on appearance and unattainable beauty norms,1,0,Chúng ta đang dành quá nhiều nguồn lực để khắc phục hậu quả của những ca phẫu thuật hỏng.
We should ban algorithmic trading,financial trading is already a destructive and unethical sector of the economy and allowing algorithmic trading does not make it any less so.,algorithmic trading can cause unnatural market movements.,1,0,"Giao dịch tài chính vốn dĩ đã là một lĩnh vực đầy rẫy sự bất ổn và thiếu đạo đức, nên việc cho phép giao dịch thuật toán cũng chẳng làm nó trở nên tốt đẹp hơn."
We should ban cosmetic surgery,"for some people, having cosmetic surgery can be essential to boost confidence levels and their self-image. for example people who were born with deformations, accidents, etc","cosmetic surgery is safe, and can help people.",-1,0,"Đối với một số người, phẫu thuật thẩm mỹ thực sự là cần thiết để cải thiện sự tự tin và hình ảnh bản thân, chẳng hạn như những trường hợp bị dị tật bẩm sinh hoặc tai nạn không mong muốn."
Foster care brings more harm than good,foster car brings more good than harm because it gives children a good home to live in when the need arises.,foster care can provide a child with a family dynamic,-1,0,Chăm sóc thay thế (foster care) mang lại nhiều lợi ích hơn là tác hại vì nó cung cấp cho trẻ một mái nhà ổn định khi cần thiết.
Foster care brings more harm than good,"foster car gives the child the experience of a loving, supportive home life, and is better than a life in state care facilities.",foster care can provide a child with a family dynamic,-1,1,Việc được sống trong một gia đình yêu thương và hỗ trợ sẽ tốt hơn nhiều so với cuộc sống trong các trại trẻ tập trung của nhà nước.
Foster care brings more harm than good,foster care allows a child to be removed from a potentially bad situation which is a very good thing.,foster care can provide a child with a family dynamic,-1,0,"Chăm sóc thay thế giúp trẻ thoát khỏi những hoàn cảnh sống độc hại, đây là điều cực kỳ quan trọng."
Foster care brings more harm than good,"foster care allows children to form a strong bond with individual parent figures, rather than constantly being shuffled between numerous adoption agency employees.",foster care can provide a child with a family dynamic,-1,1,"Thay vì phải di chuyển liên tục giữa các nhân viên trung tâm nhận nuôi, chăm sóc thay thế giúp trẻ hình thành sợi dây gắn kết bền chặt với cha mẹ nuôi."
Foster care brings more harm than good,foster care brings love and warmth to children who really need it and to give them a chance to have a normal family,foster care can provide a child with a family dynamic,-1,1,"Chăm sóc thay thế mang lại tình yêu thương và hơi ấm cho những đứa trẻ thực sự cần, trao cho các em cơ hội có được một gia đình bình thường."
Foster care brings more harm than good,foster care brings more good than harm it helps children in dire needs who otherwise die out on the street.,foster care can provide a child with a family dynamic,-1,0,"Chăm sóc thay thế mang lại nhiều lợi ích hơn vì nó giúp đỡ những đứa trẻ đang trong cảnh khốn cùng, những em mà nếu không có sự hỗ trợ này thì có thể đã phải lang thang ngoài đường."
Foster care brings more harm than good,foster care brings more harm than good because many foster parents are in it for the money instead of actually caring for the children,foster care is open to abuse by predators,1,0,Chăm sóc thay thế gây nhiều tác hại hơn là lợi ích vì nhiều cha mẹ nuôi chỉ nhận chăm sóc vì tiền chứ không thực sự quan tâm đến đứa trẻ.
Foster care brings more harm than good,foster care brings more harm then good because unless they adopt you then they will forget about you just like your original family,foster care is open to abuse by predators,1,0,"Chăm sóc thay thế mang lại nhiều tác hại hơn là lợi ích, vì nếu họ không nhận nuôi chính thức, họ cũng sẽ bỏ mặc đứa trẻ y như gia đình ruột thịt của chúng."
Foster care brings more harm than good,foster care brings stability into the child life.,foster care can provide a child with a family dynamic,-1,0,Chăm sóc thay thế mang lại sự ổn định cần thiết cho cuộc sống của trẻ.
Foster care brings more harm than good,foster care can be horrible for the child when moving from home to home and never settling down in one place.,foster care is open to abuse by predators,1,0,"Việc phải liên tục chuyển nhà trong hệ thống chăm sóc thay thế là một cơn ác mộng, khiến trẻ chẳng bao giờ có được cảm giác ổn định."
Foster care brings more harm than good,foster care can be very difficult for the child moving from him to home.,foster care is open to abuse by predators,1,0,Đời sống chăm sóc thay thế thực sự rất chật vật khi trẻ cứ phải nay đây mai đó.
Foster care brings more harm than good,"foster care can be very temporary in duration, and uprooting a child can cause emotional damage and unnecessary dislocation.",foster care is open to abuse by predators,1,0,"Chăm sóc thay thế thường chỉ mang tính tạm thời, việc bắt trẻ phải rời xa môi trường quen thuộc dễ gây tổn thương tâm lý và xáo trộn không đáng có."
Foster care brings more harm than good,foster care can cause serious mental and emotional trauma for those in the system,foster care is open to abuse by predators,1,0,Hệ thống chăm sóc thay thế có thể để lại những vết sẹo tâm lý và chấn thương tinh thần nghiêm trọng cho trẻ.
Foster care brings more harm than good,"foster care can help children recover for a short period of time, leaving them the opportunity to go back to their own families when possible.",foster care can provide a child with a family dynamic,-1,0,"Chăm sóc thay thế có thể là trạm dừng chân giúp trẻ phục hồi, tạo cơ hội để các em được trở về với gia đình khi điều kiện cho phép."
Foster care brings more harm than good,foster care can leave kids with behavioral problems,foster care is open to abuse by predators,1,0,Chăm sóc thay thế có nguy cơ khiến trẻ nảy sinh các vấn đề về hành vi.
Foster care brings more harm than good,foster care can provide very good homes to children in need.,foster care can provide a child with a family dynamic,-1,0,"Thực tế, chăm sóc thay thế vẫn có thể mang lại mái ấm tử tế cho những trẻ em đang cần sự giúp đỡ."
Foster care brings more harm than good,foster care can put vulnerable children in contact with other children who have a criminal background.,foster care is open to abuse by predators,1,0,"Chăm sóc thay thế đôi khi đẩy những đứa trẻ vốn đã tổn thương vào môi trường tiếp xúc với những trẻ khác có tiền án, tiền sự."
Foster care brings more harm than good,foster care can reinforce feelings of uncertainty and instability,foster care is open to abuse by predators,1,0,Chăm sóc thay thế dễ làm trầm trọng thêm cảm giác bất an và mất phương hướng ở trẻ.
Foster care brings more harm than good,foster care can save children from diabolical situations at home.,foster care can provide a child with a family dynamic,-1,0,"Chăm sóc thay thế đóng vai trò như phao cứu sinh, giải thoát trẻ khỏi những hoàn cảnh gia đình tồi tệ."
Foster care brings more harm than good,"foster care children may have many adverse outcomes that persist throughout childhood, such as poor peer relationships, behavioral problems, or other mental health difficulties",foster care is open to abuse by predators,1,0,"Trẻ em trong hệ thống nhận nuôi thường phải đối mặt với nhiều hệ lụy tiêu cực kéo dài suốt tuổi thơ, như khó hòa nhập với bạn bè, các vấn đề về hành vi hoặc những rắc rối tâm lý khác."
Foster care brings more harm than good,"foster care children often slip through the cracks and do not receive the care they need to become healthy, functioning adults when they age out of the system.",foster care is open to abuse by predators,1,0,Trẻ em trong trại trẻ thường bị bỏ quên và không nhận được sự quan tâm cần thiết để trở thành những người trưởng thành khỏe mạnh và hòa nhập xã hội khi đến tuổi rời khỏi hệ thống.
Foster care brings more harm than good,foster care creates an environment where the child cannot form a meaningful relationship because of the ever changing situations.,foster care is open to abuse by predators,1,0,Việc nhận nuôi tạo ra môi trường mà trẻ không thể xây dựng được các mối quan hệ sâu sắc vì hoàn cảnh thay đổi liên tục.
Foster care brings more harm than good,foster care creates socially withdrawn children since they go from family to family,foster care is open to abuse by predators,1,0,Việc phải chuyển từ gia đình này sang gia đình khác khiến trẻ trong hệ thống nhận nuôi dần trở nên khép kín và xa lánh xã hội.
Foster care brings more harm than good,foster care does not provide the same level of care and support like being at home with your own family.,foster care is open to abuse by predators,1,0,Hệ thống nhận nuôi không bao giờ có thể thay thế được sự chăm sóc và hỗ trợ đầy đủ như khi một đứa trẻ được sống cùng chính gia đình ruột thịt của mình.
Foster care brings more harm than good,foster care doesn't guarantee a close relationship and can cause neglect to the child.,foster care is open to abuse by predators,1,0,"Nhận nuôi không đảm bảo rằng đứa trẻ sẽ có được mối quan hệ gắn kết và thậm chí còn có nguy cơ khiến trẻ bị bỏ bê, thiếu hụt sự chăm sóc."
Foster care brings more harm than good,foster care families become a dynamic support system to children and a safe and stable home where love for a child is demonstrated,foster care can provide a child with a family dynamic,-1,1,"Các gia đình nhận nuôi trở thành một hệ thống hỗ trợ năng động, mang đến cho trẻ một mái nhà an toàn và ổn định, nơi tình yêu thương được thể hiện thực tế."
Foster care brings more harm than good,foster care gives a child a safe environment to grow in versus their original situation. it gives them a chance at life.,foster care can provide a child with a family dynamic,-1,0,"So với hoàn cảnh ban đầu, hệ thống nhận nuôi mang đến cho trẻ một môi trường an toàn để lớn lên và cho chúng một cơ hội để làm lại cuộc đời."
Foster care brings more harm than good,foster care gives kids who would otherwise not have any parental figures in their lives have a chance at a somewhat normal life.,foster care can provide a child with a family dynamic,-1,1,Nhận nuôi mang lại cho những đứa trẻ vốn không có chỗ dựa gia đình một cơ hội để tận hưởng một cuộc sống bình thường đúng nghĩa.
Foster care brings more harm than good,foster care has mostly bought medical problems to the children and lead to many deaths.,foster care is open to abuse by predators,1,0,"Hệ thống nhận nuôi phần lớn chỉ mang đến các vấn đề sức khỏe cho trẻ, thậm chí dẫn đến nhiều trường hợp tử vong đáng tiếc."
Foster care brings more harm than good,foster care helps many children that have abusive parents and make them live in a better environment.,foster care can provide a child with a family dynamic,-1,0,Hệ thống chăm sóc thay thế (foster care) giúp giải cứu nhiều trẻ em khỏi cha mẹ bạo hành và đưa các em đến một môi trường sống tốt đẹp hơn.
Foster care brings more harm than good,foster care helps remove children from a dangerous environment and puts then in a safe place.,foster care can provide a child with a family dynamic,-1,0,Foster care giúp tách trẻ em khỏi môi trường nguy hiểm và đặt các em vào một nơi an toàn hơn.
Foster care brings more harm than good,foster care homes can be vital places for children who were in desperate situations to thrive,foster care can provide a child with a family dynamic,-1,0,Các gia đình nhận nuôi tạm thời có thể là điểm tựa sống còn để những đứa trẻ rơi vào hoàn cảnh tuyệt vọng có cơ hội phát triển.
Foster care brings more harm than good,"foster care homes typically have a massive number of children, making meaningful, individual care impossible.",foster care is open to abuse by predators,1,0,"Các cơ sở foster care thường phải chăm sóc quá nhiều trẻ cùng lúc, khiến việc quan tâm sâu sát đến từng cá nhân là điều bất khả thi."
Foster care brings more harm than good,"foster care is an unstable environment for kids, so that they never feel truly accepted or safe.",foster care is open to abuse by predators,1,0,"Foster care tạo ra một môi trường thiếu ổn định, khiến trẻ em khó có thể cảm thấy thực sự được chấp nhận hay an toàn."
Foster care brings more harm than good,foster care is important because it keeps kids from living in large group care facilities where there is no semblance of a normal life.,foster care can provide a child with a family dynamic,-1,1,"Foster care rất cần thiết vì nó giúp trẻ không phải sống trong các trại tập trung, nơi chẳng hề có chút hơi hướng nào của một cuộc sống bình thường."
Foster care brings more harm than good,foster care is important to assist families.  they provide resources and support to the children when their parents are unable to care for them.,foster care can provide a child with a family dynamic,-1,0,Foster care đóng vai trò quan trọng trong việc hỗ trợ gia đình; nó cung cấp nguồn lực và sự chăm sóc cho trẻ khi cha mẹ các em không thể làm tròn trách nhiệm.
Foster care brings more harm than good,"foster care is not good , because children are often bounced around from several different homes during their time in foster care & never become settled & stable",foster care is open to abuse by predators,1,0,"Foster care thực sự không tốt, vì trẻ em thường xuyên bị chuyển từ nhà này sang nhà khác, dẫn đến việc chẳng bao giờ có được sự ổn định hay yên bình."
Foster care brings more harm than good,foster care is rarely a good place for children.  they're shuffled from home to home with little to no real connection or possessions.,foster care is open to abuse by predators,1,0,Foster care hiếm khi là một nơi tốt cho trẻ em; các em bị đẩy từ nhà này sang nhà khác mà chẳng có lấy một mối quan hệ gắn kết hay tài sản cá nhân nào.
Foster care brings more harm than good,foster care is run by people trying to make a profit rather than protect children.,foster care is open to abuse by predators,1,0,Hệ thống foster care đang bị vận hành bởi những kẻ coi trọng lợi nhuận hơn là việc bảo vệ trẻ em.
Foster care brings more harm than good,foster care is terrible because the kids are often treated poorly because the foster parents don't buy healthy food and take great care of them. the harms outweigh the benefits.,foster care is open to abuse by predators,1,0,Hệ thống chăm sóc thay thế thực sự rất tệ vì trẻ em thường bị đối xử bất công; cha mẹ nuôi không chú trọng dinh dưỡng hay chăm sóc tử tế. Những tổn hại mà nó gây ra lớn hơn nhiều so với lợi ích mang lại.
Foster care brings more harm than good,foster care is the best option for children needing to not be with their own family.  they're far superior to a group home setting.,foster care can provide a child with a family dynamic,-1,0,Chăm sóc thay thế là lựa chọn tối ưu nhất cho những đứa trẻ không thể sống cùng gia đình ruột thịt. Nó vượt trội hoàn toàn so với việc sống tại các mái ấm tập thể.
Foster care brings more harm than good,foster care is the only chance some children have for a safe and stable home environment.,foster care can provide a child with a family dynamic,-1,0,Chăm sóc thay thế là cơ hội duy nhất để nhiều đứa trẻ có được một mái ấm an toàn và ổn định.
Foster care brings more harm than good,foster care is valuable in protecting vulnerable children from harm,foster care can provide a child with a family dynamic,-1,0,Chăm sóc thay thế đóng vai trò quan trọng trong việc bảo vệ những đứa trẻ dễ bị tổn thương khỏi các hiểm họa.
Foster care brings more harm than good,foster care isn't a bad thing because it gives children a safe and temporary place to go.,foster care can provide a child with a family dynamic,-1,0,Chăm sóc thay thế không hề tệ vì nó cung cấp cho trẻ một nơi trú ẩn an toàn và tạm thời.
Foster care brings more harm than good,"foster care isnt regulated enough, so much so that it gets taken advantage of and kids are placed in bad homes all for money.",foster care is open to abuse by predators,1,0,"Hệ thống chăm sóc thay thế hiện nay quá thiếu sự kiểm soát, dẫn đến việc bị lợi dụng và trẻ em bị đẩy vào những gia đình tồi tệ chỉ vì mục đích trục lợi."
Foster care brings more harm than good,foster care just passes children around like they are a burden instead of finding a home for them.,foster care is open to abuse by predators,1,0,Chăm sóc thay thế giống như việc đùn đẩy những đứa trẻ như một gánh nặng thay vì thực sự tìm kiếm một mái ấm ổn định cho các em.
Foster care brings more harm than good,foster care keeps children out of shelters and homelessness and gives them a home and food to survive.,foster care can provide a child with a family dynamic,-1,0,"Chăm sóc thay thế giúp trẻ em tránh khỏi cảnh lang thang, vô gia cư, đồng thời cung cấp mái nhà và cái ăn để các em tồn tại."
Foster care brings more harm than good,"foster care lets kids get individualized attention, instead of group homes where there might be one adult for every 30 kids and individual problems go unnoticed.",foster care can provide a child with a family dynamic,-1,1,"Chăm sóc thay thế cho phép trẻ nhận được sự quan tâm cá nhân hóa, khác hẳn với các mái ấm tập thể – nơi mà tỷ lệ có khi là 1 người lớn trên 30 trẻ, khiến các vấn đề riêng của từng em dễ dàng bị bỏ qua."
Foster care brings more harm than good,"foster care offers little stability for children already suffering hardships, putting them at an even greater disadvantage and giving them less of a chance of a normal life.",foster care is open to abuse by predators,1,0,"Chăm sóc thay thế mang lại rất ít sự ổn định cho những đứa trẻ vốn đã chịu nhiều thiệt thòi, điều này càng đẩy các em vào thế bất lợi hơn và làm giảm cơ hội có được một cuộc sống bình thường."
Foster care brings more harm than good,foster care parents can provide a safe and loving home to children who would otherwise end up in an orphanage where nobody actually cares about them,foster care can provide a child with a family dynamic,-1,1,Cha mẹ nuôi có thể mang đến một mái ấm an toàn và đầy yêu thương cho những đứa trẻ nếu không sẽ phải vào trại trẻ mồ côi – nơi mà chẳng ai thực sự quan tâm đến chúng.
Foster care brings more harm than good,foster care provides a family setting children desperately need.,foster care can provide a child with a family dynamic,-1,1,Gia đình nuôi dưỡng cung cấp một môi trường gia đình mà trẻ em đang vô cùng khao khát.
Foster care brings more harm than good,foster care provides a sense of impermanence that is detrimental to children.,foster care is open to abuse by predators,1,0,"Chế độ nuôi dưỡng tạm thời lại tạo ra cảm giác không ổn định, gây ảnh hưởng tiêu cực đến sự phát triển của trẻ."
Foster care brings more harm than good,foster care provides a valuable service looking after children in temporary circumstances and is beneficial for children and families.,foster care can provide a child with a family dynamic,-1,0,"Nuôi dưỡng trẻ em là một dịch vụ thiết thực giúp chăm sóc các em trong hoàn cảnh khó khăn tạm thời, mang lại lợi ích cho cả trẻ em lẫn gia đình."
Foster care brings more harm than good,"foster care provides children a family setting, one that they so desperately need in order to become a positive influence on society.",foster care can provide a child with a family dynamic,-1,1,Gia đình nuôi dưỡng cung cấp một môi trường sống gia đình – điều mà trẻ em cực kỳ cần để có thể trở thành những cá nhân có ích cho xã hội.
Foster care brings more harm than good,"foster care provides children with much-needed stability and security, and foster parents do an excellent job of bringing these children up in a family environment",foster care can provide a child with a family dynamic,-1,1,"Chế độ nuôi dưỡng mang lại sự ổn định và an toàn rất cần thiết cho trẻ, và các bậc cha mẹ nuôi đang làm rất tốt việc nuôi dạy chúng trong môi trường gia đình."
Foster care brings more harm than good,foster care provides homes for children that have nowhere else to go.,foster care can provide a child with a family dynamic,-1,0,Gia đình nuôi dưỡng là mái nhà cho những đứa trẻ không còn nơi nào khác để đi.
Foster care brings more harm than good,foster care provides loving homes for children being raised in the system.,foster care can provide a child with a family dynamic,-1,1,Nuôi dưỡng giúp mang đến những mái ấm đầy tình thương cho những đứa trẻ vốn đang phải lớn lên trong các cơ sở bảo trợ xã hội.
Foster care brings more harm than good,foster care provides parents and children a rewarding opportunity to connect.,foster care can provide a child with a family dynamic,-1,1,Chế độ nuôi dưỡng mở ra cơ hội kết nối đầy ý nghĩa cho cả cha mẹ và con cái.
Foster care brings more harm than good,foster care provides temporary shelter for children who would otherwise be on the streets.,foster care can provide a child with a family dynamic,-1,0,"Gia đình nuôi dưỡng cung cấp nơi trú ẩn tạm thời cho những đứa trẻ mà nếu không có nó, các em đã phải lang thang ngoài đường phố."
Foster care brings more harm than good,foster care supports an environment for child abuse.,foster care is open to abuse by predators,1,1,Môi trường nhận nuôi dưỡng tạo điều kiện cho việc lạm dụng trẻ em.
Foster care brings more harm than good,foster care takes a child away from it's family damaging the bonds that a child has with their natural parents. the bonds may never recover.,foster care is open to abuse by predators,1,0,"Việc tách trẻ khỏi gia đình gốc gây tổn thương nghiêm trọng đến sợi dây liên kết giữa trẻ và cha mẹ ruột, thậm chí những tổn thương này có thể không bao giờ chữa lành được."
Foster care brings more harm than good,foster care tends to move children from home to home and lacks stability.,foster care is open to abuse by predators,1,0,"Hệ thống nhận nuôi dưỡng thường xuyên phải luân chuyển trẻ qua nhiều gia đình khác nhau, dẫn đến sự thiếu ổn định."
Foster care brings more harm than good,foster care's downsides are obvious from the neglect and harm that the children face it's hard to make an emotional connection to children who aren't related to you.,foster care is open to abuse by predators,1,0,Những mặt trái của việc nhận nuôi dưỡng là quá rõ ràng qua cách trẻ bị bỏ bê và tổn thương; thật khó để tạo kết nối cảm xúc với một đứa trẻ không cùng máu mủ.
Foster care brings more harm than good,foster carers are by default caring people who do a lot of valuable work,foster care can provide a child with a family dynamic,-1,0,Những người nhận nuôi dưỡng về bản chất là những người giàu lòng trắc ẩn và đã đóng góp rất nhiều giá trị cho xã hội.
Foster care brings more harm than good,"foster carers don't really care about the children, they just do it for the government paycheck.",foster care is open to abuse by predators,1,0,"Người nhận nuôi dưỡng chẳng thực sự quan tâm đến bọn trẻ đâu, họ làm thế chỉ vì tiền hỗ trợ từ chính phủ thôi."
Foster care brings more harm than good,foster children are given a stable home environment where they can become a member of their community.,foster care can provide a child with a family dynamic,-1,1,"Trẻ em trong hệ thống nhận nuôi dưỡng được trao cho một mái ấm ổn định, nơi các em có thể hòa nhập và trở thành một thành viên của cộng đồng."
Foster care brings more harm than good,foster families are important because they provide homes to children who don't have responsible parents,foster care can provide a child with a family dynamic,-1,0,"Các gia đình nhận nuôi dưỡng rất quan trọng vì họ cung cấp mái nhà cho những đứa trẻ không có được những người cha, người mẹ có trách nhiệm."
Foster care brings more harm than good,foster homes are not under the severe strict guidelines child protective services has for the average family,foster care is open to abuse by predators,1,0,Các gia đình nhận nuôi dưỡng không phải chịu sự quản lý nghiêm ngặt như những quy định mà cơ quan bảo vệ trẻ em áp đặt lên các gia đình bình thường.
Foster care brings more harm than good,"foster homes provide a safer, more familial, environment than institutional orphanages.",foster care can provide a child with a family dynamic,-1,1,Môi trường gia đình nhận nuôi dưỡng mang tính an toàn và gần gũi hơn so với những trại trẻ mồ côi mang tính chất thể chế.
Foster care brings more harm than good,foster parents are not often screened appropriately. some are in it for the money. often the children are placed in an unsuitable environment.,foster care is open to abuse by predators,1,0,"Quy trình sàng lọc cha mẹ nuôi hiện nay còn nhiều lỗ hổng, nhiều người chỉ nhận nuôi vì lợi ích tài chính, dẫn đến việc trẻ em dễ bị đặt vào những môi trường không phù hợp."
Foster care brings more harm than good,"foster parents are well-intentioned, the harms caused are ones that can easily be fixed by giving them access to more information and support from social workers.",foster care can provide a child with a family dynamic,-1,0,"Cha mẹ nuôi vốn có thiện chí, những sai sót xảy ra chỉ là do thiếu thông tin và hỗ trợ từ công tác xã hội, vấn đề này hoàn toàn có thể khắc phục được."
Foster care brings more harm than good,"foster parents can take advantage of children, and sometimes they volunteer just to get a paycheck.",foster care is open to abuse by predators,1,0,Cha mẹ nuôi có thể lợi dụng trẻ em và đôi khi họ chỉ đăng ký để nhận trợ cấp.
Foster care brings more harm than good,foster parents may not be properly vetted to insure children will not be abused,foster care is open to abuse by predators,1,1,Việc kiểm duyệt cha mẹ nuôi đôi khi không đủ kỹ lưỡng để đảm bảo trẻ em không bị lạm dụng.
Entrapment should be legalized,gathering sufficient proofs to find a person guilty should be permissible. entrapment is somewhat an easy way to find a person guilty,entrapment  is a useful tool to law enforcement,1,1,"Việc thu thập đủ bằng chứng để kết tội là điều cần thiết, nhưng dùng bẫy (entrapment) lại là một lối đi tắt để định tội người khác."
The use of public defenders should be mandatory,"having a public defender in your court allows for a greater knowledge and experience when presenting your case, as opposed to representing yourself.",public defenders should be mandatory to ensure everyone has a fair shot,1,0,Có luật sư công bào chữa giúp bạn có lợi thế hơn nhờ kiến thức và kinh nghiệm chuyên môn thay vì phải tự xoay xở trong tòa án.
Entrapment should be legalized,"helping to solve bigger crimes, entrapment is approved and should be legalized.",entrapment  is a useful tool to law enforcement,1,1,Việc gài bẫy tội phạm là cần thiết và nên được hợp pháp hóa vì nó hỗ trợ giải quyết các vụ án lớn.
We should subsidize student loans,"higher education is no longer that useful in finding a job, we need to stop funneling money into it.",student loans can be expensive and put young people in debt,-1,0,"Giáo dục đại học giờ không còn quá hữu dụng trong việc tìm kiếm việc làm, chúng ta nên ngừng đổ tiền vào đó."
We should subsidize student loans,higher education leads to individuals becoming productive tax paying memebers of society so government should help people pay for this education,student loans is a help for those who do not have resources,1,0,"Giáo dục đại học giúp cá nhân trở thành những công dân đóng thuế hiệu quả cho xã hội, vì vậy chính phủ nên hỗ trợ chi phí học tập cho người dân."
We should ban algorithmic trading,i don't see the need to ban something that helps people make money automatically.,algorithmic trading merely enables better decisions in investments utilising technology and intelligence,-1,0,Tôi không thấy lý do gì phải cấm một thứ giúp người ta kiếm tiền tự động cả.
The use of public defenders should be mandatory,if a criminal chooses to not have a legal counsel then those are his rights.,public defendors cost taxpayers more money and therefore should not be mandatory.,-1,0,Nếu tội phạm chọn không cần luật sư bào chữa thì đó là quyền của họ.
Entrapment should be legalized,if a criminal is given the opportunity to refuse then entrapment is permitted,entrapment  is a useful tool to law enforcement,1,0,"Nếu một tên tội phạm được cho cơ hội để từ chối, thì việc gài bẫy là hoàn toàn hợp lý."
The use of public defenders should be mandatory,if a person can pay for a better lawyer they should have the right to do so.,public defendors cost taxpayers more money and therefore should not be mandatory.,-1,0,Nếu một người có điều kiện thuê luật sư giỏi hơn thì họ hoàn toàn có quyền làm điều đó.
The use of public defenders should be mandatory,"if a person can't afford otherwise, sure, give them a public defender but to require them is insanity.  the cost is just too great.",public defendors cost taxpayers more money and therefore should not be mandatory.,-1,1,"Nếu ai đó không có đủ khả năng chi trả thì cứ cấp luật sư công, nhưng bắt buộc dùng luật sư công thì thật điên rồ, cái giá phải trả là quá đắt."
We should subsidize student loans,"if a person doesn't want massive debt, they could go straight into the workforce rather than study",student loans can be expensive and put young people in debt,-1,0,"Nếu không muốn gánh đống nợ khổng lồ, người ta hoàn toàn có thể đi làm ngay thay vì cắm đầu vào học đại học."
Entrapment should be legalized,"if a person tries to commit a crime even though it didn't actually happen because a law enforcement officer was under cover, they still had the intent.",entrapment  is a useful tool to law enforcement,1,0,"Nếu một người cố tình phạm tội nhưng bất thành chỉ vì cảnh sát đang nằm vùng, thì ý định phạm tội của họ vẫn tồn tại."
The use of public defenders should be mandatory,if everyone had a public defender the overall fairness of the legal system would be great.,public defenders should be mandatory to ensure everyone has a fair shot,1,1,Nếu ai cũng dùng luật sư công thì sự công bằng chung của hệ thống pháp luật sẽ được nâng cao đáng kể.
The use of public defenders should be mandatory,if everyone had the same quality of defense it would be a more level playing field,public defenders should be mandatory to ensure everyone has a fair shot,1,1,Nếu tất cả mọi người đều được hưởng chất lượng bào chữa như nhau thì sân chơi pháp lý sẽ trở nên bình đẳng hơn.
The use of public defenders should be mandatory,if everyone used public defenders it would make everyone defended in the same way and create fairer trials.,public defenders should be mandatory to ensure everyone has a fair shot,1,1,"Nếu tất cả mọi người đều dùng luật sư công, ai cũng sẽ được bảo vệ theo cùng một cách và các phiên tòa sẽ trở nên công bằng hơn."
The use of public defenders should be mandatory,if everyone used public defenders it would make things more fair in court between the poor and the rich who can afford a better lawyer,public defenders should be mandatory to ensure everyone has a fair shot,1,1,Nếu ai cũng dùng luật sư công thì sẽ xóa bỏ sự chênh lệch tại tòa án giữa người nghèo và những kẻ giàu có thuê được luật sư xịn.
Entrapment should be legalized,"if it means bringing the worst criminals to justice, it is a valuable tool.",entrapment  is a useful tool to law enforcement,1,1,"Nếu điều đó đồng nghĩa với việc đưa những tội phạm nguy hiểm nhất ra ánh sáng, thì đó là một công cụ đắc lực."
Entrapment should be legalized,"if it was legal, more crimials would be caught and punished",entrapment  is a useful tool to law enforcement,1,0,"Nếu nó hợp pháp, chúng ta sẽ bắt và trừng trị được nhiều tội phạm hơn."
We should abolish the three-strikes laws,"if limited to violent crime, three-strikes laws serve the necessary function of keeping dangerous individuals out of society.",repeat offenders should be punished accordingly,-1,0,"Nếu chỉ giới hạn ở các tội danh bạo lực, luật 'ba lần phạm tội' hoàn toàn cần thiết để loại bỏ những cá nhân nguy hiểm ra khỏi cộng đồng."
We should abolish the three-strikes laws,if people are habitually re-offending then they need a punishment that will stop them. a mandatory prison sentence is the minimum they should have as a punishment.,repeat offenders should be punished accordingly,-1,1,"Nếu một người cứ liên tục tái phạm, họ cần một hình phạt đủ sức răn đe. Mức án tù bắt buộc là hình phạt tối thiểu họ phải nhận."
The use of public defenders should be mandatory,"if people can afford it, they should be able to pick which attorney they want to defend them.",public defendors cost taxpayers more money and therefore should not be mandatory.,-1,0,"Nếu có đủ khả năng tài chính, họ nên có quyền tự chọn luật sư bào chữa cho mình."
We should abolish the three-strikes laws,"if people keep repeating the same offenses and won't change their ways, they deserve to be incarcerated permanently.",repeat offenders should be punished accordingly,-1,1,"Nếu một người cứ ngựa quen đường cũ và không chịu thay đổi, họ xứng đáng phải ngồi tù vĩnh viễn."
We should subsidize student loans,if people want to go to university then they should be self funding. public funding is limited and should be reserved for other needs such as primary education and housing.,student loans can be expensive and put young people in debt,-1,0,"Nếu muốn học đại học, sinh viên nên tự chi trả học phí. Ngân sách công rất hạn hẹp và cần được ưu tiên cho các nhu cầu khác như giáo dục phổ thông hay nhà ở."
We should subsidize student loans,if somebody wants to go to university or college they should be responsible for the funding and not somebody else.,student loans can be expensive and put young people in debt,-1,0,"Nếu ai đó muốn học đại học hay cao đẳng, họ phải tự chịu trách nhiệm về tài chính của mình chứ không thể dựa dẫm vào người khác."
The use of public defenders should be mandatory,"if someone can afford a high-paid attorney, they should not be forced to use a public defender instead as they are entitled to have the best defense they can buy",public defendors cost taxpayers more money and therefore should not be mandatory.,-1,0,"Nếu một người có đủ tiền thuê luật sư giỏi, họ không nên bị ép phải dùng luật sư công, vì họ có quyền được hưởng dịch vụ pháp lý tốt nhất mà họ có thể chi trả."
We should abolish the three-strikes laws,if someone commits three serious crimes then they have proven that they cannot be trusted and will likely go on to break the lay repeatedly.,repeat offenders should be punished accordingly,-1,1,"Nếu một người phạm ba tội nghiêm trọng, điều đó chứng tỏ họ không còn đáng tin và chắc chắn sẽ tiếp tục vi phạm pháp luật nhiều lần nữa."
We should ban algorithmic trading,"if someone designs an algorithm that they trust to predict market trends, they should be able to employ it.",algorithmic trading merely enables better decisions in investments utilising technology and intelligence,-1,0,"Nếu một người tự thiết kế được thuật toán mà họ tin là có thể dự đoán xu hướng thị trường, họ hoàn toàn có quyền được sử dụng nó."
The use of public defenders should be mandatory,if someone feels they can represent themselves in court then they should not be forced to have a public defender,public defendors cost taxpayers more money and therefore should not be mandatory.,-1,0,"Nếu một người cảm thấy mình đủ khả năng tự biện hộ trước tòa, họ không nên bị ép buộc phải nhận luật sư chỉ định."
The use of public defenders should be mandatory,"if someone has the means to afford the best representation they can, they should be allowed to do so in the interests of them getting the best defence.",public defendors cost taxpayers more money and therefore should not be mandatory.,-1,0,"Nếu một người có đủ điều kiện để thuê đội ngũ pháp lý tốt nhất, họ nên được phép làm vậy để đảm bảo quyền lợi tự vệ chính đáng."
We should abolish the three-strikes laws,"if someone is habitually offending, they deserve to be punished on the harshest level.",repeat offenders should be punished accordingly,-1,1,"Nếu một người tái phạm nhiều lần, họ xứng đáng phải chịu mức hình phạt nghiêm khắc nhất."
The use of public defenders should be mandatory,if someone is unable to afford a lawyer their rights must be protected by providing representation,public defenders should be mandatory to ensure everyone has a fair shot,1,0,"Nếu một người không có khả năng chi trả phí luật sư, quyền lợi của họ phải được bảo vệ bằng cách cung cấp đại diện pháp lý miễn phí."
The use of public defenders should be mandatory,if someone wants to defend themselves that is their right,public defendors cost taxpayers more money and therefore should not be mandatory.,-1,0,"Nếu một người muốn tự bào chữa cho bản thân, đó là quyền cơ bản của họ."
We should subsidize student loans,"if students want to attend university, they should be able to fund their own way themselves.",student loans can be expensive and put young people in debt,-1,0,"Nếu sinh viên muốn theo học đại học, họ nên tự chủ động chi trả cho việc học của mình."
We should abolish the three-strikes laws,if the person has a history of criminality then they should be punished more heavily.,repeat offenders should be punished accordingly,-1,1,"Nếu một người có tiền án tiền sự, họ nên bị xử phạt nặng hơn người bình thường."
We should subsidize student loans,if these loans were subsidized some of the students wouldn't take their studies as serious as those that have to pay out of pocket.,student loans can be expensive and put young people in debt,-1,0,"Nếu các khoản vay được chính phủ trợ giá, nhiều sinh viên sẽ không coi trọng việc học như những người phải tự bỏ tiền túi ra chi trả."
We should end the use of economic sanctions,"if we end economic sanctions, some countries would take advantage of other countries, and trading and buying and selling would not be fair for all countries involved.",economic sanctions are an effective alternative to military action,-1,0,"Nếu chúng ta bãi bỏ các lệnh trừng phạt kinh tế, một số quốc gia sẽ lợi dụng các nước khác, khiến cho hoạt động giao thương và mua bán trở nên bất bình đẳng."
We should end the use of economic sanctions,"if we keep sanctions, then  countries will be less likely to make mistakes",economic sanctions are an effective alternative to military action,-1,0,"Nếu chúng ta tiếp tục áp đặt lệnh trừng phạt, các quốc gia sẽ e dè hơn trong việc mắc sai lầm."
We should subsidize student loans,if we subsidise student loans then people won't value their education as much as would if the were paying full fees.,student loans can be expensive and put young people in debt,-1,0,"Nếu cứ trợ giá cho các khoản vay sinh viên, người học sẽ không còn coi trọng giá trị giáo dục như khi phải tự chi trả toàn bộ học phí."
We should subsidize student loans,if we subsidize student loans we will create corruption mechanisms so that others can take advantage of these subsidies,student loans can be expensive and put young people in debt,-1,0,"Nếu trợ giá cho các khoản vay sinh viên, chúng ta sẽ tạo ra kẽ hở cho tham nhũng, khiến nhiều người lợi dụng chính sách này để trục lợi."
The use of public defenders should be mandatory,"if wealthy and powerful members of society were reliant on public defenders, it would create an impetus to improve their funding and standards.",public defenders should be mandatory to ensure everyone has a fair shot,1,0,"Nếu những người giàu có và quyền lực trong xã hội phải phụ thuộc vào luật sư công, họ sẽ có động lực để thúc đẩy việc cải thiện ngân sách và chất lượng dịch vụ pháp lý này."
The use of public defenders should be mandatory,if you can afford a better more personalised experience you should be allowed to pay for one.,public defendors cost taxpayers more money and therefore should not be mandatory.,-1,0,"Nếu bạn có khả năng chi trả cho một dịch vụ cá nhân hóa tốt hơn, bạn hoàn toàn có quyền được sử dụng nó."
We should end racial profiling,"in certain situations, for example airports, racial profiling is necessary and effective for determining high risk members of the public, to ensure the safety of others",certain groups are more prone to crimes than others.,-1,0,"Trong một vài tình huống cụ thể như tại sân bay, việc sàng lọc dựa trên chủng tộc là cần thiết và hiệu quả để nhận diện những đối tượng có rủi ro cao, từ đó đảm bảo an toàn cho cộng đồng."
We should subsidize student loans,in the interests of raising the education level of our population we should subsidize student loans.,student loans is a help for those who do not have resources,1,0,"Để nâng cao trình độ dân trí, chúng ta nên thực hiện chính sách trợ giá các khoản vay cho sinh viên."
We should ban cosmetic surgery,individuals have the right to make themselves more beautiful or correct defects.,"cosmetic surgery is safe, and can help people.",-1,0,Mỗi cá nhân đều có quyền được làm đẹp bản thân hoặc chỉnh sửa những khiếm khuyết ngoại hình.
The use of public defenders should be mandatory,it allows the poor who don't have the funds to have legal advice to be able to attain legal advice,public defenders should be mandatory to ensure everyone has a fair shot,1,0,Chính sách này giúp những người nghèo không có điều kiện kinh tế vẫn có cơ hội tiếp cận với các dịch vụ tư vấn pháp lý.
We should ban cosmetic surgery,it can be beneficial for people who have disfigurement to help them look more normal and feel confident.,"cosmetic surgery is safe, and can help people.",-1,0,Việc can thiệp thẩm mỹ có thể giúp những người bị dị tật lấy lại vẻ ngoài bình thường và cảm thấy tự tin hơn.
Entrapment should be legalized,it can cause people to act in ways that they would not normally act and should not be legal.,entrapment can be abused and corner innocent people.,-1,0,"Nó có thể khiến con người hành xử theo những cách khác hẳn ngày thường, vì vậy không nên hợp pháp hóa nó."
We should ban cosmetic surgery,it can do more harm than good. it has ruined people's looks for life and thus ruined people's lives.,cosmetic surgery encourages the focus on appearance and unattainable beauty norms,1,0,Nó mang lại nhiều hại hơn là lợi. Nó đã hủy hoại ngoại hình và kéo theo đó là cả cuộc đời của nhiều người.
We should ban cosmetic surgery,it can do more harm than good. people's lives have been ruined by botched procedures that destroyed their looks.,cosmetic surgery encourages the focus on appearance and unattainable beauty norms,1,0,Nó mang lại nhiều hại hơn là lợi. Đã có bao nhiêu người bị hủy hoại cuộc đời chỉ vì những ca phẫu thuật hỏng làm biến dạng khuôn mặt.
We should ban cosmetic surgery,it can help improve ones looks & therefore improve ones self esteem,"cosmetic surgery is safe, and can help people.",-1,0,"Nó có thể giúp cải thiện ngoại hình, từ đó nâng cao sự tự tin cho mỗi người."
We should subsidize student loans,it causes tuition to rise far too much,student loans can be expensive and put young people in debt,-1,0,Nó khiến học phí tăng lên quá mức cần thiết.
We should ban algorithmic trading,it creates an unfair advantage for people with access,algorithmic trading can cause unnatural market movements.,1,0,Nó tạo ra lợi thế bất công cho những ai có điều kiện tiếp cận.
We should end racial profiling,it does more good then harm.  it can help catch criminals and or terrorists,certain groups are more prone to crimes than others.,-1,0,Nó mang lại nhiều lợi ích hơn là tác hại. Nó là công cụ hiệu quả để bắt giữ tội phạm và khủng bố.
We should adopt a zero-tolerance policy in schools,it has been shown that children are at a higher risk of dropping out of school if there is a zero-tolerance policy in place,a zero tolerance policy is unfair for minimal infractions.,-1,0,Đã có bằng chứng cho thấy học sinh dễ bỏ học hơn nếu nhà trường áp dụng chính sách không khoan nhượng.
We should subsidize student loans,it is a complex situation for the government to subcidiar the costs of studies of people that sometimes do not end up staying in the country,student loans can be expensive and put young people in debt,-1,0,Việc chính phủ bao cấp chi phí học tập cho những người sau này không ở lại cống hiến cho đất nước là một vấn đề rất phức tạp.
We should abolish the three-strikes laws,it is a harsh penalty for those that committ non violent crimes.,the three strike law has not proved effective in reducing criminality,1,0,Đó là một hình phạt quá khắc nghiệt đối với những người phạm tội không mang tính bạo lực.
We should ban cosmetic surgery,it is a money making deal for doctors with disasterous outcomes for some.,cosmetic surgery encourages the focus on appearance and unattainable beauty norms,1,0,"Đây là chiêu trò kiếm tiền của bác sĩ, trong khi hệ lụy để lại cho bệnh nhân lại vô cùng khủng khiếp."
We should ban algorithmic trading,it is an efficient way of trading & is less prone to human error,algorithmic trading merely enables better decisions in investments utilising technology and intelligence,-1,0,Đây là phương thức giao dịch hiệu quả và giảm thiểu được sai sót do con người gây ra.
Entrapment should be legalized,it is an illegal means by police to charge enemies,entrapment can be abused and corner innocent people.,-1,0,Đây là cách thức trái pháp luật mà cảnh sát dùng để buộc tội những người họ không ưa.
The use of public defenders should be mandatory,it is an individual right to decide which representation to use,public defendors cost taxpayers more money and therefore should not be mandatory.,-1,0,Mỗi cá nhân có quyền tự quyết định xem mình muốn sử dụng đại diện nào.
We should ban algorithmic trading,it is an unfair advantage & also could be hacked & severely disrupt trading,algorithmic trading can cause unnatural market movements.,1,0,"Đây là một lợi thế không công bằng, hơn nữa hệ thống có thể bị hack và gây gián đoạn nghiêm trọng cho việc giao dịch."
We should end racial profiling,it is bordering on racism to use racial profiling.,people should be judged as individuals not by their race,1,0,Việc sử dụng hồ sơ chủng tộc chẳng khác nào hành vi phân biệt chủng tộc cả.
We should subsidize student loans,"it is difficult to get a job without a degree these days, so students need help paying to obtain one.",student loans is a help for those who do not have resources,1,0,"Ngày nay, nếu không có bằng cấp thì rất khó xin việc, nên sinh viên cần được hỗ trợ tài chính để lấy bằng."
We should adopt a zero-tolerance policy in schools,it is necessary to have a zero tolerance policy to allow other students to benefit from a stable learning environment,ero-toleraanfce creates a stable learning environment and encourages better behaviour,1,1,Cần phải có chính sách không khoan nhượng để đảm bảo các học sinh khác được hưởng một môi trường học tập ổn định.
We should end racial profiling,it is never okay to accuse someone of a crime based solely on the color of their skin,people should be judged as individuals not by their race,1,1,Việc buộc tội ai đó chỉ dựa vào màu da là điều không bao giờ có thể chấp nhận được.
We should end the use of economic sanctions,it is not right to make another country ashamed of their practices,economic sanctions cause hard feelings between nations and can cause war.,1,0,Chẳng có gì hay ho khi khiến một quốc gia khác phải thấy xấu hổ về các tập quán của họ cả.
Foster care brings more harm than good,"it is now on record more children are sexually abused,physically and emotionally abused while under state care",foster care is open to abuse by predators,1,1,"Hiện nay đã có bằng chứng cho thấy ngày càng nhiều trẻ em bị lạm dụng tình dục, thể chất và tinh thần khi đang được nhà nước chăm sóc."
We should end racial profiling,it is proven that african-americans are the ones who commit the most crimes,certain groups are more prone to crimes than others.,-1,1,Đã có số liệu chứng minh người Mỹ gốc Phi là đối tượng thực hiện phần lớn các vụ phạm tội.
We should subsidize student loans,"it is so difficult to get a job these days without a degree, so kids should be given help with their student loans.",student loans is a help for those who do not have resources,1,0,"Ngày nay rất khó để tìm được việc làm nếu không có bằng cấp, vì vậy học sinh cần được hỗ trợ các khoản vay sinh viên."
We should end the use of economic sanctions,it is sometimes the only solution to solving foreign relatations between countries,economic sanctions are an effective alternative to military action,-1,0,Đôi khi đây là giải pháp duy nhất để giải quyết các mối quan hệ ngoại giao giữa các quốc gia.
We should adopt a zero-tolerance policy in schools,it is unfair on those being bullied to punish them the same as you punish the bully,a zero tolerance policy is unfair for minimal infractions.,-1,0,Thật bất công khi phạt nạn nhân bị bắt nạt giống như cách chúng ta phạt chính kẻ bắt nạt.
We should abolish the three-strikes laws,it is unjust and discriminates against minorities,the three strike law has not proved effective in reducing criminality,1,0,Điều này thật bất công và mang tính phân biệt đối xử với các nhóm thiểu số.
We should ban algorithmic trading,"it makes trading more simple to use, it's very beneficial to those who are new to trading.",algorithmic trading merely enables better decisions in investments utilising technology and intelligence,-1,0,"Nó giúp việc giao dịch trở nên đơn giản hơn, rất có lợi cho những người mới bắt đầu."
Entrapment should be legalized,it offers someone who hasn't decided to commit a crime an opportunity to commit one,entrapment can be abused and corner innocent people.,-1,0,Nó tạo ra cơ hội cho một người chưa có ý định phạm tội lại nảy sinh ý định đó.
Foster care brings more harm than good,"it provides a necessary function for abandoned children
many foster children are well adapted and happy
where would they go otherwise? orphanages are surely a far worst option",foster care can provide a child with a family dynamic,-1,0,Nó cung cấp một giải pháp cần thiết cho trẻ em bị bỏ rơi; nhiều trẻ nhận nuôi vẫn hòa nhập tốt và hạnh phúc. Nếu không có hệ thống này thì các em sẽ đi đâu? Các trại trẻ mồ côi chắc chắn là lựa chọn tồi tệ hơn nhiều.
We should abolish the three-strikes laws,it provides justice to the victims and gives them a sense of security,repeat offenders should be punished accordingly,-1,0,Nó mang lại công lý cho các nạn nhân và đem đến cho họ cảm giác an toàn.
We should ban algorithmic trading,it should not be banned because it is efficient and fast,algorithmic trading merely enables better decisions in investments utilising technology and intelligence,-1,0,Không nên cấm vì nó vừa hiệu quả lại vừa nhanh chóng.
Entrapment should be legalized,it should not be legal because it makes some people commit a crime that they normally would not commit,entrapment can be abused and corner innocent people.,-1,0,Không nên hợp pháp hóa vì nó thúc đẩy người ta phạm tội trong khi bình thường họ sẽ không làm thế.
We should end the use of economic sanctions,it would be good to end the use because it shames governments,economic sanctions cause hard feelings between nations and can cause war.,1,0,Chấm dứt việc sử dụng là cần thiết vì điều này sẽ gây áp lực khiến các chính phủ phải thấy xấu hổ.
We should end racial profiling,it's a clear fact that some social groups are more responsible than others for criminal acts and thuse racial profiling is a helpful shorthand tool to use in law enforcement.,certain groups are more prone to crimes than others.,-1,1,"Rõ ràng là một số nhóm xã hội dễ phạm tội hơn nhóm khác, nên việc nhắm vào sắc tộc là một công cụ tiện lợi để cơ quan thực thi pháp luật sử dụng."
We should end the use of economic sanctions,it's a way for a country to stand up to another country if we disagree with the way they live or if there's something such as human rights violations.,economic sanctions are an effective alternative to military action,-1,0,Đây là cách để một quốc gia thể hiện lập trường cứng rắn với quốc gia khác khi có bất đồng về lối sống hoặc có các vấn đề như vi phạm nhân quyền.
We should abolish the three-strikes laws,"its a great crime deterrent,  people dont feel secure committing crimes knowing they will be locked up for life.",repeat offenders should be punished accordingly,-1,0,"Đây là biện pháp ngăn chặn tội phạm cực tốt, vì chẳng ai dám phạm tội khi biết mình sẽ phải ngồi tù chung thân cả."
We should end racial profiling,law enforcement must be enabled to use any tactic that allows for the prevention of crime and capture of criminals,certain groups are more prone to crimes than others.,-1,0,Cơ quan thực thi pháp luật phải được phép sử dụng bất kỳ chiến thuật nào để ngăn chặn tội phạm và bắt giữ tội phạm.
Entrapment should be legalized,law enforcement's job is to stop crime; not create it.,entrapment can be abused and corner innocent people.,-1,0,Nhiệm vụ của cảnh sát là ngăn chặn tội phạm chứ không phải là tạo ra nó.
We should end racial profiling,law-abiding citizens in groups that are racially profiled against may be unwilling to cooperate with law enforcement.,people should be judged as individuals not by their race,1,0,Những công dân tuân thủ pháp luật thuộc các nhóm bị nhắm vào vì sắc tộc có thể sẽ không muốn hợp tác với cảnh sát.
We should subsidize student loans,learning to pay your own bills is important for students to learn,student loans can be expensive and put young people in debt,-1,0,Học cách tự chi trả hóa đơn là kỹ năng quan trọng mà sinh viên cần phải học.
Entrapment should be legalized,legalising entrapment would assist law enforcement agencies when they have good reason to suspect an individual ofengaging in criminal activity which is otherwise hard to detect,entrapment  is a useful tool to law enforcement,1,1,Việc hợp pháp hóa các biện pháp gài bẫy sẽ hỗ trợ đắc lực cho cơ quan thực thi pháp luật khi họ có căn cứ hợp lý để nghi ngờ một cá nhân đang tham gia vào các hoạt động phạm tội vốn rất khó phát hiện.
We should subsidize student loans,"loans should not need to be subsidized as the students can pay them back when they are earning enough, which will be thanks to their education.",student loans can be expensive and put young people in debt,-1,0,"Các khoản vay sinh viên không cần thiết phải được trợ cấp, vì người học hoàn toàn có thể chi trả sau khi tốt nghiệp và có mức thu nhập ổn định nhờ chính tấm bằng đó."
The use of public defenders should be mandatory,making a public defender mandatory takes away choice from those who may wish to find their own attorney or even just represent themselves.,public defendors cost taxpayers more money and therefore should not be mandatory.,-1,0,Việc bắt buộc sử dụng luật sư công tước đoạt quyền lựa chọn của những người muốn tự thuê luật sư riêng hoặc thậm chí là tự bào chữa cho chính mình.
The use of public defenders should be mandatory,"making it mandatory is a slight overkill.  mandatory for those that cannot get counsel another way, sure but the wording is too loose here so i must say no.",public defendors cost taxpayers more money and therefore should not be mandatory.,-1,0,"Quy định bắt buộc này có phần hơi quá đà. Nếu chỉ bắt buộc đối với những người không có cách nào khác để tìm kiếm sự hỗ trợ pháp lý thì được, nhưng cách diễn đạt này quá lỏng lẻo nên tôi không đồng tình."
The use of public defenders should be mandatory,making public defenders mandatory would be a waste of public funds; public defenders should only be retained for those who cannot afford to pay for their own defence.,public defendors cost taxpayers more money and therefore should not be mandatory.,-1,1,"Việc bắt buộc sử dụng luật sư công sẽ gây lãng phí ngân sách nhà nước; thay vào đó, dịch vụ này chỉ nên dành riêng cho những người không đủ khả năng chi trả cho luật sư riêng."
The use of public defenders should be mandatory,mandating public defenders will create tons of political backlash that will actualize in more conservative politicians winning office and more regulations giving rich people extra rights will pass.,public defendors cost taxpayers more money and therefore should not be mandatory.,-1,0,"Việc bắt buộc sử dụng luật sư công sẽ gây ra làn sóng phản đối chính trị dữ dội, dẫn đến việc các chính trị gia bảo thủ giành lợi thế và thông qua các quy định mang lại đặc quyền cho người giàu."
The use of public defenders should be mandatory,mandating the  use of public defenders will ensure that all defendents are treated equally and not more favourably for those who can afford the best lawyers,public defenders should be mandatory to ensure everyone has a fair shot,1,1,"Việc bắt buộc sử dụng luật sư công sẽ đảm bảo mọi bị cáo đều được đối xử công bằng, tránh tình trạng những người giàu có được ưu tiên tiếp cận với các luật sư giỏi nhất."
The use of public defenders should be mandatory,mandating the use of public defenders ensures a fair trial for all.,public defenders should be mandatory to ensure everyone has a fair shot,1,1,Việc bắt buộc sử dụng luật sư công là cách để đảm bảo một phiên tòa công bằng cho tất cả mọi người.
The use of public defenders should be mandatory,mandatory public defence would be costly for the state. the money might be better off spent elsewhere such as fighting crime.,public defendors cost taxpayers more money and therefore should not be mandatory.,-1,1,Chế độ luật sư công bắt buộc sẽ là gánh nặng chi phí cho nhà nước. Số tiền đó nên được đầu tư vào những mục đích thiết thực hơn như đấu tranh phòng chống tội phạm.
The use of public defenders should be mandatory,mandatory representation by public defenders endures all defendents have a level playing field and that those with the most money are more likely to be acquitted when guilty,public defenders should be mandatory to ensure everyone has a fair shot,1,1,"Việc bắt buộc có luật sư công đại diện đảm bảo rằng tất cả bị cáo đều có vị thế ngang hàng, tránh việc những kẻ có tiền dễ dàng thoát tội dù có tội."
Foster care brings more harm than good,many children are moved from home to home without finding a good family.,foster care is open to abuse by predators,1,0,"Nhiều trẻ em phải sống cảnh nay đây mai đó, chuyển từ nhà này sang nhà khác mà vẫn chẳng tìm được một mái ấm thực sự."
Foster care brings more harm than good,many children in the foster care system have issues that can destroy a family.,foster care is open to abuse by predators,1,0,"Nhiều trẻ em trong hệ thống chăm sóc thay thế mang theo những vấn đề tâm lý rất nặng nề, đủ sức làm tan vỡ bất kỳ gia đình nào nhận nuôi các em."
Foster care brings more harm than good,many foster children have behavioral or cognitive problems which foster care parents are not prepared to deal with.,foster care is open to abuse by predators,1,0,"Phần lớn trẻ em được nhận nuôi gặp phải các vấn đề về hành vi hoặc nhận thức, trong khi các bậc cha mẹ nuôi lại hoàn toàn thiếu sự chuẩn bị để đối phó với những tình huống đó."
We should abolish the three-strikes laws,many people could be imprisoned with harsh sentences for minor offenses,the three strike law has not proved effective in reducing criminality,1,0,Nhiều người có nguy cơ phải ngồi tù với những bản án rất nặng nề chỉ vì những lỗi vi phạm nhỏ nhặt.
The use of public defenders should be mandatory,many people do not have the mental capacity to understand the reasons to defend themselves and the usage of public defenders should be mandatory.,public defenders should be mandatory to ensure everyone has a fair shot,1,0,"Nhiều người không có đủ khả năng nhận thức để hiểu tại sao họ cần tự bào chữa, vì vậy việc chỉ định luật sư công là yêu cầu bắt buộc."
We should end racial profiling,most of the crimes that are committed and solved are done by racial profiling.,certain groups are more prone to crimes than others.,-1,0,Phần lớn các vụ án được phá đều bắt nguồn từ việc phân biệt chủng tộc ngay từ đầu.
Foster care brings more harm than good,"most people foster children for the money not for the love of the children, therefore, causing more harm than good to the mental health of the children.",foster care is open to abuse by predators,1,0,"Đa số mọi người nhận nuôi trẻ chỉ vì tiền chứ chẳng phải vì tình thương, và chính điều này đã gây ra những tổn thương tâm lý nghiêm trọng cho bọn trẻ."
We should abolish the three-strikes laws,"most people who commit violent crimes are acting impulsively, without thought to the consequences of their actions. thus, three strikes laws won't deter most violent crimes.",the three strike law has not proved effective in reducing criminality,1,1,"Hầu hết những kẻ phạm tội bạo lực đều hành động theo bản năng mà không hề nghĩ đến hậu quả, thế nên cái luật 'ba lần phạm tội' cũng chẳng ngăn chặn được mấy vụ án đâu."
We should adopt a zero-tolerance policy in schools,"no child should be subject to a zero-tolerance policy, children learn by testing boundaries and making mistakes, they need flexibility not harsh and damaging punishments for natural behavior",a zero tolerance policy is unfair for minimal infractions.,-1,0,"Không một đứa trẻ nào đáng phải chịu đựng chính sách 'không khoan nhượng', vì trẻ con học hỏi bằng cách thử sai và phá vỡ các giới hạn; các em cần sự linh hoạt thay vì những hình phạt hà khắc gây tổn thương cho những hành vi tự nhiên."
We should adopt a zero-tolerance policy in schools,no evidence has been found that zero tolerance policies deter bullying and violence in schools,a zero tolerance policy is unfair for minimal infractions.,-1,0,Chẳng có bằng chứng nào cho thấy chính sách 'không khoan nhượng' có thể ngăn chặn được tình trạng bắt nạt hay bạo lực học đường cả.
We should subsidize student loans,"no need to subsidize student loans, people can access education by using their own money and time",student loans can be expensive and put young people in debt,-1,0,"Chẳng việc gì phải trợ giá các khoản vay sinh viên cả, người ta hoàn toàn có thể tự đầu tư vào giáo dục bằng chính thời gian và tiền bạc của mình."
The use of public defenders should be mandatory,nobody can be forced to represented by a public defender; it is a personal choice.,public defendors cost taxpayers more money and therefore should not be mandatory.,-1,0,Không ai có quyền ép buộc người khác phải được luật sư công bào chữa; đó là quyền lựa chọn cá nhân.
The use of public defenders should be mandatory,not all criminals have the right to have a defense,public defendors cost taxpayers more money and therefore should not be mandatory.,-1,0,Không phải tội phạm nào cũng có quyền được hưởng quyền bào chữa.
We should subsidize student loans,offer protection to students and protect them from predatory lenders,student loans is a help for those who do not have resources,1,0,Cần có các biện pháp bảo vệ để giúp sinh viên tránh khỏi bẫy của những tổ chức tín dụng đen.
We should end the use of economic sanctions,often the only way get regressive regimes to act in the best interest of their populace is to financially strong-arm them in to doing so.,economic sanctions are an effective alternative to military action,-1,0,"Đôi khi, cách duy nhất để ép các chế độ độc tài hành động vì lợi ích của người dân là dùng áp lực tài chính để buộc họ phải làm theo."
We should ban cosmetic surgery,often there are no valid medical reasons for having cosmetic surgery so its frivolous and taking unnecessary risks,cosmetic surgery encourages the focus on appearance and unattainable beauty norms,1,0,"Đa phần các ca phẫu thuật thẩm mỹ đều chẳng có lý do y khoa chính đáng, nó chỉ là sự phù phiếm và đánh đổi rủi ro không cần thiết."
We should ban algorithmic trading,one bad tweek to code could cause a financial collapse of the economy,algorithmic trading can cause unnatural market movements.,1,0,Chỉ cần một dòng code sai sót thôi cũng đủ sức gây ra cuộc khủng hoảng tài chính toàn hệ thống.
We should abolish the three-strikes laws,"one effect of mandatory sentencing, and of three-strikes laws in particular, is the rapid growth of the prison population",the three strike law has not proved effective in reducing criminality,1,0,"Một hệ quả tất yếu của các chính sách tuyên án bắt buộc, đặc biệt là luật 'ba lần phạm tội', chính là sự bùng nổ dân số trong các nhà tù."
Entrapment should be legalized,"only criminally-minded people would commit crimes, even in situations where it is encouraged by police.",entrapment  is a useful tool to law enforcement,1,0,"Chỉ những kẻ có tư tưởng phạm tội mới làm điều đó, ngay cả trong những tình huống bị cảnh sát khích bác."
The use of public defenders should be mandatory,only if everyone has access to free public defense will the justice system be fair,public defenders should be mandatory to ensure everyone has a fair shot,1,1,Hệ thống tư pháp chỉ thực sự công bằng khi tất cả mọi người đều được tiếp cận dịch vụ bào chữa công miễn phí.
We should subsidize student loans,our young people need to be educated so that they can become productive members of our society.,student loans is a help for those who do not have resources,1,0,Giới trẻ cần được giáo dục bài bản để trở thành những công dân có ích cho xã hội.
We should ban cosmetic surgery,people altering their looks for cosmetic purposes is unnecessary and possibly dangerous.  going through overpriced surgery just for vanity should not be allowed,cosmetic surgery encourages the focus on appearance and unattainable beauty norms,1,0,Việc phẫu thuật thẩm mỹ là không cần thiết và tiềm ẩn nhiều rủi ro. Chúng ta không nên khuyến khích việc tốn kém tiền bạc chỉ để chạy theo vẻ bề ngoài.
We should abolish the three-strikes laws,"people are in jail for life over small offenses they commit as young people, its totally unfair and costs tax payers more than it needs to.",the three strike law has not proved effective in reducing criminality,1,0,"Nhiều người phải chịu án tù chung thân chỉ vì những sai lầm thời trẻ, điều này thật bất công và gây lãng phí tiền thuế của người dân một cách không đáng có."
We should ban cosmetic surgery,"people can do what they want to their body, where does this stop? no invasive surgery, no injections, no facials, no makeup?","cosmetic surgery is safe, and can help people.",-1,0,"Mỗi người có quyền làm những gì họ muốn với cơ thể mình. Vậy ranh giới nằm ở đâu? Nếu cấm phẫu thuật, thì có cấm luôn cả tiêm filler, chăm sóc da hay trang điểm không?"
We should subsidize student loans,people choose to go to university and earn more as a result so should pay a market rate for their loans to do so.,student loans can be expensive and put young people in debt,-1,0,"Mọi người chọn học đại học để có thu nhập cao hơn trong tương lai, nên việc họ phải trả lãi vay theo giá thị trường là điều hợp lý."
The use of public defenders should be mandatory,"people have a right to be represented by the best when they are facing potential fines, incarceration, or worse. mandating public defenders strips people of this right.",public defendors cost taxpayers more money and therefore should not be mandatory.,-1,0,Ai cũng có quyền được bào chữa bởi những luật sư giỏi nhất khi đối mặt với các án phạt hoặc nguy cơ ngồi tù. Việc bắt buộc sử dụng luật sư công đã tước đi quyền lợi chính đáng đó của họ.
We should ban cosmetic surgery,people have a right to make decisions about what they want to do with their own bodies,"cosmetic surgery is safe, and can help people.",-1,0,Mỗi cá nhân có quyền tự quyết định những gì họ muốn làm với cơ thể của chính mình.
Entrapment should be legalized,people have a right to privacy guaranteed by the constitution. entrapment is a clear violation of this.,entrapment can be abused and corner innocent people.,-1,0,"Quyền riêng tư là quyền cơ bản được Hiến pháp bảo vệ. Vì vậy, việc gài bẫy phạm tội là hành vi vi phạm pháp luật nghiêm trọng."
The use of public defenders should be mandatory,people have a right to whatever defense they can afford or even represent themselves. by forcing people to use a public defender you are taking away their rights,public defendors cost taxpayers more money and therefore should not be mandatory.,-1,0,Mọi người có quyền thuê luật sư theo khả năng tài chính hoặc tự bào chữa cho mình. Ép buộc họ dùng luật sư công chính là đang tước đoạt quyền lợi hợp pháp của họ.
We should ban cosmetic surgery,"people have the freedom to do whatever they wish with their own bodies and appearance, within the bounds of the law.","cosmetic surgery is safe, and can help people.",-1,0,"Con người có quyền tự do làm bất cứ điều gì họ muốn với cơ thể và ngoại hình của mình, miễn là vẫn nằm trong khuôn khổ pháp luật."
We should ban cosmetic surgery,people have the right to decide what they can and can not do with their bodies and do not need government interfering.,"cosmetic surgery is safe, and can help people.",-1,0,Mọi người có quyền tự quyết định những gì mình được làm hoặc không được làm với cơ thể của chính họ mà không cần sự can thiệp từ chính phủ.
We should ban cosmetic surgery,people have the right to enhance their body in any way they want to.,"cosmetic surgery is safe, and can help people.",-1,0,"Mọi người có quyền can thiệp, chỉnh sửa cơ thể theo bất cứ cách nào họ muốn."
The use of public defenders should be mandatory,people have the right to hire whichever lawyer they choose.,public defendors cost taxpayers more money and therefore should not be mandatory.,-1,0,Mọi người có quyền tự do lựa chọn bất kỳ luật sư nào mà họ tin tưởng.
We should ban cosmetic surgery,people have the right to make body modifications if they are not satisfied with the way they are.,"cosmetic surgery is safe, and can help people.",-1,0,Mọi người có quyền thực hiện các thay đổi trên cơ thể nếu họ cảm thấy không hài lòng với vẻ ngoài của mình.
The use of public defenders should be mandatory,people have the right to their own attorney or no attorney at all.  making a public defender mandatory takes away a fundamental freedom.,public defendors cost taxpayers more money and therefore should not be mandatory.,-1,0,Mọi người có quyền được thuê luật sư riêng hoặc không cần luật sư. Việc bắt buộc phải dùng luật sư công chính là tước đoạt một quyền tự do cơ bản.
The use of public defenders should be mandatory,people need to be protected from themselves. making public defenders mandatory would ensure people who would otherwise mistakenly represent themselves an fair chance in the courtroom,public defenders should be mandatory to ensure everyone has a fair shot,1,1,Con người cần được bảo vệ khỏi chính bản thân mình. Việc bắt buộc có luật sư công sẽ đảm bảo cho những người vì sai lầm mà tự bào chữa vẫn có được một phiên tòa công bằng.
We should end racial profiling,people of certain groups are more likely to commit certain types of crime.,certain groups are more prone to crimes than others.,-1,1,Một số nhóm đối tượng nhất định thường có xu hướng thực hiện những loại tội phạm cụ thể hơn.
The use of public defenders should be mandatory,people should be able to choose if they want someone to represent them or not.,public defendors cost taxpayers more money and therefore should not be mandatory.,-1,0,Mọi người nên được tự do lựa chọn việc có cần người đại diện cho mình hay không.
We should ban cosmetic surgery,people should be able to do whatever they want to their body,"cosmetic surgery is safe, and can help people.",-1,0,Mọi người nên được phép làm bất cứ điều gì họ muốn với cơ thể của mình.
We should ban cosmetic surgery,people should be able to make the choice on their own without someone telling them that they can't.,"cosmetic surgery is safe, and can help people.",-1,0,Mọi người nên được tự mình đưa ra quyết định mà không cần ai khác phải áp đặt hay cấm đoán.
We should ban cosmetic surgery,people should be able to spend their money as they wish.,"cosmetic surgery is safe, and can help people.",-1,0,Mọi người nên được toàn quyền quyết định việc chi tiêu tiền bạc của chính mình.
We should ban cosmetic surgery,people should be allowed to change their body in any way that makes them happy.,"cosmetic surgery is safe, and can help people.",-1,0,Ai cũng nên được tự do thay đổi cơ thể theo bất cứ cách nào khiến họ cảm thấy hạnh phúc.
We should ban cosmetic surgery,people should be content with how they look and it gives out the wrong message about body image when people change how they look like this.,cosmetic surgery encourages the focus on appearance and unattainable beauty norms,1,1,"Mọi người nên hài lòng với ngoại hình tự nhiên của mình, việc lạm dụng chỉnh sửa sẽ tạo ra những thông điệp sai lệch về chuẩn mực cơ thể."
The use of public defenders should be mandatory,people should be free to choose whether they want to represent themselves or have someone else do it.,public defendors cost taxpayers more money and therefore should not be mandatory.,-1,0,Mọi người nên có quyền tự quyết trong việc tự đại diện cho chính mình hoặc ủy quyền cho người khác.
We should ban cosmetic surgery,"people should be free to improve their looks,what if for example someone has a disfigurement ?they should be able to have the option to improve themselves by changing their appearance .","cosmetic surgery is safe, and can help people.",-1,0,"Ai cũng có quyền được cải thiện ngoại hình chứ, chẳng hạn như những người bị khiếm khuyết cơ thể thì sao? Họ xứng đáng có cơ hội để thay đổi diện mạo nhằm hoàn thiện bản thân hơn."
We should ban cosmetic surgery,people should be free to make their own choices,"cosmetic surgery is safe, and can help people.",-1,0,Mọi người nên được tự do đưa ra các lựa chọn cho riêng mình.
We should ban algorithmic trading,people should be free to use a computer trading program at their own risk,algorithmic trading merely enables better decisions in investments utilising technology and intelligence,-1,0,Mọi người nên được tự do sử dụng các chương trình giao dịch tự động và tự chịu trách nhiệm với rủi ro của bản thân.
The use of public defenders should be mandatory,people should have a right to their own attorney,public defendors cost taxpayers more money and therefore should not be mandatory.,-1,0,Ai cũng nên có quyền được thuê luật sư riêng cho mình.
The use of public defenders should be mandatory,people should have the freedom to choose their own.,public defendors cost taxpayers more money and therefore should not be mandatory.,-1,0,Mọi người nên có quyền tự do đưa ra lựa chọn của cá nhân.
The use of public defenders should be mandatory,people should have the option to use their own attorney,public defendors cost taxpayers more money and therefore should not be mandatory.,-1,0,Ai cũng nên có quyền được lựa chọn luật sư cho riêng mình.
We should ban cosmetic surgery,people should have the right to spend their money on any consumption that would only harm themselves.,"cosmetic surgery is safe, and can help people.",-1,0,Mọi người nên có quyền tiêu tiền vào bất cứ thứ gì dù điều đó chỉ gây hại cho bản thân họ.
The use of public defenders should be mandatory,people should have the right to use the attorney they want.,public defendors cost taxpayers more money and therefore should not be mandatory.,-1,0,Mọi người nên có quyền được chọn luật sư mà họ mong muốn.
Foster care brings more harm than good,people who grew up in foster homes have a high rate of incarceration,foster care is open to abuse by predators,1,0,Những người lớn lên trong các trại trẻ mồ côi có tỷ lệ phạm tội và phải ngồi tù rất cao.
We should ban cosmetic surgery,"peoples' sense of sense worth is often linked to their appearance, and if cosmetic surgery can bring happiness, then it is purely down to the choice of the individual.","cosmetic surgery is safe, and can help people.",-1,0,"Giá trị bản thân của mỗi người thường gắn liền với ngoại hình, nên nếu phẫu thuật thẩm mỹ mang lại hạnh phúc cho họ thì đó hoàn toàn là lựa chọn cá nhân."
We should ban cosmetic surgery,"plastic surgery carries risk and when it goes wrong, the nhs have to pay to repair the damage if the patient is suffering or at risk of serious illness.",cosmetic surgery encourages the focus on appearance and unattainable beauty norms,1,0,"Phẫu thuật thẩm mỹ luôn tiềm ẩn rủi ro, và khi có sự cố, NHS (Dịch vụ Y tế Quốc gia) lại phải gánh chi phí khắc phục nếu bệnh nhân gặp biến chứng hoặc đối mặt với nguy cơ bệnh tật nghiêm trọng."
Entrapment should be legalized,"police entrapment creates more crime. it sets up individuals to commit crimes which, on their own, they may not have committed.",entrapment can be abused and corner innocent people.,-1,0,"Việc cảnh sát gài bẫy chỉ làm gia tăng tội phạm, vì nó tạo điều kiện cho những người vốn dĩ sẽ không phạm tội lại thực hiện hành vi sai trái."
Entrapment should be legalized,police using entrapment could convince someone to commit a crime that they otherwise would not have.,entrapment can be abused and corner innocent people.,-1,0,Cảnh sát sử dụng biện pháp gài bẫy có thể dụ dỗ một người phạm tội trong khi bình thường họ sẽ không làm vậy.
We should ban algorithmic trading,proponents of algorithmic trading came out in droves to speak in favor of algorithmic trading saying it has benefited their businesses.,algorithmic trading merely enables better decisions in investments utilising technology and intelligence,-1,0,"Những người ủng hộ giao dịch thuật toán đã lên tiếng mạnh mẽ, khẳng định rằng phương thức này mang lại nhiều lợi ích cho công việc kinh doanh của họ."
The use of public defenders should be mandatory,public defenders are a waste of government money and should not be allowed,public defendors cost taxpayers more money and therefore should not be mandatory.,-1,1,Luật sư công là sự lãng phí ngân sách chính phủ và không nên tồn tại.
The use of public defenders should be mandatory,public defenders are a way to protect those that are unjustly accused of crimes,public defenders should be mandatory to ensure everyone has a fair shot,1,0,Luật sư công là một công cụ thiết yếu để bảo vệ những người bị cáo buộc oan sai.
The use of public defenders should be mandatory,public defenders are already incredibly overworked. adding to their caseload by mandating everyone use them will just mean that everyone gets significantly worse representation.,public defendors cost taxpayers more money and therefore should not be mandatory.,-1,0,"Các luật sư công vốn đã quá tải kinh khủng rồi. Nếu bắt buộc mọi người phải dùng dịch vụ của họ thì khối lượng công việc sẽ tăng thêm, và hệ quả là chất lượng bào chữa cho tất cả mọi người đều giảm sút nghiêm trọng."
The use of public defenders should be mandatory,public defenders are helpful for poor people who cannot afford a lawyer,public defenders should be mandatory to ensure everyone has a fair shot,1,0,Luật sư công là chỗ dựa hữu ích cho những người nghèo không có khả năng chi trả phí luật sư riêng.
The use of public defenders should be mandatory,"public defenders are more effective at getting plea deals, this is good because now you will have less people going to jail if everyone is using public defenders.",public defenders should be mandatory to ensure everyone has a fair shot,1,0,"Luật sư công thường giỏi trong việc đạt được các thỏa thuận nhận tội, điều này có lợi vì sẽ giúp giảm số lượng người phải vào tù nếu tất cả đều sử dụng dịch vụ của họ."
The use of public defenders should be mandatory,"public defenders are much more likely to be corrupted than private lawyers, by preventing people from having an alternative the government opens up public defender corruption to harm more people.",public defendors cost taxpayers more money and therefore should not be mandatory.,-1,0,Luật sư công dễ bị tha hóa hơn luật sư tư. Việc tước bỏ quyền lựa chọn của người dân sẽ khiến tình trạng tham nhũng trong hệ thống luật sư công gây hại cho nhiều người hơn.
The use of public defenders should be mandatory,public defenders are often less experienced and less competent. if someone is accused of a crime it is their right to decide representation. their life depends on it.,public defendors cost taxpayers more money and therefore should not be mandatory.,-1,0,"Luật sư công thường thiếu kinh nghiệm và năng lực chuyên môn kém hơn. Khi một người bị buộc tội, họ phải có quyền quyết định người đại diện cho mình vì đây là vấn đề liên quan đến cả cuộc đời họ."
The use of public defenders should be mandatory,public defenders are often overworked and should only support those who cannot afford another attorney.,public defendors cost taxpayers more money and therefore should not be mandatory.,-1,0,"Luật sư công thường xuyên bị quá tải, vì vậy họ chỉ nên hỗ trợ những người không đủ điều kiện thuê luật sư khác."
The use of public defenders should be mandatory,public defenders are required to defend their clients as best as they can.,public defenders should be mandatory to ensure everyone has a fair shot,1,0,Luật sư công có nghĩa vụ pháp lý phải bào chữa cho thân chủ của mình một cách tốt nhất trong khả năng có thể.
The use of public defenders should be mandatory,public defenders are so overburdened that defendants often sit in jail for months before the public defender is able to handle their case.,public defendors cost taxpayers more money and therefore should not be mandatory.,-1,0,Luật sư công quá tải đến mức các bị cáo thường phải ngồi tù hàng tháng trời chỉ để chờ luật sư có thời gian thụ lý vụ án của mình.
The use of public defenders should be mandatory,public defenders are usually overworked and giving everyone one will cause the quality to drop,public defendors cost taxpayers more money and therefore should not be mandatory.,-1,0,"Luật sư công thường xuyên rơi vào tình trạng quá tải, việc bắt buộc ai cũng phải dùng dịch vụ này sẽ khiến chất lượng dịch vụ tụt dốc không phanh."
The use of public defenders should be mandatory,public defenders are waste of money and should be rigged off as pointless in every means.,public defendors cost taxpayers more money and therefore should not be mandatory.,-1,1,"Luật sư công là sự lãng phí tiền bạc, xét trên mọi khía cạnh thì đây là một hệ thống vô ích và nên bị loại bỏ."
The use of public defenders should be mandatory,public defenders can assist the poor and lower middle classes when they cant afford legal representation,public defenders should be mandatory to ensure everyone has a fair shot,1,0,Luật sư công có thể hỗ trợ người nghèo và tầng lớp trung lưu thấp khi họ không đủ khả năng chi trả phí pháp lý.
The use of public defenders should be mandatory,"public defenders could easily be swayed by corrupt governmental forces, one way or another.",public defendors cost taxpayers more money and therefore should not be mandatory.,-1,0,Luật sư công rất dễ bị các thế lực chính phủ thao túng bằng cách này hay cách khác.
The use of public defenders should be mandatory,public defenders do not have an agenda besides the task at hand and are more efficient than a lawyer who is trying to rack up the fees.,public defenders should be mandatory to ensure everyone has a fair shot,1,0,"Luật sư công không có mục đích cá nhân nào khác ngoài công việc hiện tại, họ làm việc hiệu quả hơn hẳn những luật sư tư chỉ chăm chăm kiếm chác từ thân chủ."
The use of public defenders should be mandatory,public defenders for everyone ensure every defendant gets a fair representation. it evens the playing field despite income or situation.,public defenders should be mandatory to ensure everyone has a fair shot,1,1,"Việc cung cấp luật sư công cho tất cả mọi người đảm bảo bị cáo nào cũng có người bảo vệ công bằng, tạo ra sự bình đẳng bất kể thu nhập hay hoàn cảnh."
The use of public defenders should be mandatory,"public defenders should automatically defend the criminal, since obviously they can not afford a private lawyer.,",public defenders should be mandatory to ensure everyone has a fair shot,1,0,Luật sư công nên được chỉ định mặc định cho các bị cáo vì rõ ràng họ không có tiền thuê luật sư tư.
The use of public defenders should be mandatory,public defenders should be an automatic in any case.  get some counsel and move forward.,public defenders should be mandatory to ensure everyone has a fair shot,1,0,"Luật sư công nên là điều hiển nhiên trong mọi vụ án, cứ có người cố vấn pháp lý cái đã rồi tính tiếp."
The use of public defenders should be mandatory,public defenders should be mandatory because it will give both sides a fair trial,public defenders should be mandatory to ensure everyone has a fair shot,1,1,Luật sư công nên là bắt buộc vì nó đảm bảo cả hai bên đều có một phiên tòa công bằng.
The use of public defenders should be mandatory,public defenders should be mandatory for all cases so the law stays fair.,public defenders should be mandatory to ensure everyone has a fair shot,1,1,Luật sư công nên là bắt buộc trong mọi vụ án để giữ cho cán cân pháp luật được công bằng.
The use of public defenders should be mandatory,public defenders should be provided to all charged persons to ensure they receive representation and a fair trial.  all persons deserve qualified representation regardless of their ability to pay.,public defenders should be mandatory to ensure everyone has a fair shot,1,1,Mọi người bị buộc tội nên được cung cấp luật sư công để đảm bảo họ có người đại diện và được xét xử công bằng. Ai cũng xứng đáng có sự hỗ trợ pháp lý đủ năng lực dù có khả năng chi trả hay không.
The use of public defenders should be mandatory,public defenders should not be mandatory for people who already plead guilty to crimes they've committed,public defendors cost taxpayers more money and therefore should not be mandatory.,-1,0,Luật sư công không nên là bắt buộc đối với những người đã thừa nhận tội lỗi mà họ gây ra.
The use of public defenders should be mandatory,public defenders should represent an obligation as part of a more objective orientation of the trials,public defenders should be mandatory to ensure everyone has a fair shot,1,0,Luật sư công nên được xem là nghĩa vụ bắt buộc để đảm bảo tính khách quan cho các phiên tòa.
The use of public defenders should be mandatory,public defenders will keep all court cases fair.,public defenders should be mandatory to ensure everyone has a fair shot,1,1,Luật sư công sẽ giữ cho mọi vụ án được xét xử công bằng.
The use of public defenders should be mandatory,public defendors must be used so that a defendant can have a fair trial.,public defenders should be mandatory to ensure everyone has a fair shot,1,1,Việc có luật sư công là yêu cầu bắt buộc để bị cáo được đảm bảo một phiên tòa công bằng.
We should end racial profiling,racial profiles helps law enforcement agencies to target their resources to where they are most effective,certain groups are more prone to crimes than others.,-1,0,Việc lập hồ sơ dựa trên chủng tộc giúp các cơ quan thực thi pháp luật tập trung nguồn lực vào nơi hiệu quả nhất.
We should end racial profiling,racial profiling  is discriminatory to minorities. you can't just assume because someone is of a certain race that they automatically would be the one to commit the crime.,people should be judged as individuals not by their race,1,1,Lập hồ sơ dựa trên chủng tộc là phân biệt đối xử với các nhóm thiểu số. Bạn không thể cứ mặc định ai đó là tội phạm chỉ vì màu da của họ.
We should end racial profiling,racial profiling acts to alienate minorities making it harder for law enforcement agencies to do their jobs,people should be judged as individuals not by their race,1,0,"Lập hồ sơ dựa trên chủng tộc gây xa lánh các nhóm thiểu số, khiến công việc của cảnh sát trở nên khó khăn hơn."
We should end racial profiling,racial profiling allows nefarious police officers to unfairly target a group based solely on their race.,people should be judged as individuals not by their race,1,1,Lập hồ sơ dựa trên chủng tộc tạo điều kiện cho những cảnh sát thoái hóa biến chất nhắm vào các nhóm người chỉ vì màu da của họ.
We should end racial profiling,racial profiling can be beneficial in medical research as it has been identified that some drugs work better on white patients and some on blacks,certain groups are more prone to crimes than others.,-1,0,"Lập hồ sơ dựa trên chủng tộc có thể có ích trong nghiên cứu y khoa, vì một số loại thuốc thực sự có tác dụng khác nhau trên người da trắng và người da đen."
We should end racial profiling,racial profiling can be more misleading than accurate and can discriminate against minority groups,people should be judged as individuals not by their race,1,0,"Lập hồ sơ dựa trên chủng tộc thường gây hiểu lầm nhiều hơn là chính xác, và nó dẫn đến sự phân biệt đối xử với các nhóm thiểu số."
We should end racial profiling,racial profiling can potentially stop violent crimes,certain groups are more prone to crimes than others.,-1,0,Lập hồ sơ dựa trên chủng tộc có khả năng ngăn chặn các vụ án bạo lực.
We should end racial profiling,racial profiling can prevent many crimes as people who fit specific profiling might be spotted and stopped before the crime is committed,certain groups are more prone to crimes than others.,-1,0,Việc phân biệt chủng tộc có thể ngăn chặn nhiều tội phạm vì những đối tượng phù hợp với đặc điểm nhận dạng sẽ bị phát hiện và chặn lại trước khi họ kịp gây án.
We should end racial profiling,"racial profiling creates animus between minority groups that are targeted and society at large, usually in the name of giving a false sense of safety or security.",people should be judged as individuals not by their race,1,0,"Việc phân biệt chủng tộc tạo ra ác cảm giữa các nhóm thiểu số bị nhắm đến và xã hội nói chung, thường chỉ để mang lại cảm giác an toàn giả tạo."
We should end racial profiling,racial profiling creates distrust between people of color and police.,people should be judged as individuals not by their race,1,0,Việc phân biệt chủng tộc làm xói mòn lòng tin giữa người da màu và lực lượng cảnh sát.
We should end racial profiling,"racial profiling damages the credibility of law enforcement officers, as well as the public's trust in them.",people should be judged as individuals not by their race,1,0,"Việc phân biệt chủng tộc làm tổn hại đến uy tín của các nhân viên thực thi pháp luật, cũng như niềm tin của công chúng dành cho họ."
We should end racial profiling,"racial profiling discriminates minorities unfairly, causing feelings of shame and anger that can in themselves cause violence and hate.",people should be judged as individuals not by their race,1,0,"Việc phân biệt chủng tộc là hành vi đối xử bất công với các nhóm thiểu số, gây ra cảm giác nhục nhã và phẫn nộ, mà chính những điều đó có thể dẫn đến bạo lực và thù hận."
We should end racial profiling,racial profiling distracts law enforcement agencies from more useful approaches and it prevents police from serving the entire community and also prevents communities from working with the police.,people should be judged as individuals not by their race,1,0,"Việc phân biệt chủng tộc khiến lực lượng chức năng xao nhãng các phương pháp hiệu quả hơn, ngăn cản cảnh sát phục vụ toàn bộ cộng đồng cũng như khiến người dân không muốn hợp tác với họ."
We should end racial profiling,racial profiling does help catch criminals and it should be allowed.,certain groups are more prone to crimes than others.,-1,0,Việc phân biệt chủng tộc thực sự giúp ích cho việc bắt giữ tội phạm nên cần được cho phép.
We should end racial profiling,racial profiling does no one any good. it should be ended.,people should be judged as individuals not by their race,1,0,"Việc phân biệt chủng tộc chẳng đem lại lợi ích cho ai cả, cần phải chấm dứt tình trạng này."
We should end racial profiling,racial profiling does not guarantee that a crime will be prevented or stopped.,people should be judged as individuals not by their race,1,0,Việc phân biệt chủng tộc không đảm bảo rằng tội phạm sẽ bị ngăn chặn hoặc đẩy lùi.
We should end racial profiling,racial profiling feeds racist sentiments and increases the likelihood of hate crimes.,people should be judged as individuals not by their race,1,0,Việc phân biệt chủng tộc nuôi dưỡng tư tưởng phân biệt đối xử và làm gia tăng nguy cơ xảy ra các tội ác vì thù ghét.
We should end racial profiling,racial profiling forces people into a life of crime by treating them like a criminal regardless of whether they have committed a crime.,people should be judged as individuals not by their race,1,0,Việc phân biệt chủng tộc ép buộc người ta phải đi vào con đường tội lỗi vì ngay từ đầu họ đã bị đối xử như tội phạm dù chẳng làm gì sai.
We should end racial profiling,racial profiling goes against what our justice system is based on - that everyone is innocent until proven guilty.,people should be judged as individuals not by their race,1,0,Phân biệt chủng tộc đi ngược lại nguyên tắc cốt lõi của hệ thống tư pháp: ai cũng vô tội cho đến khi có bằng chứng buộc tội.
We should end racial profiling,"racial profiling has been proven to assist in the understanding of crime patterns, and helps with conviction rates and efficient, cost-effective policing.",certain groups are more prone to crimes than others.,-1,0,"Thực tế cho thấy phân biệt chủng tộc giúp hiểu rõ các mô hình tội phạm, đồng thời nâng cao tỷ lệ kết án và làm cho công tác cảnh sát trở nên hiệu quả, tiết kiệm chi phí hơn."
We should end racial profiling,racial profiling has been proven to be an effective tool in preventing crime,certain groups are more prone to crimes than others.,-1,0,Phân biệt chủng tộc đã được chứng minh là một công cụ hiệu quả trong việc ngăn chặn tội phạm.
We should end racial profiling,racial profiling has been shown to be an effective tool in crime prevention and therefore we should allow it to continue.,certain groups are more prone to crimes than others.,-1,0,"Vì phân biệt chủng tộc là công cụ hiệu quả để ngăn chặn tội phạm, chúng ta nên tiếp tục duy trì nó."
We should end racial profiling,racial profiling has been used to target minority groups that are often victims of police brutality and harrassment.,people should be judged as individuals not by their race,1,0,Phân biệt chủng tộc đã bị lợi dụng để nhắm vào các nhóm thiểu số – những người vốn thường xuyên là nạn nhân của bạo lực và quấy rối từ cảnh sát.
We should end racial profiling,"racial profiling has helped the government to prevent terrorist attacks, based on their ethnic background. when done right it can help to save hundreds, even thousands of innocent lives",certain groups are more prone to crimes than others.,-1,0,"Phân biệt chủng tộc đã giúp chính phủ ngăn chặn nhiều vụ tấn công khủng bố dựa trên nền tảng sắc tộc; nếu áp dụng đúng cách, nó có thể cứu sống hàng trăm, thậm chí hàng ngàn người vô tội."
We should end racial profiling,racial profiling has no basis and is wrong,people should be judged as individuals not by their race,1,0,Phân biệt chủng tộc là điều sai trái và hoàn toàn thiếu cơ sở.
We should end racial profiling,racial profiling has put a lot of criminals behind bars,certain groups are more prone to crimes than others.,-1,0,Phân biệt chủng tộc đã góp phần tống giam được không ít tội phạm vào sau song sắt.
We should end racial profiling,racial profiling helps law enforcement and homeland security recognize threats sooner and keep the country safer.,certain groups are more prone to crimes than others.,-1,0,"Phân biệt chủng tộc giúp cơ quan hành pháp và an ninh nội địa nhận diện mối đe dọa nhanh hơn, từ đó giữ cho đất nước an toàn hơn."
We should end racial profiling,racial profiling helps law enforcement detect threats in time,certain groups are more prone to crimes than others.,-1,0,Việc phân biệt chủng tộc giúp cơ quan thực thi pháp luật phát hiện các mối đe dọa kịp thời.
We should end racial profiling,racial profiling helps prevent crimes.,certain groups are more prone to crimes than others.,-1,0,Phân biệt chủng tộc góp phần ngăn chặn tội phạm.
We should end racial profiling,"racial profiling is  used to keep everyone safe.  if someone is not doing anything wrong, then racial profiling won't affect them.",certain groups are more prone to crimes than others.,-1,0,Phân biệt chủng tộc được dùng để giữ an toàn cho mọi người; nếu bạn không làm gì sai thì bạn chẳng việc gì phải lo lắng cả.
We should end racial profiling,racial profiling is a fair trade off if it means potentially saving one life,certain groups are more prone to crimes than others.,-1,0,"Đánh đổi quyền cá nhân lấy sự an toàn, dù chỉ là cứu được một mạng người, cũng là một cái giá hợp lý."
We should end racial profiling,"racial profiling is a form of racism, and such discriminatory approaches lead to a worsening of relations between minorities and law enforcement agencies.",people should be judged as individuals not by their race,1,0,"Phân biệt chủng tộc thực chất là một hình thức kỳ thị, và cách tiếp cận đầy định kiến này chỉ khiến mối quan hệ giữa người thiểu số và cảnh sát thêm căng thẳng."
We should end racial profiling,racial profiling is a good use of security budget by profiling those that are most capable of committing crimes. thus facilitating criminals and advancing security,certain groups are more prone to crimes than others.,-1,0,"Phân biệt chủng tộc là cách tối ưu hóa ngân sách an ninh bằng việc tập trung vào những nhóm đối tượng có khả năng phạm tội cao hơn, từ đó truy quét tội phạm và siết chặt an ninh tốt hơn."
We should end racial profiling,racial profiling is a proactive way to catch criminals and get them off the street,certain groups are more prone to crimes than others.,-1,0,Phân biệt chủng tộc là biện pháp chủ động để tóm gọn tội phạm và làm sạch đường phố.
We should end racial profiling,racial profiling is a proven way of identifying criminals due to characteristics,certain groups are more prone to crimes than others.,-1,0,Phân biệt chủng tộc là phương pháp đã được kiểm chứng trong việc nhận diện tội phạm dựa trên các đặc điểm nhận dạng.
We should end racial profiling,racial profiling is biased and wrong.,people should be judged as individuals not by their race,1,0,Phân biệt chủng tộc là hành vi mang tính định kiến và sai trái.
We should end racial profiling,racial profiling is both unbased and problematic,people should be judged as individuals not by their race,1,0,"Phân biệt chủng tộc vừa thiếu căn cứ khoa học, vừa gây ra nhiều vấn đề nhức nhối."
We should end racial profiling,racial profiling is dangerous as too many innocent people are targeted just because of their race.,people should be judged as individuals not by their race,1,1,Định kiến chủng tộc cực kỳ nguy hiểm vì rất nhiều người vô tội trở thành mục tiêu chỉ vì màu da của họ.
We should end racial profiling,"racial profiling is dangerous, innocent people get punished for nothing.",people should be judged as individuals not by their race,1,0,"Định kiến chủng tộc rất nguy hại, vì những người vô tội lại bị trừng phạt mà chẳng vì lý do gì cả."
We should end racial profiling,racial profiling is effective in combatting terrorism,certain groups are more prone to crimes than others.,-1,0,Định kiến chủng tộc là một công cụ hiệu quả trong cuộc chiến chống khủng bố.
We should end racial profiling,racial profiling is efficient and lets the cops focus on those most likely to commit a crime,certain groups are more prone to crimes than others.,-1,0,Định kiến chủng tộc giúp cảnh sát làm việc hiệu quả hơn bằng cách tập trung vào những đối tượng có khả năng phạm tội cao nhất.
We should end racial profiling,racial profiling is efficient because it narrows down who they are looking for,certain groups are more prone to crimes than others.,-1,0,Định kiến chủng tộc mang lại hiệu quả vì nó giúp thu hẹp phạm vi đối tượng cần truy tìm.
We should end racial profiling,racial profiling is expensive because governments usually must pay out massive settlements if they are found to have racially profiled.,people should be judged as individuals not by their race,1,0,Định kiến chủng tộc gây tốn kém vì chính phủ thường phải chi những khoản bồi thường khổng lồ nếu bị kiện vì phân biệt đối xử.
We should end racial profiling,racial profiling is extremely important as it a proactive process to protect the general public,certain groups are more prone to crimes than others.,-1,0,Định kiến chủng tộc vô cùng quan trọng vì đó là phương pháp chủ động để bảo vệ cộng đồng.
We should end racial profiling,racial profiling is helpful to society in many ways and ensues that fairness is maintained,certain groups are more prone to crimes than others.,-1,0,Định kiến chủng tộc có ích cho xã hội ở nhiều khía cạnh và đảm bảo sự công bằng được duy trì.
We should end racial profiling,racial profiling is important at airports as there needs to be an increased amount of security to keep terrorists out of the country and off the planes.,certain groups are more prone to crimes than others.,-1,0,Định kiến chủng tộc rất quan trọng tại các sân bay vì chúng ta cần tăng cường an ninh để ngăn chặn khủng bố thâm nhập quốc gia và lên máy bay.
We should end racial profiling,racial profiling is indiscriminatory and it should end,people should be judged as individuals not by their race,1,0,Định kiến chủng tộc là hành vi thiếu phân biệt và cần phải chấm dứt ngay lập tức.
We should end racial profiling,racial profiling is more likely to target innocent people who have the same race as a single guilty person.,people should be judged as individuals not by their race,1,0,Việc phân biệt chủng tộc dễ gây ảnh hưởng oan uổng cho những người vô tội chỉ vì họ có cùng sắc tộc với một kẻ phạm tội duy nhất.
We should end racial profiling,racial profiling is necessary to keep our country safe from foreigners who bring harm to innocent citizens.,certain groups are more prone to crimes than others.,-1,0,Phân biệt chủng tộc là cần thiết để bảo vệ đất nước khỏi những người nước ngoài gây nguy hại cho công dân vô tội.
We should end racial profiling,racial profiling is necessary to solve crimes without wasting resources,certain groups are more prone to crimes than others.,-1,0,Phân biệt chủng tộc là cách cần thiết để giải quyết tội phạm mà không làm lãng phí nguồn lực.
We should end racial profiling,"racial profiling is needed in situations where people of ethnic backgrounds are known to be more likely to participate, such as terrorism.",certain groups are more prone to crimes than others.,-1,1,"Phân biệt chủng tộc là cần thiết trong những tình huống mà các nhóm sắc tộc cụ thể được cho là có khả năng tham gia cao hơn, chẳng hạn như khủng bố."
We should end racial profiling,racial profiling is often used in places where it makes sense.  there's no need to stop it because it does actually work.,certain groups are more prone to crimes than others.,-1,0,Việc phân biệt chủng tộc thường được áp dụng ở những nơi phù hợp. Không cần phải chấm dứt nó vì thực tế nó có mang lại hiệu quả.
We should end racial profiling,racial profiling is one form of profiling and when combined with others is effective,certain groups are more prone to crimes than others.,-1,0,"Phân biệt chủng tộc chỉ là một dạng hồ sơ tội phạm, và khi kết hợp với các phương pháp khác thì nó khá hiệu quả."
We should end racial profiling,racial profiling is unconstitutional. it goes against basic core principles of justice and equal protection under the law.,people should be judged as individuals not by their race,1,0,Phân biệt chủng tộc là vi hiến. Nó đi ngược lại những nguyên tắc cốt lõi về công lý và quyền bình đẳng trước pháp luật.
We should end racial profiling,racial profiling is useful to monitor what is happening in society and so we should keep it.,certain groups are more prone to crimes than others.,-1,0,"Phân biệt chủng tộc hữu ích trong việc giám sát các diễn biến xã hội, vì vậy chúng ta nên duy trì nó."
We should end racial profiling,"racial profiling is wrong, everyone should be treated the same, no matter of their race",people should be judged as individuals not by their race,1,1,"Phân biệt chủng tộc là sai trái, mọi người đều cần được đối xử như nhau bất kể sắc tộc của họ."
We should end racial profiling,"racial profiling makes certain communities unlikely to contact the police, making it more likely that criminals get away and citizens are hurt.",people should be judged as individuals not by their race,1,0,"Phân biệt chủng tộc khiến một số cộng đồng ngại liên hệ với cảnh sát, dẫn đến việc tội phạm dễ lọt lưới và người dân bị tổn thương hơn."
We should end racial profiling,racial profiling makes police work easier.,certain groups are more prone to crimes than others.,-1,0,Việc phân biệt chủng tộc giúp cảnh sát làm việc dễ dàng hơn.
We should end racial profiling,racial profiling makes the people being profiled feel unsafe and afraid.,people should be judged as individuals not by their race,1,0,Việc phân biệt chủng tộc khiến những người bị nhắm đến cảm thấy bất an và lo sợ.
We should end racial profiling,racial profiling only contributes to strained relationships between minority communities and law enforcement.,people should be judged as individuals not by their race,1,0,Phân biệt chủng tộc chỉ làm trầm trọng thêm mối quan hệ căng thẳng giữa các cộng đồng thiểu số và cơ quan thực thi pháp luật.
We should end racial profiling,racial profiling shouldn't be banned because it offers the potential of stopping a crime,certain groups are more prone to crimes than others.,-1,0,Không nên cấm phân biệt chủng tộc vì nó có khả năng ngăn chặn tội phạm.
We should end racial profiling,racial profiling violates a person's rights,people should be judged as individuals not by their race,1,0,Việc phân biệt chủng tộc là xâm phạm đến quyền con người.
We should end racial profiling,"raciel profiling only perpetuates generations worth of institutional discrimination, and must end.",people should be judged as individuals not by their race,1,0,"Phân biệt chủng tộc chỉ tiếp nối sự phân biệt đối xử có hệ thống từ bao đời nay, và điều đó cần phải chấm dứt."
We should ban algorithmic trading,"rather than outright banning algorithmic trading, we should make it more available to everyone as a way of leveling the playing field.",algorithmic trading merely enables better decisions in investments utilising technology and intelligence,-1,0,"Thay vì cấm hoàn toàn giao dịch thuật toán, chúng ta nên phổ biến nó cho mọi người để tạo ra sự công bằng hơn."
Foster care brings more harm than good,recent studies have shown that young adults exiting in the foster care system are prime targets for predators controlling sex-trafficking bands,foster care is open to abuse by predators,1,1,Các nghiên cứu gần đây cho thấy thanh thiếu niên rời khỏi hệ thống chăm sóc nuôi dưỡng là đối tượng chính mà những kẻ buôn người nhắm đến.
We should ban algorithmic trading,"relying on computers to do all this trading for us could lead to technical issues, hacking, or other problems that could lead to a total market crash.",algorithmic trading can cause unnatural market movements.,1,0,"Dựa dẫm hoàn toàn vào máy tính để giao dịch có thể dẫn đến các vấn đề kỹ thuật, bị tấn công mạng hoặc những rủi ro khác gây sụp đổ thị trường."
We should abolish the three-strikes laws,repeat offenders are proven bad for the public.,repeat offenders should be punished accordingly,-1,1,Việc những kẻ phạm tội tái phạm nhiều lần rõ ràng là mối đe dọa lớn đối với cộng đồng.
We should abolish the three-strikes laws,repeat offenders are statistically likely to be stuck in a pattern of that behavior and so greater jail time is justified with repeat offenses for the betterment of society,repeat offenders should be punished accordingly,-1,1,"Thống kê cho thấy những kẻ tái phạm thường bị mắc kẹt trong vòng lặp hành vi, nên việc tăng án tù đối với tội phạm tái phạm là hoàn toàn hợp lý vì lợi ích chung của xã hội."
We should end racial profiling,repeat offenders came from the same race over and over,certain groups are more prone to crimes than others.,-1,1,Những kẻ tái phạm thường xuyên đến từ cùng một sắc tộc.
We should abolish the three-strikes laws,repeat offenders need to be punished severely.,repeat offenders should be punished accordingly,-1,1,Những kẻ tái phạm cần phải bị trừng trị nghiêm khắc.
We should end racial profiling,research has shown over and over again that racial profiling doesn't work.,people should be judged as individuals not by their race,1,0,Nghiên cứu đã chứng minh đi chứng minh lại rằng việc phân biệt đối xử dựa trên chủng tộc là hoàn toàn không hiệu quả.
We should end the use of economic sanctions,sanctions are good and they can put pressure on a country to make changes,economic sanctions are an effective alternative to military action,-1,0,"Các lệnh trừng phạt là công cụ hữu hiệu, có thể gây sức ép buộc một quốc gia phải thay đổi."
We should end the use of economic sanctions,sanctions are still valuable and may be the only option,economic sanctions are an effective alternative to military action,-1,0,Các lệnh trừng phạt vẫn rất giá trị và đôi khi là lựa chọn duy nhất.
We should adopt a zero-tolerance policy in schools,schools already following their own rules and is working just fine and zero-tolerance is not needed at all.,a zero tolerance policy is unfair for minimal infractions.,-1,0,"Các trường học vốn đã thực thi tốt quy định của riêng mình rồi, nên chẳng cần thiết phải áp dụng chính sách không khoan nhượng làm gì."
We should end racial profiling,"simply put, racial profiling works, because certain crimes are committed by certain races.",certain groups are more prone to crimes than others.,-1,1,"Nói thẳng ra là việc phân biệt đối xử dựa trên chủng tộc hiệu quả, bởi vì những loại tội phạm nhất định thường do những nhóm sắc tộc nhất định thực hiện."
Foster care brings more harm than good,some children are in abusive homes and need to be removed from that situation and foster homes are a good alternative,foster care can provide a child with a family dynamic,-1,0,"Một số trẻ em đang sống trong môi trường bị bạo hành và cần phải được tách khỏi tình trạng đó, và các gia đình nhận nuôi tạm thời là một giải pháp thay thế tốt."
Foster care brings more harm than good,some children need to be taken away from abusive parents and put in a safer home.,foster care can provide a child with a family dynamic,-1,0,Một số trẻ em cần được đưa ra khỏi môi trường của những bậc phụ huynh bạo hành để đến một nơi ở an toàn hơn.
We should end the use of economic sanctions,some countries have evil intents.by placing sanctions on them we are trying to stop those countries from growing their worth and succeeding.,economic sanctions are an effective alternative to military action,-1,0,"Một số quốc gia có ý đồ xấu, việc áp đặt lệnh trừng phạt chính là cách chúng ta ngăn chặn họ gia tăng tiềm lực và đạt được mục đích."
Entrapment should be legalized,"some criminals are hard to catch, entrapment help police catch those criminals.",entrapment  is a useful tool to law enforcement,1,1,"Có những tội phạm rất khó bị tóm, và cài bẫy chính là công cụ hiệu quả để cảnh sát bắt được họ."
Foster care brings more harm than good,some foster carers are doing it just for the money and don't really care about the children.,foster care is open to abuse by predators,1,0,Một số người nhận chăm sóc trẻ chỉ vì tiền chứ thực tâm không hề quan tâm đến những đứa trẻ đó.
Foster care brings more harm than good,some foster parents can be abusive to the children,foster care is open to abuse by predators,1,1,"Không ít cha mẹ nuôi có thể gây ra những tổn thương, ngược đãi đối với trẻ nhỏ."
We should end racial profiling,some groups of people are more prone to crime than others and this helps police get more criminals off the streets.,certain groups are more prone to crimes than others.,-1,1,"Một số nhóm đối tượng dễ phạm tội hơn nhóm khác, việc nhắm vào đó giúp cảnh sát dọn sạch tội phạm ra khỏi đường phố hiệu quả hơn."
We should abolish the three-strikes laws,some offenses are so minor that a three strikes law would cause a punishment much too harsh for the crime.,the three strike law has not proved effective in reducing criminality,1,0,"Có những vi phạm rất nhỏ, nếu áp dụng luật 'ba lần phạm lỗi' (three strikes law) thì hình phạt sẽ trở nên quá khắc nghiệt so với lỗi sai."
We should ban cosmetic surgery,some people are badly disfigured and need cosmetic surgery to live a normal life,"cosmetic surgery is safe, and can help people.",-1,0,Nhiều người bị biến dạng cơ thể nghiêm trọng và họ cần phẫu thuật thẩm mỹ để có thể sống một cuộc đời bình thường.
Foster care brings more harm than good,"some people have a bad experience in foster care, for example when foster carers let them down or provide inadequate care. this can have a lasting, negative impact on them.",foster care is open to abuse by predators,1,0,"Có những người từng trải qua ký ức tồi tệ khi ở nhà tạm quyền, chẳng hạn như bị người chăm sóc bỏ mặc hoặc chăm sóc không chu đáo; điều này để lại những tác động tiêu cực dai dẳng suốt cuộc đời họ."
We should end racial profiling,some races are more likely to commit offences than others,certain groups are more prone to crimes than others.,-1,1,Có những chủng tộc có xu hướng phạm tội cao hơn các chủng tộc khác.
We should end racial profiling,"some races, statistically, tend to commit more crimes than others; racial profiling only serves to put an emphasis on those races.",certain groups are more prone to crimes than others.,-1,1,"Về mặt thống kê, một số chủng tộc có xu hướng phạm tội nhiều hơn; việc áp đặt định kiến sắc tộc chỉ càng khoét sâu thêm sự kỳ thị nhắm vào những nhóm người đó."
We should adopt a zero-tolerance policy in schools,sometimes children fight back in self defense and they should not be punished for protecting themselves in the best way that they know how to in the moment.,a zero tolerance policy is unfair for minimal infractions.,-1,0,Đôi khi trẻ em phản kháng để tự vệ và chúng không đáng bị trừng phạt khi chỉ đang cố bảo vệ bản thân theo cách tốt nhất mà chúng có thể nghĩ ra trong tình huống đó.
We should end the use of economic sanctions,sometimes economic sanctions are the only option,economic sanctions are an effective alternative to military action,-1,0,Có những lúc các biện pháp trừng phạt kinh tế là lựa chọn duy nhất.
Entrapment should be legalized,sometimes for human safety these animals need to be caught.,entrapment  is a useful tool to law enforcement,1,0,"Đôi khi vì sự an toàn của con người, chúng ta bắt buộc phải bắt giữ những loài động vật này."
We should ban algorithmic trading,sometimes in a company the supply exceeds the demand so this process would work well.,algorithmic trading merely enables better decisions in investments utilising technology and intelligence,-1,0,"Đôi khi trong một công ty, lượng cung vượt quá lượng cầu, nên quy trình này sẽ phát huy hiệu quả."
We should abolish the three-strikes laws,sometimes people make mistakes in their life. to put an arbitrary number such as three strikes is not fair.,the three strike law has not proved effective in reducing criminality,1,0,Ai cũng có lúc phạm sai lầm trong đời. Việc đặt ra một con số tùy tiện như 'ba lần vi phạm' là không công bằng.
We should end the use of economic sanctions,sometimes sanctions are the only option when all else has failed.,economic sanctions are an effective alternative to military action,-1,0,Đôi khi trừng phạt kinh tế là lựa chọn duy nhất khi mọi biện pháp khác đều thất bại.
Entrapment should be legalized,sometimes the only way to capture a criminal is to use entrapment as career criminals have learned ways to avoid legal prosecution.,entrapment  is a useful tool to law enforcement,1,1,"Đôi khi cách duy nhất để tóm gọn tội phạm là sử dụng nghiệp vụ gài bẫy, vì bọn tội phạm chuyên nghiệp đã quá rành rẽ cách để lách luật."
Entrapment should be legalized,sometimes the only way to catch a criminal is by entrapment.  in these cases entrapment should be legal.,entrapment  is a useful tool to law enforcement,1,0,"Đôi khi gài bẫy là cách duy nhất để bắt tội phạm. Trong những trường hợp đó, việc gài bẫy nên được coi là hợp pháp."
We should adopt a zero-tolerance policy in schools,sometimes the wrong person is accused and that would not be fair,a zero tolerance policy is unfair for minimal infractions.,-1,0,"Đôi khi người vô tội lại bị buộc tội, và điều đó thật chẳng công bằng chút nào."
We should adopt a zero-tolerance policy in schools,sometimes zero tolerance causes the victims to be punished,a zero tolerance policy is unfair for minimal infractions.,-1,0,Đôi khi chính sách không khoan nhượng lại khiến cho nạn nhân trở thành người bị trừng phạt.
We should subsidize student loans,"studen loans cannot be subsidised as not only is it unaffordable in the current climate, it would encourage universities offer degree courses purely for financial gain.",student loans can be expensive and put young people in debt,-1,0,Không nên trợ giá các khoản vay sinh viên vì điều này không chỉ vượt quá khả năng tài chính hiện tại mà còn khiến các trường đại học mở ngành học chỉ để kiếm lời.
We should subsidize student loans,"student loan debt is the same as other debt, which we don't subsidize.  those who borrowed the money should pay back the money.",student loans can be expensive and put young people in debt,-1,0,"Khoản vay sinh viên cũng giống như mọi loại nợ khác, chúng ta không có lý do gì để trợ giá cả. Ai vay thì người đó phải tự có trách nhiệm trả nợ."
We should subsidize student loans,"student loans are a good deal for students, student loans allow for some students go to school that may have not been able to go to school before",student loans is a help for those who do not have resources,1,1,"Các khoản vay sinh viên là một giải pháp hợp lý, giúp nhiều người có cơ hội bước chân vào đại học mà trước đây họ khó lòng thực hiện được."
We should subsidize student loans,student loans are the responsibility of the individual and should not be subsidized,student loans can be expensive and put young people in debt,-1,0,"Khoản vay sinh viên là trách nhiệm của cá nhân, vì vậy nhà nước không nên can thiệp trợ giá."
We should subsidize student loans,student loans give students of lower income a chance at enrolling in a university,student loans is a help for those who do not have resources,1,1,Khoản vay sinh viên tạo điều kiện cho những bạn có hoàn cảnh khó khăn được theo học đại học.
We should subsidize student loans,student loans let young people get an education and subsidizing them lets them study and not think of the money they will owe,student loans is a help for those who do not have resources,1,0,"Khoản vay sinh viên giúp người trẻ có cơ hội học tập, việc trợ giá sẽ giúp họ an tâm trau dồi kiến thức thay vì quá áp lực về gánh nặng nợ nần sau này."
We should subsidize student loans,student loans saddle graduates with debt that is almost insurmountable nowadays. if they are not subsidized they will just be a constant drain on the student.,student loans is a help for those who do not have resources,1,0,"Hiện nay, các khoản nợ sinh viên đang đè nặng lên vai cử nhân đến mức gần như không thể trả nổi. Nếu không được trợ giá, khoản nợ này sẽ trở thành gánh nặng kinh tế kéo dài, vắt kiệt sức lực của họ."
We should subsidize student loans,student loans should be subsidized as this allows those from marginalized or poorer sections of society to access good education,student loans is a help for those who do not have resources,1,1,Nên trợ giá các khoản vay sinh viên vì điều này giúp những người yếu thế hoặc có hoàn cảnh khó khăn tiếp cận được nền giáo dục chất lượng.
We should subsidize student loans,student loans should be subsidized to allow thos students from poorer backgrounds to get a good education and improve themselves,student loans is a help for those who do not have resources,1,1,Việc trợ giá các khoản vay sinh viên là cần thiết để tạo điều kiện cho các sinh viên nghèo có cơ hội học tập tốt và hoàn thiện bản thân.
We should subsidize student loans,student loans should be subsidized to create a competent work force,student loans is a help for those who do not have resources,1,0,Nên trợ giá các khoản vay sinh viên để xây dựng một nguồn nhân lực có trình độ và năng lực cho xã hội.
We should subsidize student loans,student loans should be subsidized to encourage students to go to college. otherwise bright kids may be put off and then not contributing to society with their full potential.,student loans is a help for those who do not have resources,1,0,"Cần trợ giá các khoản vay sinh viên để khuyến khích các bạn trẻ đi học đại học; nếu không, nhiều tài năng sẽ nản chí và không thể cống hiến hết tiềm năng của mình cho xã hội."
We should subsidize student loans,student loans should not be subsidized as it would allow the lower classes more access to university education and thus dilute the quality of those receiving a degree.,student loans can be expensive and put young people in debt,-1,0,"Không nên trợ giá các khoản vay sinh viên vì điều này sẽ tạo điều kiện cho tầng lớp dưới tiếp cận đại học dễ dàng hơn, từ đó làm loãng chất lượng bằng cấp."
We should subsidize student loans,student loans should not be subsidized as the recipients should be getting a chance of a better education which will lead to a better paid job.,student loans can be expensive and put young people in debt,-1,0,"Không nên trợ giá các khoản vay vì người học nên tận dụng cơ hội để nhận được giáo dục tốt hơn, từ đó hướng tới những công việc có thu nhập cao hơn trong tương lai."
We should subsidize student loans,student loans shouldn't be subsidized because you're limited in the amount that you can borrow,student loans can be expensive and put young people in debt,-1,0,"Không nên trợ giá các khoản vay sinh viên vì hạn mức vay vốn vẫn bị giới hạn, việc trợ giá không giải quyết được vấn đề cốt lõi."
We should adopt a zero-tolerance policy in schools,"students are not yet adults, and circumstances are unique for each child.",a zero tolerance policy is unfair for minimal infractions.,-1,0,"Sinh viên vẫn chưa hẳn là người lớn, và hoàn cảnh mỗi cá nhân đều rất khác biệt."
We should adopt a zero-tolerance policy in schools,students are still children who need room to learn and grow from mistakes.,a zero tolerance policy is unfair for minimal infractions.,-1,0,"Sinh viên vẫn là những đứa trẻ, cần có không gian để học hỏi và trưởng thành từ những sai lầm."
We should subsidize student loans,students are the future and we ought to subsidize them to ensure we have a well educated workforce to power our economy,student loans is a help for those who do not have resources,1,0,"Sinh viên chính là tương lai, chúng ta cần trợ giá cho họ để đảm bảo có một lực lượng lao động tri thức chất lượng cao thúc đẩy nền kinh tế."
We should subsidize student loans,students should not receive subsidize loans as extending your education is a choice and they have a greater ability once finished to find higher paid employment.,student loans can be expensive and put young people in debt,-1,0,"Sinh viên không nên nhận các khoản vay trợ giá vì học cao hơn là một lựa chọn cá nhân, và sau khi tốt nghiệp họ hoàn toàn có khả năng tìm được những công việc với mức lương cao hơn."
We should subsidize student loans,students shouldnt be subsidized if someone wants an education they should pay for it themselves,student loans can be expensive and put young people in debt,-1,0,"Không nên trợ giá cho sinh viên; nếu ai đó muốn được giáo dục, họ nên tự chi trả cho việc học của chính mình."
We should adopt a zero-tolerance policy in schools,students who are suspended will loose out on classes and might fail exams or even drop out of school as a result.,a zero tolerance policy is unfair for minimal infractions.,-1,0,"Những sinh viên bị đình chỉ học tập sẽ bỏ lỡ các buổi lên lớp, dẫn đến nguy cơ trượt bài thi hoặc thậm chí phải bỏ học."
Foster care brings more harm than good,"studies suggest that foster care placement, rather than remaining with family members  increases the likelihood of child behavior problems",foster care is open to abuse by predators,1,0,"Các nghiên cứu chỉ ra rằng việc đưa trẻ vào các cơ sở chăm sóc thay thế, thay vì để trẻ ở lại với gia đình, lại làm gia tăng nguy cơ gặp các vấn đề về hành vi ở trẻ."
We should subsidize student loans,subsidised student loans would encourage everyone to go to university if they thought they wouldn't have any debt at the end of the studies.,student loans is a help for those who do not have resources,1,0,Việc trợ giá các khoản vay sinh viên sẽ khuyến khích tất cả mọi người đi học đại học nếu họ nghĩ rằng mình sẽ không phải gánh nợ sau khi ra trường.
We should subsidize student loans,subsidising student loans means that more people can get an education which benefits society on the whole.,student loans is a help for those who do not have resources,1,0,"Trợ giá các khoản vay sinh viên đồng nghĩa với việc nhiều người có cơ hội được giáo dục hơn, điều này mang lại lợi ích chung cho toàn xã hội."
We should subsidize student loans,subsidized loans help students get an education and without them they might not be able to go to school,student loans is a help for those who do not have resources,1,1,"Các khoản vay trợ giá giúp sinh viên tiếp cận giáo dục, nếu không có chúng, có thể họ đã chẳng có cơ hội đến trường."
We should subsidize student loans,subsidized student loans allow for those from pooer backgrounds to achieve a good standard of education and progress in their lives,student loans is a help for those who do not have resources,1,1,Các khoản vay sinh viên được trợ giá tạo điều kiện cho những bạn có hoàn cảnh khó khăn đạt được nền tảng học vấn tốt và vươn lên trong cuộc sống.
We should subsidize student loans,subsidized student loans provide a lower interest rate and result in less debt for college graduates,student loans is a help for those who do not have resources,1,0,"Các khoản vay sinh viên được trợ giá mang lại mức lãi suất thấp hơn, giúp giảm bớt gánh nặng nợ nần cho những người vừa tốt nghiệp đại học."
We should subsidize student loans,subsidizing student loans is a huge expense on tax payers.,student loans can be expensive and put young people in debt,-1,0,Việc trợ giá cho các khoản vay sinh viên là một gánh nặng tài chính khổng lồ đè lên vai người đóng thuế.
We should subsidize student loans,subsidizing student loans is like going back and fixing mistakes after they happen and it shouldn't be done.,student loans can be expensive and put young people in debt,-1,0,"Trợ giá cho các khoản vay sinh viên chẳng khác nào việc cố gắng sửa sai sau khi chuyện đã rồi, và điều đó là không nên."
We should subsidize student loans,"subsidizing student loans will enable the best and brightest high school students to go to college, become successful, and contribute to society.",student loans is a help for those who do not have resources,1,0,"Trợ giá các khoản vay sinh viên sẽ tạo điều kiện cho những học sinh xuất sắc nhất có thể vào đại học, thành công và cống hiến cho xã hội."
We should subsidize student loans,"subsidizing student loans will help  those who cannot afford higher education, those who deserve to study but are too poor to afford it",student loans is a help for those who do not have resources,1,1,"Việc trợ giá các khoản vay sinh viên sẽ giúp ích cho những người không đủ điều kiện chi trả cho giáo dục đại học, những người có năng lực nhưng lại thiếu hụt về tài chính."
We should subsidize student loans,subsidizing student loans will help the economy as a whole and we should try it.,student loans is a help for those who do not have resources,1,0,"Việc trợ giá các khoản vay sinh viên sẽ thúc đẩy nền kinh tế nói chung, vì vậy chúng ta nên cân nhắc thực hiện."
We should subsidize student loans,subsidizing student loans will just add to our massive debt which is the last thing america needs at the moment.,student loans can be expensive and put young people in debt,-1,0,Trợ giá các khoản vay sinh viên chỉ làm trầm trọng thêm khoản nợ khổng lồ vốn đã là điều cuối cùng mà nước Mỹ cần vào lúc này.
We should subsidize student loans,subsidizing student loans will put many students in debt that they will have trouble paying off.,student loans can be expensive and put young people in debt,-1,1,Việc trợ giá các khoản vay sẽ khiến nhiều sinh viên rơi vào cảnh nợ nần mà sau này họ khó lòng chi trả nổi.
We should subsidize student loans,"subsidizing student loans would allow access to funds above the means of the student and the financial consequences in the future, including higher interest rates would be financially detrimental.",student loans can be expensive and put young people in debt,-1,1,"Trợ giá cho vay sinh viên sẽ tạo điều kiện tiếp cận nguồn vốn vượt quá khả năng tài chính thực tế, dẫn đến những hệ lụy trong tương lai như lãi suất tăng cao, gây tổn hại về kinh tế."
We should subsidize student loans,"subsidizing student loans would allow those who previously could not afford to go to university, the opportunity to better themselves with good qualifications.",student loans is a help for those who do not have resources,1,1,Việc trợ giá khoản vay sẽ tạo cơ hội cho những người trước đây không có điều kiện đi học đại học được trau dồi bản thân bằng những tấm bằng giá trị.
We should subsidize student loans,subsidizing student loans would allow too many of the lower classes in to higher education and thus dilute the quality of education.,student loans can be expensive and put young people in debt,-1,0,"Việc trợ giá các khoản vay sẽ khiến quá nhiều người thuộc tầng lớp bình dân đổ xô vào giáo dục đại học, từ đó làm loãng đi chất lượng đào tạo."
We should subsidize student loans,"subsidizing student loans would be costly to the banks and the government that funds them,",student loans can be expensive and put young people in debt,-1,0,Việc trợ giá các khoản vay sinh viên sẽ gây tốn kém cho cả hệ thống ngân hàng lẫn ngân sách chính phủ chi trả cho các khoản này.
We should subsidize student loans,subsidizing student loans would particularly help the poorest in society and so would help reduce social inequality.,student loans is a help for those who do not have resources,1,1,"Việc trợ giá các khoản vay sinh viên sẽ hỗ trợ trực tiếp cho những đối tượng nghèo khó nhất trong xã hội, qua đó góp phần giảm bớt bất bình đẳng xã hội."
We should adopt a zero-tolerance policy in schools,such severe punishments can have the opposite effect in the classroom,a zero tolerance policy is unfair for minimal infractions.,-1,0,Những hình phạt quá khắt khe như vậy có khi lại phản tác dụng trong môi trường học đường.
Foster care brings more harm than good,taking children away from their own parents destroys families which is why foster care brings more harm than good.,foster care is open to abuse by predators,1,0,"Việc tách trẻ em ra khỏi cha mẹ ruột sẽ phá vỡ cấu trúc gia đình, đó là lý do tại sao hệ thống nhận nuôi dưỡng thường gây hại nhiều hơn là có lợi."
We should subsidize student loans,"tax payers, many of which have not been to school themselves, should not have to pay for any elses student loans.",student loans can be expensive and put young people in debt,-1,0,"Người đóng thuế, trong đó có rất nhiều người thậm chí còn chẳng được đi học, không có nghĩa vụ phải gánh nợ sinh viên cho bất kỳ ai khác."
We should adopt a zero-tolerance policy in schools,teaching children to think for themselves and learn based on their own actions is important to their growth.  stunting them with zero-tolerance does no one any favors.,a zero tolerance policy is unfair for minimal infractions.,-1,0,Dạy trẻ tư duy độc lập và rút kinh nghiệm từ chính hành động của mình mới là cách giúp trẻ phát triển tốt nhất. Việc kìm hãm chúng bằng chính sách 'không khoan nhượng' chẳng mang lại lợi ích cho ai cả.
We should abolish the three-strikes laws,the 3 strikes law doesn't allow judicial discretion in sentencing,the three strike law has not proved effective in reducing criminality,1,0,Luật 'ba lần phạm tội' triệt tiêu hoàn toàn quyền quyết định và sự linh hoạt của thẩm phán khi tuyên án.
The use of public defenders should be mandatory,the average citizen does not have the funds to hire their own attorney,public defenders should be mandatory to ensure everyone has a fair shot,1,0,Người dân bình thường làm gì có đủ kinh tế để tự thuê luật sư riêng cho mình.
We should end the use of economic sanctions,the economic sanctions allow to suffocate the tyrants and dictators of the world,economic sanctions are an effective alternative to military action,-1,0,Các lệnh trừng phạt kinh tế chính là đòn bẩy hiệu quả để bóp nghẹt những tên bạo chúa và độc tài trên thế giới.
We should abolish the three-strikes laws,the fact is that three-strike laws are an effective deterrent and thus an important tool to keep our citizens safe from crime.,repeat offenders should be punished accordingly,-1,0,"Thực tế cho thấy luật 'ba lần phạm tội' là một biện pháp răn đe hiệu quả, đồng thời là công cụ quan trọng để bảo vệ người dân trước tội phạm."
We should abolish the three-strikes laws,the fact they are still used shows they are not effective as people still commit that third crime,the three strike law has not proved effective in reducing criminality,1,1,Việc luật này vẫn đang được áp dụng mà người ta vẫn cứ phạm tội lần thứ ba là bằng chứng rõ nhất cho thấy nó chẳng hề hiệu quả.
Foster care brings more harm than good,the foster care system treats children like objects by transporting them from home to home and preventing them from acquiring personal belongings.,foster care is open to abuse by predators,1,0,"Hệ thống chăm sóc nuôi dưỡng đang đối xử với trẻ em như những món đồ, liên tục chuyển chúng từ nhà này sang nhà khác và khiến trẻ chẳng thể giữ nổi một món đồ cá nhân nào cho riêng mình."
We should subsidize student loans,the government and our taxes  helps pay for k-12 public education but cant be expected to pay for schooling indefinitely,student loans can be expensive and put young people in debt,-1,0,"Chính phủ dùng tiền thuế của chúng ta để hỗ trợ giáo dục phổ thông là đúng, nhưng không thể bắt nhà nước phải nuôi học phí mãi vô thời hạn như vậy được."
The use of public defenders should be mandatory,the government should not spend money on people who can afford their own legal representation.,public defendors cost taxpayers more money and therefore should not be mandatory.,-1,1,Chính phủ không nên lãng phí tiền bạc vào những người vốn dĩ đã có đủ khả năng chi trả cho dịch vụ pháp lý của riêng họ.
We should subsidize student loans,the government subsidizing student loans allows for the country to educate people which will positively affect the economy,student loans is a help for those who do not have resources,1,0,"Việc chính phủ trợ giá các khoản vay sinh viên giúp nâng cao trình độ dân trí, từ đó tạo ra tác động tích cực đến nền kinh tế."
Foster care brings more harm than good,the lack of stability and continuity that comes with transferring a child from one foster home to another undermines proper social development.,foster care is open to abuse by predators,1,0,"Việc liên tục phải chuyển đổi giữa các gia đình nhận nuôi khiến trẻ không có sự ổn định cần thiết, làm suy yếu quá trình phát triển xã hội lành mạnh của các em."
The use of public defenders should be mandatory,the law must be followed and using public defenders should be obligatory in any case.,public defenders should be mandatory to ensure everyone has a fair shot,1,0,"Pháp luật là thượng tôn, vì vậy việc sử dụng luật sư công nên là yêu cầu bắt buộc trong mọi vụ án."
We should subsidize student loans,the loans cost us as a country to much,student loans can be expensive and put young people in debt,-1,0,Các khoản vay sinh viên đang trở thành gánh nặng quá lớn đối với ngân sách quốc gia.
The use of public defenders should be mandatory,the mandatory use of public defenders will bring a more consistent judicial system,public defenders should be mandatory to ensure everyone has a fair shot,1,0,Việc áp dụng bắt buộc luật sư công sẽ giúp hệ thống tư pháp trở nên nhất quán và đồng bộ hơn.
We should subsidize student loans,the national debt is out of control and subsidizing student loans will only add to it.,student loans can be expensive and put young people in debt,-1,0,"Nợ công đang vượt tầm kiểm soát, và việc tiếp tục trợ giá các khoản vay sinh viên chỉ khiến tình hình thêm tồi tệ."
We should subsidize student loans,the national debt is out of control and we cannot afford to add to it further.,student loans can be expensive and put young people in debt,-1,0,Nợ công đã ở mức báo động và chúng ta không thể gánh thêm bất kỳ khoản chi phí nào nữa.
Entrapment should be legalized,the police need to use the tools needed to solve cases and prevent crimes,entrapment  is a useful tool to law enforcement,1,1,Cảnh sát cần được trang bị đầy đủ công cụ cần thiết để phá án và ngăn chặn tội phạm.
We should abolish the three-strikes laws,the public needs protecting against violent criminals.,repeat offenders should be punished accordingly,-1,0,Cộng đồng cần được bảo vệ trước những kẻ tội phạm nguy hiểm.
The use of public defenders should be mandatory,the public should not be required to fund the deference of criminals,public defendors cost taxpayers more money and therefore should not be mandatory.,-1,1,Công chúng không nên bị bắt buộc phải đóng thuế để chi trả cho việc bào chữa của tội phạm.
We should ban cosmetic surgery,the state has no right to interfere with any adjustments an individual wishes to make to their own body.,"cosmetic surgery is safe, and can help people.",-1,0,Nhà nước không có quyền can thiệp vào những quyết định thay đổi cơ thể của bất kỳ cá nhân nào.
We should subsidize student loans,the student stage represents a large amount of economic expense for low-income students who otherwise could not afford their studies,student loans is a help for those who do not have resources,1,1,"Giai đoạn sinh viên là một gánh nặng tài chính quá lớn đối với những bạn có hoàn cảnh khó khăn, những người vốn dĩ đã chẳng thể chi trả nổi cho việc học."
We should subsidize student loans,"the students need all our support to achieve their goals, they are the future of our nation",student loans is a help for those who do not have resources,1,0,"Sinh viên cần sự hỗ trợ của tất cả chúng ta để đạt được mục tiêu của họ, vì họ chính là tương lai của đất nước."
Foster care brings more harm than good,"the system is filled with too many rules, regulations, and players",foster care is open to abuse by predators,1,0,"Hệ thống này đang tồn tại quá nhiều quy tắc, luật lệ và những thành phần tham gia gây nhiễu loạn."
We should abolish the three-strikes laws,the the three-strikes laws is unfair and inhuman.,the three strike law has not proved effective in reducing criminality,1,0,Luật 'ba lần phạm tội' là bất công và vô nhân đạo.
We should abolish the three-strikes laws,the three strike law is too strict for some offenders,the three strike law has not proved effective in reducing criminality,1,0,Luật 'ba lần phạm tội' quá khắt khe đối với một số đối tượng phạm pháp.
We should abolish the three-strikes laws,"the three strikes law deters repeat offenders from repeating their crimes because the fourth time, they will be punished more severely,",repeat offenders should be punished accordingly,-1,0,"Luật 'ba lần phạm tội' ngăn chặn những kẻ tái phạm, bởi vì đến lần thứ tư, hình phạt dành cho chúng sẽ nghiêm khắc hơn rất nhiều."
We should abolish the three-strikes laws,the three strikes law does a great deal to inhibit the urge to commit criminal behaviors.,repeat offenders should be punished accordingly,-1,0,Luật 'ba lần phạm tội' góp phần quan trọng trong việc kìm hãm ý định thực hiện các hành vi phạm tội.
We should abolish the three-strikes laws,the three strikes law encourages family and friends to get involved in preventing their children from committing crimes since they now know the punishment will be much higher.,repeat offenders should be punished accordingly,-1,0,"Luật 'ba lần phạm tội' khuyến khích gia đình và bạn bè vào cuộc để ngăn cản con em mình phạm tội, vì họ biết rằng mức hình phạt hiện nay đã cao hơn rất nhiều."
We should abolish the three-strikes laws,the three strikes law is an effective deterrent to all but the most hardened criminals and should be maintained to stop the development of career criminals especially amongst the youth.,repeat offenders should be punished accordingly,-1,0,"Luật 'ba lần phạm tội' là biện pháp răn đe hiệu quả đối với hầu hết mọi đối tượng trừ những kẻ cứng đầu nhất; vì vậy, cần giữ nguyên luật này để ngăn chặn sự phát triển của tội phạm chuyên nghiệp, đặc biệt là trong giới trẻ."
We should abolish the three-strikes laws,the three strikes law is filling our prisons with people who have not commited serious crimes.,the three strike law has not proved effective in reducing criminality,1,0,Luật 'ba lần phạm tội' đang khiến các nhà tù quá tải với những người thậm chí còn chưa phạm tội nghiêm trọng.
We should abolish the three-strikes laws,the three strikes law is unfairly punishing petty criminals with non-violent histories,the three strike law has not proved effective in reducing criminality,1,0,Luật này đang trừng phạt quá bất công những tội phạm vặt không có tiền án bạo lực.
We should abolish the three-strikes laws,"the three strikes law will scare a felon into not committing a second, or third, offense, to avoid a life sentence.",repeat offenders should be punished accordingly,-1,0,"Luật 'ba lần phạm tội' sẽ tạo nỗi sợ hãi để tội phạm không dám tái phạm lần hai hoặc lần ba, nhằm tránh án tù chung thân."
We should abolish the three-strikes laws,the three strikes laws helps keep dangerous criminal elements from doing more harm in society,repeat offenders should be punished accordingly,-1,0,Luật 'ba lần phạm tội' giúp ngăn chặn những phần tử nguy hiểm tiếp tục gây hại cho xã hội.
We should abolish the three-strikes laws,the three strikes laws would deter crime since it involves such a harsh punishment.,repeat offenders should be punished accordingly,-1,0,Luật 'ba lần phạm tội' sẽ răn đe tội phạm hiệu quả nhờ vào mức án quá khắc nghiệt.
We should abolish the three-strikes laws,the three-stikes laws are unfair since a minor crime would be treated the same as a major crime.  prisons are too full as it is now.,the three strike law has not proved effective in reducing criminality,1,0,"Luật 'ba lần phạm tội' rất bất công vì coi tội nhỏ ngang hàng với tội lớn, trong khi các nhà tù vốn đã quá tải rồi."
We should abolish the three-strikes laws,"the three-strike law acts as a very effective deterent to crime, and keeps down the prison population.",repeat offenders should be punished accordingly,-1,0,Luật 'ba lần phạm tội' đóng vai trò răn đe cực kỳ hiệu quả và giúp kiểm soát số lượng tù nhân.
We should abolish the three-strikes laws,the three-strikes law does not work as an effective deterrent of major crimes.,the three strike law has not proved effective in reducing criminality,1,1,Luật 'ba lần phạm tội' thực tế không mang lại hiệu quả răn đe đối với các loại tội phạm nghiêm trọng.
We should abolish the three-strikes laws,"the three-strikes law gives no room for mitigating factors to be considered, making our justice system a rigid one that does not allow for true justice.",the three strike law has not proved effective in reducing criminality,1,0,"Luật 'ba lần phạm tội' không cho phép xem xét các yếu tố giảm nhẹ, biến hệ thống tư pháp trở nên cứng nhắc và xa rời công lý thực sự."
We should abolish the three-strikes laws,"the three-strikes law has failed to do what it was intended to.  there is still just as much crime, just as many repeat offenders.",the three strike law has not proved effective in reducing criminality,1,1,Luật 'ba lần phạm tội' đã thất bại trong việc thực hiện mục tiêu ban đầu; tình trạng tội phạm và tỉ lệ tái phạm vẫn cao như trước.
We should abolish the three-strikes laws,the three-strikes law has limited the amount of smaller crimes like robbery so it has been effective and should remain.,repeat offenders should be punished accordingly,-1,0,"Luật ba lần phạm tội đã hạn chế được các hành vi phạm tội nhỏ như trộm cắp, vậy nên nó thực sự hiệu quả và cần được duy trì."
We should abolish the three-strikes laws,the three-strikes law includes too many lower level offenses which causes an innacurrate portrayal of the danger the individual poses to the community.,the three strike law has not proved effective in reducing criminality,1,0,"Luật ba lần phạm tội đang bao hàm quá nhiều tội danh cấp độ thấp, dẫn đến việc đánh giá sai lệch mức độ nguy hiểm mà cá nhân đó gây ra cho cộng đồng."
We should abolish the three-strikes laws,the three-strikes law is unfair to those individuals who did not commit a heinous crime.,the three strike law has not proved effective in reducing criminality,1,0,Luật ba lần phạm tội thật bất công đối với những cá nhân không hề thực hiện các hành vi phạm tội nghiêm trọng.
We should abolish the three-strikes laws,the three-strikes law should be abolished because each offense committed should be judged on its own severity and punished accordingly.,the three strike law has not proved effective in reducing criminality,1,0,Cần phải bãi bỏ luật ba lần phạm tội vì mỗi hành vi phạm pháp cần được xét xử dựa trên tính chất nghiêm trọng của chính nó và chịu hình phạt tương ứng.
We should abolish the three-strikes laws,the three-strikes law works just the way it should and puts away those that deserve to do time for repeat offenses,repeat offenders should be punished accordingly,-1,1,"Luật ba lần phạm tội đang hoạt động đúng như mong đợi, giúp cách ly những kẻ tái phạm xứng đáng phải ngồi tù."
We should abolish the three-strikes laws,the three-strikes laws are totally a mess. they do not accurately criminalize the offender for the gravity of his offense,the three strike law has not proved effective in reducing criminality,1,0,Luật ba lần phạm tội thực sự là một mớ hỗn độn. Nó không định tội chính xác tương xứng với mức độ nghiêm trọng của hành vi phạm tội.
We should abolish the three-strikes laws,the three-strikes laws are unfair to those people who commit petty crimes.,the three strike law has not proved effective in reducing criminality,1,0,Luật ba lần phạm tội quá bất công đối với những người phạm các tội vặt.
We should abolish the three-strikes laws,the three-strikes laws does not consider minor offenses and therefore the punishment is harsher than the actual crimes committed.,the three strike law has not proved effective in reducing criminality,1,0,"Luật ba lần phạm tội không xem xét đến các lỗi vi phạm nhỏ, dẫn đến việc áp đặt các hình phạt khắt khe hơn nhiều so với hành vi thực tế."
We should abolish the three-strikes laws,the three-strikes laws helps deter people from committing further crimes,repeat offenders should be punished accordingly,-1,0,Luật ba lần phạm tội giúp ngăn chặn mọi người tái phạm.
We should abolish the three-strikes laws,the three-strikes laws helps deter serious crime.,repeat offenders should be punished accordingly,-1,0,Luật ba lần phạm tội góp phần răn đe các loại tội phạm nghiêm trọng.
We should abolish the three-strikes laws,the three-strikes laws helps stop crime,repeat offenders should be punished accordingly,-1,0,Luật 'ba lần phạm tội' giúp ngăn chặn tội phạm hiệu quả.
We should abolish the three-strikes laws,the three-strikes laws is am important part of lessening crimes.,repeat offenders should be punished accordingly,-1,0,Luật 'ba lần phạm tội' là một yếu tố quan trọng trong việc giảm thiểu tình trạng tội phạm.
We should abolish the three-strikes laws,the three-strikes laws keep criminals off the streets and help teach them a lesson.,repeat offenders should be punished accordingly,-1,0,Luật 'ba lần phạm tội' giúp loại bỏ các đối tượng nguy hiểm khỏi xã hội và là bài học đắt giá cho những kẻ phạm tội.
We should abolish the three-strikes laws,"the three-strikes laws put an enormous financial strain on our prisons, due to more people incarcerated for crimes that would normally require probation.",the three strike law has not proved effective in reducing criminality,1,0,"Luật 'ba lần phạm tội' gây áp lực tài chính khổng lồ lên hệ thống nhà tù, do phải giam giữ quá nhiều người với những tội danh lẽ ra chỉ cần hưởng án treo."
We should abolish the three-strikes laws,the three-strikes laws puts career criminals away.,repeat offenders should be punished accordingly,-1,0,Luật 'ba lần phạm tội' giúp tống khứ những kẻ phạm tội chuyên nghiệp vào tù.
We should abolish the three-strikes laws,the three-strikes laws should be abolished because it causes more paperwork and work on the parts of lawyers and counties to keep track of everything,the three strike law has not proved effective in reducing criminality,1,0,Luật 'ba lần phạm tội' cần phải bị bãi bỏ vì nó làm gia tăng gánh nặng thủ tục hành chính và khối lượng công việc cho các luật sư và chính quyền địa phương.
We should end the use of economic sanctions,the use of economic sanctions are a waste of money.,economic sanctions cause hard feelings between nations and can cause war.,1,0,Việc áp dụng các biện pháp trừng phạt kinh tế là một sự lãng phí tiền bạc.
We should end the use of economic sanctions,the use of economic sanctions has proved beneficial to our country.,economic sanctions are an effective alternative to military action,-1,0,Việc áp dụng các biện pháp trừng phạt kinh tế đã chứng minh được lợi ích thiết thực cho đất nước chúng ta.
We should end the use of economic sanctions,the use of economic sanctions helps the national economy by keeping things state side.,economic sanctions are an effective alternative to military action,-1,0,Việc áp dụng các biện pháp trừng phạt kinh tế giúp ích cho nền kinh tế quốc gia bằng cách ưu tiên các nguồn lực trong nước.
The use of public defenders should be mandatory,"the use of public defenders is a serious drain on the coffers of government departments, and proven criminals have no right to such expenditure.",public defendors cost taxpayers more money and therefore should not be mandatory.,-1,1,"Việc sử dụng luật sư công gây hao hụt ngân sách chính phủ, và những kẻ đã có tiền án tiền sự thì không xứng đáng được hưởng khoản chi tiêu này."
The use of public defenders should be mandatory,the use of public defenders should be mandatory because it is free representation for those accused of crimes,public defenders should be mandatory to ensure everyone has a fair shot,1,0,Việc sử dụng luật sư công nên là bắt buộc vì đây là cơ chế đại diện miễn phí cho những người bị buộc tội.
The use of public defenders should be mandatory,the use of public defenders should be mandatory because it is unethical to allow people to buy their way to a better trial outcome.,public defenders should be mandatory to ensure everyone has a fair shot,1,1,Việc sử dụng luật sư công nên là bắt buộc vì thật phi đạo đức khi cho phép người ta dùng tiền để mua một kết quả xét xử có lợi hơn.
The use of public defenders should be mandatory,the use of public defenders should be mandatory because some people don't have money for a lawyer and this would help those that don't,public defenders should be mandatory to ensure everyone has a fair shot,1,0,"Việc sử dụng luật sư công nên là bắt buộc vì nhiều người không có đủ tiền thuê luật sư riêng, và điều này sẽ giúp đỡ họ."
The use of public defenders should be mandatory,the use of public defenders should be mandatory for those that cannot afford an attorney. they ensure the defendant gets a fair trial.,public defenders should be mandatory to ensure everyone has a fair shot,1,1,Việc sử dụng luật sư công nên là bắt buộc đối với những ai không có điều kiện thuê luật sư tư; họ chính là người đảm bảo bị cáo được xét xử công bằng.
The use of public defenders should be mandatory,the use of public defenders should be mandatory so that every person is represented on the same level as the next.,public defenders should be mandatory to ensure everyone has a fair shot,1,1,Việc sử dụng luật sư công nên là bắt buộc để đảm bảo ai cũng được đại diện pháp lý ở cùng một vị thế như nhau.
The use of public defenders should be mandatory,"the use of public defenders should be mandatory so that public defenders are no long stigmatized, which will make them more effective.",public defenders should be mandatory to ensure everyone has a fair shot,1,0,"Việc sử dụng luật sư công nên là bắt buộc để xóa bỏ định kiến về luật sư công, từ đó giúp họ làm việc hiệu quả hơn."
The use of public defenders should be mandatory,the use of public defenders should be mandatory so that the trial system can be streamlined with more consistent defense practices.,public defenders should be mandatory to ensure everyone has a fair shot,1,0,Việc sử dụng luật sư công nên là bắt buộc để quy trình xét xử được tinh giản và các hoạt động bào chữa trở nên nhất quán hơn.
The use of public defenders should be mandatory,the use of public defenders should be mandatory to ensure that everyone has fair representation and money cannot give someone an advantage.,public defenders should be mandatory to ensure everyone has a fair shot,1,1,Việc sử dụng luật sư công nên là bắt buộc để đảm bảo ai cũng có sự đại diện công bằng và tiền bạc không thể mang lại lợi thế cho bất kỳ ai.
The use of public defenders should be mandatory,"the use of public defenders should be mandatory, so that corporations accused of criminal misconduct have the same resources that an individual would.",public defenders should be mandatory to ensure everyone has a fair shot,1,0,"Việc sử dụng luật sư công nên là bắt buộc, để các tập đoàn bị cáo buộc sai phạm hình sự cũng phải có nguồn lực hạn chế như một cá nhân bình thường."
The use of public defenders should be mandatory,the use of public defenders should not be mandatory because every person gets to choose how they want to be represented.,public defendors cost taxpayers more money and therefore should not be mandatory.,-1,0,Việc sử dụng luật sư công không nên là bắt buộc vì mỗi người đều có quyền lựa chọn cách mình muốn được đại diện pháp lý.
The use of public defenders should be mandatory,the use of public defenders should not be mandatory because it would require a large increase in state taxes to cover the massively increased cost of trials.,public defendors cost taxpayers more money and therefore should not be mandatory.,-1,1,Việc bắt buộc sử dụng luật sư công không khả thi vì nó sẽ đòi hỏi tăng mạnh thuế nhà nước để bù đắp chi phí xét xử vốn đã quá cao.
The use of public defenders should be mandatory,the use of public defenders should not be mandatory because some people can afford a lawyer of their choice.  in some cases this is a better choice.,public defendors cost taxpayers more money and therefore should not be mandatory.,-1,0,"Không nên bắt buộc dùng luật sư công vì nhiều người có đủ điều kiện để tự thuê luật sư riêng, và trong một số trường hợp, lựa chọn này mang lại hiệu quả tốt hơn."
The use of public defenders should be mandatory,"the use of public defenders should not be mandatory because the quality of defense will be lower than private defense, which will lead to more wrongful convictions.",public defendors cost taxpayers more money and therefore should not be mandatory.,-1,0,"Việc bắt buộc dùng luật sư công dễ dẫn đến chất lượng bào chữa thấp hơn so với luật sư tư, từ đó gia tăng nguy cơ kết án oan sai."
The use of public defenders should be mandatory,the use of public defenders shouldn't be mandatory because people should be able to pick their lawyers not have one forced on them,public defendors cost taxpayers more money and therefore should not be mandatory.,-1,0,Không nên ép buộc người dân dùng luật sư công; họ nên có quyền tự do lựa chọn luật sư thay vì bị áp đặt.
The use of public defenders should be mandatory,the use of public defenders shouldn't be mandatory because they can carry a lot of cases at once at lead to lesser quality results,public defendors cost taxpayers more money and therefore should not be mandatory.,-1,0,"Luật sư công thường phải xử lý quá nhiều vụ án cùng lúc, điều này khó đảm bảo chất lượng tranh tụng tốt nhất."
The use of public defenders should be mandatory,the use of public defenders would lower the rate of incarceration and alleviate overcrowding in prisons.,public defenders should be mandatory to ensure everyone has a fair shot,1,0,Việc sử dụng luật sư công sẽ giúp giảm tỷ lệ tù tội và giải quyết vấn đề quá tải trong các nhà tù.
We should adopt a zero-tolerance policy in schools,the zero-tolerance policy is a good deterent for kids.,ero-toleraanfce creates a stable learning environment and encourages better behaviour,1,0,Chính sách không khoan nhượng là một công cụ răn đe hiệu quả đối với trẻ em.
We should ban cosmetic surgery,"there are many situations where cosmetic surgery is a valuable solution for desperate people, cleft lips, burns victims, acid attack victims.","cosmetic surgery is safe, and can help people.",-1,0,"Có nhiều trường hợp phẫu thuật thẩm mỹ là giải pháp cứu cánh thiết yếu cho những người gặp khiếm khuyết bẩm sinh như sứt môi, hở hàm ếch hoặc các nạn nhân bị bỏng, bị tạt axit."
We should subsidize student loans,there are more important things that we should subsidize with public funds such as housing and health care.,student loans can be expensive and put young people in debt,-1,0,"Chúng ta còn nhiều ưu tiên quan trọng hơn để dùng ngân sách công hỗ trợ, ví dụ như nhà ở và y tế."
We should subsidize student loans,there are other ways to channel student aid that is not subsidizing loans,student loans can be expensive and put young people in debt,-1,0,Có nhiều cách khác để phân bổ hỗ trợ sinh viên hiệu quả hơn là việc trợ giá cho các khoản vay.
We should adopt a zero-tolerance policy in schools,"there are other, better alternatives to punish student offenders, such as community service.",a zero tolerance policy is unfair for minimal infractions.,-1,0,"Có nhiều phương án thay thế tốt hơn để kỷ luật học sinh vi phạm, chẳng hạn như lao động công ích."
We should ban cosmetic surgery,there are people who are uncomfortable with how they look and they should have a right to get cosmetic surgery,"cosmetic surgery is safe, and can help people.",-1,0,Nhiều người cảm thấy tự ti về ngoại hình và họ xứng đáng có quyền được can thiệp thẩm mỹ.
Entrapment should be legalized,"there are some extreme circumstances that warrant entrapment, to get dangerous individuals out of society.",entrapment  is a useful tool to law enforcement,1,0,"Trong một số tình huống cực đoan, việc gài bẫy là cần thiết để loại bỏ những đối tượng nguy hiểm ra khỏi xã hội."
Foster care brings more harm than good,there are too many children in foster care so regulations for prospective foster families are lax and has caused further harm to children in the system.,foster care is open to abuse by predators,1,0,"Số lượng trẻ em trong hệ thống nhận nuôi quá lớn dẫn đến các quy định cho gia đình nhận nuôi bị nới lỏng, gây ra nhiều tổn thương hơn cho trẻ."
Foster care brings more harm than good,there have been many cases where abuse by foster parents is much more damaging than the child's previous situation.,foster care is open to abuse by predators,1,1,Đã có rất nhiều vụ việc cho thấy sự ngược đãi từ cha mẹ nuôi còn gây tổn hại nghiêm trọng hơn cả hoàn cảnh cũ của đứa trẻ.
Foster care brings more harm than good,there is a risk of having children with serious behavior problems that could harm healthy families.,foster care is open to abuse by predators,1,0,Luôn tồn tại rủi ro trẻ em mắc các vấn đề hành vi nghiêm trọng có thể gây hại cho những gia đình bình thường.
We should ban cosmetic surgery,there is no need for cosmetic surgery and it just further promotes vanity.,cosmetic surgery encourages the focus on appearance and unattainable beauty norms,1,1,"Phẫu thuật thẩm mỹ là không cần thiết và nó chỉ cổ xúy cho tư tưởng phù phiếm, coi trọng vẻ bề ngoài."
We should end the use of economic sanctions,there is no proof that economic sanctions help anyone,economic sanctions cause hard feelings between nations and can cause war.,1,0,Chẳng có bằng chứng nào cho thấy các lệnh trừng phạt kinh tế mang lại lợi ích cho bất kỳ ai cả.
We should subsidize student loans,there should be no subsidy of student loans. the person reaping the benefit should pay their own way as they will earn all of the rewards.,student loans can be expensive and put young people in debt,-1,0,"Không nên trợ cấp các khoản vay sinh viên. Ai hưởng lợi từ việc học thì người đó phải tự chi trả, vì sau này chính họ là người nhận được thành quả."
We should adopt a zero-tolerance policy in schools,"these situations need to be handled on a case by case basis because many times, the culprit is not really a threat.",a zero tolerance policy is unfair for minimal infractions.,-1,0,"Những tình huống này cần được xử lý theo từng trường hợp cụ thể vì thực tế, thủ phạm nhiều khi không thực sự là mối đe dọa."
We should end the use of economic sanctions,they have been useful in the past so we should continue the practice.,economic sanctions are an effective alternative to military action,-1,0,"Trước đây chúng đã tỏ ra hữu ích, vậy nên ta nên tiếp tục duy trì cách làm này."
We should end the use of economic sanctions,they havent proven to be effective so we should end its use.,economic sanctions cause hard feelings between nations and can cause war.,1,0,"Chúng chưa hề chứng minh được tính hiệu quả, vì vậy ta nên chấm dứt việc áp dụng."
We should end the use of economic sanctions,they only hurt the poorest of society and are an outdated punishment.,economic sanctions cause hard feelings between nations and can cause war.,1,0,Chúng chỉ gây tổn thương cho những thành phần nghèo khó nhất trong xã hội và là một hình phạt lỗi thời.
We should subsidize student loans,they should not be subsidized because it can become a way to defraud the state,student loans can be expensive and put young people in debt,-1,0,Không nên trợ cấp cho chúng vì điều này có thể tạo kẽ hở để trục lợi từ ngân sách nhà nước.
We should end the use of economic sanctions,they tend to fail to achieve the goals and purposes of why they are imposed.,economic sanctions cause hard feelings between nations and can cause war.,1,0,Chúng thường thất bại trong việc đạt được mục tiêu và mục đích mà ban đầu chúng được đặt ra.
We should ban algorithmic trading,this form of trading removes the human element which can have dangerous consequences.,algorithmic trading can cause unnatural market movements.,1,0,"Hình thức giao dịch này loại bỏ yếu tố con người, điều có thể dẫn đến những hệ lụy nguy hiểm."
We should ban algorithmic trading,this helps traders make more informed decisions,algorithmic trading merely enables better decisions in investments utilising technology and intelligence,-1,1,Việc này giúp các nhà giao dịch đưa ra những quyết định sáng suốt hơn.
The use of public defenders should be mandatory,"this is a constitutional right under the 6th amendment so yes, it absolutely should be mandatory to protect this important right to defence",public defenders should be mandatory to ensure everyone has a fair shot,1,0,"Đây là quyền hiến định theo Tu chính án thứ 6, vậy nên tất nhiên, việc này phải là bắt buộc để bảo vệ quyền được bào chữa quan trọng đó."
We should abolish the three-strikes laws,this law is good for young people who would learn their lesson and become good adults,repeat offenders should be punished accordingly,-1,0,Luật này rất tốt cho giới trẻ vì họ sẽ rút ra bài học và trở thành những người trưởng thành có ích.
We should abolish the three-strikes laws,this law is unfair to people committing small offenses that do not deserve to be put away for life.,the three strike law has not proved effective in reducing criminality,1,0,"Luật này bất công với những người phạm tội nhẹ, những đối tượng không đáng phải chịu án tù chung thân."
We should abolish the three-strikes laws,this law is unfair to those who's third crime is minor and thought should be given to changing the criteria of the third crime.,the three strike law has not proved effective in reducing criminality,1,0,Đạo luật này thực sự bất công với những người phạm tội nhẹ lần thứ ba; chúng ta cần xem xét lại các tiêu chí để xác định 'tội danh thứ ba' sao cho hợp lý hơn.
We should abolish the three-strikes laws,this law keeps communities safe from career criminals,repeat offenders should be punished accordingly,-1,0,Đạo luật này giúp bảo vệ cộng đồng khỏi những kẻ tội phạm chuyên nghiệp.
We should abolish the three-strikes laws,"this law sentences people on crimes they committed in the past as well as the present, which is unfair",the three strike law has not proved effective in reducing criminality,1,0,Việc áp dụng mức án cho cả những tội danh trong quá khứ cộng dồn với hiện tại là cực kỳ bất công.
We should subsidize student loans,this might be the only way a non-minority could afford to go to college.,student loans is a help for those who do not have resources,1,1,Đây có thể là con đường duy nhất giúp một sinh viên không thuộc diện ưu tiên có cơ hội đặt chân vào đại học.
We should adopt a zero-tolerance policy in schools,this should be enforced to improve the children's discipline.,ero-toleraanfce creates a stable learning environment and encourages better behaviour,1,1,Cần phải áp dụng quy định này để rèn giũa kỷ luật cho học sinh.
We should adopt a zero-tolerance policy in schools,this should not be adopted as it wont make a difference to pupils who will ignore these rules.,a zero tolerance policy is unfair for minimal infractions.,-1,0,Không nên thông qua quy định này vì nó chẳng có tác dụng gì với những học sinh vốn đã phớt lờ nội quy.
We should abolish the three-strikes laws,this system is so unfair as people who commit one big crime can end up serving less time than those who commit three small crimes.,the three strike law has not proved effective in reducing criminality,1,0,Hệ thống này quá bất công khi một người phạm một tội lớn lại có thể ngồi tù ít hơn người phạm ba tội vặt.
The use of public defenders should be mandatory,this takes away freedom of choice in terms of hiring a lawyer that suits your own needs.,public defendors cost taxpayers more money and therefore should not be mandatory.,-1,0,Quy định này tước đi quyền tự do lựa chọn luật sư phù hợp với nhu cầu riêng của mỗi người.
We should ban cosmetic surgery,this type of surgery has risks associated with it just like other ones except this one is not needed,cosmetic surgery encourages the focus on appearance and unattainable beauty norms,1,0,"Phẫu thuật kiểu này cũng đầy rủi ro như bao ca khác, nhưng vấn đề là nó hoàn toàn không cần thiết."
Entrapment should be legalized,this will allow the truth to be forced out.,entrapment  is a useful tool to law enforcement,1,0,Cách này sẽ ép buộc sự thật phải lộ diện.
The use of public defenders should be mandatory,"this would level the playing field for all, meaning the poor would have access to the same lawyers the rich use.",public defenders should be mandatory to ensure everyone has a fair shot,1,1,"Điều này sẽ tạo ra sự công bằng cho tất cả mọi người, đồng nghĩa với việc người nghèo cũng có thể tiếp cận được đội ngũ luật sư chất lượng như giới nhà giàu."
The use of public defenders should be mandatory,this would not be a good use of public money; money should instead be spent on education and welfare.,public defendors cost taxpayers more money and therefore should not be mandatory.,-1,1,"Sử dụng ngân sách công như vậy là không hợp lý; thay vào đó, số tiền này nên được đầu tư cho giáo dục và phúc lợi xã hội."
We should subsidize student loans,those who choose to go to college should pay for it themselves.,student loans can be expensive and put young people in debt,-1,0,Ai chọn học đại học thì người đó phải tự chi trả chi phí.
We should abolish the three-strikes laws,three strike laws can help lower crime rates,repeat offenders should be punished accordingly,-1,0,Luật 'ba lần phạm tội' (three strike laws) có thể giúp giảm tỷ lệ tội phạm.
We should abolish the three-strikes laws,"three strike laws count insignificant crimes like drug use, and result in unfair jail time sentences.",the three strike law has not proved effective in reducing criminality,1,0,"Luật này tính cả những lỗi không đáng kể như sử dụng chất cấm, dẫn đến những bản án tù không công bằng."
We should abolish the three-strikes laws,three strike laws do not take into account the passage of time and lessons learned from previous and possibly unrelated offenses.  automatic three strikes are unfair,the three strike law has not proved effective in reducing criminality,1,0,Luật 'ba lần phạm tội' không xét đến yếu tố thời gian hay sự cải tạo của phạm nhân sau những lỗi lầm cũ vốn chẳng liên quan. Việc áp dụng tự động là rất bất công.
We should abolish the three-strikes laws,three strikes laws are expensive because they increase how long people are incarcerated which must be paid for by tax payers.,the three strike law has not proved effective in reducing criminality,1,0,"Luật 'ba lần phạm tội' gây tốn kém vì làm tăng thời gian ngồi tù, điều này đồng nghĩa với việc người đóng thuế phải gánh thêm chi phí."
We should abolish the three-strikes laws,three strikes laws are perfectly constitutional since the punishment isn't unusual and they are proportional to frequency of crime if not intensity of criminal action.,repeat offenders should be punished accordingly,-1,1,"Luật 'ba lần phạm tội' hoàn toàn phù hợp với hiến pháp vì hình phạt không hề bất thường và tương xứng với tần suất vi phạm, nếu không xét đến mức độ nghiêm trọng của hành vi phạm tội."
We should abolish the three-strikes laws,three strikes laws are unnecessary because states already have ways of punishing recidivism more harshly.,the three strike law has not proved effective in reducing criminality,1,0,Luật 'ba lần phạm tội' là thừa thãi vì các bang vốn đã có những biện pháp xử phạt nghiêm khắc hơn đối với tội tái phạm.
We should abolish the three-strikes laws,three strikes laws gives people more chances to straight their act,repeat offenders should be punished accordingly,-1,0,Luật 'ba lần phạm tội' tạo thêm cơ hội để người ta tu tỉnh và làm lại cuộc đời.
We should abolish the three-strikes laws,"three strikes laws have not decreased the number of crimes being committed, so they have no purpose.",the three strike law has not proved effective in reducing criminality,1,1,Luật 'ba lần phạm tội' hoàn toàn vô nghĩa vì thực tế nó chẳng giúp làm giảm tỷ lệ tội phạm chút nào.
We should abolish the three-strikes laws,three strikes laws lead to more people being put in jail which ends up being a burden on tax-payers and federal funding.,the three strike law has not proved effective in reducing criminality,1,0,"Luật này khiến số lượng tù nhân tăng vọt, tạo gánh nặng khủng khiếp lên ngân sách nhà nước và tiền thuế của người dân."
We should abolish the three-strikes laws,three strikes laws lead to prison over-population since more offenders are put away for a longer time. this leads to worse prison conditions and more violence in prisons.,the three strike law has not proved effective in reducing criminality,1,0,"Việc giam giữ quá nhiều người trong thời gian dài khiến các nhà tù bị quá tải, kéo theo điều kiện sống tồi tệ và làm bùng phát bạo lực bên trong trại giam."
We should abolish the three-strikes laws,three strikes laws make people less likely to be repeat offenders due to harsher punishments.,repeat offenders should be punished accordingly,-1,0,"Nhờ mức án phạt nghiêm khắc hơn, luật 'ba lần phạm tội' đã góp phần răn đe, khiến tội phạm ít có khả năng tái phạm hơn."
We should abolish the three-strikes laws,"three strikes laws often punish those who have been pushed into crime by their socioeconomic background, which is unjust.",the three strike law has not proved effective in reducing criminality,1,0,"Thật bất công khi luật này lại nhắm vào những người bị hoàn cảnh kinh tế - xã hội đẩy vào con đường cùng, thay vì nhìn nhận sâu xa về căn nguyên của tội ác."
We should abolish the three-strikes laws,three strikes laws put people in jail for long periods despite committing only minor offenses.,the three strike law has not proved effective in reducing criminality,1,0,Luật này quá khắc nghiệt khi tống giam người ta hàng chục năm trời chỉ vì những tội danh nhỏ lẻ.
We should abolish the three-strikes laws,three strikes laws unfairly target non violent offenders when they get multiple drug charges,the three strike law has not proved effective in reducing criminality,1,0,Thật vô lý khi luật này nhắm thẳng vào những người phạm tội không bạo lực chỉ vì họ bị dính nhiều cáo buộc liên quan đến ma túy.
We should abolish the three-strikes laws,three-strike laws are too harsh when the felonies are for non violent crimes such as prostitution and tax fraud.,the three strike law has not proved effective in reducing criminality,1,0,Án phạt của luật 'ba lần phạm tội' là quá nặng nề đối với những tội danh không có tính bạo lực như mại dâm hay trốn thuế.
We should abolish the three-strikes laws,three-strike laws ensure that serious repeat offenders are dealt with as strongly as possible to ensure the safety of the public and punish their crimes accordingly.,repeat offenders should be punished accordingly,-1,1,"Luật này đảm bảo những kẻ tái phạm nguy hiểm phải chịu sự trừng trị thích đáng, từ đó bảo vệ sự an toàn cho cộng đồng và thực thi công lý."
We should abolish the three-strikes laws,three-strike laws keep repeat offenders from being let out after a very short prison term.  it will prevent many serious crimes.,repeat offenders should be punished accordingly,-1,0,"Luật 'ba lần phạm tội' ngăn chặn việc thả tự do quá sớm cho những kẻ tái phạm, giúp phòng ngừa hiệu quả nhiều vụ án nghiêm trọng có thể xảy ra trong tương lai."
We should abolish the three-strikes laws,three-strike laws lead to expensive trials. three-strike offenders will demand a court trial rather than accept a plea bargain (which costs a fraction of the price of a full-blown trial).,the three strike law has not proved effective in reducing criminality,1,0,Luật 'ba lần phạm tội' làm tốn kém ngân sách vì các bị cáo sẽ đòi xét xử tại tòa thay vì chấp nhận thỏa thuận nhận tội (vốn chỉ tốn một phần nhỏ chi phí so với một phiên tòa chính thức).
We should abolish the three-strikes laws,three-strike laws should be abolished because employers abuse the legislation,the three strike law has not proved effective in reducing criminality,1,0,Cần phải bãi bỏ luật 'ba lần phạm tội' vì các chủ doanh nghiệp đang lạm dụng bộ luật này.
We should abolish the three-strikes laws,"three-strikes laws are overly draconian, and result in overcrowded prisons and judicial miscarriages.",the three strike law has not proved effective in reducing criminality,1,0,"Luật 'ba lần phạm tội' quá khắt khe, dẫn đến tình trạng quá tải nhà tù và nhiều sai lệch trong công tác tư pháp."
We should abolish the three-strikes laws,three-strikes laws can help keep the violent and unruly off of the streets of regular society.,repeat offenders should be punished accordingly,-1,0,Luật 'ba lần phạm tội' giúp giữ những kẻ bạo lực và bất hảo tránh xa đời sống cộng đồng.
We should abolish the three-strikes laws,three-strikes laws can lead to extreme punishments that don't fit the crime,the three strike law has not proved effective in reducing criminality,1,0,"Luật 'ba lần phạm tội' có thể dẫn đến những hình phạt cực đoan, không tương xứng với tội danh."
We should abolish the three-strikes laws,"three-strikes laws clog the court systems.  defendants will take their cases to trial, rather than accept a plea bargain, in an attempt to avoid a life sentence.",the three strike law has not proved effective in reducing criminality,1,0,Luật 'ba lần phạm tội' gây tắc nghẽn hệ thống tòa án do các bị cáo thà chọn ra tòa thay vì nhận tội để tránh án chung thân.
We should abolish the three-strikes laws,three-strikes laws don't consider the proportionality of the crimes committed and would offer disproportionate punishment to people who commit petty crimes.,the three strike law has not proved effective in reducing criminality,1,0,Luật 'ba lần phạm tội' không cân nhắc tính chất mức độ của tội danh và áp đặt những hình phạt quá nặng tay đối với những người phạm tội nhỏ lẻ.
We should abolish the three-strikes laws,"three-strikes laws have been proven to lower crime rates, since they act as an excellent deterrent to unlawful behaviour across the spectrum.",repeat offenders should be punished accordingly,-1,0,Luật 'ba lần phạm tội' đã được chứng minh là giúp giảm tỷ lệ tội phạm nhờ vai trò răn đe hiệu quả đối với các hành vi vi phạm pháp luật.
We should abolish the three-strikes laws,three-strikes laws have lowered crime rates in many areas,repeat offenders should be punished accordingly,-1,0,Luật 'ba lần phạm tội' đã giúp giảm tỷ lệ tội phạm ở nhiều khu vực.
We should abolish the three-strikes laws,three-strikes laws help people realize that what they did was wrong and change their ways before they end up in jail for life.,repeat offenders should be punished accordingly,-1,0,Luật 'ba lần phạm tội' giúp mọi người nhận ra lỗi lầm và cải tà quy chính trước khi phải ngồi tù chung thân.
We should abolish the three-strikes laws,"three-strikes laws increase taxpayer costs by increasing the number of prisoners imprisoned for life, a very costly expense.",the three strike law has not proved effective in reducing criminality,1,0,"Luật 'ba lần phạm tội' làm tăng gánh nặng thuế vì đẩy số lượng tù nhân bị giam giữ chung thân lên cao, tạo ra một khoản chi phí cực kỳ đắt đỏ."
We should abolish the three-strikes laws,"three-strikes laws increase the likelihood that twice-convicted felons would resist arrest violently, leading to increased violence against police officers, as well as potential harm to bystanders.",the three strike law has not proved effective in reducing criminality,1,0,"Luật 'ba lần phạm tội' khiến những kẻ đã có hai tiền án dễ chống trả quyết liệt khi bị bắt, dẫn đến nguy cơ bạo lực nhắm vào cảnh sát và gây nguy hiểm cho người dân xung quanh."
We should abolish the three-strikes laws,three-strikes laws keep the worst of the worst criminals off the streets,repeat offenders should be punished accordingly,-1,0,Luật 'ba lần phạm tội' giúp loại bỏ những tên tội phạm nguy hiểm nhất ra khỏi xã hội.
We should abolish the three-strikes laws,three-strikes laws makes criminals less likely to reoffend.,repeat offenders should be punished accordingly,-1,0,Luật 'ba lần phạm tội' khiến tội phạm ít có khả năng tái phạm hơn.
We should abolish the three-strikes laws,three-strikes laws my wrongfully imprison someone whose crime wasn't minor and absolutely not worth a life sentence.,the three strike law has not proved effective in reducing criminality,1,0,Luật 'ba lần phạm tội' có thể bỏ tù sai những người mà tội trạng không quá nghiêm trọng và hoàn toàn không đáng phải nhận án chung thân.
We should abolish the three-strikes laws,three-strikes laws often lead to harsh punishments that do not fit their crimes,the three strike law has not proved effective in reducing criminality,1,0,"Luật 'ba lần phạm tội' thường dẫn đến những hình phạt quá khắt khe, không tương xứng với tính chất tội lỗi."
We should abolish the three-strikes laws,three-strikes laws reduce the rate of crime in a community.,repeat offenders should be punished accordingly,-1,0,Luật 'ba lần phạm tội' giúp làm giảm tỷ lệ tội phạm trong cộng đồng.
We should subsidize student loans,to encourage more people to study for longer we should subsidize student loans.,student loans is a help for those who do not have resources,1,0,"Để khuyến khích nhiều người theo học lâu dài hơn, chúng ta nên trợ cấp các khoản vay sinh viên."
We should subsidize student loans,to help young people so they can finish university and be successful tomorrow should be obligatory for any government in the world.,student loans is a help for those who do not have resources,1,0,Hỗ trợ người trẻ hoàn thành đại học để họ có tương lai thành công là nghĩa vụ bắt buộc của bất kỳ chính phủ nào trên thế giới.
We should end racial profiling,"too many innocent people are stopped, humiliated and inconvenienced, simply because of their race or ethnicity.",people should be judged as individuals not by their race,1,0,"Có quá nhiều người vô tội bị chặn lại, làm nhục và gây phiền hà chỉ vì lý do chủng tộc hoặc sắc tộc của họ."
We should subsidize student loans,"too many people go to university, subsidising loans would make the problem even worse",student loans can be expensive and put young people in debt,-1,0,"Quá nhiều người đổ xô vào đại học, việc trợ giá các khoản vay sinh viên chỉ làm vấn đề thêm trầm trọng."
We should ban algorithmic trading,trading using an algorithm does not allow for investment in companies that are starting out and show no profit as yet.,algorithmic trading can cause unnatural market movements.,1,0,Giao dịch bằng thuật toán không hỗ trợ đầu tư cho các công ty khởi nghiệp vốn chưa có lợi nhuận.
We should ban algorithmic trading,"trading using an algorithm is more accurate, quicker, and easier.",algorithmic trading merely enables better decisions in investments utilising technology and intelligence,-1,0,"Giao dịch bằng thuật toán thì chính xác hơn, nhanh hơn và cũng dễ dàng hơn."
Entrapment should be legalized,tricking someone into committing a crime that they wouldn't do otherwise is not right.,entrapment can be abused and corner innocent people.,-1,0,Việc gài bẫy người khác phạm tội khi họ vốn không có ý định đó là hành vi sai trái.
We should end the use of economic sanctions,"ultimately, it is the poor and vulnerable that suffer as a result of economic sanctions, so ending them should happen.",economic sanctions cause hard feelings between nations and can cause war.,1,0,"Xét cho cùng, chính người nghèo và nhóm yếu thế mới là bên chịu thiệt hại từ các lệnh trừng phạt kinh tế, vì vậy nên chấm dứt chúng."
We should end the use of economic sanctions,unilateral sanctions have been imposed for ill-defined purposes or with little consideration of their real impact,economic sanctions cause hard feelings between nations and can cause war.,1,0,Các lệnh trừng phạt đơn phương thường được áp đặt với mục đích mơ hồ hoặc thiếu cân nhắc đến tác động thực tế.
We should ban algorithmic trading,"unless everyone is using algorithmic trading, the system would ensure only those that had access to it would have the best chance of making money.",algorithmic trading can cause unnatural market movements.,1,0,Nếu không phải ai cũng dùng giao dịch thuật toán thì hệ thống này sẽ chỉ tạo điều kiện cho những kẻ có khả năng tiếp cận nó giành lợi thế kiếm tiền.
We should ban algorithmic trading,using computer-aided tools to assist in financial trading is giving some traders an unfair advantage; it's not unlike insider trading.,algorithmic trading can cause unnatural market movements.,1,0,Dùng công cụ máy tính để hỗ trợ giao dịch tài chính đang mang lại lợi thế không công bằng cho một số người; nó cũng chẳng khác nào giao dịch nội gián.
We should end the use of economic sanctions,using money to bully other countries into doing what you want is terrible.,economic sanctions cause hard feelings between nations and can cause war.,1,0,Dùng tiền bạc để bắt nạt các quốc gia khác phải phục tùng ý muốn của mình là điều tồi tệ.
The use of public defenders should be mandatory,using public defenders ensures that even the poorest and most marginalised in society have access to some form of legal representation.,public defenders should be mandatory to ensure everyone has a fair shot,1,1,Việc sử dụng luật sư công đảm bảo rằng ngay cả những người nghèo và bị gạt ra lề xã hội nhất cũng có quyền được đại diện pháp lý.
The use of public defenders should be mandatory,using public defenders exclusively will be an expensive burden on taxpayers.,public defendors cost taxpayers more money and therefore should not be mandatory.,-1,1,Việc chỉ sử dụng luật sư công sẽ tạo ra gánh nặng tài chính đè lên vai người đóng thuế.
The use of public defenders should be mandatory,using public defenders for everyone would insure that everyone receives the same defense not matter how much money they have.,public defenders should be mandatory to ensure everyone has a fair shot,1,1,"Nếu ai cũng dùng luật sư công, chúng ta có thể đảm bảo sự công bằng, bất kể họ giàu hay nghèo."
The use of public defenders should be mandatory,using public defenders would level the playing field in the court of law; people would be less likely to be able to buy their way out of legal troubles.,public defenders should be mandatory to ensure everyone has a fair shot,1,0,Luật sư công sẽ tạo ra sự bình đẳng trước pháp luật; người ta sẽ không thể cứ dùng tiền để 'mua' sự tự do mỗi khi vướng vào rắc rối pháp lý.
We should adopt a zero-tolerance policy in schools,violence should never be allowed by children in schools and they should realize that there are real consequences for their actions.,ero-toleraanfce creates a stable learning environment and encourages better behaviour,1,0,"Bạo lực học đường là điều không thể dung thứ, học sinh cần hiểu rằng hành động của mình sẽ phải trả giá đắt."
We should subsidize student loans,"we cannot afford subsidizing student loans when there are other areas to focus on such as healthcare, infrastructure, and security.",student loans can be expensive and put young people in debt,-1,0,"Chúng ta không thể đổ tiền vào trợ cấp vay vốn sinh viên khi còn bao vấn đề cấp bách hơn như y tế, hạ tầng và an ninh."
We should adopt a zero-tolerance policy in schools,we cannot continue to risk the lives of our children and a zero-tolerance policy is a step in the right direction toward solving this horrific problem.,ero-toleraanfce creates a stable learning environment and encourages better behaviour,1,0,"Chúng ta không thể tiếp tục đặt tính mạng của học sinh vào vòng nguy hiểm, và chính sách 'không khoan nhượng' chính là bước đi đúng đắn để giải quyết vấn đề nhức nhối này."
We should end the use of economic sanctions,"we cannot let governments ignore people's human rights, economic sanctions are essential to stop these regimes having the money they want to continue their atrocities.",economic sanctions are an effective alternative to military action,-1,0,Chúng ta không thể ngó lơ việc chính phủ vi phạm nhân quyền; các lệnh trừng phạt kinh tế là cần thiết để cắt đứt nguồn tiền nuôi dưỡng những tội ác đó.
We should subsidize student loans,we do not know the fate of these immature teenage loans. they do not know how to make decisions that have life-long consequences.,student loans can be expensive and put young people in debt,-1,1,Chúng ta chẳng thể biết được số phận của những khoản vay từ những người trẻ chưa chín chắn; họ còn quá thiếu kinh nghiệm để đưa ra các quyết định ảnh hưởng cả đời.
We should ban algorithmic trading,we do not really know if this form of trading really works and it can be risky,algorithmic trading can cause unnatural market movements.,1,0,"Chúng ta thực sự chưa biết liệu mô hình giao dịch này có hiệu quả hay không, và nó tiềm ẩn rất nhiều rủi ro."
We should adopt a zero-tolerance policy in schools,we don't need a zero-tolerance policy that punishes students harshly for small things,a zero tolerance policy is unfair for minimal infractions.,-1,1,Chúng ta không cần một chính sách 'không khoan nhượng' cứng nhắc để trừng phạt học sinh vì những lỗi sai nhỏ nhặt.
The use of public defenders should be mandatory,"we have a right to choose who we want to defend us, including defending ourselves.  making the use of public defenders mandatory takes away that right.",public defendors cost taxpayers more money and therefore should not be mandatory.,-1,0,"Chúng ta có quyền lựa chọn người bảo vệ mình, kể cả việc tự bào chữa. Việc bắt buộc phải dùng luật sư công đã tước đi quyền lợi đó của chúng ta."
We should subsidize student loans,"we have so much debt in this world and so many poor lacking food and healthcare, we can't afford to pay for someone's schooling.",student loans can be expensive and put young people in debt,-1,0,"Thế giới hiện đang nợ nần chồng chất, còn bao người nghèo thiếu thốn cả lương thực lẫn y tế, chúng ta không thể cứ gồng mình chi trả cho việc học của một ai đó được."
We should end the use of economic sanctions,we need sanctions because it is a better option then going to war.,economic sanctions are an effective alternative to military action,-1,1,Chúng ta cần các lệnh trừng phạt vì đó là phương án tối ưu hơn so với việc đổ máu trên chiến trường.
We should end the use of economic sanctions,we need sanctions to punish those for their bad doing.,economic sanctions are an effective alternative to military action,-1,0,Chúng ta cần các lệnh trừng phạt để răn đe và trừng trị những kẻ làm sai.
We should end the use of economic sanctions,we need to end the use of economic sanctions and start relying on americans to produce more goods.,economic sanctions cause hard feelings between nations and can cause war.,1,0,Chúng ta cần chấm dứt việc lạm dụng trừng phạt kinh tế và bắt đầu tập trung vào việc khuyến khích người Mỹ sản xuất hàng hóa nhiều hơn.
We should adopt a zero-tolerance policy in schools,"we need to have the safest possible learning environment, as this enables students to perform at their best.",ero-toleraanfce creates a stable learning environment and encourages better behaviour,1,1,"Chúng ta cần một môi trường học tập an toàn nhất có thể, vì chỉ khi đó học sinh mới phát huy được tối đa tiềm năng của mình."
We should subsidize student loans,"we need to make it more accessible for the public to acquire education, as opposed to adding more barriers such as extreme student debt.",student loans is a help for those who do not have resources,1,0,Chúng ta cần giúp việc tiếp cận giáo dục trở nên dễ dàng hơn thay vì đặt ra thêm nhiều rào cản như nợ sinh viên khủng khiếp như hiện tại.
We should ban algorithmic trading,we should  not ban algorithmic trading because if you can find a way to make money why should others be mad?,algorithmic trading merely enables better decisions in investments utilising technology and intelligence,-1,0,"Chúng ta không nên cấm giao dịch thuật toán, vì nếu người ta tìm được cách kiếm tiền hợp pháp thì tại sao những người khác lại phải khó chịu?"
We should abolish the three-strikes laws,we should abolish the three-strikes laws because it is a waste of tax payers money to give criminals so many chances,the three strike law has not proved effective in reducing criminality,1,0,Chúng ta nên bãi bỏ luật 'ba lần phạm tội' vì việc tiếp tục bao nuôi tội phạm chỉ là sự lãng phí tiền thuế của người dân.
We should abolish the three-strikes laws,we should abolish the three-strikes laws because it is not truly effective in reducing crimes,the three strike law has not proved effective in reducing criminality,1,1,Chúng ta nên bãi bỏ luật 'ba lần phạm tội' vì thực tế nó chẳng hề mang lại hiệu quả trong việc giảm thiểu tội phạm.
We should abolish the three-strikes laws,we should abolish the three-strikes laws because the criminals shouldn't be given more than one chance to turn their life around.,the three strike law has not proved effective in reducing criminality,1,0,Chúng ta nên bãi bỏ luật 'ba lần vi phạm' vì tội phạm không nên được trao quá nhiều cơ hội để làm lại cuộc đời.
We should abolish the three-strikes laws,we should abolish the three-strikes laws because they discriminate against over-policed communities.,the three strike law has not proved effective in reducing criminality,1,0,Chúng ta nên bãi bỏ luật 'ba lần vi phạm' vì nó gây ra sự phân biệt đối xử đối với những cộng đồng vốn đã chịu sự kiểm soát quá mức của cảnh sát.
We should abolish the three-strikes laws,we should abolish the three-strikes laws because they have no effect in detering crime,the three strike law has not proved effective in reducing criminality,1,1,Chúng ta nên bãi bỏ luật 'ba lần vi phạm' vì thực tế cho thấy nó chẳng có tác dụng gì trong việc răn đe tội phạm cả.
We should abolish the three-strikes laws,"we should abolish the three-strikes laws because they introduce arbitrary punishment for some crimes over others, when the action was the same.",the three strike law has not proved effective in reducing criminality,1,0,"Chúng ta nên bãi bỏ luật 'ba lần vi phạm' vì nó áp đặt mức án một cách tùy tiện cho cùng một hành vi phạm tội, tạo ra sự bất công rõ rệt."
We should abolish the three-strikes laws,"we should abolish the three-strikes laws because they were created to target african americans, and harm that community disproportionately.",the three strike law has not proved effective in reducing criminality,1,0,"Chúng ta nên bãi bỏ luật 'ba lần vi phạm' vì mục đích ban đầu của nó là nhắm vào người Mỹ gốc Phi, gây tổn hại nặng nề và bất bình đẳng cho cộng đồng này."
We should abolish the three-strikes laws,we should abolish the three-strikes laws since this means that young adults under 25 who are incapable of making fully informed decisions  are locked away for life in prison,the three strike law has not proved effective in reducing criminality,1,0,Chúng ta nên bãi bỏ luật 'ba lần vi phạm' vì nó khiến những thanh niên dưới 25 tuổi - những người vẫn chưa đủ nhận thức để chịu trách nhiệm hoàn toàn về hành động của mình - phải ngồi tù chung thân.
We should adopt a zero-tolerance policy in schools,we should adopt a zero tolerance policy in schools because we should not tolerate crimes.,ero-toleraanfce creates a stable learning environment and encourages better behaviour,1,0,Chúng ta nên áp dụng chính sách 'không khoan nhượng' trong trường học vì chúng ta không được phép dung túng cho các hành vi phạm tội.
We should adopt a zero-tolerance policy in schools,we should adopt a zero-tolerance policy because it will keep kids disciplined and the schools will be safer,ero-toleraanfce creates a stable learning environment and encourages better behaviour,1,0,Chúng ta nên áp dụng chính sách 'không khoan nhượng' vì nó giúp học sinh có kỷ luật hơn và trường học cũng sẽ an toàn hơn.
We should adopt a zero-tolerance policy in schools,we should adopt a zero-tolerance policy in schools because it will teach students to behave,ero-toleraanfce creates a stable learning environment and encourages better behaviour,1,1,Chúng ta nên áp dụng chính sách 'không khoan nhượng' trong trường học vì nó giúp dạy bảo học sinh biết cách cư xử đúng mực.
We should adopt a zero-tolerance policy in schools,"we should adopt a zero-tolerance policy in schools since the current system clearly isn't working and needs a drastic, non tolerant change.",ero-toleraanfce creates a stable learning environment and encourages better behaviour,1,0,"Chúng ta nên áp dụng chính sách 'không khoan nhượng' trong trường học vì hệ thống hiện tại rõ ràng đã thất bại và cần một sự thay đổi quyết liệt, không thể nhân nhượng thêm được nữa."
We should adopt a zero-tolerance policy in schools,we should adopt a zero-tolerance policy in schools then all the children will more likely behave,ero-toleraanfce creates a stable learning environment and encourages better behaviour,1,1,"Chúng ta nên áp dụng chính sách 'không khoan nhượng' trong trường học, khi đó học sinh chắc chắn sẽ có ý thức kỷ luật hơn."
We should adopt a zero-tolerance policy in schools,we should adopt a zero-tolerance policy to protect all of our children.,ero-toleraanfce creates a stable learning environment and encourages better behaviour,1,0,Chúng ta cần áp dụng chính sách 'không khoan nhượng' để bảo vệ sự an toàn cho tất cả học sinh.
We should ban algorithmic trading,we should ban algorithmic trading as it causes unpredictable volatility in the market.,algorithmic trading can cause unnatural market movements.,1,1,Chúng ta nên cấm giao dịch thuật toán vì nó gây ra những biến động khó lường cho thị trường.
We should ban algorithmic trading,we should ban algorithmic trading as it disrupts the natural flow of the markets and creates artificial peaks and troughs.,algorithmic trading can cause unnatural market movements.,1,1,"Chúng ta nên cấm giao dịch thuật toán vì nó phá vỡ quy luật tự nhiên của thị trường, gây ra những đợt tăng giảm giá ảo."
We should ban algorithmic trading,we should ban algorithmic trading because computers can fail and cause lots of money to be lost,algorithmic trading can cause unnatural market movements.,1,0,Chúng ta nên cấm giao dịch thuật toán vì lỗi máy tính có thể xảy ra và dẫn đến những thiệt hại tài chính khổng lồ.
We should ban algorithmic trading,we should ban algorithmic trading because it gives a select few an unfair advantage over others.,algorithmic trading can cause unnatural market movements.,1,0,Chúng ta nên cấm giao dịch thuật toán vì nó mang lại lợi thế bất công cho một nhóm người nhất định.
We should ban algorithmic trading,we should ban algorithmic trading because it gives unfair advantages to some.,algorithmic trading can cause unnatural market movements.,1,0,Chúng ta nên cấm giao dịch thuật toán vì nó tạo ra sự bất bình đẳng trong cạnh tranh.
We should ban algorithmic trading,we should ban algorithmic trading because it is a dirty practice.,algorithmic trading can cause unnatural market movements.,1,0,Chúng ta nên cấm giao dịch thuật toán vì đây là một phương thức kinh doanh thiếu minh bạch.
We should ban algorithmic trading,"we should ban algorithmic trading because it uses pre-programmed data, not new data each time",algorithmic trading can cause unnatural market movements.,1,0,Chúng ta nên cấm giao dịch thuật toán vì nó chỉ dựa vào dữ liệu lập trình sẵn thay vì cập nhật dữ liệu thực tế mỗi lần.
We should ban algorithmic trading,we should ban algorithmic trading because most people have no idea how it works and if it is good for them or not,algorithmic trading can cause unnatural market movements.,1,0,"Chúng ta nên cấm giao dịch thuật toán vì đa số mọi người đều mù tịt về cách nó hoạt động, dẫn đến việc họ không biết liệu nó có thực sự có lợi cho mình hay không."
We should ban algorithmic trading,we should ban algorithmic trading because most people have no idea what it is and how it works,algorithmic trading can cause unnatural market movements.,1,0,Chúng ta nên cấm giao dịch thuật toán vì hầu hết mọi người đều không hiểu bản chất cũng như cách thức vận hành của nó.
We should ban algorithmic trading,we should ban algorithmic trading because trading should be done based on background knowledge.,algorithmic trading can cause unnatural market movements.,1,0,Giao dịch thuật toán cần bị cấm vì lẽ ra việc đầu tư phải dựa trên kiến thức nền tảng và sự hiểu biết thay vì những con số vô hồn.
We should ban cosmetic surgery,"we should ban cosmetic surgery as it is an unecessary risk which damages paitients, opens them up to infections and even death for non medically necessary reasons.",cosmetic surgery encourages the focus on appearance and unattainable beauty norms,1,0,"Chúng ta nên cấm phẫu thuật thẩm mỹ vì đó là những rủi ro không đáng có, gây hại cho bệnh nhân, thậm chí dẫn đến nhiễm trùng hoặc tử vong trong khi mục đích không phải vì nhu cầu y tế thiết yếu."
We should ban cosmetic surgery,we should ban cosmetic surgery because a lot of times it doesn't turn out how the people expect it to,cosmetic surgery encourages the focus on appearance and unattainable beauty norms,1,0,Chúng ta nên cấm phẫu thuật thẩm mỹ vì thực tế kết quả thường không như mong đợi của khách hàng.
We should ban cosmetic surgery,we should ban cosmetic surgery because doctors should spend their time helping people that need it not the people that want it,cosmetic surgery encourages the focus on appearance and unattainable beauty norms,1,0,Chúng ta nên cấm phẫu thuật thẩm mỹ vì bác sĩ nên dành nguồn lực để cứu chữa những bệnh nhân thực sự cần thay vì phục vụ nhu cầu làm đẹp.
We should ban cosmetic surgery,we should ban cosmetic surgery because it can be botched.,cosmetic surgery encourages the focus on appearance and unattainable beauty norms,1,0,Chúng ta nên cấm phẫu thuật thẩm mỹ vì nguy cơ xảy ra sai sót trong quá trình thực hiện là rất lớn.
We should ban cosmetic surgery,we should ban cosmetic surgery because it can have dangerous side effects that have recently been discovered.  it also can be very dangerous when performed especially from not licensed practitioners.,cosmetic surgery encourages the focus on appearance and unattainable beauty norms,1,0,"Chúng ta nên cấm phẫu thuật thẩm mỹ vì các tác dụng phụ nguy hiểm liên tục được phát hiện, đặc biệt là khi thực hiện bởi những người không có bằng cấp chuyên môn."
We should ban cosmetic surgery,we should ban cosmetic surgery because the safety of the procedure is questionable and too many people are disfigured or die because of poorly trained doctors.,cosmetic surgery encourages the focus on appearance and unattainable beauty norms,1,0,"Chúng ta nên cấm phẫu thuật thẩm mỹ vì độ an toàn của các thủ thuật này vẫn còn là dấu hỏi, và đã có quá nhiều người bị biến dạng hoặc tử vong do tay nghề bác sĩ yếu kém."
We should ban cosmetic surgery,we should ban cosmetic surgery because there will a side effect that leads to more health problem.,cosmetic surgery encourages the focus on appearance and unattainable beauty norms,1,0,Chúng ta nên cấm phẫu thuật thẩm mỹ vì những tác dụng phụ tiềm ẩn sẽ kéo theo hàng loạt hệ lụy sức khỏe lâu dài.
We should ban cosmetic surgery,we should ban it because far too often it goes wrong.,cosmetic surgery encourages the focus on appearance and unattainable beauty norms,1,0,Chúng ta nên cấm nó vì thực tế cho thấy các ca phẫu thuật thẩm mỹ hỏng diễn ra quá thường xuyên.
We should ban algorithmic trading,we should ban this because it takes a large portion of jobs away from people.,algorithmic trading can cause unnatural market movements.,1,0,Chúng ta nên cấm việc này vì nó cướp đi cơ hội việc làm của rất nhiều người.
We should ban algorithmic trading,we should be free to decide how to trade as long as we assume the risks associated with it,algorithmic trading merely enables better decisions in investments utilising technology and intelligence,-1,0,Chúng ta cần được tự do quyết định cách thức giao dịch miễn là chúng ta chấp nhận những rủi ro đi kèm với nó.
We should ban algorithmic trading,we should certainly place a ban on algorithmic trading because it could create an unfair advantage for people that can afford it versus those who cannot,algorithmic trading can cause unnatural market movements.,1,0,Chắc chắn chúng ta nên cấm giao dịch thuật toán vì nó tạo ra lợi thế bất công cho những người có điều kiện so với những người không có.
We should ban cosmetic surgery,we should continue to support cosmetic surgery as these procedures help people feel better about themselves boosting self-esteem.,"cosmetic surgery is safe, and can help people.",-1,0,Chúng ta nên tiếp tục ủng hộ phẫu thuật thẩm mỹ vì những thủ thuật này giúp mọi người cảm thấy tự tin và yêu bản thân hơn.
We should end racial profiling,we should definitely end racial profiling because every individual should be judged on their character alone.,people should be judged as individuals not by their race,1,1,Chúng ta nhất định phải chấm dứt việc phân biệt chủng tộc vì mỗi cá nhân cần được đánh giá dựa trên nhân cách của chính họ.
We should end the use of economic sanctions,we should end economic sanctions as they provide no real value,economic sanctions cause hard feelings between nations and can cause war.,1,0,Chúng ta nên bãi bỏ các lệnh trừng phạt kinh tế vì chúng chẳng mang lại giá trị thực tiễn nào cả.
We should end racial profiling,we should end racial profiling because all people are created equal no matter the color of their skin,people should be judged as individuals not by their race,1,1,"Chúng ta nên chấm dứt nạn phân biệt chủng tộc vì tất cả mọi người sinh ra đều bình đẳng, bất kể màu da ra sao."
We should end racial profiling,"we should end racial profiling it only makes things worse it does stop crime, it only hurts innocent people.",people should be judged as individuals not by their race,1,0,Chúng ta cần chấm dứt nạn phân biệt chủng tộc vì nó chỉ làm mọi thứ tệ hơn thôi; nó đâu có ngăn chặn được tội phạm mà chỉ làm tổn thương những người vô tội.
We should end the use of economic sanctions,"we should end the usage of economic sanctions because it is incredibly cruel to the citizens of the country being sanctioned, especially the poor. sanctions don't necessarily stop wars either.",economic sanctions cause hard feelings between nations and can cause war.,1,0,"Chúng ta nên chấm dứt việc áp đặt các lệnh trừng phạt kinh tế vì nó quá tàn nhẫn với người dân nước bị trừng phạt, đặc biệt là tầng lớp nghèo khó, và thực tế thì các lệnh trừng phạt cũng chẳng ngăn được chiến tranh."
We should end the use of economic sanctions,we should end the use of economic sanctions because sometimes they don't work how they should and it just hurts countries economically,economic sanctions cause hard feelings between nations and can cause war.,1,0,Chúng ta nên chấm dứt việc sử dụng các lệnh trừng phạt kinh tế vì đôi khi chúng không đạt hiệu quả như mong đợi mà chỉ gây tổn hại về mặt kinh tế cho các quốc gia.
We should end the use of economic sanctions,we should end the use of economic sanctions because they are costly,economic sanctions cause hard feelings between nations and can cause war.,1,0,Chúng ta nên chấm dứt việc sử dụng các lệnh trừng phạt kinh tế vì cái giá phải trả là quá đắt đỏ.
We should end the use of economic sanctions,we should end the use of economic sanctions because they cause stress and hardship on nations,economic sanctions cause hard feelings between nations and can cause war.,1,0,Chúng ta nên chấm dứt các lệnh trừng phạt kinh tế vì chúng gây ra áp lực và khổ cực cho cả một quốc gia.
We should end the use of economic sanctions,we should end the use of economic sanctions because we hurt the people in that countries not the government but mostly the people in those countries,economic sanctions cause hard feelings between nations and can cause war.,1,0,"Chúng ta nên chấm dứt các lệnh trừng phạt kinh tế vì thực tế nó đang làm hại người dân chứ không phải chính phủ, gánh nặng đổ dồn lên chính những người dân vô tội."
We should end the use of economic sanctions,we should end the use of economic sanctions to save time,economic sanctions cause hard feelings between nations and can cause war.,1,0,Chúng ta nên chấm dứt các lệnh trừng phạt kinh tế để đỡ tốn thời gian vô ích.
We should subsidize student loans,"we should invest in the young generations and support them in their education, especially when higher education is so expensive.",student loans is a help for those who do not have resources,1,0,"Chúng ta nên đầu tư vào thế hệ trẻ và hỗ trợ họ trong việc học tập, nhất là khi chi phí giáo dục đại học hiện nay quá đắt đỏ."
We should abolish the three-strikes laws,we should not abolish the three strikes law since this would promote lawlessness and would make our society a dangerous one to live in.,repeat offenders should be punished accordingly,-1,0,Chúng ta không nên bãi bỏ luật 'ba lần phạm tội' vì điều đó sẽ dung túng cho hành vi coi thường pháp luật và biến xã hội trở nên nguy hiểm hơn.
We should abolish the three-strikes laws,we should not abolish the three-strikes laws because sometimes people learn from their mistakes and change,repeat offenders should be punished accordingly,-1,0,Chúng ta không nên bãi bỏ luật 'ba lần phạm tội' vì đôi khi con người cần cơ hội để rút kinh nghiệm từ sai lầm và thay đổi.
We should abolish the three-strikes laws,we should not abolish the three-strikes laws because they are popular with voters and it would be undemocratic to remove them.,repeat offenders should be punished accordingly,-1,0,"Chúng ta không nên bãi bỏ luật 'ba lần phạm tội' vì nó nhận được sự ủng hộ của đông đảo cử tri, việc loại bỏ luật này là đi ngược lại với tinh thần dân chủ."
We should abolish the three-strikes laws,we should not abolish three strike laws because a man/woman especially who made a serious crimes should be convicted longer.,repeat offenders should be punished accordingly,-1,1,Chúng ta không nên bãi bỏ luật 'ba lần phạm tội' vì những người phạm tội nghiêm trọng cần phải bị kết án dài hạn để chịu trách nhiệm cho hành vi của mình.
We should adopt a zero-tolerance policy in schools,we should not adopt a zero-tolerance policy because it is too restricting and suppressing.,a zero tolerance policy is unfair for minimal infractions.,-1,0,Chúng ta không nên áp dụng chính sách 'không khoan nhượng' vì nó quá gò bó và mang tính áp đặt.
