config,source_article,logical_fallacies,text_vi
edu,"company's slogan ""Expect More. Pay Less.""",appeal to emotion,"Slogan của công ty là 'Mong đợi nhiều hơn, trả ít hơn'."
edu,"The bigger a child's shoe size, the better the child's handwriting",false causality,Bàn chân trẻ em càng to thì chữ viết càng đẹp.
edu,"Since many people believe this, then it must be true",ad populum,"Vì nhiều người tin điều đó, nên nó chắc chắn là đúng."
edu,Senator Randall isn't lying when she says she cares about her constituents—she wouldn't lie to people she cares about.,circular reasoning,"Thượng nghị sĩ Randall không nói dối khi bà ấy bảo quan tâm đến cử tri, vì bà ấy sẽ chẳng bao giờ nói dối những người mà mình quan tâm."
edu,"A mother is telling her daughter that she went over her data for the month, and the daughter begins telling her mother about getting an A on a math test.",fallacy of relevance,"Người mẹ đang trách con gái về việc dùng quá dung lượng data, còn cô con gái thì lảng tránh sang chuyện vừa được điểm A môn Toán."
edu,A mother tells her children not to leave the yard because there might be wild animals in the woods.,appeal to emotion,Người mẹ dặn các con không được ra khỏi sân vì sợ trong rừng có thú dữ.
edu,"If we ban Hummers because they are bad for the environment, eventually the government will ban all cars, so we should not ban Hummers.",faulty generalization,"Nếu chúng ta cấm xe Hummer vì nó gây hại cho môi trường, thì chẳng mấy chốc chính phủ sẽ cấm tiệt mọi loại xe, nên chúng ta không nên cấm xe Hummer."
edu,very time Joe goes swimming he is wearing his Speedos. Something about wearing that Speedo must make him want to go swimming.,false causality,"Mỗi lần Joe đi bơi, anh ấy đều mặc quần bơi Speedo. Chắc hẳn phải có điều gì đó trong chiếc quần Speedo khiến anh ấy muốn đi bơi."
edu,"""You were late tonight. You must be cheating!""",faulty generalization,"Bạn đến muộn tối nay, chắc chắn là bạn đang ngoại tình rồi!"
edu,"Every time I go to sleep, the sun goes down. Therefore, my sleeping causes the sun to set.",false causality,"Mỗi lần tôi đi ngủ thì mặt trời lặn. Vậy nên, việc tôi đi ngủ chính là nguyên nhân làm mặt trời lặn."
edu,"Makes people feel as though everyone is doing it, so they should too.",ad populum,"Khiến mọi người cảm thấy như ai cũng đang làm vậy, nên mình cũng phải làm theo thôi."
edu,You oppose a senator's proposal to extend government-funded health care to poor minority children because that senator is a liberal Democrat.,ad hominem,Bạn phản đối đề xuất của thượng nghị sĩ về việc mở rộng bảo hiểm y tế do chính phủ tài trợ cho trẻ em nghèo thuộc các nhóm thiểu số chỉ vì thượng nghị sĩ đó là người thuộc Đảng Dân chủ cấp tiến.
edu,"Child: This fish tastes funny. I don’t want to eat this.
Parent: There are children starving in Africa. Eat your dinner.",fallacy of relevance,"Con: Cá này vị lạ lắm, con không muốn ăn đâu.
Cha mẹ: Ở châu Phi đang có biết bao đứa trẻ chết đói kìa. Ăn tối đi."
edu,"John: I think we should hire someone to redesign our website.
Lola: You're saying we should throw our money away on external resources instead of building up our in-house design team? That's going to hurt our company in the long run.",fallacy of extension,"John: Tôi nghĩ chúng ta nên thuê người thiết kế lại trang web.
Lola: Ý anh là chúng ta nên ném tiền qua cửa sổ cho bên ngoài thay vì xây dựng đội ngũ thiết kế nội bộ à? Việc đó sẽ làm hại công ty về lâu dài đấy."
edu,"""Beware of appeals made only to your feelings and not to your logic.""",appeal to emotion,"""Hãy cảnh giác với những lời kêu gọi chỉ đánh vào cảm xúc mà thiếu đi logic."""
edu,"taps into people's desire to belong to a group. ""Everyone else is doing it!""",ad populum,"Tận dụng khao khát được thuộc về một nhóm của con người. ""Ai cũng đang làm thế cả!"""
edu,Science shows us that improved quality of life comes through research and invention.,equivocation,Khoa học chứng minh rằng chất lượng cuộc sống được cải thiện là nhờ nghiên cứu và phát minh.
edu,"Prof. Jones: ""The university just cut our yearly budget by $10,000."" Prof. Smith: ""What are we going to do?"" Prof. Brown: ""I think we should eliminate one of the teaching assistant positions. That would take care of it."" Prof. Jones: ""We could reduce our scheduled raises instead."" Prof. Brown: "" I can't understand why you want to bleed us dry like that, Jones.""",fallacy of extension,"Giáo sư Jones: ""Trường vừa cắt giảm 10.000 đô ngân sách hàng năm của chúng ta."" Giáo sư Smith: ""Chúng ta phải làm gì đây?"" Giáo sư Brown: ""Tôi nghĩ nên cắt giảm một vị trí trợ giảng là ổn."" Giáo sư Jones: ""Chúng ta có thể giảm mức tăng lương đã lên lịch."" Giáo sư Brown: ""Tôi không hiểu sao anh lại muốn vắt kiệt chúng ta như vậy, Jones."""
edu,uses irrelevant information or other techniques to distract from the argument at hand,fallacy of relevance,Sử dụng các thông tin không liên quan hoặc các chiêu trò khác để đánh lạc hướng khỏi luận điểm chính.
edu,"If Joe eats greasy food, he will feel sick.
Joe feels sick.
Therefore, Joe ate greasy food.",fallacy of logic,"Nếu Joe ăn đồ dầu mỡ, anh ấy sẽ thấy buồn nôn.
Joe thấy buồn nôn.
Vì vậy, Joe đã ăn đồ dầu mỡ."
edu,"The student didn't want to participate in the beach cleanup. Later, the student's advisor says ""I can't believe she doesn't believe in climate change"".",fallacy of extension,"Sinh viên đó không muốn tham gia dọn dẹp bãi biển, rồi cố vấn của cô ấy lại bảo 'Tôi không thể tin là nó không tin vào biến đổi khí hậu'."
edu,"This herbal supplement is made from a plant that grows in Zambia. It must be healthier than taking that medication, which is full of chemicals I can't pronounce.",fallacy of credibility,"Thực phẩm chức năng này làm từ một loại cây ở Zambia, chắc chắn nó phải lành tính hơn mấy loại thuốc toàn hóa chất mà tôi còn chẳng đọc nổi tên."
edu,"I know the Professor said that the Bridges of Madison County was smarmy trash and lacked any artistic worth. But I still think he's wrong. After all, it was on the best-seller list for over 100 weeks.

Identify the logical fallacy commited in this argument.",ad populum,"Tôi biết Giáo sư chê 'Bridges of Madison County' là thứ rác rưởi sến súa, chẳng có giá trị nghệ thuật gì. Nhưng tôi vẫn thấy ông ấy sai. Suy cho cùng, nó đã nằm trong danh sách bán chạy suốt hơn 100 tuần cơ mà."
edu,Those who believe in behavior modification obviously want to try to control everyone by subjecting them to rewards and punishments.,fallacy of extension,Những kẻ tin vào thuyết điều chỉnh hành vi rõ ràng là muốn kiểm soát tất cả mọi người thông qua việc thưởng phạt.
edu,"If taxes are lowered, I will have more money to spend.
I have more money to spend.
Therefore, taxes must have been lowered.",fallacy of logic,"Nếu giảm thuế, tôi sẽ có nhiều tiền để tiêu hơn. Tôi đang có nhiều tiền để tiêu. Vậy nên, chắc chắn là thuế đã được giảm."
edu,"If there is no freewill, then we are not ultimately in control of our actions. If this is true, our entire system of justice would be seriously flawed. This would be very bad; therefore, freewill must exist.",appeal to emotion,"Nếu không có ý chí tự do, chúng ta không thực sự làm chủ hành động của mình. Nếu điều này đúng, cả hệ thống tư pháp sẽ đổ bể hoàn toàn. Điều đó thật tồi tệ; vì vậy, ý chí tự do nhất định phải tồn tại."
edu,Students never used to have cell phones so they don't need them now.,fallacy of credibility,"Ngày xưa học sinh làm gì có điện thoại, nên bây giờ chúng cũng đâu có cần."
edu,All football players are dumb jocks.,faulty generalization,Mấy gã chơi bóng bầu dục thì đầu óc chỉ toàn bã đậu.
edu,"""My cousin said her Math class was hard. The one that I’m in is hard too. All Math classes must be hard.""
This statement is an example of…",faulty generalization,Em họ tôi bảo lớp Toán của nó khó. Lớp tôi học cũng khó. Suy ra tất cả các lớp Toán đều khó.
edu,"""In his class president election video, he called his student opponent 'a brown-nosing, suck up who only wanted to get on the teacher's good side,' which got him disqualified"" IS an example of THIS fallacy.",ad hominem,"Trong video tranh cử chủ tịch lớp, cậu ta gọi đối thủ là 'đồ nịnh hót, chỉ biết bợ đỡ giáo viên', việc đó khiến cậu ta bị truất quyền thi đấu là một ví dụ cho ngụy biện này."
edu,"Jack: I have tiny, invisible unicorns living in my anus.
Nick: How do you figure?
Jack: Can you prove that I don't?
Nick: No.
Jack: Then I do.
",intentional,"Jack: Tôi có mấy con kỳ lân tàng hình siêu nhỏ sống trong hậu môn của tôi đây này.
Nick: Sao bạn biết?
Jack: Bạn có chứng minh được là tôi không có không?
Nick: Không.
Jack: Thế thì tức là tôi có rồi nhé.
"
edu,Dismissing someone's viewpoint on an issue because he himself is inconsistent in that very thing.,ad hominem,Gạt bỏ quan điểm của người khác về một vấn đề chỉ vì chính họ cũng không nhất quán với điều đó.
edu,Using the second amendment as justification to allow civilians to own nuclear submarines.,faulty generalization,Dùng Tu chính án thứ hai làm cái cớ để cho phép dân thường sở hữu cả tàu ngầm hạt nhân.
edu,"Your brain is made of molecules.  Molecules are not the source of consciousness.  Therefore, your brain cannot be the source of consciousness.",faulty generalization,"Não bạn cấu tạo từ các phân tử. Phân tử thì không tạo ra ý thức. Thế nên, não bạn không thể là nguồn gốc của ý thức được."
edu,"The “prophet” Nostradamus wrote about 500 years ago:

Beasts wild with hunger will cross the rivers,
The greater part of the battle will be against Hister.
He will cause great men to be dragged in a cage of iron,
When the son of Germany obeys no law.

Surely he must have had some vision of Hitler!",intentional,"Ông “tiên tri” Nostradamus từng viết cách đây 500 năm:

Thú hoang đói khát sẽ băng qua những dòng sông,
Phần lớn cuộc chiến sẽ nhắm vào Hister.
Hắn sẽ lôi những bậc đại nhân vào lồng sắt,
Khi đứa con nước Đức chẳng còn tuân theo luật lệ nào.

Chắc chắn là ông ta phải có linh cảm gì đó về Hitler rồi!"
edu,"You’re a vegetarian? You do realize that Hitler was a vegetarian, too?",ad hominem,Bạn ăn chay á? Bạn có biết là Hitler cũng ăn chay không?
edu,An opinion article in a campus newspaper states that in an all-campus survey 95% of students think that tuition should be lowered and therefore tuition should be lowered immediately.,ad populum,"Một bài báo ý kiến trên tờ báo trường cho rằng trong một cuộc khảo sát toàn trường, 95% sinh viên muốn giảm học phí, vì thế học phí nên được giảm ngay lập tức."
edu,"""I am a great leader because I make great leadership decisions. The proof that I make great leadership decisions is that I am a great leader, and that's what leaders do."" What is this?",circular reasoning,"""Tôi là một lãnh đạo tuyệt vời vì tôi đưa ra những quyết định lãnh đạo tuyệt vời. Bằng chứng là tôi đưa ra những quyết định tuyệt vời vì tôi là một lãnh đạo tuyệt vời, và đó là điều một lãnh đạo làm."" Đây là lỗi gì nhỉ?"
edu,Mayor Blake wants to create more bicycle lanes in Lowell. Why is he forcing us to give up our cars and bike everywhere?,fallacy of extension,Thị trưởng Blake muốn làm thêm làn đường cho xe đạp ở Lowell. Tại sao ông ta lại ép chúng ta phải bỏ xe hơi để đi xe đạp khắp nơi chứ?
edu,You should give me a promotion. I have a lot of debt and am behind on my rent.,appeal to emotion,Sếp nên thăng chức cho tôi đi. Tôi đang nợ nần chồng chất và còn chưa đóng tiền thuê nhà đây này.
edu,All women care about are their looks.,faulty generalization,Phụ nữ thì chỉ quan tâm đến ngoại hình thôi.
edu,"Either support gun confiscation or have the government provide everyone with his own private nuclear warhead, you decide which one.",false dilemma,"Hoặc là ủng hộ tịch thu súng, hoặc là để chính phủ cấp cho mỗi người một đầu đạn hạt nhân cá nhân, ông chọn cái nào?"
edu,"Either we go to war, or we appear weak",false dilemma,"Hoặc chúng ta xuất quân, hoặc là chúng ta tỏ ra yếu đuối."
edu,", tax relief instead of tax cut, or death tax instead of estate tax)",appeal to emotion,"Gọi là giảm thuế thay vì cắt giảm thuế, hay thuế tử thi thay vì thuế di sản"
edu,"If we teach anton how to drive the car, he’ll want to learn how to fly helicopters next!",faulty generalization,"Nếu dạy cho Anton cách lái xe ô tô, thì tới đây nó sẽ lại đòi học lái trực thăng đấy!"
edu,Students should not be allowed to park in lots now reserved for faculty because those lots should be for faculty only.,circular reasoning,Sinh viên không nên được phép đỗ xe ở bãi dành cho giảng viên vì những bãi đó chỉ nên dành cho giảng viên thôi.
edu,Not tipping your waiter is like stealing money right out of someone's wallet.,fallacy of logic,Không boa cho bồi bàn chẳng khác nào móc túi lấy tiền của người khác cả.
edu,You have to give me a passing grade. I spent 150 hours on that project and missed every party this quarter.,appeal to emotion,Thầy phải cho em điểm qua môn thôi. Em đã dành 150 tiếng cho dự án đó và bỏ lỡ mọi bữa tiệc trong học kỳ này rồi.
edu,"A study was done recently showing that church attendance was positively correlated with marriage longevity, that is, those couples who attended church together more often were more likely to stay married. This really should not be a surprise considering the general view of divorce within religion. What this does not mean is that any given couple who does not attend church is more likely to get divorced than any given couple that does attend church.",faulty generalization,"Một nghiên cứu gần đây cho thấy việc đi nhà thờ có liên quan tích cực đến độ bền của hôn nhân, nghĩa là những cặp đôi đi nhà thờ cùng nhau thường xuyên hơn thì có xu hướng gắn bó với nhau lâu hơn. Điều này thực sự không có gì đáng ngạc nhiên nếu xét đến quan điểm chung về ly hôn trong tôn giáo. Tuy nhiên, điều này không có nghĩa là bất kỳ cặp đôi nào không đi nhà thờ cũng sẽ có khả năng ly hôn cao hơn cặp đôi có đi nhà thờ."
edu,Circular reasoning occurs when someone makes an argument in which both the premises and the conclusion have to rely on the truthfulness of the other.,circular reasoning,Lập luận vòng quanh xảy ra khi một người đưa ra một lý lẽ mà trong đó cả tiền đề và kết luận đều phải dựa vào tính đúng đắn của nhau.
edu,AttP 1: Jenny & Bert's Economy Conversation,ad populum,Tranh luận 1: Cuộc hội thoại kinh tế của Jenny và Bert
edu,Allowing gay marriage puts us on the way to polygamy and bestiality,faulty generalization,Nếu cho phép hôn nhân đồng giới thì chúng ta sẽ sớm tiến tới đa thê và thú tính thôi.
edu,"Debate moderator: ""What will you do to fix the economic crisis?"" Candidate: ""It's important to focus on what started this crisis to begin with. My opponent...""",fallacy of relevance,Người điều phối: 'Ông sẽ làm gì để giải quyết khủng hoảng kinh tế?' Ứng viên: 'Quan trọng là phải tập trung vào nguyên nhân gốc rễ. Còn đối thủ của tôi thì...'
edu,"""I used to have that haircut. Then my mom got a job.""",ad hominem,"Hồi trước tôi cũng để kiểu tóc đó, xong rồi mẹ tôi đi làm."
edu,"My opponent suggests that lowering taxes will be a good idea -- this is coming from a woman who eats a pint of Ben and Jerry’s each night!
Mi oponente sugiere que bajar los impuestos será una buena idea, ¡esto viene de una mujer que se come una pinta de Ben y Jerry cada noche!",ad hominem,Đối thủ của tôi cho rằng giảm thuế là ý hay – nghe từ một người mỗi tối ăn hết cả hộp kem Ben & Jerry thì tin sao được!
edu,"All useless laws, such as Reform Bill 13, should be repealed.",circular reasoning,Tất cả các đạo luật vô ích như Dự luật Cải cách 13 đều cần phải bị bãi bỏ.
edu,"FlatSam: Common sense tells us that if the earth were a sphere, people on the bottom would fall off.
ReasonEric: I don’t think you get to reference something you clearly don’t have.
",intentional,FlatSam: Lẽ thường cho thấy nếu Trái đất hình cầu thì người ở dưới đáy phải rơi ra ngoài chứ. ReasonEric: Tôi không nghĩ bạn có tư cách để nhắc đến 'lẽ thường' khi bạn rõ ràng là không có nó.
edu,I work out in the morning because it worked for my friend.,faulty generalization,Tôi tập thể dục buổi sáng vì cách đó đã hiệu quả với bạn tôi.
edu,"The flu vaccine comes out every year just before the holidays, then people go and spend a lot of money. Therefore, businesses are secretly using the flu vaccine as a mind control device to increase holiday spending.",false causality,"Vắc-xin cúm ra mắt hằng năm trước kỳ nghỉ lễ, đúng lúc mọi người đổ xô đi mua sắm. Vì thế, các doanh nghiệp đang âm thầm dùng vắc-xin cúm như một thiết bị kiểm soát tâm trí để thúc đẩy tiêu dùng dịp lễ."
edu,"I am committed to preserving traditional marriage, the union of one man and one woman.",fallacy of credibility,"Tôi cam kết bảo vệ hôn nhân truyền thống, là sự kết hợp giữa một người đàn ông và một người phụ nữ."
edu,"John: We should oppose any attempt to register firearms. Such regulation is the first step to confiscation of all weapons and the elimination of our constitutional right to bear arms.

Ted: This is preposterous. Many things in society are registered, such as cars, babies, boats, and lanes, yet these items have never been confiscated.",faulty generalization,"John: Chúng ta phải phản đối mọi nỗ lực đăng ký súng đạn. Quy định này chính là bước đầu dẫn đến việc tịch thu toàn bộ vũ khí và tước bỏ quyền sở hữu vũ khí hợp hiến của chúng ta.

Ted: Thật nực cười. Xã hội đăng ký rất nhiều thứ như ô tô, trẻ sơ sinh, tàu thuyền, làn đường, nhưng có bao giờ những thứ đó bị tịch thu đâu."
edu,"John says that Kentucky will beat Florida, but John sometimes lies, so I'm not sure.",ad hominem,"John nói rằng Kentucky sẽ thắng Florida, nhưng John thỉnh thoảng hay nói dối nên tôi cũng không chắc lắm."
edu,"A fallacy of relevance where someone rejects or criticizes another person’s view on the basis of personal characteristics, background, physical appearance, or other features irrelevant to the",ad hominem,"Một lỗi ngụy biện về sự liên quan khi một người bác bỏ hoặc chỉ trích quan điểm của người khác dựa trên đặc điểm cá nhân, xuất thân, ngoại hình hoặc các đặc điểm khác không liên quan đến vấn đề đang tranh luận."
edu,"Nature gives people diseases and sickness; therefore, it is morally wrong to interfere with nature and treat sick people with medicine.",fallacy of credibility,"Tự nhiên gây ra bệnh tật cho con người; vì vậy, can thiệp vào tự nhiên và dùng thuốc chữa bệnh cho người đau ốm là sai trái về mặt đạo đức."
edu,Having a television rating system is like being in prison.  Both infringe on one's rights.,faulty generalization,Việc áp dụng hệ thống xếp hạng truyền hình cũng giống như ở tù vậy. Cả hai đều xâm phạm quyền tự do cá nhân.
edu,“There aren’t any good restaurants in Sydney; I tried two and they were both horrible.”,faulty generalization,Ở Sydney không có nhà hàng nào ra hồn cả; tôi đã thử hai quán và cả hai đều dở tệ.
edu,"I hear the rain falling outside my window; therefore, the sun is not shining.",fallacy of logic,"Tôi nghe tiếng mưa rơi bên ngoài cửa sổ; vì vậy, mặt trời không thể đang chiếu sáng được."
edu,"""I stay away from those gatherings because I don't want to be brainwashed.""",circular reasoning,Tôi tránh xa những buổi tụ tập đó vì tôi không muốn bị tẩy não.
edu,"If Mom didn't turn off the air conditioner, then clearly she must be too hot.",false dilemma,"Nếu mẹ không tắt điều hòa, thì rõ ràng là mẹ đang bị nóng quá rồi."
edu,"Mike: It is morally wrong to cheat on your spouse, why on earth would you have done that?
Ken: But what is morality exactly?
Mike: It’s a code of conduct shared by cultures.
Ken: But who creates this code?...",fallacy of relevance,"Mike: Ngoại tình là trái đạo đức, tại sao cậu lại làm thế?
Ken: Nhưng chính xác thì đạo đức là gì?
Mike: Đó là bộ quy tắc ứng xử được các nền văn hóa chia sẻ.
Ken: Nhưng ai là người tạo ra bộ quy tắc đó?..."
edu,"Charlie: Illegal posting and sharing of songs online is crippling the music industry.
Bob: You couldn’t be more wrong; the music industry is doing just fine. I can’t believe you think the government should be allowed to regulate what I share with my “friends.” No one wants a world where I can’t loan a book to my girlfriend, let my roommate borrow my iPod, or share a funny meme with my blog followers.",fallacy of extension,"Charlie: Việc đăng tải và chia sẻ nhạc bất hợp pháp đang làm tê liệt ngành công nghiệp âm nhạc. Bob: Bạn sai hoàn toàn rồi, ngành âm nhạc vẫn đang phát triển tốt đấy thôi. Tôi không thể tin là bạn lại nghĩ chính phủ được phép kiểm soát những gì tôi chia sẻ với “bạn bè” của mình. Chẳng ai muốn sống trong một thế giới mà tôi không thể cho bạn gái mượn một cuốn sách, cho bạn cùng phòng mượn iPod, hay chia sẻ một meme vui nhộn với những người theo dõi blog của mình."
edu,"""We've got to stop them from banning poetry. Once they start banning one form of literature, they will never stop. Next thing you know, they will be burning all the books!"" Ammar demanded.",faulty generalization,"“Chúng ta phải ngăn chặn việc họ cấm thơ ca. Một khi họ bắt đầu cấm một loại hình văn học, họ sẽ không bao giờ dừng lại. Rồi bạn xem, tiếp theo họ sẽ đốt sạch mọi cuốn sách cho mà xem!” Ammar khẳng định."
edu,"Mayor: During my previous term as mayor my staff and I spent a great deal of time focusing on our city’s economy, and unemployment reached an all-time high as a result. So clearly you should support my re-election campaign if you are among those still looking for a job.",fallacy of logic,"Thị trưởng: Trong nhiệm kỳ trước, tôi và đội ngũ đã dành rất nhiều thời gian tập trung vào kinh tế thành phố, và kết quả là tỷ lệ thất nghiệp đã đạt mức cao kỷ lục. Vậy nên rõ ràng bạn nên ủng hộ chiến dịch tái tranh cử của tôi nếu bạn là một trong những người vẫn đang tìm việc làm."
edu,"Sometimes kids ride skateboards and fall off, breaking their arms or legs. Clearly, riding a skateboard is extremely dangerous. Don’t you think skateboards should be banned?",appeal to emotion,"Đôi khi bọn trẻ trượt ván rồi ngã, dẫn đến gãy tay hoặc chân. Rõ ràng, trượt ván là cực kỳ nguy hiểm. Bạn không nghĩ là nên cấm ván trượt sao?"
edu,Fortnite is the best game ever. Everyone is playing it!,ad populum,Fortnite là trò chơi hay nhất mọi thời đại. Ai ai cũng đang chơi nó cả!
edu,"Several years ago, a group of 10 psychologists started a psychology training program. Each of those psychologists is efficient, effective, and highly-regarded. Their training program must be efficient, effective, and highly-regarded.",faulty generalization,"Vài năm trước, một nhóm 10 nhà tâm lý học đã thành lập một chương trình đào tạo tâm lý. Mỗi nhà tâm lý học trong nhóm đều làm việc hiệu quả, chuyên nghiệp và có uy tín cao. Vậy nên chương trình đào tạo của họ chắc chắn phải hiệu quả, chuyên nghiệp và có uy tín cao."
edu,Don't listen to her advice about math. She doesn't even know how to tie her own shoes!,ad hominem,Đừng nghe lời khuyên về toán học của cô ta. Đến việc tự buộc dây giày cô ta còn chẳng biết nữa là!
edu,George Bush is a good communicator because he speaks effectively.,circular reasoning,George Bush là một người giao tiếp giỏi vì ông ấy nói chuyện rất hiệu quả.
edu,The Supreme Court has just flinched from its responsibility to stop the unjust jailing of two journalists―not charged with any wrongdoing―by a runaway prosecutor who will go to any lengths to use the government's contempt power to force them to betray their confidential sources.,appeal to emotion,"Tối cao Pháp viện vừa né tránh trách nhiệm trong việc ngăn chặn hành vi bỏ tù bất công đối với hai nhà báo – những người không hề phạm tội – bởi một công tố viên lạm quyền, kẻ sẵn sàng làm mọi cách để sử dụng quyền lực khinh thường tòa án của chính phủ nhằm ép buộc họ phản bội các nguồn tin mật của mình."
edu,You can either support our police or Black Lives Matter.,false dilemma,Bạn chỉ có thể chọn ủng hộ cảnh sát hoặc ủng hộ Black Lives Matter.
edu,"An abusive attack against someone making the argument, instead of the argument itself, is called a/an",ad hominem,Việc công kích cá nhân thay vì tập trung vào nội dung tranh luận được gọi là gì nhỉ?
edu,"Jon: Why should I bother exercising while my spouse is on vacation stuffing her face with food.
",appeal to emotion,Jon: Tại sao tôi phải tập thể dục trong khi vợ tôi đang đi nghỉ mát và ăn uống thả ga cơ chứ.
edu,"Speaker 1: I think the idea of a moral law requires the existence of a lawgiver (i.e. God).
Speaker 2: Of course you would say that. You’re a Christian. Why should we listen to you?",ad hominem,"Người nói 1: Tôi nghĩ khái niệm đạo đức đòi hỏi phải có một người đặt ra luật lệ (tức là Chúa).
Người nói 2: Tất nhiên là cậu phải nói thế rồi, vì cậu là người theo đạo mà. Tại sao chúng tôi phải nghe cậu?"
edu,The latest craze or fad; everyone has to have it.,ad populum,Cơn sốt hay trào lưu mới nhất; ai cũng phải có bằng được.
edu,Ms. Baker assigned me a lot of homework because she’s a witch!,ad hominem,Cô Baker giao cho tôi đống bài tập này vì cô ta là một mụ phù thủy!
edu,"""I don't know how to complete my geometry homework tonight; I probably can't pass the course since I can't do this one assignment.""",faulty generalization,"""Tôi không biết làm bài tập hình học tối nay; chắc tôi trượt môn này mất vì không làm nổi bài tập này."""
edu,"TOPIC: Should people let their cats go outside?
DEBATE: ""People should let their cats go outside. Going outside gives cats more exercise.""
""Speaking of exercise, have you ever played 'Just Dance'? What a great workout!""",fallacy of relevance,"CHỦ ĐỀ: Mọi người có nên để mèo ra ngoài không?
TRANH LUẬN: ""Mọi người nên để mèo ra ngoài. Việc đó giúp mèo tập thể dục nhiều hơn.""
""Nhắc đến tập thể dục, bạn đã chơi 'Just Dance' bao giờ chưa? Bài tập đó hay thật đấy!"""
edu,Three congressional representatives have had affairs. Members of Congress are adulterers.,faulty generalization,Ba nghị sĩ quốc hội đã ngoại tình. Vậy nên các thành viên Quốc hội đều là kẻ ngoại tình cả.
edu,"""Because everybody thinks this way, it must be right.""",ad populum,"""Vì ai cũng nghĩ như vậy nên điều đó chắc chắn là đúng."""
edu,That answer you just gave cannot be right because you are always so rude.,ad hominem,Câu trả lời của cậu vừa rồi không thể đúng được vì lúc nào cậu cũng thô lỗ như thế.
edu,I am voting for Smith for President because the rest of my family is voting for him.,ad populum,Tôi bầu cho Smith làm Tổng thống vì cả nhà tôi ai cũng bầu cho ông ấy.
edu,"Jimmy Swaggart argued strongly against sexual immorality, yet while married, he has had several affairs with prostitutes; therefore, sexual immorality is acceptable.",ad hominem,"Jimmy Swaggart rao giảng đạo đức tình dục gắt gao nhưng chính ông ta lại ngoại tình với gái mại dâm khi đã kết hôn; vậy nên, ngoại tình là chuyện bình thường."
edu,"If you break your diet and have one cookie tonight, you will just want to eat 10 cookies tomorrow, and before you know it, you will have gained back the 15 pounds you lost. This is an example of which logical fallacy?",faulty generalization,"Nếu tối nay bạn phá lệ ăn một cái bánh quy, ngày mai bạn sẽ muốn ăn 10 cái, rồi chẳng mấy chốc mà tăng lại đúng 15 cân đã giảm. Đây là ví dụ của loại ngụy biện nào?"
edu,"Power lines cause cancer.  I met a little boy with cancer who lived just 20 miles from a power line who looked into my eyes and said, in his weak voice, “Please do whatever you can so that other kids won’t have to go through what I am going through.”  I urge you to vote for this bill to tear down all power lines and replace them with monkeys on treadmills.",appeal to emotion,"Đường dây điện gây ung thư. Tôi từng gặp một cậu bé bị ung thư sống cách đường dây điện 20 dặm, cậu nhìn vào mắt tôi và nói bằng chất giọng yếu ớt: “Xin hãy làm mọi cách để những đứa trẻ khác không phải chịu đựng nỗi đau như cháu”. Tôi kêu gọi mọi người bỏ phiếu cho dự luật dỡ bỏ toàn bộ đường dây điện để thay bằng lũ khỉ chạy trên máy tập."
edu,"Don't ever gamble! Once you start, you won't be able to stop, and you'll end up bankrupt.",faulty generalization,"Đừng bao giờ chơi cá cược! Một khi đã bắt đầu, bạn sẽ không thể dừng lại và rồi sẽ khánh kiệt cho xem."
edu,Circular reasoning occurs when someone makes an argument in which both the premises and the conclusion have to rely on the truthfulness of the other.,circular reasoning,Lập luận vòng quanh xảy ra khi một người đưa ra lập luận mà cả tiền đề lẫn kết luận đều phải dựa vào tính đúng đắn của nhau.
edu,The writer or speaker intentionally misleads the audience by using a word with a double or ambiguous meaning.,equivocation,Người viết hoặc người nói cố tình đánh lạc hướng khán giả bằng cách sử dụng một từ có nghĩa kép hoặc mơ hồ.
edu,"I lost my phone in the living room, so it will always be in the living room when it is lost.",circular reasoning,"Tôi làm mất điện thoại trong phòng khách, nên mỗi khi mất thì nó chắc chắn sẽ luôn ở trong phòng khách."
edu,Everyone loves Post Malone and can name at least one of his songs! (This is an example of...),faulty generalization,Ai cũng mê Post Malone và có thể kể tên ít nhất một bài hát của anh ấy! (Đây là ví dụ của...)
edu,I can't understand why people are complaining that it's difficult to find a job in this job market. My daughter and I got jobs without any trouble.,faulty generalization,Tôi chẳng hiểu sao mọi người cứ kêu ca khó tìm việc trong thị trường này. Con gái tôi và tôi tìm việc dễ như chơi mà.
edu,This theory originally occurred to a scientist in the form of a dream; therefore it cannot be valid.,ad hominem,"Lý thuyết này bắt nguồn từ một giấc mơ của nhà khoa học, thế nên nó chắc chắn là không đúng rồi."
edu,"Thanks to her enduring popularity with employees, Ella Watson is the best-liked CEO in our company's history.",circular reasoning,"Nhờ vào sự yêu mến bền bỉ của nhân viên, Ella Watson chính là vị CEO được lòng người nhất trong lịch sử công ty chúng ta."
edu,"If you don’t like Lady Gaga, it’s because you hate women.",fallacy of extension,"Nếu bạn không thích Lady Gaga, nghĩa là bạn đang ghét phụ nữ đấy."
edu,"John: Can you please help me push my car to the side of the road until the tow truck comes?
Paul: Why push it to the side of the road?  Why not just leave it?
John: It is slowing down traffic unnecessarily where it is.
Paul: Many things slow down traffic—do you feel you need to do something about all them?
John: No, but this was my fault.
Paul: Was it really? Were you the direct cause of your car breaking down?
John: Are you going to help me move this damn car or not?!
",fallacy of relevance,"John: Cậu giúp tớ đẩy xe vào lề đường chờ xe cứu hộ với được không?
Paul: Sao phải đẩy vào lề? Để nguyên đó không được à?
John: Nó đang cản trở giao thông vô ích kìa.
Paul: Nhiều thứ cản trở giao thông lắm, thế cái gì cậu cũng phải giải quyết hết à?
John: Không, nhưng đây là lỗi của tớ.
Paul: Thế à? Cậu là nguyên nhân trực tiếp khiến xe hỏng đấy à?
John: Rốt cuộc cậu có định giúp tớ đẩy cái xe này không thì bảo?!"
edu,Billy murdered all those people because I spanked him when he was a child.,false causality,Billy thảm sát tất cả những người đó là vì hồi nhỏ tôi đã từng đánh đòn nó.
edu,"Mormonism is one of the fastest growing sects of Christianity today so that whole story about Joseph Smith getting the golden plates that, unfortunately, disappeared back into heaven, must be true!",ad populum,"Đạo Mormon hiện là một trong những giáo phái phát triển nhanh nhất của Kitô giáo, nên câu chuyện về việc Joseph Smith nhận những phiến vàng rồi chúng lại bay ngược lên trời chắc chắn phải là sự thật!"
edu,"Sandra tells her mom, ""I deserve to have a later curfew, so you should let me stay out until 10pm!""",circular reasoning,"Sandra nói với mẹ: ""Con xứng đáng có giờ giới nghiêm muộn hơn, nên mẹ phải cho con ở ngoài đến 10 giờ tối!"""
edu,"""Stephen Hawking in the smartest scientist on the planet, so if he says global warming is real, it must be true!""",fallacy of credibility,"Stephen Hawking là nhà khoa học thông minh nhất hành tinh, nên nếu ông ấy bảo biến đổi khí hậu là có thật thì chắc chắn nó là thật!"
edu,The Royals are promoting their team for the next season by telling people to come join the team because everyone else has.,ad populum,Đội Royals đang kêu gọi mọi người tham gia đội mùa giải tới bằng cách bảo rằng ai cũng đang gia nhập cả.
edu,He sometimes behaves violently when I am around him. I don't know what it is that I am doing to make him become so violent.,fallacy of logic,Anh ta thỉnh thoảng lại hành xử bạo lực khi có mặt tôi. Tôi không biết mình đã làm gì khiến anh ta trở nên bạo lực như thế.
edu,"While doing research for her debate topic on school uniforms, Sara discovered that a local elementary school survey indicated that 72% of its 1st graders wanted uniforms. She used this as evidence to support that all high schools should wear school uniforms.
What fallacy did Sara use here?",faulty generalization,"Khi nghiên cứu về chủ đề đồng phục học đường, Sara thấy một cuộc khảo sát tại trường tiểu học địa phương cho thấy 72% học sinh lớp 1 thích mặc đồng phục. Cô ấy dùng số liệu này làm bằng chứng để khẳng định rằng tất cả học sinh cấp 3 đều nên mặc đồng phục. Sara đã mắc lỗi ngụy biện gì?"
edu,Incorrectly thinking that one thing leads to another,false causality,Sai lầm khi cho rằng một sự việc tất yếu dẫn đến sự việc khác
edu,"The economy continues to grow as the number of “likes” on my Instagram account continue to increase. Clearly, the two are linked.",false causality,"Nền kinh tế đang tăng trưởng tỷ lệ thuận với số lượt ""like"" trên Instagram của tôi. Rõ ràng là hai thứ này có liên quan đến nhau."
edu,"If you accept that the story of Adam and Eve was figurative, then you will do the same for most of the Old Testament stories of similar literary styles. Once you are there, the New Testament and the story of Jesus does not make sense, which will lead you to believe that the resurrection of Jesus was a “spiritual” one. Once you accept that, you won’t be a Christian anymore; you will be a dirty atheist, then you will have no morals and start having sex with animals of a barnyard nature. So you better take the story of Adam and Eve literally, before the phrase, “that chicken looks delicious”, takes on a whole new meaning.",faulty generalization,"Nếu bạn chấp nhận rằng câu chuyện Adam và Eva là ẩn dụ, thì bạn cũng sẽ làm điều tương tự với hầu hết các câu chuyện trong Cựu Ước có phong cách văn học tương tự. Một khi đã đến bước đó, Tân Ước và câu chuyện về Chúa Jesus sẽ không còn ý nghĩa, điều này khiến bạn tin rằng sự phục sinh của Chúa Jesus chỉ là ""tâm linh"". Khi đã chấp nhận điều đó, bạn sẽ không còn là Kitô hữu nữa; bạn sẽ trở thành một kẻ vô thần bẩn thỉu, rồi bạn sẽ không còn đạo đức và bắt đầu quan hệ với động vật. Vì vậy, tốt nhất là bạn nên hiểu câu chuyện Adam và Eva theo nghĩa đen, trước khi câu nói ""con gà đó trông ngon quá"" mang một ý nghĩa hoàn toàn mới."
edu,Affirmative Action can never be fair or just. You cannot remedy one injustice by committing another.,circular reasoning,Hành động khẳng định (Affirmative Action) không bao giờ có thể công bằng hay chính đáng. Bạn không thể khắc phục một sự bất công bằng cách thực hiện một sự bất công khác.
edu,All my friends are doing a low carb diet. That must be the only way to lose weight so I will do it too.,ad populum,Tất cả bạn bè của tôi đều đang ăn kiêng low-carb. Đó hẳn là cách duy nhất để giảm cân nên tôi cũng sẽ làm theo.
edu,Canada is the best country to live in because it's better than the other countries!,circular reasoning,Canada là quốc gia tốt nhất để sinh sống vì nó tốt hơn các quốc gia khác!
edu,A mother who tells the pediatrician that she doesn't trust his judgment because he's never been a mother.,ad hominem,Một người mẹ nói với bác sĩ nhi khoa rằng bà không tin tưởng vào nhận định của ông ấy vì ông ấy chưa bao giờ làm mẹ.
edu,"""Florida is the most important state because it has sun and beaches.""",fallacy of extension,"""Florida là bang quan trọng nhất vì ở đó có nắng và bãi biển."""
edu,"Bertrand declares that a teapot is, at this very moment, in orbit around the Sun between the Earth and Mars, and that because no one can prove him wrong, his claim is therefore a valid one.",intentional,"Bertrand tuyên bố rằng một chiếc ấm trà hiện đang quay quanh Mặt trời giữa Trái đất và Sao Hỏa, và vì không ai có thể chứng minh ông ấy sai, nên tuyên bố của ông ấy là hợp lệ."
edu,People who wear glasses are smarter.,faulty generalization,Người đeo kính thường thông minh hơn.
edu,"""In its origins [AIDS] was entirely a disease of sodomites... That the first case was diagnosed a little over a decade after the so-called ""Gay Rights"" and ""Gay Pride"" movement gained momentum and force can hardly be coincidental."" - Harry Jaffa, Professor Emeritus of Political Philosophy at Claremont McKenna College",false causality,Nguồn gốc của AIDS hoàn toàn là bệnh của dân đồng tính... Việc ca bệnh đầu tiên được chẩn đoán chỉ hơn một thập kỷ sau khi cái gọi là phong trào 'Quyền đồng tính' và 'Tự hào đồng tính' trỗi dậy thì khó mà là ngẫu nhiên được.
edu,Order is necessary to justice because justice can only be achieved by a program of social and legal order.,circular reasoning,Trật tự là điều kiện cần cho công lý vì công lý chỉ có thể đạt được thông qua một chương trình trật tự pháp lý và xã hội.
edu,Everyone wants the iPhone 11 because it's the best phone on the market!,ad populum,Ai cũng muốn sở hữu iPhone 11 vì nó là chiếc điện thoại tốt nhất thị trường rồi!
edu,A parent who says that the teacher doesn't know how to teach because she graduated from a community college.,ad hominem,Một phụ huynh cho rằng giáo viên không biết dạy vì cô ấy chỉ tốt nghiệp trường cao đẳng cộng đồng.
edu,"Either God created the world or evolution happened.
Evolution happened.
Therefore, God did not create the world.",fallacy of logic,"Hoặc là Chúa tạo ra thế giới, hoặc là thuyết tiến hóa đã xảy ra. Thuyết tiến hóa đã xảy ra. Vậy nên, Chúa không tạo ra thế giới."
edu,"After Will said that we should put more money into health and education, Warren responded by saying that he was surprised that Will hates our country so much that he wants to leave it defenseless by cutting military spending.",fallacy of extension,"Sau khi Will đề xuất tăng ngân sách cho y tế và giáo dục, Warren đáp lại rằng anh ta ngạc nhiên khi Will lại ghét đất nước mình đến mức muốn bỏ mặc quốc phòng bằng cách cắt giảm ngân sách quân sự."
edu,Did your misleading claims result in you getting promoted?,intentional,Có phải những tuyên bố sai lệch đã giúp anh được thăng chức không?
edu,"America is the best place to live, because it's better than any other country. (This is a good example of...)",circular reasoning,"Nước Mỹ là nơi tuyệt vời nhất để sống, vì nó tốt hơn bất kỳ quốc gia nào khác."
edu,"Ivan: You cannot borrow my car because it turns back into a pumpkin at midnight.
Sidney: If you really think that, you’re an idiot.
Ivan: That is an ad hominem; therefore, I can’t be an idiot.
Sidney: I beg to differ.",fallacy of logic,Ivan: Cậu không thể mượn xe của tôi vì đến nửa đêm nó sẽ biến thành quả bí ngô đấy. Sidney: Nếu cậu thực sự tin vào điều đó thì cậu là đồ ngốc. Ivan: Đó là ngụy biện tấn công cá nhân; nên tôi không thể là đồ ngốc được. Sidney: Tôi lại không nghĩ vậy.
edu,Allowing people to possess guns is like giving a bomb to a bunch of kids.,fallacy of logic,Cho phép người dân sở hữu súng cũng giống như đưa bom cho một đám trẻ con vậy.
edu,A person hanging out in a bar will be an alcoholic,faulty generalization,Một người hay lui tới quán bar thì chắc chắn sẽ thành kẻ nghiện rượu.
edu,Joan is scratched by a cat while visiting her friend. Two days later she comes down with a fever. Joan concludes that the cat's scratch must be the cause of her illness.,false causality,Joan bị mèo cào khi sang nhà bạn chơi. Hai ngày sau cô ấy bị sốt. Joan kết luận rằng chính vết cào của con mèo là nguyên nhân gây ra bệnh của mình.
edu,The political commercials described the mayor as a “monster” who “hated babies” but they never discussed his plans for the city.,ad hominem,Các quảng cáo chính trị mô tả thị trưởng là một “con quái vật” chuyên “ghét trẻ con” nhưng chẳng bao giờ đả động gì đến các kế hoạch của ông ta cho thành phố.
edu,"If you accept that the story of Adam and Eve was figurative, then you will do the same for most of the Old Testament stories of similar literary styles.  Once you are there, the New Testament and the story of Jesus does not make sense, which will lead you to believe that the resurrection of Jesus was a “spiritual” one.  Once you accept that, you won’t be a Christian anymore; you will be a dirty atheist, then you will have no morals and start having sex with animals of a barnyard nature.  So you better take the story of Adam and Eve literally, before the phrase, “that chicken looks delicious”, takes on a whole new meaning.",faulty generalization,"Nếu bạn chấp nhận câu chuyện Adam và Eva chỉ là hình tượng, thì bạn cũng sẽ làm điều tương tự với hầu hết các câu chuyện trong Cựu Ước có văn phong tương tự. Một khi đã thế, Tân Ước và câu chuyện về Chúa Jesus sẽ trở nên vô nghĩa, dẫn đến việc bạn tin rằng sự phục sinh của Chúa Jesus chỉ là “sự phục sinh về mặt tinh thần”. Khi đã chấp nhận điều đó, bạn sẽ không còn là Kitô hữu nữa; bạn sẽ trở thành một kẻ vô thần bẩn thỉu, không còn đạo đức và bắt đầu quan hệ với động vật trong trang trại. Vì vậy, tốt nhất là bạn nên tin câu chuyện Adam và Eva theo nghĩa đen trước khi cụm từ “con gà đó trông ngon quá” mang một ý nghĩa hoàn toàn mới."
edu,Of course Lou would want to go biking on field trip day - biking is the only thing he ever does! He shouldn't be allowed to choose an activity.,ad hominem,Tất nhiên là Lou muốn đi đạp xe vào ngày dã ngoại rồi - đạp xe là thứ duy nhất nó biết làm! Nó không nên được phép tự chọn hoạt động.
edu,Force people to choose between two extreme choices intentionally ignoring the whole spectrum of other possibilities.,false dilemma,Ép buộc mọi người chọn giữa hai thái cực và cố tình phớt lờ toàn bộ dải các khả năng khác.
edu,"All lions are animals.
All cats are animals.
Therefore, all lions are cats.",fallacy of logic,"Mọi con sư tử đều là động vật. Mọi con mèo đều là động vật. Vậy nên, mọi con sư tử đều là mèo."
edu,My neighbor’s child was kidnapped while playing alone in her yard. My city must be a dangerous place for children.,faulty generalization,Con của hàng xóm nhà tôi bị bắt cóc khi đang chơi một mình ngoài sân. Thành phố của tôi chắc chắn là một nơi nguy hiểm cho trẻ em.
edu,"All the popular guys at school are dyeing their hair purple, so you should, too!",ad populum,"Mấy đứa nổi tiếng ở trường đều nhuộm tóc màu tím cả rồi, nên cậu cũng phải nhuộm đi thôi!"
edu,Suggesting that John F. Kennedy won the presidency over Richard Nixon exclusively because of the debate on TV,false causality,Cho rằng John F. Kennedy thắng cử trước Richard Nixon chỉ vì buổi tranh luận trên truyền hình.
edu,“The two courses I took at Harvard were not very interesting. I don't think it is a good university.”,faulty generalization,"Hai môn tôi học ở Harvard chẳng thú vị chút nào, nên tôi không nghĩ đó là một trường đại học tốt."
edu,"Richard Dawkins, an evolutionary biologist and perhaps the foremost expert in the field, says that evolution is true. Therefore, it's true.",fallacy of credibility,"Richard Dawkins, nhà sinh học tiến hóa và có lẽ là chuyên gia hàng đầu trong lĩnh vực này, khẳng định thuyết tiến hóa là đúng. Vì vậy, nó chắc chắn đúng."
edu,"If I went to the mall a polled 3 people, those opinions would not represent the opinions of the city population.",faulty generalization,"Nếu tôi đến trung tâm thương mại và khảo sát 3 người, thì ý kiến của họ chẳng thể đại diện cho quan điểm của toàn bộ dân cư thành phố."
edu,"If you forget to floss, you will get cavities, and if you get cavities, you will lose all your teeth by the time you're 30.",faulty generalization,"Nếu bạn quên dùng chỉ nha khoa, bạn sẽ bị sâu răng, và nếu bị sâu răng, bạn sẽ rụng hết răng trước năm 30 tuổi."
edu,"""Some tall people recently vandalized the park, tall people are irresponsible.""",faulty generalization,"Một vài người cao đã phá hoại công viên gần đây, suy ra người cao thật vô trách nhiệm."
edu,"the analogy 'animal Auschwitz,' which compares the treatment of animals to the treatment of Jews, gays and other groups during the Nazi era.",fallacy of logic,"Phép ẩn dụ 'Auschwitz cho động vật', so sánh cách đối xử với động vật với cách đối xử với người Do Thái, người đồng tính và các nhóm khác trong thời kỳ Đức Quốc xã."
edu,"My mother has always told me not to drink milk after eating fish because she knows a friend whose skin got patched after drinking milk and eating fish together. Besides, many other people have told me the same thing so it must be true.",faulty generalization,"Mẹ tôi luôn bảo đừng uống sữa sau khi ăn cá vì mẹ biết một người bạn bị nổi mẩn sau khi ăn hai thứ đó cùng lúc. Hơn nữa, nhiều người khác cũng bảo thế nên chắc chắn là đúng rồi."
edu,Every severe recession follows a Republican Presidency; therefore Republicans are the cause of recessions.,false causality,Mọi cuộc suy thoái kinh tế nghiêm trọng đều diễn ra sau một nhiệm kỳ Tổng thống của Đảng Cộng hòa; vì vậy Đảng Cộng hòa là nguyên nhân gây ra suy thoái.
edu,"""Good source of Vitamin D""...*doesn't mention the terrible amounts of sugar.",intentional,Nguồn cung cấp Vitamin D dồi dào... nhưng chẳng hề nhắc đến lượng đường khổng lồ bên trong.
edu,"harmful atheists favor cloning, so cloning is wrong",ad hominem,"Những người vô thần nguy hại ủng hộ nhân bản vô tính, nên nhân bản vô tính là sai trái."
edu,"Based on a survey of 1000 American homeowners, 99% of those surveyed have two or more automobiles worth on average $100,000 each.  Therefore, Americans are very wealthy.",faulty generalization,"Dựa trên khảo sát 1000 chủ sở hữu nhà tại Mỹ, 99% người được hỏi có từ hai chiếc ô tô trở lên với giá trị trung bình 100.000 đô la mỗi chiếc. Do đó, người Mỹ rất giàu có."
edu,"Ted: Biological evolution is both a theory and a fact.

Edwin: That is ridiculous! How can you possibly be absolutely certain that we evolved from pond scum!",fallacy of extension,"Ted: Tiến hóa sinh học vừa là một lý thuyết, vừa là một sự thật.

Edwin: Thật nực cười! Làm sao anh có thể chắc chắn hoàn toàn rằng chúng ta tiến hóa từ đám bọt trong ao cơ chứ!"
edu,"“Eat great food at our restaurant, or eat sad, boring meals at home.”",false dilemma,"Hoặc là ăn đồ ăn tuyệt hảo tại nhà hàng của chúng tôi, hoặc là ăn những bữa ăn buồn chán, tẻ nhạt tại nhà."
edu,"My roommate wants to talk about cleaning out the garage, so I asked her what she wants to do with our patio furniture. Now she's shopping for new patio furniture and not asking me about the garage.",fallacy of relevance,"Bạn cùng phòng muốn bàn về việc dọn dẹp nhà để xe, nên tôi hỏi cô ấy muốn làm gì với bộ bàn ghế sân vườn. Giờ thì cô ấy đang đi mua bàn ghế mới thay vì hỏi tôi về cái nhà để xe nữa rồi."
edu,"""The majority of people are voting for John Doe, so he must be the best candidate.""",ad populum,"Đa số mọi người đều bầu cho John Doe, nên ông ấy chắc chắn là ứng cử viên tốt nhất."
edu,"""Your Honor, the defendant has been able to provide no strong evidence to prove his innocence; therefore, you must find him guilty.""",intentional,"Thưa tòa, bị cáo không đưa ra được bằng chứng đanh thép nào để chứng minh mình vô tội; do đó, ngài phải tuyên bị cáo có tội."
edu,gun registration would start us sliding into the unconstitutional morass of universal arms confiscation.,faulty generalization,Đăng ký súng sẽ khởi đầu cho sự trượt dài vào vũng lầy vi hiến của việc tịch thu vũ khí toàn diện.
edu,"Poetry is a based on rhythm, and music is based on rhythm, so isn't poetry a kind of music?",fallacy of logic,"Thơ ca dựa trên nhịp điệu, âm nhạc cũng dựa trên nhịp điệu, vậy chẳng phải thơ ca là một dạng của âm nhạc sao?"
edu,"If you don’t eat breakfast, you’ll slouch in your desk. If you slouch in your desk, you’ll hurt your back. If you hurt your back, you’ll never become President. What fallacy is being committed here?",faulty generalization,"Nếu cậu không ăn sáng, cậu sẽ ngồi gù lưng tại bàn. Nếu cậu ngồi gù lưng, cậu sẽ làm hỏng cột sống. Nếu cậu hỏng cột sống, cậu sẽ chẳng bao giờ trở thành Tổng thống. Đây là lỗi ngụy biện gì vậy?"
edu,"It is possible to fake the moon landing through special effects. Therefore, the moon landing was a fake using special effects.",fallacy of logic,"Hoàn toàn có thể dàn dựng việc đổ bộ lên mặt trăng bằng kỹ xảo điện ảnh. Vậy nên, việc đổ bộ lên mặt trăng chính là một sản phẩm dàn dựng bằng kỹ xảo."
edu,"""She's definitely a feminist; she watched the Democratic National Convention"" IS an example of this fallacy.",faulty generalization,"""Cô ấy chắc chắn là người ủng hộ nữ quyền; cô ấy đã xem Hội nghị Quốc gia của Đảng Dân chủ"" LÀ một ví dụ của ngụy biện này."
edu,"""The academic decathlon, Mr. Iglesias? That's a rich kid thing.""",false dilemma,"""Thi học thuật ư, thầy Iglesias? Mấy cái đó chỉ dành cho hội con nhà giàu thôi."""
edu,This is an example of which fallacy?,ad populum,Đây là ví dụ của loại ngụy biện nào?
edu,There is a lot of commotion regarding saving the environment. We cannot make this world an Eden. What will happen if it does become Eden? Adam and Eve got bored there!,fallacy of relevance,Đang có quá nhiều sự ồn ào về việc bảo vệ môi trường. Chúng ta không thể biến thế giới này thành vườn địa đàng được. Chuyện gì sẽ xảy ra nếu nó thực sự trở thành địa đàng? Adam và Eva đã chán ngấy ở đó rồi kìa!
edu,"If you don't pass this quiz, you will get a low grade. This will affect your score in the gradebook, you will fail Eng II. You will not graduate Highschool. You will not get a good job.",faulty generalization,"Nếu em không vượt qua bài kiểm tra này, em sẽ bị điểm thấp. Điều này sẽ ảnh hưởng đến kết quả trong sổ điểm, em sẽ trượt môn Anh II. Em sẽ không tốt nghiệp cấp ba. Em sẽ không tìm được một công việc tử tế."
edu,Santa has a red suit. My dad has a red suit. My dad must be Santa Claus! (This is an example of...),fallacy of logic,Ông già Noel mặc bộ đồ đỏ. Bố mình cũng mặc bộ đồ đỏ. Vậy chắc chắn bố mình là ông già Noel rồi! (Đây là ví dụ của...)
edu,Attributing the cause of World War II to only Adolf Hitler's hatred of the Jews,false causality,Quy kết nguyên nhân của Thế chiến thứ hai chỉ là do lòng thù hận của Adolf Hitler đối với người Do Thái.
edu,We should stop using hairspray because it is snowing in New York.,fallacy of logic,Chúng ta nên ngừng dùng keo xịt tóc vì ở New York đang có tuyết rơi.
edu,"Earl: Men don't cry
Jaquon: I cry all the time; it's healthy
Earl: Well, REAL men don't cry.
Jaquon: Earl, you should invest in some therapy.
Earl: Los hombres no lloran
Jaquon: lloro todo el tiempo; Es saludable
Earl: Bueno, los hombres REALES no lloran.
Jaquon: Earl, deberías invertir en terapia.",intentional,"Earl: Đàn ông thì không khóc
Jaquon: Tôi khóc suốt mà, điều đó tốt cho sức khỏe đấy
Earl: Chà, đàn ông THỰC THỤ thì không khóc.
Jaquon: Earl, cậu nên đi trị liệu tâm lý đi.
Earl: Đàn ông thì không khóc
Jaquon: Tôi khóc suốt mà; Điều đó thật lành mạnh
Earl: Chà, đàn ông THỰC THỤ thì không khóc.
Jaquon: Earl, cậu nên đi trị liệu tâm lý đi."
edu,"The report suggests that 'the rise in violent offending and the explosion in the sales of iPods and other portable media devices is more than coincidental,' and asks, rather provocatively, 'Is There an iCrime Wave?' The report notes that nationally, violent crime fell every year from 1993 to 2004, before rising in 2005 and 2006, just as 'America’s streets filled with millions of people visibly wearing, and being distracted by, expensive electronic gear.'",false causality,"Bản báo cáo cho rằng 'sự gia tăng các hành vi phạm tội bạo lực và sự bùng nổ doanh số của iPod cùng các thiết bị di động khác không đơn thuần là sự trùng hợp', và đặt ra một câu hỏi đầy khiêu khích: 'Liệu có một làn sóng iTội phạm hay không?'. Bản báo cáo ghi nhận rằng trên toàn quốc, tỷ lệ tội phạm bạo lực đã giảm liên tục từ năm 1993 đến 2004, trước khi tăng trở lại vào năm 2005 và 2006, đúng vào thời điểm 'đường phố nước Mỹ chật kín hàng triệu người đang đeo thiết bị điện tử đắt tiền và bị chúng làm cho xao nhãng'."
edu,"If you don’t agree to sign the labor agreement, we’ll fire you.",appeal to emotion,"Nếu bạn không đồng ý ký vào bản hợp đồng lao động, chúng tôi sẽ đuổi việc bạn."
edu,“My boss isn’t willing to increase the number of vacation days we get each year. That means she doesn’t care about our health. It’s wrong not to care about employees’ health. She should be replaced with someone who cares about the employees.”,fallacy of extension,Sếp tôi không chịu tăng số ngày nghỉ phép hàng năm. Điều đó có nghĩa là bà ấy chẳng quan tâm gì đến sức khỏe của chúng tôi cả. Thật sai trái khi không quan tâm đến sức khỏe nhân viên. Cần phải thay thế bà ấy bằng một người biết quan tâm đến nhân viên hơn.
edu,"Many people criticize Thomas Jefferson for being an owner of slaves. But Jefferson was one of our greatest presidents, and his Declaration of Independence is one of the most eloquent pleas for freedom and democracy ever written. Clearly these criticisms are unwarranted.",fallacy of relevance,"Nhiều người chỉ trích Thomas Jefferson vì ông là một chủ nô. Nhưng Jefferson là một trong những vị tổng thống vĩ đại nhất của chúng ta, và bản Tuyên ngôn Độc lập của ông là một trong những bản tuyên ngôn hùng hồn nhất về tự do và dân chủ từng được viết ra. Rõ ràng là những lời chỉ trích đó hoàn toàn không có cơ sở."
edu,"Interviewer: What do you think should be done about people who swear in public?
Man on the Street: I think it should be against the law.
Interviewer: Oh, I suppose you're against the right to free speech, then?",fallacy of extension,"Người phỏng vấn: Anh nghĩ sao về việc xử lý những người văng tục nơi công cộng?
Người đi đường: Tôi nghĩ cần phải coi đó là hành vi vi phạm pháp luật.
Người phỏng vấn: Ồ, vậy ra anh đang phản đối quyền tự do ngôn luận đấy à?"
edu,"Red had come up six times in a row on the roulette wheel, so Greg knew that it was close to certain that black would be next up. Suffering an economic form of natural selection with this thinking, he soon lost all of his savings.",ad populum,"Màu đỏ đã về sáu lần liên tiếp trên bàn quay roulette, nên Greg biết chắc chắn gần như tuyệt đối là màu đen sẽ xuất hiện ở lượt tới. Phải chịu sự đào thải tự nhiên về mặt kinh tế vì lối suy nghĩ đó, chẳng mấy chốc anh ta đã mất sạch tiền tiết kiệm."
edu,"My grandmother smoked for 80 years and died at 100. Obviously, smoking isn’t harmful.",faulty generalization,Bà tôi hút thuốc 80 năm và thọ tới 100 tuổi. Rõ ràng là hút thuốc chẳng gây hại gì cả.
edu,"Steve: In Sweden, college is free for citizens. How come we can't do that here?
Ed: If you like Sweden so much, move there. The USA would be glad to be rid of your liberal ass!
",ad hominem,"Steve: Ở Thụy Điển, đại học miễn phí cho công dân. Tại sao chúng ta không thể làm như vậy ở đây nhỉ?
Ed: Nếu mày thích Thụy Điển đến thế thì cút sang đó mà sống. Nước Mỹ này sẽ rất vui lòng tống khứ cái loại tự do cực đoan như mày!"
edu,"You've never visited another country, so who cares what you say about immigration reform!",ad hominem,"Bạn chưa từng ra nước ngoài bao giờ, nên ý kiến của bạn về cải cách nhập cư chẳng có nghĩa lý gì cả!"
edu,"I'm raising funds to help cure XYZ disease. If you don't donate, then you're part of the problem.",false dilemma,"Tôi đang gây quỹ để giúp chữa trị căn bệnh XYZ. Nếu bạn không quyên góp, thì bạn chính là một phần của vấn đề."
edu,"""I see nobody on the road,"" said Alice.
""I only wish I had such eyes,"" the king remarked...""To be able to see Nobody! And at that distance, too! Why it's as much as I can do to see real people, by this light.""",equivocation,"Alice nói: 'Tôi chẳng thấy ai trên đường cả.' Nhà vua đáp: 'Ước gì ta cũng có đôi mắt như vậy... Nhìn thấy được cả Kẻ-Không-Ai! Lại còn ở khoảng cách đó nữa chứ! Trong cái ánh sáng này, nhìn thấy được người thật đã là quá sức với ta rồi.'"
edu,"We haven’t found the ruins of Troy, so the city of Troy didn’t really exist.",intentional,"Chúng ta vẫn chưa tìm thấy tàn tích của thành Troy, nên chắc chắn thành Troy chẳng hề tồn tại."
edu,"Mike: It is morally wrong to cheat on your spouse, why on earth would you have done that?
Ken: But what is morality exactly?
Mike: It’s a code of conduct shared by cultures.
Ken: But who creates this code?...
",fallacy of relevance,"Mike: Ngoại tình là sai trái về mặt đạo đức, tại sao cậu lại làm thế? Ken: Nhưng chính xác thì đạo đức là gì? Mike: Đó là bộ quy tắc ứng xử được các nền văn hóa chia sẻ. Ken: Nhưng ai là người tạo ra bộ quy tắc này?"
edu,"""We should abolish the death penalty. Many respected people, such as actor, Chewbacca, have publicly stated their opposition to it.""",fallacy of credibility,"Chúng ta nên bãi bỏ án tử hình. Nhiều người có tầm ảnh hưởng, ví dụ như diễn viên Chewbacca, đã công khai phản đối nó."
edu,"According to the Supreme Court, we have a right to abortion. Therefore, it is right to have an abortion.",equivocation,"Theo Tòa án Tối cao, chúng ta có quyền phá thai. Vì vậy, phá thai là một việc làm đúng đắn."
edu,The reason our company never makes any money is because we have a buffoon running it!,ad hominem,Lý do công ty chúng ta không bao giờ kiếm được lợi nhuận là vì chúng ta có một gã hề làm sếp!
edu,"Not believing in the literal resurrection of Jesus because the Bible has errors and contradictions, is like denying that the Titanic sank because eye-witnesses did not agree if the ship broke in half before or after it sank.",fallacy of logic,Việc không tin vào sự phục sinh theo nghĩa đen của Chúa Jesus vì Kinh Thánh có nhiều lỗi và mâu thuẫn cũng giống như việc phủ nhận con tàu Titanic đã chìm vì các nhân chứng không thống nhất được con tàu bị gãy đôi trước hay sau khi chìm.
edu,"Look, you are going to have to make up your mind. Either, you decide that you can afford this stereo, or your decide that you are going to have to go without music for a while.",false dilemma,"Này, cậu phải quyết định đi chứ. Hoặc là cậu quyết định rằng mình đủ tiền mua bộ dàn âm thanh này, hoặc là cậu phải chấp nhận sống thiếu âm nhạc trong một thời gian."
edu,"A student gets into trouble for not meeting the dress code at her school. When her teacher confronts her, she begins talking about how the dress code is a punishment for girls and boys are able to wear whatever they want.",fallacy of relevance,"Một nữ sinh gặp rắc rối vì vi phạm quy định trang phục của trường. Khi giáo viên chất vấn, cô bé bắt đầu lảng sang chuyện quy định này là hình phạt dành riêng cho nữ sinh, trong khi nam sinh thì muốn mặc gì cũng được."
edu,How do I know that Beth is the most intelligent person in our geometry class? I know because she's so smart.,circular reasoning,Làm sao tôi biết Beth là người thông minh nhất lớp hình học ư? Tôi biết vì cậu ấy rất thông minh.
edu,Mayor Kerr wants to create more bicycle lanes in Greenpoint. Why is he forcing us to give up our cars and bike everywhere?,fallacy of extension,Thị trưởng Kerr muốn làm thêm làn đường cho xe đạp ở Greenpoint. Tại sao ông ta lại ép chúng ta phải bỏ ô tô để đạp xe khắp nơi thế?
edu,Look at that face! Could anyone trust that to run the country?,ad hominem,Nhìn cái mặt đó đi! Ai mà tin tưởng giao đất nước cho một người như vậy chứ?
edu,assumes that short-term deviations will correct themselves,false causality,mặc định rằng những sự lệch lạc trong ngắn hạn sẽ tự điều chỉnh
edu,"""Everyone should like coffee: 95% of teachers do!""",ad populum,Ai cũng nên thích cà phê chứ: 95% giáo viên đều thích mà!
edu,"All forest creatures live in the woods.
All leprechauns are forest creatures.
Therefore, some leprechauns live in the woods.",fallacy of logic,"Mọi sinh vật trong rừng đều sống trong rừng. Tất cả yêu tinh đều là sinh vật trong rừng. Vậy nên, vài yêu tinh sống trong rừng."
edu,"Ken: There has to be an objective morality because otherwise terms like “right” and “wrong” would be meaningless since they have no foundation for comparison. 
Rob: The terms “right” and “wrong” are based on cultural norms, which do have a subjective foundation -- one that changes as the moral sphere of the culture changes.  The term “heavy” does not have an objective standard, yet we have no problem using that term in a meaningful way.  In fact, very few relational terms have any kind of objective foundation.
Ken: But without an objective morality, we would all be lost morally as a race.
Rob: Many would say that we are.
Ken: But how can you say that torturing children for fun is morally acceptable in any situation?
Rob: Personally, I wouldn’t, but you are implying that anything that is not objective must necessarily be seen in all possible ways. A feather may not be seen as “heavy” to anyone, but that doesn’t mean its “lightness” is still not relative to other objects.
Ken: But God is the standard of objective morality.  Prove that wrong!
Rob: That I cannot do.
",intentional,"Ken: Phải có một nền đạo đức khách quan vì nếu không, các từ như ""đúng"" và ""sai"" sẽ vô nghĩa do không có cơ sở để so sánh.
Rob: Các từ ""đúng"" và ""sai"" dựa trên các chuẩn mực văn hóa, vốn có nền tảng chủ quan -- một nền tảng thay đổi theo sự biến đổi đạo đức của nền văn hóa đó. Từ ""nặng"" không có tiêu chuẩn khách quan, nhưng chúng ta vẫn dùng nó một cách có ý nghĩa đấy thôi. Thực tế, rất ít thuật ngữ mang tính quan hệ có nền tảng khách quan.
Ken: Nhưng không có đạo đức khách quan, nhân loại sẽ lạc lối về mặt đạo đức.
Rob: Nhiều người sẽ bảo là chúng ta đang lạc lối đấy thôi.
Ken: Nhưng sao anh có thể nói rằng tra tấn trẻ em chỉ để mua vui là chấp nhận được trong bất kỳ hoàn cảnh nào?
Rob: Cá nhân tôi thì không, nhưng anh đang ngụ ý rằng bất cứ thứ gì không khách quan thì nhất thiết phải được nhìn nhận theo mọi cách có thể. Một chiếc lông vũ có thể không ai thấy là ""nặng"", nhưng không có nghĩa tính ""nhẹ"" của nó không mang tính tương đối so với các vật khác.
Ken: Nhưng Chúa chính là tiêu chuẩn của đạo đức khách quan. Chứng minh là sai đi!
Rob: Điều đó thì tôi không làm được."
edu,"This fallacy assumes something is true (or right, or good) because other people agree with it.",ad populum,"Ngụy biện này mặc định một điều gì đó là đúng (hoặc tốt, hoặc hay) chỉ vì mọi người đồng ý với nó."
edu,"I know four poor families. They are lazy drug addicts. Therefore, all poor people are lazy drug addicts.",faulty generalization,"Tôi biết bốn gia đình nghèo. Họ đều lười biếng và nghiện hút. Vậy nên, tất cả người nghèo đều lười biếng và nghiện hút."
edu,How many times per day do you beat your wife?,intentional,Ngày nào anh đánh vợ mấy lần?
edu,"Maury: Please put all my chips on red 21.
Dealer: Are you sure you want to do that?  Red 21 just came up in the last spin.
Maury:  I didn’t know that!  Thank you!  Put it on black 15 instead.  I can’t believe I almost made that mistake!",false causality,"Maury: Làm ơn đặt hết chip của tôi vào ô 21 đỏ.
Người chia bài: Anh chắc chứ? Ô 21 đỏ vừa mới ra ở vòng quay trước đấy.
Maury: Tôi không biết điều đó! Cảm ơn anh! Đổi sang ô 15 đen đi. Thật không tin nổi suýt nữa tôi đã phạm sai lầm đó!"
edu,"Don't listen to Senator Bob's opinion. He is a crook, and a spiteful loony man.",ad hominem,Đừng nghe ý kiến của Thượng nghị sĩ Bob làm gì. Ông ta là một kẻ lừa đảo và là một gã điên đầy thù hận.
edu,"Which type of appeal is used in the following phrase from the Declaration of Independence: “He has plundered our seas, ravaged our coasts, burned our towns, and destroyed the lives of our people”?",appeal to emotion,"Loại lập luận nào được sử dụng trong câu sau từ Tuyên ngôn Độc lập: “Hắn đã cướp phá vùng biển, tàn phá bờ biển, đốt cháy các thị trấn và tiêu diệt mạng sống của người dân chúng ta”?"
edu,"I knew I should have helped that old lady across the road.  Because I didn’t, I have been having bad Karma all day.",false causality,Tôi biết là lẽ ra mình nên giúp bà cụ đó qua đường. Vì tôi đã không làm vậy nên cả ngày hôm nay tôi mới gặp vận xui như thế.
edu,"An NSA whistle-blower, William Binney, said last week that the agency’s surveillance activities put us on 'a slippery slope toward a totalitarian state'",faulty generalization,"William Binney, một người tiết lộ thông tin của NSA, đã nói vào tuần trước rằng các hoạt động giám sát của cơ quan này đang đẩy chúng ta vào 'con dốc trơn trượt dẫn đến một nhà nước toàn trị'."
edu,People nowadays only vote with their emotions instead of their brains.,faulty generalization,"Ngày nay, người ta chỉ bỏ phiếu bằng cảm xúc thay vì dùng lý trí."
edu,"According to the university brochure, the majors with the most students are Economics and Computer Science. Therefore, you should declare one of these majors if you want to have a successful career.",ad populum,"Theo tờ rơi của trường đại học, các ngành có nhiều sinh viên theo học nhất là Kinh tế và Khoa học máy tính. Vì vậy, bạn nên chọn một trong những ngành này nếu muốn có một sự nghiệp thành công."
edu,Why should we put people on trial when we know they are guilty?,circular reasoning,Tại sao chúng ta phải xét xử những người mà chúng ta thừa biết là có tội?
edu,"It’s getting late, and we still have to decide on the school budget. What do you say we just leave it as is and we can call it a night?",faulty generalization,Trễ rồi mà chúng ta vẫn chưa quyết định xong ngân sách của trường. Hay là cứ giữ nguyên như vậy rồi nghỉ thôi?
edu,We now produce the best program in existence; four thousand businesses subscribe to our program.,ad populum,Chúng tôi hiện đang sản xuất chương trình tốt nhất trên thị trường; bốn nghìn doanh nghiệp đang đăng ký sử dụng phần mềm của chúng tôi.
edu,"If I’m psychic, I will be able to see dead people. I see dead people, therefore I’m psychic.",fallacy of logic,"Nếu tôi có khả năng ngoại cảm, tôi sẽ nhìn thấy người chết. Tôi thấy người chết, vì vậy tôi có khả năng ngoại cảm."
edu,"Ladies and gentlemen of the jury, look at the bloody clothes, the murder weapon. Imagine the helpless screams of the victim. Such a crime deserves no verdict except guilty, guilty!",fallacy of relevance,"Thưa bồi thẩm đoàn, hãy nhìn vào những bộ quần áo đẫm máu kia, nhìn vào hung khí gây án đi. Hãy tưởng tượng tiếng thét bất lực của nạn nhân mà xem. Một tội ác như thế này thì không thể có phán quyết nào khác ngoài tội đồ, tội đồ!"
edu,"If you told a person, ""I think we should all stay inside to bend the curve of COVID-19"" and they replied, ""so I guess you want people to lose their jobs then,"" what logical fallacy are they using?",fallacy of extension,"Nếu bạn bảo với một người rằng ""Tôi nghĩ chúng ta nên ở nhà để kiểm soát dịch COVID-19"" mà họ lại đáp ""vậy ý anh là anh muốn mọi người mất việc hả"", thì họ đang dùng lỗi ngụy biện gì vậy?"
edu,Running the government is like running a business. You can’t keep running into debt and expect to be successful.,fallacy of logic,Điều hành chính phủ cũng giống như điều hành một doanh nghiệp vậy. Bạn không thể cứ nợ ngập đầu mà vẫn mong thành công được.
edu,What did you use to wipe your fingerprints from the gun?,intentional,Anh đã dùng cái gì để lau dấu vân tay trên khẩu súng đó?
edu,He said a lovely lady like me doesn't have to worry about his bear because this is a man-eating bear.,equivocation,Anh ta bảo một quý cô xinh đẹp như tôi không cần phải lo về con gấu của anh ta đâu vì đây là giống gấu ăn thịt người.
edu,"If it’s brown, flush it down.
I flushed it down.
Therefore, it was brown.",fallacy of logic,"Nếu nó màu nâu, hãy xả nước cho trôi. Tôi đã xả nước. Vậy nên, nó chắc chắn là màu nâu."
edu,"Unless you can close your eyes to abuse, write a check to save this puppy.",false dilemma,"Trừ khi bạn có thể nhắm mắt làm ngơ trước sự ngược đãi, bằng không hãy viết một tấm chi phiếu để cứu chú cún này đi."
edu,Why must you always take such a stupid and uninformed approach to ethics?,intentional,Tại sao lúc nào bạn cũng phải tiếp cận các vấn đề đạo đức một cách ngu ngốc và thiếu hiểu biết như vậy?
edu,"""He wouldn't make a good president because he looks like a sad muppet.""",ad hominem,"""Ông ta sẽ chẳng làm nên trò trống gì khi ngồi ghế tổng thống đâu vì nhìn ông ta chẳng khác gì một con rối buồn bã cả."""
edu,"""I have one Japanese friend and it's true that all of them are numb.""",faulty generalization,"""Tôi có một người bạn Nhật và đúng là tất cả bọn họ đều vô cảm thật."""
edu,"Lois and Jan did a ""snow dance"" one afternoon, and it snowed that night. They claimed to have brought the snow.",false causality,"Lois và Jan đã nhảy 'điệu nhảy tuyết' vào một buổi chiều, và đêm đó tuyết rơi. Họ khẳng định rằng chính họ đã gọi tuyết về."
edu,"Of course, your minister says he believes in God.  He would be unemployed otherwise.",ad hominem,Tất nhiên là mục sư của bạn nói ông ấy tin vào Chúa rồi. Nếu không thì ông ấy thất nghiệp mất.
edu,"Jack is a good athlete. Jack comes from Canada. Therefore, all Canadians are good athletes.""",fallacy of logic,"Jack là một vận động viên giỏi. Jack đến từ Canada. Suy ra, tất cả người Canada đều là vận động viên giỏi."
edu,"Gertrude: I am tired of having to fill out these forms all day. Can't we find a more efficient system?
Cindy-Lou: If you're not happy with the way we do things, we can find someone who is!
",ad hominem,"Gertrude: Tôi phát mệt vì phải điền mấy cái biểu mẫu này cả ngày rồi. Chúng ta không thể tìm một hệ thống hiệu quả hơn sao?
Cindy-Lou: Nếu bạn không hài lòng với cách chúng ta làm việc, chúng tôi có thể tìm người khác thay thế bạn!"
edu,"If someone said, ""all kids love Cinnamon Toast Crunch, but you don't love it so you must not be a real kid,"" what logical fallacy are they using?",intentional,"Nếu ai đó nói 'đứa trẻ nào cũng thích Cinnamon Toast Crunch, mà bạn không thích thì bạn chắc chắn không phải là đứa trẻ thực thụ rồi', thì họ đang sử dụng lỗi ngụy biện gì?"
edu,We should move to the midwest because the Wall Street Journal says the cost of living is cheaper there.,fallacy of credibility,Chúng ta nên chuyển đến vùng Trung Tây vì tờ Wall Street Journal bảo chi phí sinh hoạt ở đó rẻ hơn.
edu,Either we go to war or we appear weak.,false dilemma,"Hoặc là chúng ta tham chiến, hoặc là chúng ta tỏ ra yếu đuối."
edu,"""If we ban Hummers because they are bad for the environment, then eventually the government will ban all cars; therefore, we should not ban Hummers.""",faulty generalization,"Nếu chúng ta cấm xe Hummer vì chúng có hại cho môi trường, thì cuối cùng chính phủ sẽ cấm tất cả các loại xe; vì vậy, chúng ta không nên cấm xe Hummer."
edu,"Lisa is trying to raise money for her university's library. In her address to the board of trustees, she says, ""We must raise tuition to cover the cost of new books. Otherwise, the school library will close!""
Of what fallacy is this an example?",false dilemma,"Lisa đang cố gây quỹ cho thư viện trường đại học. Trong bài phát biểu trước hội đồng quản trị, cô ấy nói: 'Chúng ta phải tăng học phí để bù đắp chi phí mua sách mới. Nếu không, thư viện trường sẽ phải đóng cửa!' Đây là ví dụ về lỗi ngụy biện nào?"
edu,"“President Jones raised taxes, and then the rate of violent crime went up. Jones is responsible for the rise in crime.”",false causality,"Tổng thống Jones tăng thuế, và sau đó tỷ lệ tội phạm bạo lực tăng lên. Jones phải chịu trách nhiệm cho sự gia tăng tội phạm này."
edu,"""How am I to get in?"" asked Alice again, in a louder tone.
""Are you to get in at all?"" said the Footman, ""That's the first question, you know.""",intentional,"""Làm sao để tôi vào được đây?"" Alice hỏi lại với tông giọng lớn hơn. ""Cô có chắc là cô vào được không đã?"" người lính canh đáp, ""Đó mới là vấn đề tiên quyết đấy, cô biết chứ."""
edu,"Senator Jill: ""We'll have to cut education funding this year.""
Senator Bill: ""Why?""
Senator Jill: ""Well, either we cut the social programs or we live with a huge deficit and we can't live with the deficit.""",false dilemma,"Thượng nghị sĩ Jill: ""Chúng ta buộc phải cắt giảm ngân sách giáo dục năm nay."" Thượng nghị sĩ Bill: ""Tại sao?"" Thượng nghị sĩ Jill: ""Chà, hoặc là chúng ta cắt giảm các chương trình xã hội, hoặc là gánh chịu mức thâm hụt khổng lồ, mà chúng ta thì không thể chấp nhận sự thâm hụt đó được."""
edu,"Television Advertisement: Rush to shop at Super-Mart this weekend, everyone is doing it!",ad populum,"Quảng cáo truyền hình: Hãy đổ xô đến mua sắm tại Super-Mart cuối tuần này đi, ai cũng đang làm thế cả đấy!"
edu,Appealing to popularity or the fact that many people do something as an attempted form of validation.,ad populum,Dựa vào sự phổ biến hoặc thực tế là có nhiều người làm một việc gì đó như một cách để chứng minh tính đúng đắn.
edu,"One day, Megan wore a Donald Duck t-shirt, and she got an ¨A¨ on her Chemistry test. Now she wears a Donald Duck t-shirt every day to Chemistry class. 
Of what fallacy is this an example?",false causality,"Một ngày nọ, Megan mặc chiếc áo phông hình vịt Donald và cô ấy được điểm A bài kiểm tra Hóa học. Giờ đây, cô ấy mặc chiếc áo đó mỗi ngày khi đến lớp Hóa. Đây là ví dụ của loại ngụy biện nào?"
edu,"Parent: You need to clean out your backpack.
Child: You know I have ADD! Why can’t you just accept me as I am?",fallacy of extension,Phụ huynh: Con cần phải dọn dẹp cặp sách của mình đi. Con: Bố mẹ biết con bị tăng động giảm chú ý mà! Tại sao bố mẹ không thể chấp nhận con như chính con người thật của con?
edu,All hunting is inhumane and should be outlawed.,circular reasoning,Mọi hình thức săn bắn đều vô nhân đạo và cần phải bị cấm hoàn toàn.
edu,"Jeff is preparing to create a commercial for a new energy drink. He visits a local high school and surveys students in an English class about their beverage preferences. The majority of the class says they prefer grape flavored drinks, so Jeff tells his superiors that grape is the flavor favored most by high school students.

What error in reasoning has Jeff made?",faulty generalization,"Jeff đang chuẩn bị làm quảng cáo cho một loại nước tăng lực mới. Anh ấy đến một trường trung học và khảo sát học sinh trong một lớp Tiếng Anh về sở thích đồ uống. Đa số học sinh trong lớp nói rằng họ thích vị nho, nên Jeff khẳng định với cấp trên rằng vị nho là hương vị được học sinh trung học ưa chuộng nhất. Jeff đã mắc lỗi lập luận nào?"
edu,"There were wonderful psychologists who passed away several decades ago. If they could be effective in what they did without reading any of the studies or other articles that have been published in the last several decades, there's no need for me to read any of those works in order to be effective.",fallacy of logic,"Có những nhà tâm lý học lỗi lạc đã qua đời từ nhiều thập kỷ trước. Nếu họ có thể làm việc hiệu quả mà không cần đọc bất kỳ nghiên cứu hay bài báo nào được xuất bản trong mấy chục năm gần đây, thì tôi cũng chẳng cần đọc những tài liệu đó để có thể làm việc hiệu quả."
edu,Where did you hide the marijuana you were smoking?,intentional,Cậu đã giấu số cần sa mà cậu đang hút ở đâu rồi?
edu,This technique using vague positive words that actually hold little meaning.,appeal to emotion,Kỹ thuật này sử dụng những từ ngữ tích cực mơ hồ mà thực chất chẳng mang ý nghĩa gì mấy.
edu,"“President Jones raised taxes, and then the rate of violent crime went up. Therefore, I think Jones is responsible for the rise in crime.""",false causality,"Tổng thống Jones tăng thuế, rồi tỉ lệ tội phạm bạo lực lại tăng lên. Vì vậy, tôi cho rằng Jones phải chịu trách nhiệm cho sự gia tăng tội phạm này."
edu,All writing teachers must be awesome because Ms. Lopez is.,faulty generalization,Tất cả giáo viên dạy viết đều phải là những người xuất chúng vì cô Lopez là một người như vậy.
edu,"P1. Lead poisoning can contribute to violent behavior.
P2. Many inner city children have dangerous levels of lead in their blood.
C. Therefore, violent crime in the inner city can be solved by curing the lead problem.",false causality,"P1. Nhiễm độc chì có thể dẫn đến hành vi bạo lực. P2. Nhiều trẻ em ở khu nội thành có nồng độ chì trong máu ở mức nguy hiểm. C. Vì vậy, tội phạm bạo lực ở khu nội thành có thể được giải quyết bằng cách chữa trị vấn đề nhiễm độc chì."
edu,"What I do know is that if a dirty bomb goes off on Wall Street and the winds are blowing this way, then I and much of this part of Brooklyn are possibly toast. Is that worth possible violations of the rights of some psycho-violent street thug? To me it is.",circular reasoning,"Tôi chỉ biết là nếu một quả bom bẩn phát nổ ở phố Wall và gió thổi về hướng này, thì tôi cùng phần lớn khu vực Brooklyn này có lẽ xong đời. Liệu điều đó có đáng để đánh đổi bằng việc vi phạm quyền của mấy tên côn đồ bạo lực đó không? Với tôi thì có đấy."
edu,"All men are mortal, and Socrates is a man, therefore Socrates likes dogs.",fallacy of logic,"Tất cả đàn ông đều phải chết, mà Socrates là một người đàn ông, vì vậy Socrates thích chó."
edu,"Gas prices have been rising steadily these past few years. Thus, the cost of car ownership is higher than it was previously.",faulty generalization,"Giá xăng đã tăng đều đặn trong vài năm qua. Do đó, chi phí sở hữu xe hơi cao hơn so với trước đây."
edu,"You see someone walking their dog. The dog goes to the bathroom on a lawn but they don’t pick up after their dog. You ask them to clean up after their dog, but they say, “why do you hate dogs?” What fallacy have they committed?",fallacy of extension,"Bạn thấy ai đó dắt chó đi dạo. Con chó đi vệ sinh trên bãi cỏ mà chủ nó không dọn dẹp. Bạn yêu cầu họ dọn sạch, nhưng họ lại đáp: 'Tại sao bạn lại ghét chó thế?' Họ đã mắc phải lỗi ngụy biện gì vậy?"
edu,"If you don't study, you'll fail your test. Then you will do poorly in the class and your GPA will fall. You won't get into a good college, so you'll never get a decent job and you'll end up homeless.",faulty generalization,"Nếu cậu không học, cậu sẽ trượt bài kiểm tra. Sau đó cậu sẽ đạt kết quả kém trong lớp và điểm trung bình (GPA) sẽ giảm. Cậu sẽ không vào được đại học danh tiếng, rồi sẽ chẳng bao giờ có được công việc tử tế và cuối cùng là vô gia cư."
edu,"The economy continues to grow as the number of likes on my Instagram account continue to increase. Clearly, the two are linked.",false causality,Nền kinh tế vẫn tiếp tục tăng trưởng cùng lúc với số lượng lượt thích trên tài khoản Instagram của tôi tăng lên. Rõ ràng là hai điều này có liên quan đến nhau.
edu,"When the judge asked the defendant why he hadn't paid his parking fines, he said that he shouldn't have to pay them because the sign said 'Fine for parking here' and so he naturally presumed that it would be fine to park there.",equivocation,"Khi quan tòa hỏi bị cáo tại sao không đóng phạt đỗ xe, anh ta bảo không việc gì phải đóng vì tấm biển ghi 'Fine for parking here' (Phạt khi đỗ xe ở đây), nên anh ta mặc nhiên hiểu là 'đỗ ở đây thì ổn thôi'."
edu,Television Advertisement: Get all of your stains out by using new and improved Ultra Suds and wash your blues away!,appeal to emotion,"Quảng cáo truyền hình: Đánh bay mọi vết bẩn với nước giặt Ultra Suds cải tiến mới, để những nỗi buồn theo đó mà trôi xa!"
edu,"""Either the city should provide recycling bins or throw out the Recycling Act"" is an example of:",false dilemma,"'Hoặc là thành phố cung cấp thùng rác tái chế, hoặc là bãi bỏ luôn Đạo luật Tái chế' là ví dụ của:"
edu,"This is usually used in a company's slogan, using words that are very vague and nonspecific, but sound really nice. ex: ""Eat Fresh."" ""Expect More. Pay Less.""",appeal to emotion,"Đây là chiêu bài thường thấy trong slogan doanh nghiệp, dùng những từ ngữ cực kỳ mơ hồ, không rõ nghĩa nhưng nghe rất kêu. Ví dụ: 'Ăn tươi sống', 'Mong đợi nhiều hơn. Trả ít hơn.'"
edu,Either we pass this ordinance or there will be rioting in the streets.,false dilemma,"Hoặc là chúng ta thông qua sắc lệnh này, hoặc là đường phố sẽ loạn lạc vì bạo động."
edu,"I want to sell my house for $400,000. A buyer wants it for $100,000, so I must sell it for $250,000.",fallacy of relevance,"Tôi muốn bán nhà với giá 400.000 đô, còn người mua thì trả 100.000 đô, vậy nên tôi buộc phải bán với giá 250.000 đô."
edu,"Officer, I was only driving as fast as everyone around me. You can't give me a ticket for doing what every other driver on the road was also doing.",ad populum,"Chú cảnh sát ơi, tôi chỉ chạy nhanh như mọi người xung quanh thôi mà. Chú không thể phạt tôi vì lỗi mà tất cả tài xế trên đường đều mắc phải được."
edu,The model is in close agreement with the data.,intentional,Mô hình này khá tương đồng với dữ liệu thu được.
edu,"Pol Pot, the Cambodian Maoist revolutionary, was against religion, and he was a very bad man.  Frankie is against religion; therefore, Frankie also must be a very bad man.",faulty generalization,"Pol Pot, nhà cách mạng Maoist tại Campuchia, là kẻ bài trừ tôn giáo và là một kẻ tồi tệ. Frankie cũng bài trừ tôn giáo; vậy nên, chắc chắn Frankie cũng là một kẻ tồi tệ."
edu,"Brad's mother asked him why he wasn't trying out for the school play. He responded: ''Because if Tom gets the male lead, which he always does, then I'll only be in the chorus, and it's not worth being in the play if I'm only going to be in the chorus.'' This is an example of which logical fallacy?",faulty generalization,"Mẹ Brad hỏi tại sao nó không thử sức với vở kịch của trường. Nó đáp: 'Vì nếu Tom nhận vai chính, điều mà cậu ta luôn làm, thì con chỉ được đóng vai phụ, mà nếu chỉ đóng vai phụ thì chẳng bõ công tham gia'. Đây là ví dụ của lỗi ngụy biện nào?"
edu,"Exercise is good. Therefore everybody should exercise.'
""'I agree,' said Polly earnestly. 'I mean exercise is wonderful. I mean it builds the body and everything.'",faulty generalization,"Tập thể dục rất tốt, vì vậy ai cũng nên tập thể dục. 'Tôi đồng ý,' Polly nghiêm túc nói, 'Ý tôi là tập thể dục thật tuyệt vời, nó giúp xây dựng cơ thể và mọi thứ khác.'"
edu,Students only want cell phones so they can text their friends in class; it's about time students focused more on their studies and less on their social lives.,fallacy of extension,Học sinh chỉ muốn có điện thoại để nhắn tin cho bạn bè trong lớp; đã đến lúc chúng phải tập trung vào việc học thay vì đời sống xã hội rồi.
edu,If we ban cell phones because they are bad for teenagers next the government will ban all iPods and eventually all video games as well.,faulty generalization,"Nếu chúng ta cấm điện thoại vì chúng có hại cho thanh thiếu niên, thì sắp tới chính phủ sẽ cấm cả máy nghe nhạc iPod và cuối cùng là tất cả trò chơi điện tử."
edu,She should not be voted president because she's a liar and a thief.,ad hominem,Cô ta không nên được bầu làm chủ tịch vì cô ta là một kẻ nói dối và trộm cắp.
edu,This legislation is sinful because it is the wrong thing to do.,circular reasoning,Đạo luật này là tội lỗi vì đây là một điều sai trái.
edu,"Verizon advertising the newest Samsung Galaxy phone, claiming that everyone else who has bought it loves the new product.",ad populum,"Verizon quảng cáo chiếc điện thoại Samsung Galaxy mới nhất, khẳng định rằng tất cả những người đã mua nó đều yêu thích sản phẩm này."
edu,"""Either you recycle or you don't care about human life.""",false dilemma,"Bạn hoặc là tái chế, hoặc là bạn chẳng quan tâm gì đến sự sống của con người cả."
edu,"Dan White ate a lot of Twinkies and then killed the Mayor of San Francisco. If I were a mayor, I’d ban Twinkies so no one would kill me.",false causality,"Dan White đã ăn rất nhiều bánh Twinkies rồi sau đó sát hại Thị trưởng San Francisco. Nếu tôi là thị trưởng, tôi sẽ cấm bánh Twinkies để không ai có thể giết tôi."
edu,"When an animal rights activist says, ""Keeping a dog as a pet is every bit as evil as human slavery. Pet owners are the KKK of the 21st century,"" they are committing what logical fallacy?",fallacy of relevance,"Khi một nhà hoạt động vì quyền động vật nói rằng: 'Nuôi chó làm thú cưng cũng độc ác không kém gì chế độ nô lệ ở người. Người nuôi thú cưng chính là KKK của thế kỷ 21', thì họ đang mắc phải lỗi ngụy biện nào?"
edu,"The museum's new gemstones and precious minerals exhibit needs more security guards. If you don't agree, then you must be planning to steal a piece of the exhibit",false dilemma,"Triển lãm đá quý và khoáng vật mới của bảo tàng cần thêm nhân viên bảo vệ. Nếu bạn không đồng ý, thì chắc chắn là bạn đang lên kế hoạch để đánh cắp các hiện vật rồi."
edu,"""Every person is either my enemy or my friend. If are my enemy I should hate them. If they are my friend I should love them So I should either love them or hate them.""",false dilemma,"Mọi người chỉ có thể là bạn hoặc là thù của tôi. Nếu là thù thì tôi phải ghét, còn nếu là bạn thì tôi phải yêu. Vậy nên tôi chỉ có thể chọn yêu hoặc ghét họ thôi."
edu,“How can you argue your case for vegetarianism when you are enjoying your steak?”,ad hominem,Cậu lấy tư cách gì để ủng hộ ăn chay khi vẫn đang thưởng thức miếng bít tết ngon lành kia hả?
edu,"Bill: ""You know, those feminists all hate men."" Joe: ""Really?"" Bill: ""Yeah. I was in my philosophy class the other day and that Rachel chick gave a presentation."" Joe: ""Which Rachel?"" Bill: ""You know her. She's the one that runs that feminist group over at the Women's Center. She said that men are all sexist pigs. I asked her why she believed this and she said that her last few boyfriends were real sexist pigs. "" Joe: ""That doesn't sound like a good reason to believe that all of us are pigs."" Bill: ""That was what I said."" Joe: ""What did she say?"" Bill: ""She said that she had seen enough of men to know we are all pigs. She obviously hates all men."" Joe: ""So you think all feminists are like her?"" Bill: ""Sure. They all hate men.""",faulty generalization,"Bill: Mấy cô nữ quyền đó ai mà chẳng ghét đàn ông. Joe: Thật á? Bill: Ừ, hôm trước trong lớp triết, cái cô Rachel ấy lên thuyết trình. Joe: Rachel nào cơ? Bill: Cô biết mà, người điều hành hội nữ quyền ở Trung tâm Phụ nữ ấy. Cô ta bảo tất cả đàn ông đều là lũ lợn phân biệt giới tính. Tôi hỏi tại sao cô ta nghĩ vậy thì cô ta bảo mấy gã bạn trai cũ đều là hạng đó. Joe: Nghe đâu có đủ thuyết phục để vơ đũa cả nắm như vậy đâu. Bill: Tôi cũng nói thế. Joe: Thế cô ta bảo sao? Bill: Cô ta bảo là cô ta đã thấy quá đủ về đàn ông để biết tất cả đều là lợn. Rõ ràng là cô ta ghét đàn ông rồi. Joe: Vậy là cậu nghĩ tất cả những người theo chủ nghĩa nữ quyền đều giống cô ta ư? Bill: Chắc chắn rồi, họ đều ghét đàn ông cả."
edu,", that makes it right/valid.",ad populum,cái đó làm cho nó trở nên đúng đắn hoặc hợp lý.
edu,Aren't you tired of the political divisiveness in this country? Republicans know what they are talking about when it comes to immigration. Don't you agree?,appeal to emotion,Bạn không thấy mệt mỏi vì sự chia rẽ chính trị ở đất nước này sao? Đảng Cộng hòa nắm rất rõ vấn đề khi bàn về nhập cư. Bạn đồng ý chứ?
edu,"a persuasive technique used in media messages that appeals to the ""everyone is doing it"" mentality",ad populum,"một kỹ thuật thuyết phục trong truyền thông, đánh vào tâm lý 'ai cũng làm thế cả'"
edu,"“No one has ever been able to prove definitively that extra-terrestrials exist, so they must not be real.”",intentional,"Chưa ai có thể chứng minh chắc chắn rằng người ngoài hành tinh tồn tại, vậy nên chắc chắn là họ không có thật."
edu,Skipping looking for a second opinion or evidence and just asking one doctor is what fallacy?,fallacy of credibility,Việc bỏ qua việc tìm ý kiến thứ hai hay bằng chứng khác mà chỉ hỏi mỗi một bác sĩ thì gọi là ngụy biện gì?
edu,You would think that taxes should be lowered because you are a Republican [and therefore your argument about taxes should be rejected].,circular reasoning,"Bạn cứ khăng khăng đòi giảm thuế chỉ vì bạn là người thuộc Đảng Cộng hòa [và vì vậy, lập luận của bạn về thuế đáng bị bác bỏ]."
edu,"Ted: Biological evolution is both a theory and a fact.

Edwin: That is ridiculous!  How can you possibly be absolutely certain that we evolved from pond scum!

Ted: Actually, that is a gross misrepresentation of my assertion.  I never claimed we evolved from pond scum.  Unlike math and logic, science is based on empirical evidence and, therefore, a scientific fact is something that is confirmed to such a degree that it would be perverse to withhold provisional consent.  The empirical evidence for the fact that biological evolution does occur falls into this category.",fallacy of extension,"Ted: Tiến hóa sinh học vừa là một giả thuyết, vừa là một sự thật. Edwin: Nực cười! Làm sao anh có thể khẳng định chắc nịch rằng chúng ta tiến hóa từ đám bọt nước ao tù chứ! Ted: Thực ra, đó là một sự xuyên tạc thô thiển về quan điểm của tôi. Tôi chưa bao giờ nói chúng ta tiến hóa từ bọt nước ao tù cả. Khác với toán học và logic, khoa học dựa trên bằng chứng thực nghiệm, vì vậy một sự thật khoa học là thứ được xác nhận ở mức độ mà việc từ chối chấp nhận nó sẽ là phi lý. Bằng chứng thực nghiệm cho thấy tiến hóa sinh học thực sự xảy ra thuộc phạm trù này."
edu,You're with us or you're against us.,false dilemma,"Hoặc là bạn đứng về phía chúng tôi, hoặc bạn là kẻ thù của chúng tôi."
edu,Circular reasoning occurs when someone makes an argument in which both the premises and the conclusion have to rely on the truthfulness of the other.,circular reasoning,Lập luận vòng quanh xảy ra khi một người đưa ra lập luận mà cả tiền đề lẫn kết luận đều phải dựa vào tính đúng đắn của nhau.
edu,"I hold a doctorate in theology, have written 12 books, and personally met the Pope.  Therefore, when I say that Jesus’ favorite snack was raisins dipped in wine, you should believe me.",fallacy of credibility,"Tôi có bằng tiến sĩ thần học, đã viết 12 cuốn sách và từng diện kiến Giáo hoàng. Vì vậy, khi tôi nói món ăn nhẹ ưa thích của Chúa Jesus là nho khô chấm rượu, bạn nên tin tôi đi."
edu,Wife: “I see Mr. Smith is cooking out on his new barbecue grill.” Husband: “So his wife finally got fed up with his unfaithfulness!”,equivocation,Vợ: “Tôi thấy ông Smith đang nướng thịt bằng cái lò mới kìa.” Chồng: “Chắc hẳn là vợ ông ta cuối cùng đã không chịu nổi thói trăng hoa của ông ta rồi!”
edu,"Major in English in college, start reading poetry, and next thing you know, you will become an unemployed pot-smoking loser.",faulty generalization,"Cứ học chuyên ngành tiếng Anh rồi đọc thơ đi, rồi cậu sẽ thấy, sớm muộn gì cậu cũng thành kẻ thất nghiệp nghiện ngập thôi."
edu,Too much candy can cause cavities. You should avoid eating any candy unless you want cavities.,false dilemma,Ăn nhiều kẹo gây sâu răng. Bạn nên tránh ăn kẹo nếu không muốn bị sâu răng.
edu,"  Homosexuality is / ought to be morally wrong (moral property) because it is not normal (natural property).
or
Homosexuality is not normal (natural property); therefore, it is / ought to be morally wrong (moral property).",fallacy of credibility,"Đồng tính là/nên là sai trái về mặt đạo đức vì nó không bình thường (thuộc tính tự nhiên). Hoặc: Đồng tính là không bình thường (thuộc tính tự nhiên); do đó, nó là/nên là sai trái về mặt đạo đức."
edu,", or a group of people think, in order to persuade one to think the same way.",ad populum,"hoặc một nhóm người suy nghĩ, để thuyết phục người khác suy nghĩ theo hướng đó."
edu,The word of Zorbo the Great is flawless and perfect. We know this because it says so in The Great and Infallible Book of Zorbo’s Best and Most Truest Things that are Definitely True and Should Not Ever Be Questioned.,circular reasoning,"Lời của Zorbo Vĩ đại là hoàn hảo và không tì vết. Chúng ta biết điều này vì chính cuốn Sách Tuyệt vời và Không sai lầm của những điều Đúng đắn nhất và Thật nhất của Zorbo đã nói như vậy, và tuyệt đối không được nghi ngờ."
edu,Did the pollution you caused increase or decrease your profits?,intentional,Việc gây ô nhiễm của anh làm tăng hay giảm lợi nhuận của anh vậy?
edu,The newest brand jeans that everyone is wearing are called Blue Dogs. Blue Dogs are being worn by all young teens. Be sure to go out and buy your new jeans at your local mall.,ad populum,Thương hiệu quần jean mới nhất mà ai cũng đang mặc là Blue Dogs. Hầu hết các bạn trẻ đều đang mặc Blue Dogs. Hãy nhanh chân ra trung tâm thương mại gần nhà để sắm ngay chiếc quần mới đi thôi.
edu,"I think scientists are wrong. There is no such thing as global warming. I just finished talking to my boss, and he thought the idea was ridiculous.",fallacy of credibility,Tôi nghĩ các nhà khoa học sai rồi. Không có cái gọi là biến đổi khí hậu đâu. Tôi vừa nói chuyện với sếp mình và ông ấy cũng thấy ý tưởng đó thật nực cười.
edu,"""My brother's girlfriend's Mother's hairdresser said that COVID numbers are going down, so I'm not going to bother with my mask"" IS an example of this fallacy.",fallacy of credibility,"""Thợ làm tóc của mẹ bạn gái anh trai tôi bảo số ca COVID đang giảm, thế nên tôi chẳng buồn đeo khẩu trang làm gì nữa"" là một ví dụ cho lỗi ngụy biện này."
edu,"""Everyone was driving over the speed limit, so I shouldn't have gotten a ticket for it!"" is an example of which logical fallacy?",ad populum,"""Ai cũng chạy quá tốc độ cả, nên tôi không đáng bị phạt vì việc đó!"" là ví dụ cho lỗi ngụy biện nào?"
edu,"I am athletic because I run, and I run because I'm athletic.",circular reasoning,"Tôi là người yêu thể thao vì tôi hay chạy bộ, và tôi chạy bộ vì tôi là người yêu thể thao."
edu,"If it wasn't a missile, a bomb, or mechanical failure, then all that's left is a meteorite.",false dilemma,"Nếu đó không phải là tên lửa, bom hay hỏng hóc cơ khí, thì chỉ còn lại là thiên thạch thôi."
edu,Moving the goalposts or making up exceptions when a claim is shown to be false.,intentional,Thay đổi tiêu chuẩn hoặc bịa đặt các trường hợp ngoại lệ khi một khẳng định bị chứng minh là sai.
edu,Either you are with me or you are against me.,false dilemma,"Hoặc là bạn đứng về phía tôi, hoặc bạn chống lại tôi."
edu,"McDonald's Hamburgers, over 99 billion served.",ad populum,"Hamburger của McDonald's, đã phục vụ hơn 99 tỷ lượt khách."
edu,"""Jose, join us because everybody will come to the party and only you will be left behind.""",ad populum,"""Jose à, tham gia với bọn này đi vì ai cũng sẽ đến tiệc cả, chỉ còn mình ông là bị bỏ lại thôi đấy."""
edu,Pamela is the class secretary. She says that she thinks that the class should do more service projects. Mark says he can’t believe Pamela doesn’t support the annual school dance.,fallacy of extension,Pamela là thư ký lớp. Cô ấy đề xuất lớp nên làm thêm các dự án thiện nguyện. Mark nói rằng cậu ấy không thể tin được là Pamela lại không ủng hộ buổi dạ hội thường niên của trường.
edu,The reason Donald Trump got elected was because liberals took political correctness too far.,false causality,Lý do ông Donald Trump đắc cử là vì phe cánh tả đã đẩy sự chính trị đúng đắn đi quá xa.
edu,His political party wants to spend your precious tax dollars on big government. But my political party is planning strategic federal investment in critical programs.,equivocation,"Đảng của đối thủ muốn tiêu xài tiền thuế quý báu của các bạn vào bộ máy chính phủ cồng kềnh, còn đảng của tôi thì đang lên kế hoạch đầu tư liên bang chiến lược vào các chương trình thiết yếu."
edu,It is the center of the spectrum of two extremes of deficiency and excessiveness.,fallacy of relevance,Đó là điểm trung tâm trên phổ của hai thái cực thiếu hụt và dư thừa.
edu,This clinic sure makes a lot of money. Each of the psychologists who work there must earn a large income.,faulty generalization,Phòng khám này chắc chắn kiếm được rất nhiều tiền. Mỗi bác sĩ tâm lý làm việc ở đó hẳn phải có thu nhập rất cao.
edu,"“My wife wants to talk about cleaning out the garage, so I asked her what she wants to do with our patio furniture. Now she’s shopping for new patio furniture and not asking me about the garage.”",fallacy of relevance,"Vợ tôi muốn bàn chuyện dọn dẹp nhà để xe, nên tôi hỏi cô ấy định làm gì với bộ bàn ghế ngoài sân. Giờ thì cô ấy đang đi mua bàn ghế mới thay vì hỏi tôi về cái nhà để xe nữa."
edu,"Luke didn't want to eat his vegetables, but his father told him to think about the poor, starving children in a third world country who don't have anything to eat.",appeal to emotion,"Luke không muốn ăn rau, nhưng bố cậu bé bảo rằng hãy nghĩ đến những đứa trẻ nghèo đói ở các nước thế giới thứ ba, những người không có gì để ăn."
edu,"All Jim Carrey movies are hilarious.
No horror movies are Jim Carrey movies.
Therefore, no horror movies are hilarious.",fallacy of logic,"Mọi phim của Jim Carrey đều rất hài hước. Không có phim kinh dị nào là phim của Jim Carrey. Vì vậy, không có phim kinh dị nào là hài hước."
edu,"Coke is not as healthy for you as Pepsi. Besides, Britney Spears drinks Pepsi, so it must be healthier than Coke.",fallacy of credibility,"Coke không tốt cho sức khỏe bằng Pepsi. Hơn nữa, Britney Spears cũng uống Pepsi, nên chắc chắn Pepsi phải tốt hơn Coke rồi."
edu,"If you break your diet and have one cookie tonight, you will just want to eat 10 cookies tomorrow, and before you know it, you will have gained back the 15 pounds you lost.",faulty generalization,"Nếu bạn phá vỡ chế độ ăn kiêng và ăn một chiếc bánh quy tối nay, ngày mai bạn sẽ muốn ăn 10 chiếc, và chẳng mấy chốc mà bạn sẽ tăng lại toàn bộ 15 pound đã giảm."
edu,My fridge isn't working. I should probably finish that book I've been reading.,fallacy of logic,Tủ lạnh nhà tôi hỏng rồi. Chắc tôi nên đọc nốt cuốn sách đang dang dở thôi.
edu,"""We can't allow students to be paid for their grade because next thing you know they'll expect to be paid just for waking up in the morning.""",faulty generalization,"Chúng ta không thể trả tiền cho điểm số của sinh viên được, vì nếu làm thế, biết đâu sau này chúng nó lại đòi tiền chỉ vì ngủ dậy đúng giờ đấy."
edu,"Your mom gets your phone bill, and you have gone over the limit. You begin talking to her about how hard your math class is and how well you did on a test today.",fallacy of relevance,"Mẹ đang cầm hóa đơn điện thoại và biết bạn dùng quá cước, thế là bạn bắt đầu đánh trống lảng bằng cách kể lể về việc môn Toán khó thế nào và bạn đã làm bài tốt ra sao."
edu,"Doctors refer to medical books all the time when they are treating patients. In the same way, I should be allowed to use a textbook in my medical exam.",fallacy of logic,"Bác sĩ vẫn tra cứu tài liệu khi khám bệnh cho bệnh nhân đấy thôi, nên tôi cũng phải được phép dùng sách trong kỳ thi y khoa chứ."
edu,"“This is how most schools evaluate their students, so it must be effective.”",ad populum,"Đa số các trường học đều đánh giá học sinh như thế, vậy nên chắc chắn đó là cách hiệu quả rồi."
edu,Even though people say we are going to behave; we know they won't behave well.,faulty generalization,"Dù họ cứ khẳng định là chúng ta sẽ cư xử đúng mực, nhưng chúng ta đều thừa biết là họ sẽ làm loạn lên thôi."
edu,My teacher always brings up stuff about Women's Rights. She only cares about it because she is a woman. The stats she shows us are probably bias.,ad hominem,"Cô giáo cứ suốt ngày lôi chuyện quyền phụ nữ ra nói. Chẳng qua tại cô ấy là phụ nữ nên mới quan tâm thôi, mấy con số cô ấy đưa ra chắc chắn là thiên kiến cả rồi."
edu,You have to give me a passing grade. I spent 150 hours on that project and missed every party this quarter.,appeal to emotion,Thầy phải cho em qua môn chứ. Em đã dành tận 150 tiếng cho dự án đó và bỏ lỡ hết các buổi tiệc tùng trong học kỳ này rồi.
edu,"You can’t prove your candidate will win, so I assume he won’t",intentional,"Cậu đâu có chứng minh được ứng viên của cậu sẽ thắng đâu, nên tôi cứ mặc định là ông ấy thua đi."
edu,People who eat yogurt have healthy guts. If I eat yogurt I will never get sick.,false causality,Người ăn sữa chua thì đường ruột khỏe mạnh. Vậy nên cứ ăn sữa chua là tôi sẽ không bao giờ bị ốm.
edu,"Trump asked Clinton about her “33,000“ deleted emails, but Clinton responds by correcting him rather than addressing the deleted emails: “Not — well, we turned over 35,000, so…”",fallacy of relevance,"Trump hỏi Clinton về 33.000 email đã bị xóa, nhưng Clinton lại né tránh bằng cách đính chính con số thay vì trả lời thẳng vào vấn đề: “Không phải, chúng tôi đã bàn giao 35.000 email, nên là...”"
edu,"In the court trial deliberations, Juror Seven says, ""There are still eleven of us who think he's guilty. You're alone."" His attempt to use numbers to persuade Eight is:",ad populum,"Trong phiên nghị án, Bồi thẩm viên số 7 nói: ""Vẫn còn 11 người chúng ta nghĩ hắn có tội. Còn ông thì lẻ loi một mình đấy."" Cách ông ta dùng số đông để thuyết phục Bồi thẩm viên số 8 là:"
edu,You either are for us or you are all against,false dilemma,"Một là ông đứng về phía chúng tôi, hai là ông chống lại tất cả chúng tôi"
edu,All women are bad drivers.,faulty generalization,Tất cả phụ nữ đều lái xe kém.
edu,"My friend told me to quit singing in the car since I have a ""bad voice."" She sings in the car all of the time!",ad hominem,"Bạn tôi bảo tôi đừng hát trong xe nữa vì tôi có ""giọng hát tệ"". Trong khi chính cô ấy cũng hát trong xe suốt!"
edu,"In government, arguing for raising taxes - ""We need more revenue to support the programs that we have. Children are our future. Let's support children.""",fallacy of relevance,"Trong chính phủ, khi vận động tăng thuế: ""Chúng ta cần thêm ngân sách để hỗ trợ các chương trình hiện có. Trẻ em là tương lai của chúng ta. Hãy cùng hỗ trợ trẻ em."""
edu,FDR was a mighty engine pulling country out of desert of Great Depression,fallacy of logic,FDR là một đầu tàu mạnh mẽ kéo cả đất nước ra khỏi sa mạc của cuộc Đại Suy thoái
edu,"Person A: I think pollution from humans contributes to climate change.
Person B: So, you think humans are directly responsible for extreme weather, like hurricanes, and have caused the droughts in the southwestern U.S.?",fallacy of extension,"Người A: Tôi nghĩ ô nhiễm do con người gây ra góp phần vào biến đổi khí hậu.
Người B: Vậy ý anh là con người chịu trách nhiệm trực tiếp cho các hiện tượng thời tiết cực đoan như bão, và là nguyên nhân gây ra các đợt hạn hán ở vùng Tây Nam Hoa Kỳ sao?"
edu,"But professor, I got all these facts from a program I saw on TV once... I don’t remember the name of it though.",equivocation,"Nhưng thưa giáo sư, em lấy tất cả những dữ kiện này từ một chương trình em xem trên TV một lần... mà em không nhớ tên chương trình đó là gì nữa."
edu,"Issue A has been raised, and adequately answered.
Issue B is then raised, and adequately answered.
.....
Issue Z is then raised, and adequately answered.
(despite all issues adequately answered, the opponent refuses to conceded or accept the argument.",intentional,"Vấn đề A đã được nêu ra và phản biện thỏa đáng.
Vấn đề B tiếp tục được nêu ra và phản biện thỏa đáng.
.....
Vấn đề Z tiếp tục được nêu ra và phản biện thỏa đáng.
(dù tất cả các vấn đề đều đã được làm sáng tỏ, đối thủ vẫn nhất quyết không chịu thừa nhận hoặc chấp nhận lập luận.)"
edu,"Student: You didn't teach us this; we never learned this.

Teacher: So, what you're saying is that you just didn't study it after we went over it in class right? That you don't want to put in the work?",fallacy of extension,"Sinh viên: Thầy chưa dạy bọn em cái này; bọn em chưa bao giờ học nó cả.

Giáo viên: Ý em là em không chịu học lại sau khi chúng ta đã học trên lớp đúng không? Rằng em không muốn bỏ công sức ra chứ gì?"
edu,Look at people like Michael Vick and OJ Simpson. Professional athletes really have no sense of morality.,faulty generalization,Nhìn mấy người như Michael Vick với OJ Simpson mà xem. Vận động viên chuyên nghiệp chẳng có lấy một chút đạo đức nào cả.
edu,"All ghosts are imaginary.
All unicorns are imaginary.
Therefore, all ghosts are unicorns.",fallacy of logic,"Tất cả ma đều là tưởng tượng.
Tất cả kỳ lân đều là tưởng tượng.
Vậy nên, tất cả ma đều là kỳ lân."
edu,"David is so wrong about Luna's work ethic. David is just an egotistical jerk with a God complex, what does he know?",ad hominem,"David sai hoàn toàn về thái độ làm việc của Luna. David chỉ là một gã tự cao tự đại, tưởng mình là cái rốn của vũ trụ, gã thì biết cái quái gì cơ chứ?"
edu,"Every sunrise, the rooster makes a sound. So it is the rooster which makes the sun rise.",false causality,"Mỗi khi mặt trời mọc, con gà trống lại gáy. Vậy nên chính con gà trống là nguyên nhân làm mặt trời mọc."
edu,"President Obama’s decision to arm Syrian rebels, however meagerly, has all but doomed us to an Iraq-style debacle",faulty generalization,"Quyết định của Tổng thống Obama về việc cung cấp vũ khí cho quân nổi dậy Syria, dù ít ỏi, cũng đã đẩy chúng ta vào một thảm họa kiểu Iraq rồi."
edu,"My new sport psychology intervention works! I chose the player with the lowest batting average based on the last game from each of the teams in our amateur baseball league. Then I gave each of them my 5-minute intervention. And almost all of them improved their batting average in the next game!"" (Note: this example may also involve the statistical phenomenon of regression to the mean.",false causality,"Can thiệp tâm lý thể thao mới của tôi hiệu quả lắm! Tôi chọn những cầu thủ có điểm đánh bóng thấp nhất trong trận trước từ mỗi đội ở giải bóng chày nghiệp dư. Sau đó, tôi áp dụng phương pháp can thiệp 5 phút của mình cho từng người. Và hầu hết họ đều cải thiện điểm đánh bóng trong trận tiếp theo!"
edu,"Earthquakes are caused when the plates of the Earth's crust move. Earthquakes happen along ""fault lines"" in the earth’s crust. When the plates in the Earth suddenly shift, the Earth will begin to shift, shake or tremble.
What is the central idea?",false causality,"Động đất xảy ra khi các mảng kiến tạo của vỏ Trái Đất di chuyển. Động đất xảy ra dọc theo các ""đường đứt gãy"" trong vỏ Trái Đất. Khi các mảng trong Trái Đất đột ngột dịch chuyển, Trái Đất sẽ bắt đầu dịch chuyển, rung lắc hoặc chấn động.
Ý chính là gì?"
edu,You oversleep and then fail a test; so you assume that oversleeping causes you to fail tests,false causality,Bạn ngủ quên rồi trượt bài kiểm tra; thế là bạn mặc định rằng cứ ngủ quên là sẽ trượt bài kiểm tra.
edu,"Person 1: I think pollution from humans contributes to climate change.

Person 2: So, you think humans are directly responsible for extreme weather, like hurricanes, and have caused the droughts in the southwestern U.S.? If that’s the case, maybe we just need to go to the southwest and perform a “rain dance.”",fallacy of extension,"Người 1: Tôi nghĩ ô nhiễm do con người gây ra góp phần vào biến đổi khí hậu.

Người 2: À, vậy ra anh nghĩ con người chịu trách nhiệm trực tiếp cho các hiện tượng thời tiết cực đoan như bão, và gây ra hạn hán ở tây nam nước Mỹ? Nếu vậy thì có lẽ chúng ta chỉ cần đến miền Tây Nam rồi thực hiện một “điệu nhảy cầu mưa” là xong."
edu,"Marcus wants to go to a small community college close to home, but most of the kids in his class are applying to larger colleges out of state. Marcus decides that he should also apply to those colleges.",ad populum,"Marcus muốn học tại một trường cao đẳng cộng đồng gần nhà, nhưng hầu hết các bạn cùng lớp lại nộp đơn vào các trường đại học lớn ở ngoài bang. Marcus quyết định rằng mình cũng nên nộp đơn vào những trường đó."
edu,"the phrase ""Ninety percent of all people surveyed said that McDonalds is better than Burger King so it must be true.""  represents which fallacy?",ad populum,"Cụm từ ""Chín mươi phần trăm số người được khảo sát nói rằng McDonald's ngon hơn Burger King nên điều đó chắc chắn là đúng"" đại diện cho lỗi ngụy biện nào?"
edu,Millions of people drink Diet Coke every year so it must be the best soft drink in the world.,ad populum,Hàng triệu người uống Diet Coke mỗi năm nên đó chắc chắn là loại nước ngọt ngon nhất thế giới.
edu,"Pointing to a fancy chart, Roger shows how temperatures have been rising over the past few centuries, whilst at the same time the numbers of pirates have been decreasing; thus pirates cool the world and global warming is a hoax.",false causality,"Chỉ vào một biểu đồ bóng bẩy, Roger cho thấy nhiệt độ đã tăng lên trong vài thế kỷ qua, trong khi cùng lúc đó số lượng cướp biển lại giảm xuống; vì vậy cướp biển làm mát trái đất và sự nóng lên toàn cầu chỉ là trò lừa bịp."
edu,"""Senator Jones says that we should not fund the attack submarine program. I disagree entirely. I can't understand why he wants to leave us defenseless like that.""",fallacy of extension,"""Thượng nghị sĩ Jones nói rằng chúng ta không nên tài trợ cho chương trình tàu ngầm tấn công. Tôi hoàn toàn không đồng ý. Tôi không thể hiểu tại sao ông ấy lại muốn để chúng ta rơi vào tình thế không có khả năng phòng thủ như vậy."""
edu,"This trick, which literally means ""to the guy,"" distorts a person's character subtly or blatantly, undermining their reputation regardless of how compelling their point is.",ad hominem,"Chiêu trò này, theo nghĩa đen là ""tấn công vào cá nhân"", bóp méo nhân cách của một người một cách tinh vi hoặc trắng trợn, làm tổn hại uy tín của họ bất kể quan điểm của họ thuyết phục đến mức nào."
edu,"Dad, either you let me go to the party or you're a bad dad.",false dilemma,"Bố à, hoặc là bố để con đi dự tiệc, hoặc là bố là một người cha tồi."
edu,"Most people believe in ghosts, so ghosts are real.",ad populum,"Hầu hết mọi người đều tin vào ma, nên ma là có thật."
edu,"If you are open to it, love will find you.",equivocation,"Nếu bạn sẵn lòng đón nhận, tình yêu sẽ tìm đến với bạn."
edu,"Education is important for the future of the American people and our country.   So, you should choose to study at St. Cloud State University.",fallacy of relevance,"Giáo dục rất quan trọng đối với tương lai của người dân Mỹ và đất nước chúng ta. Vì vậy, bạn nên chọn học tại Đại học St. Cloud State."
edu,"Wilma: You cheated on your income tax. Don't you realize that's wrong?
Walter: Hey, wait a minute. You cheated on your income tax last year. Or have you forgotten about that?",ad hominem,"Wilma: Bạn trốn thuế thu nhập kìa. Bạn không thấy làm vậy là sai sao? Walter: Này, đợi đã. Chính bạn cũng trốn thuế năm ngoái mà. Hay là bạn quên mất rồi?"
edu,"When you are late getting home-past curfew-you distract your parents by talking to them about the weather-how cold it is, or how rainy it is.",fallacy of relevance,"Khi bạn về nhà muộn quá giờ giới nghiêm, bạn đánh lạc hướng bố mẹ bằng cách nói về thời tiết, nào là trời lạnh thế nào hay trời mưa ra sao."
edu,"If we control Covid-19 with measures that are too draconian, we could wind up with a government that regularly clamps down on its citizens, with bar codes on wrists and cameras in your houses that watch you all the time.",faulty generalization,"Nếu chúng ta kiểm soát Covid-19 bằng các biện pháp quá khắt khe, chúng ta sẽ kết thúc với một chính quyền thường xuyên chèn ép người dân, với mã vạch trên cổ tay và camera giám sát khắp nhà bạn mọi lúc mọi nơi."
edu,You are either with God or against him.,false dilemma,Bạn chỉ có thể là người đi theo Chúa hoặc là kẻ chống lại Ngài.
edu,Everybody does it.  You should too.,ad populum,Ai cũng làm thế cả. Bạn cũng nên làm vậy đi.
edu,"You call your cell phone provider to complain about how poor your cell phone battery life is after the recent software update. The representative, instead of responding to your concern, praises the provider’s new unlimited text-messaging plans that are due to be released in the next month.",fallacy of relevance,"Bạn gọi cho nhà mạng để phàn nàn về việc pin điện thoại bị tụt nhanh sau bản cập nhật phần mềm. Thay vì giải quyết vấn đề của bạn, nhân viên đó lại đi ca ngợi các gói nhắn tin không giới hạn sắp ra mắt vào tháng sau."
edu,"“Yesterday, I walked under a ladder with an open umbrella indoors while spilling salt in front of a black cat. And I forgot to knock on wood with my lucky dice. That must be why I’m having such a bad day today. It’s bad luck.”",false causality,"Hôm qua tôi đi dưới một cái thang, mở ô trong nhà, làm đổ muối trước mặt một con mèo đen. Tôi còn quên gõ vào gỗ bằng con xúc xắc may mắn nữa. Chắc đó là lý do hôm nay tôi xui xẻo thế này. Đúng là vận đen."
edu,a lifelong Republican who was against Obamacare until it saved his life.,appeal to emotion,Một người theo Đảng Cộng hòa cả đời phản đối Obamacare cho đến khi chính nó cứu mạng ông ấy.
edu,His opinions about sports mean nothing - he can barely tie his own shoes!,ad hominem,Ý kiến của anh ta về thể thao chẳng có nghĩa lý gì cả - đến buộc dây giày mà anh ta còn chẳng xong!
edu,I didn’t steal your pen—I borrowed it,equivocation,"Tôi không có lấy trộm bút của bạn, tôi chỉ mượn tạm thôi."
edu,"America is the best place to live, because it's better than any other country.",circular reasoning,"Mỹ là nơi đáng sống nhất, vì nó tốt hơn bất kỳ quốc gia nào khác."
edu,"After years of ignoring God, people have a hard time realizing what is right and what is wrong, what is good and what is bad.",circular reasoning,"Sau nhiều năm phớt lờ Chúa, con người khó mà nhận thức được đúng sai, tốt xấu là gì."
edu,What can our new math teacher know? Have you seen how fat she is?,ad hominem,Giáo viên toán mới thì biết cái gì chứ? Bạn nhìn xem cô ta béo thế nào kìa?
edu,A persuasive technique meant to influence a person’s emotions.,appeal to emotion,Một kỹ thuật thuyết phục nhằm tác động vào cảm xúc của một người.
edu,"Saying that the burden of proof lies not with the person making the claim, but with someone else to disprove.",intentional,"Khẳng định rằng nghĩa vụ chứng minh không nằm ở người đưa ra tuyên bố, mà nằm ở người khác phải chứng minh điều đó là sai."
edu,"There is no concrete proof that Duterte himself is corrupt; therefore, he is an honest politician.",intentional,"Không có bằng chứng cụ thể nào cho thấy bản thân Duterte tham nhũng; do đó, ông ấy là một chính trị gia trung thực."
edu,"We should offer movies on our company’s website. REPLY: No, we’ve built our company’s fortune by renting movies only through our stores.",fallacy of credibility,"Chúng ta nên cung cấp phim trên trang web của công ty. PHẢN HỒI: Không, chúng ta đã gây dựng tài sản của công ty bằng cách chỉ cho thuê phim qua các cửa hàng của mình thôi."
edu,Why shouldn't I gossip about Laura Jane? You know she talks about us every chance she gets.,fallacy of relevance,Tại sao tôi không được phép nói xấu Laura Jane chứ? Bạn biết thừa là cô ta luôn chực chờ để nói xấu chúng ta mỗi khi có cơ hội mà.
edu,"SuperCyberDate.con determined that Sally and Billy are a great match because they both like pizza, movies, junk food, Janet Jackson, and vote republican.",intentional,"SuperCyberDate.con xác định rằng Sally và Billy là một cặp đôi hoàn hảo vì cả hai đều thích pizza, phim ảnh, đồ ăn vặt, nhạc Janet Jackson và bỏ phiếu cho Đảng Cộng hòa."
edu,"Willard: I just realized that I will probably never go bald!
Fanny: Why is that?
Willard:  Well, if I lose just one hair, I will not be bald, correct?
Fanny: Of course.
Willard: If I lose two hairs?
Fanny: No.
Willard: Every time I lose a hair, the loss of that one hair will not make me bald; therefore, I will never go bald.
Fanny: Congratulations, you found the cure to baldness -- stupidity!
",equivocation,"Willard: Tớ vừa nhận ra là mình chắc sẽ không bao giờ bị hói!
Fanny: Tại sao lại thế?
Willard: Chà, nếu tớ rụng đúng một sợi tóc, tớ đâu có bị hói, đúng không?
Fanny: Tất nhiên rồi.
Willard: Nếu tớ rụng hai sợi thì sao?
Fanny: Cũng chưa.
Willard: Mỗi lần tớ rụng một sợi tóc, việc mất đi một sợi đó không làm tớ bị hói; vì vậy, tớ sẽ không bao giờ bị hói.
Fanny: Chúc mừng nhé, cậu vừa tìm ra phương thuốc chữa hói đầu rồi đấy — đó chính là sự ngu ngốc!"
edu,"peer pressure, persuasion based on the the foundation that everybody’s doing it.",ad populum,"Áp lực đồng trang lứa, kiểu thuyết phục dựa trên lập luận rằng ai cũng làm thế nên mình cũng phải làm."
edu,A few students are misbehaving...therefore the whole class is bad. What fallacy is this an example of?,faulty generalization,Một vài học sinh nghịch ngợm... nên cả lớp đều hư. Đây là ví dụ của loại ngụy biện nào?
edu,"“If we let teenagers wear whatever they want to school, they will no longer respect the rules and academic performance will decline.”",faulty generalization,"Nếu chúng ta cho phép học sinh mặc bất cứ thứ gì đến trường, chúng sẽ không còn tôn trọng kỷ luật và kết quả học tập sẽ sa sút."
edu,"TOPIC: Should people let their cats go outside?
DEBATE: ""People should let their cats go outside. Going outside gives cats more exercise.""
""What do you know? You've never even had a pet cat before!""",ad hominem,"CHỦ ĐỀ: Có nên để mèo ra ngoài không?
TRANH BIỆN: ""Mọi người nên cho mèo ra ngoài. Việc ra ngoài giúp mèo vận động nhiều hơn.""
""Ông biết gì mà nói? Ông còn chưa bao giờ nuôi mèo cơ mà!"""
edu,"Which rhetorical fallacy is a broad statement about people on the basis of gender, ethnicity, race, or political, social, professional, or religious group?",faulty generalization,"Đâu là ngụy biện tu từ dùng để đưa ra nhận định vơ đũa cả nắm về một nhóm người dựa trên giới tính, sắc tộc, chủng tộc, hoặc các nhóm chính trị, xã hội, nghề nghiệp hay tôn giáo?"
edu,"The anti-terrorist laws that monitor international currency transfers, phone calls, and emails are the first step to turning our fragile democracy into a new Nazi regime.",faulty generalization,"Các đạo luật chống khủng bố kiểm soát luân chuyển tiền tệ quốc tế, điện thoại và email chính là bước đầu tiên để biến nền dân chủ mong manh của chúng ta thành một chế độ phát xít mới."
edu,"Don't listen to her even though she's a doctor. She isn't a good person, so her opinion is invalid.",ad hominem,"Đừng nghe cô ấy nói dù cô ấy là bác sĩ. Cô ấy không phải là người tốt, nên ý kiến của cô ấy chẳng có giá trị gì cả."
edu,"Millions of people are Marxists, so Marxist economic and political theories are  correct.",ad populum,"Hàng triệu người theo chủ nghĩa Marx, vậy nên các lý thuyết kinh tế và chính trị của chủ nghĩa Marx chắc chắn là đúng."
edu,"""You haven't held a steady job since 1992. Worse than that, we couldn't find a single employer who'd provide you with a good reference.""",ad hominem,Anh chẳng có nổi một công việc ổn định từ năm 1992. Tệ hơn nữa là chúng tôi chẳng thể tìm thấy bất kỳ người chủ cũ nào chịu đưa ra lời nhận xét tốt về anh.
edu,"No one has ever been able to prove that extraterrestrials do not exist, so they must be real.",intentional,"Chưa ai có thể chứng minh là người ngoài hành tinh không tồn tại, nên chắc chắn họ phải có thật."
edu,Have you stopped cheating on exams?,intentional,Cậu đã bỏ gian lận trong thi cử chưa?
edu,"I'm not a doctor, but I play one on the hit series, ""Bimbos and Studmuffins in the OR."" You can take it from me that when you need a safe and effective pain killer, there is nothing better then MorphiPill 2000. That is my professional medical opinion.",fallacy of credibility,"Tôi không phải bác sĩ, nhưng tôi đóng vai bác sĩ trong loạt phim ăn khách ""Bimbos and Studmuffins in the OR"". Bạn cứ tin tôi đi, khi cần thuốc giảm đau an toàn và hiệu quả, chẳng gì qua mặt được MorphiPill 2000 đâu. Đó là ý kiến chuyên môn của tôi đấy."
edu,"“We should abolish the death penalty. Many respected people, such as Imran Kader, have publicly stated their opposition to it.”",fallacy of credibility,"Chúng ta nên bãi bỏ án tử hình. Rất nhiều nhân vật có uy tín, ví dụ như Imran Kader, đã công khai phản đối nó."
edu,"The goal of people who ask us to wear masks to pure compliance, to practice controlling a witless population. We are not sheep!",fallacy of extension,"Mục đích của những kẻ bắt chúng ta đeo khẩu trang chỉ là để buộc ta phục tùng, tập cách kiểm soát một đám đông thiếu hiểu biết. Chúng ta không phải lũ cừu!"
edu,"""Bernie Saunders wouldn't make a good president because he looks like a sad muppet.""",ad hominem,Bernie Saunders không thể làm tổng thống tốt được vì trông ông ấy chẳng khác gì một con rối buồn thảm.
edu,"Saying that you support a specific candidate for class president, only because he has recently been diagnosed with cancer is an example of which fallacy?",appeal to emotion,Việc khẳng định ủng hộ một ứng viên lớp trưởng chỉ vì người đó vừa được chẩn đoán mắc ung thư là ví dụ của loại ngụy biện nào?
edu,"""How could you not believe in ghosts? Roughly two billon people believe in them, so don't you think you should reconsider your opinion?""",ad populum,"Sao cậu lại không tin vào ma chứ? Khoảng hai tỷ người tin vào sự tồn tại của chúng, thế chẳng lẽ cậu không nên xem xét lại ý kiến của mình sao?"
edu,"Three kids in one class failed the Jane Eyre quiz, I guess,all the other classes will all fail it, too.",faulty generalization,"Có ba đứa trong một lớp trượt bài kiểm tra Jane Eyre, tôi đoán là tất cả các lớp khác cũng sẽ trượt hết thôi."
edu,Dr. Bloom cannot be a competent marriage counselor because he is divorced.,ad hominem,Tiến sĩ Bloom không thể là một chuyên gia tư vấn hôn nhân giỏi vì chính ông ấy cũng đã ly hôn.
edu,"Everyone should be patient and wait for his or her turn in line. However, I need to go to the front because I am late for an appointment.",intentional,"Ai cũng nên kiên nhẫn đợi đến lượt mình trong hàng. Tuy nhiên, tôi cần phải lên hàng đầu vì tôi đang bị muộn một cuộc hẹn."
edu,"Argues that ""we've always done it that way."" In other words, because something worked in the past, it is the correct thing to do.",fallacy of credibility,"Lập luận rằng ""từ trước đến nay chúng ta vẫn làm vậy"". Nói cách khác, vì một phương pháp đã từng hiệu quả trong quá khứ nên mặc nhiên đó là cách đúng đắn nhất để làm."
edu,"Mom: You used up all of the data on our phone plan this month!
Kid: I had a math test today that was really, really hard. Can you just forgive me this one time?",fallacy of relevance,"Mẹ: Con đã dùng sạch dữ liệu gói cước điện thoại tháng này rồi đấy nhé! 
Con: Hôm nay con có bài kiểm tra toán khó kinh khủng luôn, mẹ bỏ qua cho con lần này thôi được không?"
edu,"Jason and his family are heading to Utah to spend a week skiing. Looking at the weather reports, he notices that it is supposed to be warmer, making for lousy ski conditions. Angrily, he calls the Weather Channel and demands that they change their forecast so he will have better weather for the trip.",false causality,"Jason và gia đình định đi trượt tuyết ở Utah một tuần. Xem dự báo thời tiết thấy trời ấm hơn, điều kiện trượt sẽ rất tệ. Thế là cậu ta nổi cáu, gọi điện cho đài truyền hình yêu cầu họ phải thay đổi dự báo để cậu ta có chuyến đi thuận lợi hơn."
edu,"Cellphones weren’t invented before I was born. Now, they are everywhere! Therefore, cellphones were created because I was born.",false causality,"Điện thoại di động chưa tồn tại trước khi tôi ra đời. Giờ thì chúng ở khắp mọi nơi! Suy ra, điện thoại di động được tạo ra là vì tôi sinh ra."
edu,AttP 3: Shirley MacLaine selling copies to many people makes her topic of choice true.,ad populum,Ngụy biện phổ biến: Việc Shirley MacLaine bán được hàng triệu bản sách cho thấy những chủ đề cô ấy chọn là sự thật.
edu,"The CEO of that company hates the environment, so I hate him and won’t buy their products.",ad hominem,"CEO của công ty đó ghét môi trường, nên tôi ghét ông ta và sẽ không bao giờ mua sản phẩm của họ."
edu,"Boy , those sound like pretty terrible, epicly fascist (hint) robots.",fallacy of relevance,"Chà, nghe mấy con robot đó kinh khủng và đậm chất phát xít nhỉ."
edu,"Braden, you drive a beat-up car from the 1980s. For this reason, we can never allow you to be a lifeguard at the community pool.",ad hominem,"Braden à, cậu lái chiếc xe cà tàng từ những năm 80. Vì lý do đó, chúng ta tuyệt đối không thể để cậu làm nhân viên cứu hộ ở bể bơi cộng đồng này được."
edu,"This tactic plays upon a viewer's lack of knowledge by forcing the idea that the situation is static. Unless the audience is well-informed and aware of this deception, they may think that they have only two choices.",false dilemma,"Chiêu trò này lợi dụng sự thiếu hiểu biết của người xem bằng cách ép họ tin rằng tình thế là bất biến. Nếu khán giả không đủ kiến thức và nhận diện được mánh khóe này, họ sẽ dễ dàng rơi vào bẫy khi nghĩ rằng mình chỉ còn đúng hai lựa chọn."
edu,"Yesterday you were 5 minutes late, today 10, and tomorrow you won't even show up!",faulty generalization,"Hôm qua bạn trễ 5 phút, hôm nay trễ 10 phút, thì chắc chắn ngày mai bạn sẽ không thèm xuất hiện luôn!"
edu,"“Pain-Away worked for me, so it’s sure to work for you, too.”",faulty generalization,"Pain-Away có tác dụng với tôi, nên chắc chắn nó cũng sẽ hiệu quả với bạn."
edu,The reason billions of children starve to death each year is because we live in a world that does not care.,circular reasoning,Hàng tỷ trẻ em chết đói mỗi năm là do chúng ta đang sống trong một thế giới vô cảm.
edu,"""If you lie, than you will end up in jail."" Is an example of...",faulty generalization,"""Nếu bạn nói dối, bạn sẽ phải ngồi tù."" là ví dụ về..."
edu,We should pass a constitutional amendment making it illegal to burn the American flag. Anyone who thinks otherwise just hates America.,fallacy of extension,Chúng ta cần thông qua một tu chính án hiến pháp để cấm việc đốt cờ Mỹ. Bất cứ ai nghĩ khác đều là kẻ thù ghét nước Mỹ.
edu,"""The Cardinals are the best football team because they're better than all the other teams.""",circular reasoning,"""Đội Cardinals là đội bóng bầu dục giỏi nhất vì họ giỏi hơn tất cả các đội còn lại."""
edu,"If you're going to add that much salt to the soup, you might as well pour the whole box in!",faulty generalization,Nếu bạn định cho nhiều muối vào súp thế kia thì cứ đổ cả hộp vào cho xong đi!
edu,"Senator Jones wants a strong national defense, but I will not vote for him because he moved to Canada to avoid being drafted for war when he was in college.",ad hominem,"Thượng nghị sĩ Jones muốn một nền quốc phòng vững mạnh, nhưng tôi sẽ không bầu cho ông ta vì ông ta từng trốn sang Canada để tránh đi nghĩa vụ quân sự thời đại học."
edu,"“He’s not a great athlete; he’s a fraud, a cheat and a liar. That’s why not everybody is ‘happy for Lance.'”",ad hominem,"“Anh ta không phải là một vận động viên vĩ đại; anh ta là kẻ lừa đảo, quân gian lận và kẻ dối trá. Đó là lý do tại sao không phải ai cũng thấy ‘hạnh phúc cho Lance.’"""
edu,"My philosophy professor believes in ghosts and goes to séances. She’s an intelligent, educated, person, so ghosts must be real, and spiritualism must be true.",fallacy of credibility,"Giáo sư triết học của tôi tin vào ma quỷ và hay đi dự các buổi cầu hồn. Bà ấy là một người thông minh, có học thức, nên chắc chắn ma là có thật và tâm linh là đúng."
edu,"Scientist: Evolution explains how animals developed, adapted and diversified over millions of years.
Opponent: If we evolved from monkeys, why are there still monkeys? And why don't we have three arms? Wouldn't that give me a competitive advantage?
What kind of a logical fallacy is this?",fallacy of extension,"Nhà khoa học: Thuyết tiến hóa giải thích cách động vật phát triển, thích nghi và đa dạng hóa qua hàng triệu năm.
Đối thủ: Nếu chúng ta tiến hóa từ khỉ, tại sao bây giờ vẫn còn khỉ? Và tại sao chúng ta không có ba cánh tay nhỉ? Chẳng phải điều đó sẽ cho tôi lợi thế cạnh tranh sao?
Đây là loại ngụy biện logic gì?"
edu,"Trump presents a dark image of America if Clinton is elected, with “Syrian refugees flooding in, illegal immigrants convicted of crimes staying.”",faulty generalization,"Trump vẽ ra một viễn cảnh đen tối cho nước Mỹ nếu Clinton đắc cử, với viễn cảnh 'người tị nạn Syria tràn vào và những kẻ nhập cư bất hợp pháp phạm tội vẫn được ở lại.'"
edu,"""Blondes are less intelligent than people with other hair colors.""",faulty generalization,Người tóc vàng kém thông minh hơn những người có màu tóc khác.
edu,"No one has ever been able to prove that extraterrestrials exist, so they must not be real.",intentional,"Chưa ai chứng minh được sự tồn tại của người ngoài hành tinh, nên chắc chắn là họ không có thật."
edu,The red bicycle is red.,circular reasoning,Chiếc xe đạp màu đỏ thì có màu đỏ.
edu,“I don’t understand why you’re saying I broke a promise. I said I’d never speak again to my ex-girlfriend. And I didn’t. I just sent her a quick text.”,equivocation,"Tôi không hiểu tại sao cậu lại bảo tôi thất hứa. Tôi đã nói sẽ không bao giờ nói chuyện với bạn gái cũ nữa. Và tôi đâu có nói chuyện đâu, tôi chỉ nhắn cho cô ấy một cái tin thôi mà."
edu,My job interview did not go well. I'll never get a job.,faulty generalization,Buổi phỏng vấn xin việc của mình tệ quá. Chắc chắn mình sẽ chẳng bao giờ xin được việc làm đâu.
edu,"Why does the law state that you have to be 21 years old to drink?  Does it really make any difference if you are 20 years and 364 days old?  That is absurd.  Therefore, if a single day makes no difference, then a collection of 1095 single days won’t make any difference. Therefore, changing the drinking age to 18 will not make any difference.",equivocation,"Tại sao luật lại quy định phải đủ 21 tuổi mới được uống rượu? Liệu có khác biệt gì giữa người 20 tuổi 364 ngày và người 21 tuổi không? Thật vô lý. Vậy nên, nếu một ngày chẳng tạo ra khác biệt gì, thì 1095 ngày cũng chẳng khác biệt gì cả. Do đó, việc hạ độ tuổi uống rượu xuống 18 chẳng có ý nghĩa gì hết."
edu,"Senator Jones supports a strong national defense. If you do vote for him, our country will be invaded, and it will start World War III.",appeal to emotion,"Thượng nghị sĩ Jones ủng hộ việc tăng cường quốc phòng. Nếu bạn bỏ phiếu cho ông ta, đất nước chúng ta sẽ bị xâm lược và Thế chiến III sẽ bắt đầu."
edu,Your either for America or against her!!!,false dilemma,"Bạn hoặc là đứng về phía nước Mỹ, hoặc là kẻ chống lại đất nước này!!!"
edu,"President Bennett is an effective communicator, because he has a natural talent for speaking with people.
against",circular reasoning,"Tổng thống Bennett là một nhà truyền thông hiệu quả, bởi vì ông ấy có tài năng thiên bẩm trong việc trò chuyện với mọi người."
edu,"I know three redheads who have terrible tempers, and since Annabel has red hair, I’ll bet she has a terrible temper too.",faulty generalization,"Tôi biết ba người tóc đỏ có tính khí rất tệ, nên vì Annabel cũng có tóc đỏ, tôi cá là cô ấy cũng có tính khí tệ như vậy."
edu,"You said that because an authority thinks something, it must therefore be true.",fallacy of credibility,"Bạn nói rằng vì một chuyên gia nghĩ như vậy, nên chắc chắn đó là sự thật."
edu,"""The building is closed. I saw 2 people standing outside the door.""What is this type of logical fallacy?",faulty generalization,"""Tòa nhà đóng cửa. Tôi thấy 2 người đứng ngoài cửa."" Đây là loại ngụy biện gì?"
edu,"I don't think we need to talk to the people in the Justice Department about the practicality of enforcing this bill. The Justice Department is full of Democrats, and they are already biased against it.",ad hominem,"Tôi nghĩ chúng ta không cần bàn với Bộ Tư pháp về tính thực thi của dự luật này đâu. Bộ Tư pháp toàn người Đảng Dân chủ, và họ vốn đã có thành kiến với nó rồi."
edu,"Speaker 1: Did you torture the prisoner?
Speaker 2: No, we just held him under water for a while, and then did a mock hanging.",equivocation,"Người 1: Các anh có tra tấn tù nhân không?
Người 2: Không, chúng tôi chỉ dìm đầu hắn dưới nước một lúc, rồi giả vờ treo cổ thôi."
edu,"If I eat this donut today, I'll probably do it again tomorrow and the next day, and then I'll never be able to eat healthy again.",faulty generalization,"Nếu hôm nay tôi ăn chiếc bánh donut này, tôi sẽ lại ăn vào ngày mai và ngày kia nữa, rồi sau đó tôi sẽ không bao giờ ăn uống lành mạnh được nữa."
edu,use of people's desire to be part of the group to convince them,ad populum,lợi dụng khao khát được hòa nhập nhóm của mọi người để thuyết phục họ
edu,"We must have a poltergeist in the house. When the dog ran under the table, the vase just seemed to jump off the shelf all by itself.",fallacy of logic,"Chắc chắn là nhà mình có ma rồi. Khi con chó chạy dưới gầm bàn, cái bình hoa tự dưng như nhảy khỏi kệ vậy."
edu,Which case is not a False Dichotomy?,fallacy of relevance,Trường hợp nào sau đây không phải là Ngụy biện Lưỡng nan giả?
edu,Have you accepted the fact that most environmental studies don’t support global warming?,intentional,Bạn đã chấp nhận thực tế là phần lớn các nghiên cứu môi trường không ủng hộ thuyết nóng lên toàn cầu chưa?
edu,"""America: Love it or leave it""
This is an example of which kind of logical fallacy?",false dilemma,"""Nước Mỹ: Yêu lấy nó hoặc rời khỏi nó"". Đây là ví dụ của loại ngụy biện nào?"
edu,The accident was caused by the taxi parking in the street,false causality,Tai nạn xảy ra là do chiếc taxi đỗ ở ngoài đường.
edu,"""Some tall people recently vandalized the park. Tall people are so irresponsible.""",faulty generalization,"""Mấy người cao kều vừa phá hoại công viên xong. Đúng là người cao ai cũng vô trách nhiệm thật."""
edu,"""The mind is like a knife, cutting through difficult problems. But just as too much cutting dulls a knife, so too much education dulls the mind.""",fallacy of logic,"""Tâm trí con người giống như một con dao, cắt xuyên qua những vấn đề khó khăn. Nhưng cũng như việc cắt quá nhiều làm dao bị cùn, học hành quá nhiều cũng làm tâm trí bị cùn đi."""
edu,Portraying one's opponent's position in a simplified manner so that it is easy to argue against.,fallacy of extension,Trình bày quan điểm của đối thủ theo cách đơn giản hóa để dễ dàng phản bác lại.
edu,Do you think that we should convict this criminal?,intentional,Bạn có nghĩ là chúng ta nên kết tội tên tội phạm này không?
edu,Running the government is like running a business. You can’t keep running into debt and expect to be successful.,faulty generalization,Điều hành chính phủ cũng như điều hành một doanh nghiệp vậy. Bạn không thể cứ nợ nần chồng chất rồi mong đợi sẽ thành công được.
edu,"In 2011, Christian broadcaster, Harold Camping, (once again) predicted the end of the world via Jesus, and managed to get many Christians to join his alarmist campaign.  During this time, and especially after the Armageddon date had passed,  many Christian groups publicly declared that Camping is not a “true Christian”.  On a personal note, I think Camping was and is as much of a Christian as any other self-proclaimed Christian and religious/political/ethical beliefs aside, I give him credit for having the cojones to make a falsifiable claim about his religious beliefs.Example #2:",intentional,"Năm 2011, nhà truyền giáo Cơ đốc Harold Camping lại một lần nữa dự đoán ngày tận thế của Chúa Jesus và lôi kéo được nhiều tín đồ tham gia chiến dịch hoang mang dư luận. Trong thời gian đó, đặc biệt là sau khi ngày tận thế trôi qua, nhiều nhóm Cơ đốc giáo đã công khai tuyên bố Camping không phải là một ""tín đồ chân chính"". Cá nhân tôi cho rằng Camping vẫn là một tín đồ như bao người tự xưng khác, gạt bỏ mọi niềm tin tôn giáo, chính trị hay đạo đức sang một bên, tôi vẫn nể ông ta vì có gan đưa ra một tuyên bố có thể kiểm chứng được về niềm tin tôn giáo của mình."
edu,"""The government should not prohibit drugs. Otherwise the government should also ban alcohol or cigarettes. And then fatty food and junk food would have to be regulated too. The next thing you know, the government would force us to brush our teeth and do exercises everyday.""",faulty generalization,"""Chính phủ không nên cấm ma túy. Nếu không thì họ cũng phải cấm cả rượu bia và thuốc lá. Rồi sau đó đồ ăn nhanh, thực phẩm nhiều dầu mỡ cũng phải bị kiểm soát nốt. Thế rồi chẳng mấy chốc mà chính phủ bắt chúng ta phải đánh răng và tập thể dục mỗi ngày luôn ấy."""
edu,"""If my years as a Marine taught me anything, it's that caution is the best policy in this sort of situation.""?",fallacy of credibility,"""Nếu những năm tháng trong Thủy quân lục chiến dạy tôi điều gì, thì đó là sự thận trọng luôn là chính sách tốt nhất trong tình huống kiểu này."""
edu,"""Chick fil A is the greatest food chain in existence. Look at the crowds!""",ad populum,Chick-fil-A là chuỗi đồ ăn tuyệt nhất trên đời. Nhìn lượng khách xếp hàng mà xem!
edu,"She is a teacher in a public school, so any claims that she makes about the public school system are biased and untrue.",ad hominem,"Cô ấy là giáo viên trường công, nên bất cứ ý kiến nào cô ấy đưa ra về hệ thống trường công đều là thiên vị và không đúng sự thật."
edu,This fallacy distracts from the argument by pointing out hypocrisy in the opponent.,ad hominem,Ngụy biện này đánh lạc hướng khỏi luận điểm chính bằng cách chỉ trích sự đạo đức giả của đối phương.
edu,"""You didn't do your homework, did you?"" is an example of...",intentional,"""Bạn chưa làm bài tập về nhà phải không?"" là một ví dụ của..."
edu,"""Shell was charged with misleading advertising in its Platformate advertisements. A Shell spokesman said: 'The same comment could be made about most good advertising of most products.'""",ad populum,Shell bị cáo buộc quảng cáo sai sự thật trong các chiến dịch quảng bá Platformate. Một người phát ngôn của Shell đáp: 'Điều tương tự cũng có thể nói về hầu hết các quảng cáo tốt cho mọi loại sản phẩm thôi'.
edu,"Professor X holds that the use of non-invasive ventilation has no place in the management of ARDS; this, therefore, is the approach we should adopt.",fallacy of credibility,"Giáo sư X cho rằng việc sử dụng máy thở không xâm lấn không có chỗ trong điều trị ARDS; vì vậy, đó là hướng tiếp cận chúng ta nên theo."
edu,Andanar is unfit for the position because he seems unqualified for it.,circular reasoning,Andanar không phù hợp với vị trí này vì ông ta có vẻ thiếu năng lực.
edu,"Mr. Equalminded's idea for implementing affirmative action in the university's admission process is complete folly. He says he wants the student body to represent diversity in the community. But that's ridiculous. I suppose this means we'll have to throw out our academic standards while were at it. After all, if we're going to let students into our prestigious institution just because of their gender of the color of their skin, then what's going to happen to our reputation?",fallacy of relevance,"Ý tưởng của ông Equalminded về việc áp dụng chính sách ưu đãi trong quy trình tuyển sinh của trường đại học hoàn toàn là một sai lầm. Ông ấy nói muốn sinh viên phản ánh sự đa dạng của cộng đồng. Nhưng điều đó thật nực cười. Tôi cho rằng điều này đồng nghĩa với việc chúng ta phải vứt bỏ tiêu chuẩn học thuật của mình. Xét cho cùng, nếu chúng ta nhận sinh viên vào ngôi trường danh giá này chỉ vì giới tính hay màu da của họ, thì danh tiếng của chúng ta sẽ ra sao?"
edu,"Speaker 1: I think marijuana should be legalized. It would be better for the country if we didn’t have this drug war.
Speaker 2: Of course you think that. You’re a pothead.",ad hominem,"Người 1: Tôi nghĩ cần hợp pháp hóa cần sa. Đất nước sẽ tốt hơn nếu chúng ta không duy trì cuộc chiến chống ma túy này.
Người 2: Tất nhiên là ông nghĩ thế rồi. Ông là một kẻ nghiện cần sa mà."
edu,Why would you trust Paris Hilton to sell health food? She drinks and parties and has multiple partners.,ad hominem,Tại sao bạn lại tin tưởng một người như Paris Hilton khi cô ta quảng cáo thực phẩm tốt cho sức khỏe? Cô ta suốt ngày tiệc tùng và có vô số mối quan hệ phức tạp.
edu,Texting has killed people’s ability to write in complete sentences with proper grammar.,false causality,Nhắn tin đã hủy hoại khả năng viết câu hoàn chỉnh và đúng ngữ pháp của mọi người.
edu,Tik Tok is popular among teens because so many of them use it.,circular reasoning,TikTok phổ biến với giới trẻ vì có rất nhiều thanh thiếu niên sử dụng nó.
edu,"""To get better schools, we have to raise taxes. If we don't, we can't have better schools.""",false dilemma,"Để có trường học tốt hơn, chúng ta phải tăng thuế. Nếu không tăng, chúng ta sẽ không bao giờ có trường học tốt hơn."
edu,MacDougal roots for a British football team. Clearly he's unfit to be a police chief in Ireland.,ad hominem,MacDougal là fan của một đội bóng Anh. Rõ ràng anh ta không đủ tư cách làm cảnh sát trưởng ở Ireland.
edu," Karen is a thirty-something-year-old female who drives a mini-van, lives in the suburbs, and wears mom jeans. Is Karen more likely to be a woman or a mom?",faulty generalization,"Karen là phụ nữ tầm ba mươi tuổi, lái xe mini-van, sống ở ngoại ô và mặc quần jean kiểu mẹ bỉm. Vậy khả năng cao Karen là phụ nữ hay là một người mẹ?"
edu,"These test results are clearly wrong, and it must be either because the client was malingering or because I bungled the test administration. Taking another look at the test manual, I see now that I bungled the test administration. Therefore the client was not malingering.",false dilemma,"Kết quả kiểm tra này chắc chắn sai, hoặc là do khách hàng giả bệnh hoặc do tôi làm sai quy trình. Sau khi xem lại hướng dẫn, tôi thấy mình đã làm sai quy trình. Vậy nên khách hàng không hề giả bệnh."
edu,"Not only is paying a higher income tax a patriotic duty, it is also a sacred obligation.",ad populum,Việc đóng thuế thu nhập cao không chỉ là nghĩa vụ yêu nước mà còn là bổn phận thiêng liêng.
edu,The mayor argued that we need to reduce funding for the animal shelter in order to balance the budget. Don't vote for someone who doesn't think the government should care about animals.,fallacy of extension,Thị trưởng lập luận rằng cần cắt giảm ngân sách cho trạm cứu hộ động vật để cân đối chi tiêu. Đừng bỏ phiếu cho kẻ không quan tâm đến phúc lợi động vật.
edu,"We live in paradise, but we don't know it.",fallacy of logic,"Chúng ta đang sống ở thiên đường, nhưng lại chẳng hề hay biết."
edu,"""I can't trust that doctor's advice on how to raise my child. He has never been a mother.""",ad hominem,Tôi không thể tin lời khuyên nuôi dạy con của bác sĩ đó được. Ông ta chưa bao giờ làm mẹ cả.
edu,All people from Pinole are liars,ad hominem,Tất cả người dân Pinole đều là những kẻ nói dối.
edu,"""Either you are for us, or you're against us!""",false dilemma,"Hoặc là bạn đứng về phía chúng tôi, hoặc là bạn chống lại chúng tôi!"
edu,Broccoli has significantly less fat than the leading candy bar!,faulty generalization,Bông cải xanh rõ ràng là ít chất béo hơn hẳn so với loại kẹo hàng đầu!
edu,There is definitely a link between autism and the vaccines given to toddlers. I know this because a Wikipedia entry mentioned numerous studies that found this to be true.,fallacy of credibility,Chắc chắn có một mối liên hệ giữa tự kỷ và vắc-xin tiêm cho trẻ mới biết đi. Tôi biết điều này vì một mục trên Wikipedia có đề cập đến vô số nghiên cứu khẳng định đó là sự thật.
edu,If I made a reference to a monk I would most likely be utilizing...,fallacy of credibility,Nếu tôi nhắc đến một vị tu sĩ thì khả năng cao là tôi đang sử dụng...
edu,"Why should you feel guilty for seeking your own happiness when that's what everyone else is doing, too?",ad populum,Tại sao bạn phải cảm thấy tội lỗi khi theo đuổi hạnh phúc của chính mình trong khi đó cũng là điều mọi người đang làm?
edu,"Interviewer: ""Your resume looks impressive but I need another reference.""
Bill: ""Jill can give me a good reference.""
Interviewer: ""Good. But how do I know that Jill is trustworthy?""
Bill: ""Certainly. I can vouch for her.""",circular reasoning,"Người phỏng vấn: ""Sơ yếu lý lịch của anh rất ấn tượng nhưng tôi cần thêm một người tham chiếu nữa."" Bill: ""Jill có thể đảm bảo cho tôi."" Người phỏng vấn: ""Tốt. Nhưng làm sao tôi biết Jill đáng tin?"" Bill: ""Chắc chắn rồi. Tôi có thể bảo lãnh cho cô ấy."""
edu,"So you are saying your car is worth $20k.  I think it is worth $1, so let’s just compromise and say it is worth $10k. (Assuming the car is worth $20k)",fallacy of relevance,"Vậy ông nói chiếc xe của mình đáng giá 20 nghìn đô. Tôi thì nghĩ nó chỉ đáng 1 đô, vậy hãy thỏa hiệp và chốt là 10 nghìn đô nhé."
edu,Cardenas roots for a British football team. Clearly he’s unfit to be a chef at the new restaurant,ad hominem,Cardenas cổ vũ cho một đội bóng Anh. Rõ ràng anh ta không đủ tư cách để làm đầu bếp tại nhà hàng mới này.
edu,"If you do not believe in God, you will go to hell.",appeal to emotion,"Nếu bạn không tin vào Chúa, bạn sẽ phải xuống địa ngục."
edu,Albert Einstein was extremely impressed with this theory.,fallacy of credibility,
edu,"The newspaper editor homeschools his children. So, any claims he makes about the public school system are biased and untrue.",ad hominem,
edu,"The book ""Investing for Dummies"" really helped me understand my finances better. The book ""Chess for Dummies"" was written by the same author, was published by the same press, and costs about the same amount, so it would probably help me understand my finances as well.",fallacy of logic,
edu,"Person 1:
I am for raising the minimum wage in our state.
Person 2:
She is for raising the minimum wage, but she is not smart enough to even run a business.",ad hominem,
edu,"If you don't buy the black pencils, you will get made fun of. You will not be chosen for group projects.",appeal to emotion,
edu,"""Real Cubans understand presumption of guilt.""",intentional,
edu,"If you allow one student to take an online course, soon
everyone will want to, and the schools will be empty.",faulty generalization,
edu,"""Ghosts exist.... because I saw a ghost in my closet,"" is an example of what logical fallacy?",circular reasoning,
edu,"“Since event Y followed event X, event Y must have been caused by event X”. What fallacy is described in this logical form?",false causality,
edu,"“It’s wrong to tax corporations—think of all the money they give to charity, and think of the costs they already pay to run their businesses!”",appeal to emotion,
edu,This persuasive technique is used to make you feel left out if you don't join the group.,ad populum,Kỹ thuật thuyết phục này được dùng để khiến bạn cảm thấy lạc lõng nếu không tham gia vào nhóm.
edu,"“Grading this exam on a curve would be the most fair thing to do. After all, classes go more smoothly when the students and the professor are getting along well.”",fallacy of relevance,"Việc chấm điểm theo thang tập trung là công bằng nhất. Suy cho cùng, lớp học sẽ suôn sẻ hơn khi giảng viên và sinh viên hòa thuận với nhau."
edu,"""Aliens must exist because there is no evidence that they don't exist.""",intentional,Người ngoài hành tinh chắc chắn tồn tại vì chẳng có bằng chứng nào cho thấy họ không tồn tại cả.
edu,"“The best minds in physics have studied physics most of their lives, as it’s necessary to study physics extensively to become a top physicist.”",circular reasoning,"Những bộ óc lỗi lạc nhất ngành vật lý đã dành cả đời để nghiên cứu vật lý, vì cần phải nghiên cứu sâu rộng thì mới trở thành một nhà vật lý hàng đầu được."
edu,You visit a new country and the first person you meet in the airport is rude. You send a message to a friend back home that everyone in this new country is rude.,faulty generalization,Bạn đến một đất nước mới và người đầu tiên bạn gặp ở sân bay lại thô lỗ. Bạn nhắn tin về nhà cho bạn mình rằng tất cả mọi người ở đất nước này đều thô lỗ như thế.
edu,Politician Running for Public Office: You can all trust what I say. I have never lied in my life.,circular reasoning,Ứng cử viên chính trị: Các bạn hoàn toàn có thể tin lời tôi. Cả đời tôi chưa bao giờ nói dối.
edu,"In arguing that abortion is not really a private moral matter, Fr. Frank A. Pavone, National Director Priests for Life, has written that ""Abortion is our problem, and the problem of every human being. We are one human family. Nobody can be neutral on abortion. It involves the destruction of an entire group of human beings!""",circular reasoning,"Trong lập luận cho rằng phá thai không phải là vấn đề đạo đức cá nhân, Cha Frank A. Pavone, Giám đốc Quốc gia của tổ chức Priests for Life, đã viết rằng: Phá thai là vấn đề của chúng ta, và là vấn đề của mọi con người. Chúng ta là một gia đình nhân loại. Không ai có thể trung lập về vấn đề phá thai. Nó liên quan đến sự hủy diệt cả một nhóm người!"
edu,"When an advertiser tries to make a connection with the audience emotionally through sappy stories, music, sad puppies, etc...",appeal to emotion,"Khi nhà quảng cáo cố gắng tạo sự kết nối cảm xúc với khán giả thông qua những câu chuyện ủy mị, âm nhạc, hình ảnh những chú cún buồn bã, vân vân..."
edu,"“Are you going to do well in school, or are you going to succeed as a cadet?”",false dilemma,Con định học hành tử tế hay là định thành công với tư cách một học viên đây?
edu,"You let my sister pierce her ears when she was 11, so you should let me stay up until midnight.",fallacy of logic,"Cha mẹ đã cho chị con xỏ khuyên tai từ khi chị ấy 11 tuổi, nên cha mẹ cũng phải cho con thức đến nửa đêm chứ."
edu,"I have served over 20 years in the military, and based on my professional opinion, I believe more money needs to be spent on protective armor and military vehicles.",fallacy of credibility,"Tôi đã phục vụ trong quân đội hơn 20 năm, và dựa trên kinh nghiệm chuyên môn của mình, tôi tin rằng chúng ta cần đầu tư nhiều tiền hơn cho áo giáp và các phương tiện quân sự."
edu,You use support from someone who is a trustworthy expert.,fallacy of credibility,Bạn đang dựa vào lập luận từ một người mà bạn cho là chuyên gia đáng tin cậy.
edu,"when evidence boils down to ""everybody's doing it, so it must be a good thing to do

""cuando la evidencia se reduce a ""todo el mundo lo está haciendo, por lo que debe ser algo bueno""",ad populum,"khi bằng chứng chỉ quy về việc ""ai cũng làm thế cả, nên chắc chắn đó là việc tốt"""
edu,My way of responding to difficult patients is by far the most ethical because no other way is so ethical and it is the only way that is completely ethical.,circular reasoning,"Cách tôi ứng xử với những bệnh nhân khó tính là đạo đức nhất vì không có cách nào khác đạo đức bằng, và đó là cách duy nhất hoàn toàn đúng đắn về mặt đạo đức."
edu,"Most of my testimony about the defendant was the opposite of what I actually believe but I'll bet there's no expert witness who has always told the truth from the time they were old enough to talk, so I'm no less honest than they are.",faulty generalization,"Phần lớn lời khai của tôi về bị cáo là trái ngược với những gì tôi thực sự tin, nhưng tôi cá là chẳng có nhân chứng chuyên gia nào luôn nói thật từ lúc biết nói cả, nên tôi cũng chẳng kém trung thực hơn họ là bao."
edu,A lion is a cat and cats are good pets so a lion must be a good pet.,faulty generalization,"Sư tử là một loài mèo, mà mèo thì làm thú cưng rất tốt, nên sư tử chắc chắn cũng là một thú cưng tuyệt vời."
edu,"Thanks to her enduring popularity with employees, Sophia Lloyd is the best-liked CEO in our company's history.",circular reasoning,"Nhờ sự yêu mến bền bỉ từ nhân viên, Sophia Lloyd là vị CEO được lòng người nhất trong lịch sử công ty chúng ta."
edu,You can tell that guy's Mexican - he's wearing a sombrero.,faulty generalization,"Nhìn gã đó là biết người Mexico rồi, vì ông ta đang đội nón sombrero mà."
edu,4 percent of Americans believe that lizard people control politics.,intentional,4 phần trăm người Mỹ tin rằng người thằn lằn đang kiểm soát chính trị.
edu,Children who play violent video games act more violently than those who don’t.,false causality,Trẻ em chơi trò chơi điện tử bạo lực có xu hướng hành xử hung hăng hơn những đứa trẻ không chơi.
edu,"""All my friends are doing a low carb diet. That must be the only way to lose weight."" Mentioned Murtaza",ad populum,"Bạn bè tôi ai cũng đang ăn kiêng low-carb, chắc chắn đó là cách duy nhất để giảm cân rồi."
edu,"Hydrogen is not wet.  Oxygen is not wet.  Therefore, water (H2O) is not wet.Example #3:
Your brain is made of molecules.  Molecules are not the source of consciousness.  Therefore, your brain cannot be the source of consciousness.",faulty generalization,"Hydro không ướt, oxy cũng không ướt, nên nước (H2O) không thể ướt được. Tương tự: Não bạn được cấu tạo từ các phân tử, mà phân tử thì không tạo ra ý thức, nên não bạn không thể là nguồn gốc của ý thức."
edu,"Cathy is opposed to social media because she would rather have a face-to-face conversation. However, more and more of Cathy's friends have joined social media sites, so Cathy feels like she needs to create an account as well.",ad populum,"Cathy vốn không thích mạng xã hội vì cô ấy chuộng giao tiếp trực tiếp hơn. Tuy nhiên, vì bạn bè cô ấy ai cũng dùng nên Cathy cảm thấy mình cũng phải lập tài khoản thôi."
edu,Global warming doesn’t exist because the earth is not getting warmer,circular reasoning,Nóng lên toàn cầu không có thật vì trái đất thực tế đâu có nóng lên.
edu,"""All eighteen-year-olds have the right to vote because it's legal for them to vote.""",circular reasoning,Mọi người 18 tuổi đều có quyền bầu cử vì luật pháp cho phép họ làm điều đó.
edu,I hated the movie because it was the worst movie I ever saw.,circular reasoning,Tôi ghét bộ phim đó vì nó là bộ phim tệ nhất tôi từng xem.
edu,"“I know that what I experience is real because I can see, hear, smell, touch and taste everything.”",circular reasoning,"Tôi biết những gì mình trải nghiệm là thật vì tôi có thể nhìn, nghe, ngửi, chạm và nếm được mọi thứ."
edu,"If the argument is supposed to be about whether or not we, as the American public should wear masks, and you argue: ""Asking an infant to wear a mask is ridiculous!""",fallacy of extension,"Nếu tranh luận về việc liệu công chúng Mỹ có nên đeo khẩu trang hay không, mà bạn lại phản bác rằng: 'Bắt một đứa trẻ sơ sinh đeo khẩu trang thật là nực cười!'"
edu,"People have believed that fish is ""brain food"" for decades, so I don't believe the  FDA when they claim that eating fish does not enhance the intellect.",fallacy of credibility,"Mọi người đã tin cá là 'thực phẩm cho não' từ hàng chục năm nay, nên tôi không tin FDA khi họ nói rằng ăn cá không giúp tăng trí thông minh."
edu,Don't buy any of the clothes made by that company. Most of them are made in China so they must be cheap.,ad hominem,Đừng mua quần áo của công ty đó. Đa số hàng hóa đều sản xuất tại Trung Quốc nên chắc chắn là đồ rẻ tiền rồi.
edu,"In the United States, one can vote for either Democrats or Republicans.",false dilemma,"Tại Mỹ, người ta chỉ có thể chọn bỏ phiếu cho Đảng Dân chủ hoặc Đảng Cộng hòa."
edu,"Marriage has traditionally been between a man and a woman; therefore, gay marriage should not be allowed.",fallacy of credibility,"Hôn nhân truyền thống vốn là giữa nam và nữ; vì vậy, hôn nhân đồng giới không nên được chấp nhận."
edu,"Employer: It says here on your resume that you are a hard worker, you pay attention to detail, and you don’t mind working long hours.
Andy: Yes sir.
Employer: I spoke to your previous employer.  He says that you constantly change things that should not be changed, you could care less about other people’s privacy, and you had the lowest score in customer relations.
Andy: Yes, that is all true, as well.
Employer: Great then.  Welcome to our social media team!
",intentional,"Nhà tuyển dụng: CV của anh ghi là anh làm việc chăm chỉ, chú trọng tiểu tiết và không ngại làm thêm giờ.
Andy: Vâng thưa ông.
Nhà tuyển dụng: Tôi đã hỏi sếp cũ của anh. Ông ấy nói anh hay thay đổi những thứ không cần thiết, chẳng quan tâm đến quyền riêng tư của người khác và có điểm đánh giá dịch vụ khách hàng thấp nhất.
Andy: Vâng, tất cả đều đúng ạ.
Nhà tuyển dụng: Tuyệt, chào mừng anh gia nhập đội ngũ mạng xã hội của chúng tôi!
"
edu,"Shortly after MySpace became popular, U.S. soldiers found Saddam Hussein.",false causality,"Ngay sau khi MySpace trở nên phổ biến, quân đội Mỹ đã tìm thấy Saddam Hussein."
edu,Either you eat this meatloaf or you eat nothing.,false dilemma,Anh chỉ có hai lựa chọn: ăn món thịt này hoặc nhịn đói.
edu,"First senator: The nation is in debt and we should not add to the defense budget.
Second senator: I cannot believe you want to leave the nation defenseless!",fallacy of extension,"Thượng nghị sĩ 1: Đất nước đang nợ công, chúng ta không nên tăng thêm ngân sách quốc phòng.
Thượng nghị sĩ 2: Tôi không thể tin là ông lại muốn để quốc gia rơi vào cảnh không có khả năng tự vệ!"
edu,That restaurant is popular because everyone in town goes there.,circular reasoning,Nhà hàng đó đông khách vì ai ở thị trấn này cũng đến đó ăn cả.
edu,Tens of thousands of Americans have seen lights in the night sky which they could not identify. The existence of life on other planets is fast becoming certainty !,fallacy of logic,Hàng chục ngàn người Mỹ đã nhìn thấy những ánh sáng lạ không thể giải thích trên bầu trời đêm. Sự tồn tại của người ngoài hành tinh đang dần trở thành sự thật!
edu,"""It is what it is!""",circular reasoning,"""Chuyện là thế rồi, biết sao được!"""
edu,"You didn’t even finish high school, how could you possible know about this?",ad hominem,"Cậu còn chẳng học xong cấp ba, sao mà hiểu được vấn đề này chứ?"
edu,Everyone is doing the Low-Carb Diet.,ad populum,Ai cũng đang theo chế độ ăn low-carb cả đấy.
edu,"Person 1: “I am for raising the minimum wage in our state.” Person 2: “She is for raising the minimum wage, but she is not even smart enough to run a business.",ad hominem,"Người 1: “Tôi ủng hộ tăng mức lương tối thiểu trong tiểu bang.” Người 2: “Cô ta đòi tăng lương tối thiểu cơ đấy, trong khi đến việc quản lý doanh nghiệp còn chẳng xong.”"
edu,"Person 1: Bicycle infrastructure should be expanded because cycling is a sustainable mode of transportation.
Person 2: We should not build bike lanes because cyclists run red lights and endanger pedestrians.",fallacy of extension,Người 1: Cần mở rộng hạ tầng cho xe đạp vì đây là phương thức di chuyển bền vững. Người 2: Chúng ta không nên xây làn đường cho xe đạp vì người đi xe đạp toàn vượt đèn đỏ và gây nguy hiểm cho người đi bộ.
edu,"My cat sleeps all day, so cats must be pretty lazy.",faulty generalization,"Con mèo nhà tôi ngủ suốt cả ngày, vậy nên chắc chắn mèo là loài rất lười biếng."
edu,Which fallacy is used to promote something based on popularity?,ad populum,Ngụy biện nào được dùng để quảng bá một thứ gì đó dựa trên sự phổ biến của nó?
edu,When you have too little or unrepresentative data to make claim.,faulty generalization,Khi bạn có quá ít dữ liệu hoặc dữ liệu không mang tính đại diện để đưa ra khẳng định.
edu,"If you were a true Catholic, you would never eat meat on Friday even if it was the only food available.",ad populum,"Nếu bạn là một người Công giáo thực thụ, bạn sẽ không bao giờ ăn thịt vào thứ Sáu dù đó có là món ăn duy nhất còn lại."
edu,"""My best friend tweeted about the health benefits of pizza, and so we're going to out to eat two vegetable pizzas tonight.""",fallacy of credibility,"Bạn thân của tôi đăng lên Twitter về lợi ích sức khỏe của pizza, thế nên tối nay chúng ta sẽ đi ăn hai cái pizza rau củ nhé."
edu,There's no point listening to you. Everybody knows you're just a little do-gooder.,ad hominem,Chẳng có gì để phải nghe ông nói cả. Ai cũng biết ông chỉ là một kẻ đạo đức giả thích làm màu thôi.
edu,"I know you don't like the kitty-cat sweater that Grandma knitted for you, but she worked so hard on it and it will make her happy to see you wear it in the family holiday photo.",appeal to emotion,"Tôi biết cậu không thích cái áo len hình mèo mà bà đan cho, nhưng bà đã rất vất vả vì nó đấy, và bà sẽ rất hạnh phúc nếu thấy cậu mặc nó trong tấm ảnh gia đình ngày lễ."
edu,"Bruce is American, or he is not from New Jersey.
Bruce is not American, therefore, he is not from New Jersey.",fallacy of logic,"Bruce là người Mỹ, hoặc anh ta không đến từ New Jersey. Bruce không phải người Mỹ, vì vậy anh ta không đến từ New Jersey."
edu,Justin's mom gets his phone bill and he has gone over the limit. He begins talking to her about how hard his math class is and how well he did on a test today.,fallacy of relevance,Mẹ của Justin nhận được hóa đơn điện thoại và thấy cậu ấy dùng quá hạn mức. Cậu ấy bắt đầu đánh trống lảng sang chuyện môn toán khó thế nào và mình đã làm bài kiểm tra tốt ra sao.
edu,"""If you do not submit your requirements today, you should drop your classes with Sir Lean.""",false dilemma,"Nếu bạn không nộp yêu cầu ngay hôm nay, bạn nên hủy các lớp học của thầy Lean đi."
edu,Believing that taco bell is healthy for you because everyone else does.,ad populum,Tin rằng Taco Bell tốt cho sức khỏe chỉ vì ai cũng nghĩ như vậy.
edu,"My minister says the Covid vaccine will cause genetic mutations. He has a college degree, and is a holy man, so he must be right.",fallacy of credibility,"Mục sư của tôi nói vaccine Covid sẽ gây biến đổi gen. Ông ấy có bằng đại học và là một người sùng đạo, nên chắc chắn ông ấy đúng."
edu,"My roommate from Maine loves lobsters, therefore all people from Maine love lobsters.",faulty generalization,"Bạn cùng phòng của tôi ở Maine thích ăn tôm hùm, vì vậy tất cả những người ở Maine đều thích ăn tôm hùm."
edu,We admit that the measure is popular. But we also urge you to note that there are so many bond issues on the ballot that the whole thing is getting ridiculous.,fallacy of relevance,Chúng tôi thừa nhận biện pháp này được nhiều người ủng hộ. Nhưng chúng tôi khuyên bạn nên lưu ý rằng có quá nhiều vấn đề trái phiếu trong lá phiếu khiến mọi thứ trở nên lố bịch.
edu,"I know that our TV advertisements are more effective than radio. The numbers show that we hit twice the audience with TV, and our focus groups remember the TV commercial 38 percent more than the radio slot.",faulty generalization,"Tôi biết quảng cáo TV của chúng ta hiệu quả hơn radio. Các con số cho thấy chúng ta tiếp cận được lượng khán giả gấp đôi trên TV, và các nhóm tập trung ghi nhớ quảng cáo TV tốt hơn 38% so với quảng cáo trên radio."
edu,This is an example of what logic fallacy?,appeal to emotion,Đây là ví dụ về ngụy biện logic nào?
edu,"The medicine man rolled into town on his bandwagon offering various natural remedies, such as very special plain water. He said that it was only natural that people should be wary of 'artificial' medicines such as antibiotics.",fallacy of credibility,"Ông lang băm đến thị trấn trên chiếc xe chở đầy các phương thuốc tự nhiên, ví dụ như loại nước lã rất đặc biệt. Ông ta nói rằng việc người dân cảnh giác với các loại thuốc 'nhân tạo' như kháng sinh là điều hoàn toàn tự nhiên."
edu,Over 99 billion people served…,ad populum,
edu,The witchcraft problem is the most urgent spiritual crisis in the world today. Why? Because witches threaten our very souls.,circular reasoning,
edu,"“If we allow gay people to get married, then the next thing you know people will be wanting to marry their pets!”",faulty generalization,
edu,"Don’t waste food, people in Marawi are suffering because of hunger.",appeal to emotion,
edu,"If it barks, it is a dog.
It doesn’t bark.
Therefore, it’s not a dog.",fallacy of logic,
edu,"I go to my front porch every morning and yell, “May no tigers enter this house!” and for 20 years, not a single tiger has entered my house. My tiger prevention strategy clearly works.",false causality,
edu,"In the 6 years that I have been practicing my new and improved brand of cognitive-humanistic-dynamic-behavioral-deconstructive-metaregressive-deontological psychotherapy (now with biofeedback!), which I developed, there has not been one published study showing that it fails to work or that it has ever harmed a patient. It is clearly one of the safest and most effective interventions ever devised.",intentional,
edu,"If you don’t say the Pledge of Allegiance, then you must be a traitor.",false dilemma,
edu,"Person 1: You’re either for the war or against the troops.

Person 2: Actually, I do not want our troops sent into a dangerous war.",false dilemma,
edu,"""Either you pass this test, or you fail it."" Laughed Sr Malak",false dilemma,
edu,"If you don't go to camp, you won't have fun this summer, and your whole summer will be ruined!",faulty generalization,"Nếu bạn không đi trại hè, bạn sẽ chẳng có gì vui trong mùa hè này và cả mùa hè của bạn sẽ coi như vứt đi!"
edu,Is your stupidity inborn?,intentional,Sự ngu ngốc của cậu là bẩm sinh à?
edu,"The writer, speaker, or an ad supports a claim with restatements of the same claim. (The argument goes around and around in a circle)",circular reasoning,"Người viết, người nói hoặc một quảng cáo bảo vệ luận điểm bằng cách lặp lại chính luận điểm đó. (Lập luận cứ chạy vòng quanh như một cái vòng lẩn quẩn)"
edu,Of course you don't like rap or hip-hop music! You wear the same clothes every day and have zero fashion sense.,ad hominem,"Tất nhiên là cậu chẳng thích nhạc rap hay hip-hop rồi! Nhìn cách cậu mặc đồ mỗi ngày kìa, gu thời trang bằng không."
edu,"It is said that we have a good understanding of our universe.  Therefore, we know exactly how it began and exactly when.",equivocation,"Người ta bảo chúng ta hiểu biết rất rõ về vũ trụ. Vì thế, chúng ta biết chính xác nó bắt đầu như thế nào và chính xác là khi nào."
edu,"Before he died, poet Allen Ginsberg argued in favor of legalizing pornography. But Ginsberg's arguments are nothing but trash. Ginsberg was a pot-smoking homosexual and a thoroughgoing advocate of the drug culture.",ad hominem,"Trước khi qua đời, nhà thơ Allen Ginsberg đã lập luận ủng hộ việc hợp pháp hóa văn hóa phẩm đồi trụy. Nhưng mấy luận điểm của Ginsberg chỉ là rác rưởi thôi. Ginsberg là một kẻ đồng tính hút cần và là một người ủng hộ cuồng nhiệt văn hóa sử dụng ma túy."
edu,(Ignoring the Question): when a rebuttal doesn't address the question ,fallacy of relevance,(Lờ đi câu hỏi): khi phần phản biện không hề đả động gì đến câu hỏi được đặt ra.
edu,"A: I don't want to visit McDonald's today.
B: So you're just against good food then?
The above is an example of:",fallacy of extension,"A: Hôm nay tôi không muốn ăn McDonald's.
B: Vậy ra ý cậu là cậu ghét đồ ăn ngon đúng không?
Ví dụ trên là một minh chứng cho:"
edu,"""I'd like to punch him in the face."" - Donald Trump (Feb. 2016, at a campaign rally, remarks directed at a protester who was being escorted out of the rally.)",appeal to emotion,"""Tôi muốn đấm vào mặt hắn."" - Donald Trump (Tháng 2 năm 2016, tại một buổi vận động tranh cử, lời lẽ nhắm vào một người biểu tình đang bị áp giải ra ngoài.)"
edu,Senator Ribbit is a liar. You shouldn't listen to him on anything.,ad hominem,Thượng nghị sĩ Ribbit là một kẻ dối trá. Bạn không nên nghe bất cứ điều gì ông ta nói.
edu,There's no way you know this - you're clearly too young to understand!,ad hominem,Làm sao mà cậu biết được chuyện này chứ - cậu còn quá trẻ để hiểu được đâu!
edu,Mrs. Sedik really knows math; she would be an excellent math instructor.,fallacy of logic,"Cô Sedik rất giỏi toán, nên chắc chắn cô ấy sẽ là một giáo viên dạy toán xuất sắc."
edu,"""I asked my five closest friends and they all agree that the new Underwater Basketweaving Team Coach is a jerk, therefore I'm not trying out for the team"" IS an example of THIS fallacy.",faulty generalization,"""Tôi đã hỏi năm người bạn thân nhất và họ đều đồng ý rằng huấn luyện viên đội đan rổ dưới nước mới là kẻ tồi tệ, vì thế tôi sẽ không tham gia đội đó nữa"" là một ví dụ cho loại ngụy biện NÀY."
edu,"Dr. X is an engineer, and he doesn’t believe in global warming.",fallacy of credibility,"Tiến sĩ X là một kỹ sư, và ông ấy không tin vào sự nóng lên toàn cầu."
edu,Decriminalizing marijuana turns the U.S. into a stoner nation,faulty generalization,Việc hợp pháp hóa cần sa sẽ biến nước Mỹ thành một quốc gia toàn những kẻ phê pha.
edu,"""When my parents talk to me about how important it is to learn a second language, I remind them they didn't learn another language.",circular reasoning,"""Khi bố mẹ bảo tôi phải học thêm ngoại ngữ, tôi chỉ cần nhắc họ rằng chính họ cũng chẳng biết ngoại ngữ nào cả."
edu,"People generally like to walk on the beach. Beaches have sand. Therefore, having sand floors in homes would be a great idea!",fallacy of logic,"Mọi người thường thích đi dạo trên bãi biển. Bãi biển thì có cát. Thế nên, lát sàn nhà bằng cát là một ý tưởng tuyệt vời!"
edu,"Look, it doesn't matter whether or not you think America should build a wall on the border. The President thinks America should do it, so it's a good idea.",fallacy of credibility,"Này, việc cậu nghĩ Mỹ có nên xây tường ở biên giới hay không chẳng quan trọng. Tổng thống nghĩ là nên làm, nên đó là một ý tưởng hay."
edu,"Speaker 1: I really think we need to do something about the rising levels of poverty and homelessness in our country.
Speaker 2: Why are you worried about poverty? Look how many children we abort every day.",fallacy of relevance,Người 1: Tôi thực sự nghĩ chúng ta cần giải quyết tình trạng nghèo đói và vô gia cư đang gia tăng trong nước. Người 2: Sao cậu lại lo về nghèo đói? Nhìn xem mỗi ngày chúng ta phá thai bao nhiêu đứa trẻ kìa.
edu,"Mother: It’s bedtime Jane Jane: Mom, how do ants feed their babies? Mother: Don’t know dear, close your eyes now. Jane: But mama, do ant babies cry when they’re hungry?",fallacy of relevance,"Mẹ: Đến giờ đi ngủ rồi Jane. Jane: Mẹ ơi, kiến cho con của chúng ăn bằng cách nào ạ? Mẹ: Mẹ không biết đâu con yêu, nhắm mắt lại đi. Jane: Nhưng mẹ ơi, lũ kiến con có khóc khi chúng đói không ạ?"
edu,"All Catholics are Christian.
All Christians are Jesus lovers.
Therefore, all Jesus lovers are Catholic.",fallacy of logic,"Tất cả người Công giáo đều là Kitô hữu. Tất cả Kitô hữu đều là người yêu mến Chúa Jesus. Vậy nên, tất cả những người yêu mến Chúa Jesus đều là người Công giáo."
edu,"""You can't believe that theory. No one would believe that. It's too unbelievable.""",fallacy of relevance,Bạn không thể tin vào lý thuyết đó được. Chẳng có ai tin vào nó cả. Nó quá vô lý.
edu,"""The critical mission was horribly executed."" is an example of ...",appeal to emotion,"""Nhiệm vụ quan trọng đã bị thực hiện một cách tồi tệ"" là ví dụ của..."
edu,"All Paul Newman movies are great.
All great movies are Oscar winners.
Therefore, all Oscar winners are Paul Newman movies.",fallacy of logic,"Tất cả phim của Paul Newman đều tuyệt vời. Tất cả phim tuyệt vời đều thắng giải Oscar. Vậy nên, tất cả những phim thắng giải Oscar đều là phim của Paul Newman."
edu,"“The police should stop environmental demonstrators from inconveniencing the general public. We pay our taxes.”
“Surely global meltdown is infinitely worse than a little inconvenience?”",fallacy of relevance,“Cảnh sát nên ngăn những người biểu tình môi trường gây phiền toái cho công chúng. Chúng ta đã đóng thuế mà.” – “Chẳng lẽ sự nóng lên toàn cầu lại không tồi tệ hơn gấp vạn lần một chút phiền toái đó sao?”
edu,"“President Kumail raised taxes, and then the rate of violent crime went up. Kumail is responsible for the rise in crime.”",false causality,"“Tổng thống Kumail tăng thuế, và sau đó tỷ lệ tội phạm bạo lực tăng lên. Kumail phải chịu trách nhiệm cho sự gia tăng tội phạm này.”"
edu,"My friend said her Math class was hard, and the one I’m in is hard, too. All Math classes must be hard!",faulty generalization,"Bạn tôi bảo lớp Toán của cô ấy rất khó, và lớp của tôi cũng khó nốt. Vậy thì chắc chắn mọi lớp Toán đều khó rồi!"
edu,Studies show that it takes up to seven years for the human body to digest a piece of gum.,fallacy of credibility,Các nghiên cứu cho thấy cơ thể con người mất đến bảy năm để tiêu hóa một mẩu kẹo cao su.
edu,"Parent: I really don’t want you to smoke pot. It’s still illegal, and could get you into trouble.
Child: Didn’t you smoke pot when you were my age? You must not think it’s a big deal.",ad hominem,"Phụ huynh: Bố/mẹ thực sự không muốn con hút cần sa. Nó vẫn là bất hợp pháp và có thể khiến con gặp rắc rối. – Con: Chẳng phải hồi bằng tuổi con, bố/mẹ cũng hút sao? Chắc bố/mẹ thấy chuyện đó cũng chẳng to tát gì đâu nhỉ."
edu,Two words: New Coke.,fallacy of credibility,Hai từ thôi: New Coke.
edu,"You must obey the law, because it's illegal to break the law.",circular reasoning,"Bạn phải tuân thủ pháp luật, vì vi phạm pháp luật là hành vi bất hợp pháp."
edu,"""Four legs good, two legs bad""",ad populum,"Bốn chân tốt, hai chân xấu."
edu,"Gus is Christian or Gus is politically liberal.
Gus is a Christian.
Therefore, Gus is not politically liberal.",fallacy of logic,"Gus là người theo đạo Thiên Chúa hoặc Gus là người có tư tưởng tự do. Gus là người theo đạo Thiên Chúa. Suy ra, Gus không phải là người có tư tưởng tự do."
edu,If we get rid of assault weapons for citizens then we will also soon lose freedom of speech and all freedoms as other countries rush in to conquer us (if the zombies don’t exterminate us first!),faulty generalization,Nếu chúng ta tước bỏ vũ khí tấn công của dân thường thì chẳng bao lâu nữa chúng ta sẽ mất quyền tự do ngôn luận và tất cả các quyền tự do khác khi các quốc gia khác ồ ạt tiến vào xâm lược chúng ta (nếu lũ zombie không diệt chủng chúng ta trước!).
edu,"Supreme Court Justice Byron White was an All-American football player while in college, so how can you say that athletes are dumb?",faulty generalization,"Thẩm phán Tòa án Tối cao Byron White từng là vận động viên bóng bầu dục xuất sắc thời đại học, vậy làm sao bạn có thể nói rằng các vận động viên đều ngu ngốc?"
edu,"Jen: Don’t you realize that all this drinking you are doing is making your family miserable?
Bridget: Yes, I do.
Jen: Then what are you doing about it?
Bridget: Drinking to forget.
",false causality,"Jen: Bạn không nhận ra là việc bạn uống rượu suốt như vậy đang làm gia đình bạn khổ sở sao? Bridget: Có, tôi biết chứ. Jen: Vậy bạn đang làm gì để giải quyết vấn đề đó? Bridget: Tôi uống để quên đi."
edu,Aliens must exist because most people believe in them.,ad populum,Người ngoài hành tinh chắc chắn phải tồn tại vì hầu hết mọi người đều tin vào điều đó.
edu,"Of course the Senator from Maine opposes a reduction in naval spending. After all, Bath Ironworks, which produces warships, is in Maine.",ad hominem,"Tất nhiên là vị Thượng nghị sĩ bang Maine phản đối việc cắt giảm chi tiêu hải quân rồi. Suy cho cùng thì nhà máy Bath Ironworks, nơi sản xuất tàu chiến, lại nằm ngay ở Maine mà."
edu,"""If you don't get an A in Mr. K's class you will fail high school, never graduate, and end up fighting people for nickels under freeway as a career""",faulty generalization,"Nếu bạn không đạt điểm A trong lớp của thầy K thì bạn sẽ trượt cấp ba, không bao giờ tốt nghiệp được và rồi sẽ phải đi đánh nhau giành từng đồng xu lẻ dưới gầm cầu để mưu sinh."
edu,"I heard that the Catholic Church was involved in a sex scandal cover-up.  Therefore, my 102-year-old Catholic neighbor, who frequently attends Church, is guilty as well!",faulty generalization,"Tôi nghe nói Giáo hội Công giáo có liên quan đến việc che đậy một vụ bê bối tình dục. Vì vậy, người hàng xóm 102 tuổi theo đạo Công giáo và thường xuyên đi lễ nhà thờ của tôi cũng là kẻ tội đồ!"
edu,"Mike: It is morally wrong to cheat on your spouse, why on earth would you have done that?

Ken: But what is morality exactly?

Mike: It’s a code of conduct shared by cultures.

Ken: But who creates this code?...",fallacy of relevance,"Mike: Ngoại tình là sai trái về mặt đạo đức, tại sao cậu lại làm thế chứ?

Ken: Nhưng đạo đức chính xác là gì cơ chứ?

Mike: Đó là bộ quy tắc ứng xử chung của các nền văn hóa.

Ken: Nhưng ai là người tạo ra bộ quy tắc này?..."
edu,"I think that we should reject what Father Jones has to say about the ethical issues of abortion because he is a Catholic priest. After all, Father Jones is required to hold such views",ad hominem,"Tôi nghĩ chúng ta nên bác bỏ những gì Cha Jones nói về các vấn đề đạo đức của việc phá thai vì ông ấy là một linh mục Công giáo. Suy cho cùng, Cha Jones bắt buộc phải giữ những quan điểm như vậy thôi."
edu,"Speaker 1: You should trust the Bible because it’s the Word of God.
Speaker 2: How do you know it’s the Word of God?
Speaker 1: Because God tells us it is.
Speaker 2: Where does God tell us this?
Speaker 1: Right here, in the Bible.",circular reasoning,"Diễn giả 1: Bạn nên tin vào Kinh Thánh vì đó là Lời của Chúa.
Diễn giả 2: Làm sao bạn biết đó là Lời của Chúa?
Diễn giả 1: Vì Chúa bảo chúng ta thế.
Diễn giả 2: Chúa nói điều đó ở đâu?
Diễn giả 1: Ngay tại đây, trong Kinh Thánh."
edu,If you don't say the Pledge of Allegiance you are a traitor.,false dilemma,"Nếu bạn không đọc Lời thề trung thành, bạn là kẻ phản quốc."
edu,"I have flipped heads five times in a row.  As a result, the next flip will probably be tails.",false causality,Tôi đã tung đồng xu ra mặt ngửa năm lần liên tiếp rồi. Kết quả là lần tung tiếp theo chắc chắn sẽ ra mặt sấp.
edu,blame opponent's policy for the country's problems,false causality,đổ lỗi cho chính sách của đối thủ vì các vấn đề của đất nước
edu,"Don't be out-dated and un-fashionable! Buy the new, modern double-lined heavy duty jeans - the old ripped jeans of the past are out!",intentional,Đừng để bị lỗi thời và kém sang! Hãy mua ngay loại quần jeans hai lớp siêu bền đời mới - mấy cái quần rách cũ kỹ của quá khứ hết thời rồi!
edu,A commercial claims that a specific brand of cereal is the best way to start the day because athlete Michael Jordan says that it is what he eats every day for breakfast.,fallacy of credibility,Một quảng cáo khẳng định rằng một thương hiệu ngũ cốc cụ thể là cách tốt nhất để bắt đầu ngày mới vì vận động viên Michael Jordan nói rằng đó là món anh ấy ăn mỗi sáng.
edu,A misrepresentation of an opponent’s position that makes it easier to argue against,fallacy of extension,Sự xuyên tạc quan điểm của đối thủ để dễ dàng phản bác hơn
edu,We as the Board can either choose to approve this initial public offering or we can suffer slow annihilation at the hands of our competitors.,false dilemma,"Hội đồng chúng ta chỉ có hai lựa chọn: hoặc là phê duyệt đợt phát hành cổ phiếu lần đầu ra công chúng này, hoặc là chịu cảnh bị đối thủ đè bẹp dần dần đến chết."
edu,Plagiarism is deceitful because it is dishonest.,circular reasoning,Đạo văn là hành vi dối trá vì nó không trung thực.
edu,"Bert: How do eyes project an image to your brain?
Ernie: Think of it as a little guy in your brain watching the movie projected by your eyes.
Bert: Ok, but what is happening in the little guy in your head’s brain?
Ernie: Well, think of it as a little guy in his brain watching a movie...
",circular reasoning,"Bert: Làm thế nào mắt chiếu hình ảnh lên não bộ của cậu được nhỉ?
Ernie: Cứ hình dung có một gã tí hon trong não cậu đang xem bộ phim từ mắt chiếu tới.
Bert: Được rồi, thế cái gì đang diễn ra trong não của gã tí hon đó?
Ernie: Chà, cứ coi như lại có một gã tí hon khác trong não hắn đang xem phim..."
edu,or group in order to discredit an idea with which the person or group is associated; distracts the reader from the real issue,ad hominem,hoặc một nhóm người nhằm mục đích hạ thấp uy tín của một quan điểm mà cá nhân hay nhóm đó có liên quan; làm người đọc xao nhãng khỏi vấn đề cốt lõi
edu,"Allowing overnight guests in the dorm rooms will lead to nothing but trouble: promiscuity, teen pregnancy, and eventually, a bunch of unwed mothers on campus, trying to complete their degrees while raising a child.",faulty generalization,"Cho phép khách ở lại qua đêm trong ký túc xá sẽ chỉ dẫn đến rắc rối mà thôi: lối sống buông thả, mang thai ở tuổi vị thành niên, và cuối cùng là hàng loạt bà mẹ đơn thân trong trường, vừa cố gắng hoàn thành việc học vừa phải nuôi con nhỏ."
edu,"I don’t care what scientists say, my mother always told me that the world is flat, and she would never lie to me!",fallacy of credibility,"Tôi không quan tâm các nhà khoa học nói gì, mẹ tôi luôn bảo thế giới này phẳng, và bà ấy thì không bao giờ nói dối tôi cả!"
edu,"You should eat more green leafy vegetables, because Ms. Lord says so, and she is an expert on grammar and vocabulary.",fallacy of credibility,"Bạn nên ăn nhiều rau xanh lá vì cô Lord bảo thế, mà cô ấy là chuyên gia về ngữ pháp và từ vựng cơ mà."
edu,Paranormal activity is real because I've seen a ghost.,circular reasoning,Các hiện tượng huyền bí là có thật vì chính tôi đã từng thấy ma.
edu,"My mother always told me that if I went outside right after bathing, during winter, I would catch pneumonia.",faulty generalization,"Mẹ tôi luôn bảo rằng nếu tôi đi ra ngoài ngay sau khi tắm vào mùa đông, tôi sẽ bị viêm phổi đấy."
edu,"occurs when your opponent over-simplifies or misrepresents your argument (i.e., setting up a ""straw man"") to make it easier to attack or refute",fallacy of extension,"xảy ra khi đối thủ của bạn đơn giản hóa quá mức hoặc xuyên tạc lập luận của bạn (tức là dựng lên một ""bù nhìn rơm"") để dễ dàng tấn công hoặc bác bỏ hơn"
edu,We cannot support immigrants because we have too many homeless and poor Americans.,false dilemma,Chúng ta không thể ủng hộ người nhập cư vì chúng ta còn quá nhiều người Mỹ vô gia cư và nghèo đói.
edu,"Consider the following exchange:
Omar: I think capital punishment is a necessary component of our justice system and should remain legal.
Kayla: So you are saying that murder should be legal and it is okay for us to go around killing people just because we think they deserve it? That isn't right.
Of what fallacy is Kayla guilty?",fallacy of extension,Hãy xem xét cuộc trao đổi sau: Omar: Tôi nghĩ án tử hình là một phần cần thiết của hệ thống tư pháp và nên giữ nguyên tính hợp pháp. Kayla: Vậy ý bạn là giết người nên được hợp pháp hóa và việc chúng ta cứ đi giết người chỉ vì chúng ta nghĩ họ đáng bị như vậy là ổn sao? Điều đó thật không đúng. Kayla đã mắc phải ngụy biện gì?
edu,"Sometimes flu vaccines don’t work, therefore vaccines are useless.",faulty generalization,"Đôi khi vắc-xin cúm không có tác dụng, suy ra vắc-xin là vô dụng."
edu,"Timmy: Mom, what if I don’t believe in God?
Mom: Then you burn in Hell forever.  Why do you ask?
Timmy: No reason.
",appeal to emotion,"Timmy: Mẹ ơi, nếu con không tin vào Chúa thì sao ạ? Mẹ: Vậy thì con sẽ bị thiêu cháy trong địa ngục mãi mãi. Tại sao con lại hỏi như vậy? Timmy: Không có gì ạ."
edu,"""People generally like to walk on the beach. Beaches have sand. Therefore, having sand floors in homes would be a great idea!""",fallacy of logic,"Mọi người thường thích đi dạo trên bãi biển. Bãi biển thì có cát. Do đó, làm sàn nhà bằng cát ở trong nhà là một ý tưởng tuyệt vời!"
edu,"Sugar is an essential component of the body...a key material in all sorts of metabolic processes,' neglecting the fact that it is glucose (blood sugar) not ordinary table sugar (sucrose) that is the vital nourishment.",equivocation,"Đường là một thành phần thiết yếu của cơ thể... một nguyên liệu quan trọng trong mọi quá trình trao đổi chất, bỏ qua sự thật rằng đó là glucose (đường huyết) chứ không phải đường ăn thông thường (sucrose) vốn là chất dinh dưỡng cần thiết."
edu,"Angus declares that Scotsmen do not put sugar on their porridge, to which Lachlan points out that he is a Scotsman and puts sugar on his porridge. Furious, like a true Scot, Angus yells that no true Scotsman sugars his porridge.",intentional,"Angus tuyên bố rằng người Scotland không cho đường vào cháo của họ, và Lachlan chỉ ra rằng anh ta là người Scotland và anh ta có cho đường vào cháo. Giận dữ, như một người Scotland chân chính, Angus hét lên rằng không một người Scotland chân chính nào lại cho đường vào cháo của họ cả."
edu,Discoveries from Archimedes should be dismissed because he made them in a bathtub and not a proper university laboratory.,ad hominem,Những khám phá của Archimedes nên bị bác bỏ vì ông ấy thực hiện chúng trong bồn tắm chứ không phải trong phòng thí nghiệm của trường đại học đúng chuẩn.
edu,"""Andrea Starkk has written several books arguing that the media harms women when it comes to body image. But Starkk is an ugly, bitter person, so you shouldn't listen to her.""",ad hominem,"Andrea Starkk đã viết nhiều cuốn sách lập luận rằng truyền thông gây hại cho phụ nữ về mặt hình ảnh cơ thể. Nhưng Starkk là một kẻ xấu xí, cay nghiệt, nên bạn không nên nghe lời cô ta."
edu,"""A baseball pitcher bought new socks before he pitched a winning game. The new socks caused a pitcher to throw faster! He will wear the new socks for EVERY game now.""

This is an example of...",false causality,Một vận động viên ném bóng chày đã mua tất mới trước khi ném một trận thắng. Đôi tất mới đã khiến vận động viên ném bóng nhanh hơn! Anh ấy sẽ mặc đôi tất mới đó cho MỌI trận đấu từ bây giờ. Đây là ví dụ của...
edu,"""That politician wants you to think he loves America. His last rally had 20 American flags flying behind him"" IS an example of this fallacy.",ad populum,Vị chính trị gia đó muốn bạn nghĩ rằng ông ta yêu nước Mỹ. Cuộc mít tinh gần đây nhất của ông ta có 12 lá cờ Mỹ bay phấp phới phía sau. ĐÂY là ví dụ của ngụy biện này.
edu,This fallacy is a distraction from the argument typically with some sentiment that seems to be relevant but isn’t really on-topic.,fallacy of relevance,"Ngụy biện này là một chiêu trò đánh lạc hướng khỏi vấn đề chính, thường dùng những cảm xúc có vẻ liên quan nhưng thực chất chẳng ăn nhập gì với chủ đề."
edu,"Power lines cause cancer. I met a little boy with cancer who lived just 20 miles from a power line who looked into my eyes and said, in his weak voice, “Please do whatever you can so that other kids won’t have to go through what I am going through.” I urge you to vote for this bill to tear down all power lines and replace them with monkeys on treadmills.",appeal to emotion,"Đường dây điện gây ung thư đấy. Tôi đã gặp một cậu bé bị ung thư sống cách đường dây điện 20 dặm, nhóc ấy nhìn thẳng vào mắt tôi và thều thào: 'Hãy làm bất cứ điều gì để các bạn khác không phải trải qua cảnh này.' Vậy nên tôi khẩn cầu các vị hãy bỏ phiếu cho dự luật phá bỏ toàn bộ đường dây điện và thay bằng lũ khỉ chạy trên máy tập."
edu,“I sneezed exactly at the same time the power went off. My sneeze must’ve done something to make the power go off. “,false causality,Tôi hắt xì đúng lúc điện mất. Chắc chắn cú hắt xì của tôi đã làm hỏng hệ thống điện rồi.
edu,A commercial about abandoned animals needing shelter or a forever home. They ask for a small donation to help these struggling animals.,appeal to emotion,Một quảng cáo về những con vật bị bỏ rơi đang cần nơi trú ẩn hoặc một mái ấm vĩnh viễn. Họ kêu gọi một khoản quyên góp nhỏ để giúp những con vật đáng thương này.
edu,"Melvin: Boss, why do I have to work weekends when nobody else in the company does?
Boss: Am I sensing insubordination?  I can find another employee very quickly, thanks to Craigslist, you know.
",appeal to emotion,"Melvin: Sếp ơi, tại sao em phải làm cuối tuần trong khi chẳng có ai khác trong công ty phải làm vậy ạ?
Sếp: Cậu đang định chống đối tôi đấy à? Cậu biết đấy, nhờ có Craigslist mà tôi có thể tìm nhân viên thay thế cậu nhanh trong một nốt nhạc."
edu,"Salesman: This car gets better than average gas mileage and is one of the most reliable cars according to Consumer Reports.
Will: I doubt it—you obviously just want to sell me that car.
",ad hominem,"Người bán hàng: Chiếc xe này tiết kiệm nhiên liệu hơn mức trung bình và là một trong những mẫu xe đáng tin cậy nhất theo đánh giá của Consumer Reports.
Will: Tôi chẳng tin đâu, anh chỉ đang cố chèo kéo để bán chiếc xe đó cho tôi thôi."
edu,President Reagan was a great communicator because he had the knack of talking effectively to the people.,circular reasoning,Tổng thống Reagan là một nhà truyền thông đại tài vì ông ấy có khiếu nói chuyện rất hiệu quả với công chúng.
edu,"Ms. Long has suggested that our schools let students take statistics instead of algebra to graduate. Frankly, it is puzzling to me that she thinks algebra is a useless subject.",fallacy of extension,"Cô Long đề xuất rằng trường chúng ta nên cho học sinh học thống kê thay vì đại số để tốt nghiệp. Thú thực, tôi thấy thật khó hiểu khi cô ấy lại cho rằng đại số là một môn học vô dụng."
edu,Naima is scratched by a cat while visiting her friend. Two days later she comes down with a fever. Naima concludes that the cat's scratch must be the cause of her illness.,false causality,"Naima bị mèo cào khi đến thăm nhà bạn. Hai ngày sau, cô ấy bị sốt. Naima kết luận rằng vết cào của con mèo chính là nguyên nhân gây ra bệnh của cô ấy."
edu,"Speaker 1: I think it’s terrible that a game hunter killed Cecil the lion.
Speaker 2: What about all the babies that are killed every day by abortion?",fallacy of relevance,"Người 1: Tôi thấy thật tồi tệ khi một tay săn bắn lại giết chết con sư tử Cecil.
Người 2: Thế còn hàng triệu đứa trẻ bị giết mỗi ngày vì nạo phá thai thì sao?"
edu,"Boris is not qualified to make suggestions about our penal system. As an ex-convict, he would always take the criminals’ side.",ad hominem,"Boris không đủ tư cách để đưa ra ý kiến về hệ thống tư pháp của chúng ta. Là một cựu tù nhân, chắc chắn anh ta sẽ luôn đứng về phía tội phạm thôi."
edu,"Because you found something difficult to understand, or are unaware of how it works, you made out like it is probably not true.",intentional,"Vì cậu thấy khó hiểu hoặc không biết nó hoạt động thế nào, nên cậu cứ khăng khăng là nó không có thật."
edu,"Pastor Pete: People are turning to God everywhere!  9 out of 10 people I interviewed said that they had a personal relationship with Jesus Christ.
Fred: Where did you find these people you interviewed?
Pastor Pete: In my church.",faulty generalization,Mục sư Pete: Mọi người đang hướng về Chúa ở khắp nơi! 9 trên 10 người tôi phỏng vấn nói rằng họ có mối quan hệ cá nhân với Chúa Jesus. Fred: Ông phỏng vấn những người đó ở đâu vậy? Mục sư Pete: Ở trong nhà thờ của tôi.
edu,"When someone says, ""Either schools need to fully open immediately and no students should wear masks or all teachers are Communists!""",false dilemma,"Khi ai đó nói rằng: ""Hoặc là các trường học phải mở cửa hoàn toàn ngay lập tức và học sinh không được đeo khẩu trang, hoặc tất cả giáo viên đều là Cộng sản!"""
edu,"Farmer McDonald: Ever since they put up that new power plant across the river, we haven't had a bit of rain. I'm tellin' you, mankind has got too big for its britches when it fiddles around with nature.",false causality,"Nông dân McDonald: Kể từ khi họ xây nhà máy điện mới bên kia sông, chúng ta chẳng có lấy một giọt mưa. Tôi nói cho mà nghe, loài người đã quá kiêu ngạo khi dám can thiệp vào tự nhiên rồi."
edu,"My doctor is overweight, so I don't believe anything he tells me about improving my health.",ad hominem,"Bác sĩ của tôi bị béo phì, nên tôi chẳng tin bất cứ lời khuyên nào của ông ta về việc cải thiện sức khỏe cả."
edu,"Even without watching the movie, I just know that it would not be as good as the book.",faulty generalization,Dù chưa xem phim nhưng tôi biết chắc là nó sẽ không bao giờ hay bằng sách gốc.
edu,Bob Jones is a monster who likes to separate immigrant families in detention centers. How could you vote for someone like that??,fallacy of extension,Bob Jones là một con quái vật thích chia cắt các gia đình nhập cư trong các trung tâm giam giữ. Làm sao bạn có thể bầu cho một kẻ như thế chứ??
edu,"""People who don't support the proposed state minimum wage increase hate the poor.""",fallacy of extension,Những người không ủng hộ đề xuất tăng lương tối thiểu của bang là những kẻ ghét người nghèo.
edu,You can't believe Bob's idea. He's a socialist.,ad hominem,Bạn không thể tin vào ý tưởng của Bob được. Hắn ta là một kẻ theo chủ nghĩa xã hội.
edu,You are either a leader or a follower.,false dilemma,"Bạn hoặc là người lãnh đạo, hoặc là kẻ đi theo."
edu,"Joseph can’t be class president, he’s poor!”",ad hominem,"Joseph không thể làm lớp trưởng được, cậu ta nghèo lắm!"
edu,My opponent argues that we should abolish the soda tax. It's a shame that he wants to encourage people to eat and drink unhealthily. I say we keep it.,fallacy of extension,Đối thủ của tôi lập luận rằng nên bãi bỏ thuế đồ uống có đường. Thật đáng buồn khi anh ta lại muốn khuyến khích mọi người ăn uống thiếu lành mạnh. Tôi khẳng định chúng ta phải giữ mức thuế đó.
edu,"""Because I forgot to leave my porch light on, someone robbed my house.""",false causality,"Vì tôi quên bật đèn ngoài hiên, nên nhà tôi mới bị trộm."
edu,Some people say that the coronavirus is dangerous. Others say that it is not dangerous. That must mean that some coronavirus vaccinations are fine while others are not.,fallacy of relevance,"Một số người bảo virus corona rất nguy hiểm, người khác lại bảo không. Điều đó có nghĩa là một số loại vắc-xin corona thì ổn còn số khác thì không."
edu,Eating five candy bars and drinking two sodas before a test helps me get better grades. I did that and got an A on my last test in history.,false causality,Ăn năm thanh kẹo và uống hai lon soda trước khi kiểm tra giúp tôi có điểm tốt hơn. Tôi đã làm thế và vừa đạt điểm A môn lịch sử đấy.
edu,This happens when you assume that something is acceptable just because it is very common.,ad populum,Đây là kiểu lập luận mặc định rằng cái gì đó là chấp nhận được chỉ vì nó phổ biến.
edu,"If I don’t take this A.P. class, then I won’t do well on the exam. If I don’t do well on the A.P. exam, then I can’t get into a good college. If I can’t get into a good college, then I’ll never get a good job. If I can’t get a good job, then I’m going to have to live in my parents’ basement forever. Guess I’ll sign up for the A.P. class.",faulty generalization,"Nếu mình không học lớp nâng cao A.P. này, mình sẽ làm bài thi không tốt. Nếu làm bài không tốt, mình sẽ không vào được đại học xịn. Nếu không vào được đại học, mình sẽ không bao giờ có công việc tốt. Nếu không có công việc tốt, mình sẽ phải sống bám dưới tầng hầm nhà bố mẹ mãi mãi. Thôi, đăng ký học lớp A.P. cho chắc."
edu,"You got a cold two nights ago but last night you stayed up really late and now you are no longer sick, so it must be because you stayed up really late last night. What fallacy is being committed?",false causality,"Bạn bị cảm hai tối trước nhưng tối qua bạn thức rất khuya và giờ bạn hết bệnh rồi, vậy chắc chắn là do tối qua bạn thức khuya rồi. Đây là ngụy biện gì vậy?"
edu,"That type of car is poorly made; a friend of mine has one, and it continually gives him trouble.",faulty generalization,Loại xe đó làm kém lắm; bạn tôi có một chiếc và nó hỏng hóc suốt thôi.
edu,"Autumn is trying to raise money for her university's library. In her address to the board of trustees, she says, ""We must raise tuition to cover the cost of new books. Otherwise the library will be forced to close.""

Of what fallacy is this an example?",false dilemma,"Autumn đang cố gây quỹ cho thư viện trường đại học. Khi phát biểu trước hội đồng quản trị, cô ấy nói: ""Chúng ta phải tăng học phí để bù vào chi phí mua sách mới. Nếu không, thư viện sẽ buộc phải đóng cửa."" Đây là ví dụ của ngụy biện gì?"
edu,"If we don’t bail out the big automakers, the US economy will collapse.  Therefore, we need to bail out the automakers.",appeal to emotion,"Nếu chúng ta không cứu trợ các hãng sản xuất ô tô lớn, nền kinh tế Mỹ sẽ sụp đổ. Do đó, chúng ta cần phải cứu trợ các hãng ô tô này."
edu,Verizon advertising the newest Samsung Galaxy phone that they claim everyone else who has bought it loves the new product.,ad populum,Verizon quảng cáo mẫu điện thoại Samsung Galaxy mới nhất và khẳng định rằng tất cả những người đã mua đều mê mẩn sản phẩm mới này.
edu,I think that businesses should not have to limit the amount of pollutants they  release into the atmosphere because Rush Limbaugh says that there is no real  evidence for industrial pollutants causing the Greenhouse Effect.,fallacy of credibility,Tôi nghĩ các doanh nghiệp không nên bị giới hạn lượng khí thải ra môi trường vì Rush Limbaugh nói rằng chẳng có bằng chứng thực tế nào cho thấy chất thải công nghiệp gây ra hiệu ứng nhà kính cả.
edu,I don’t see what’s wrong with engaging the services of a professional escort.,appeal to emotion,Tôi chẳng thấy có gì sai khi sử dụng dịch vụ của một chuyên gia hộ tống cả.
edu,"""Dra. Vicky Belo said that all kind of cars need fuel to start.""

What fallacy is being committed in the sentence above?",fallacy of credibility,"""Bác sĩ Vicky Belo nói rằng mọi loại xe đều cần nhiên liệu để khởi động."" Câu trên đã mắc phải ngụy biện gì?"
edu,We surveyed all the customers in the store and they all agreed that staying open 24 hours would be a great idea. We need to put together a 24-hour schedule as soon as possible.,ad populum,Chúng tôi đã khảo sát tất cả khách hàng trong cửa hàng và họ đều đồng ý rằng việc mở cửa 24/24 là một ý tưởng tuyệt vời. Chúng ta cần triển khai lịch hoạt động 24 giờ càng sớm càng tốt.
edu,John agrees with me that drinking energy drinks are bad for you. ,fallacy of credibility,John đồng ý với tôi rằng uống nước tăng lực rất có hại cho sức khỏe.
edu,"I know you don’t like the kitty-cat sweater that Grandma knitted for you, but she worked so hard on it and it will make her happy to see you wear it in the family holiday photo.",appeal to emotion,"Tôi biết là cậu không thích chiếc áo len hình mèo mà bà đan cho cậu, nhưng bà đã vất vả lắm mới đan xong nó, và việc nhìn thấy cậu mặc chiếc áo đó trong bức ảnh gia đình dịp lễ sẽ khiến bà vui lòng đấy."
edu,"Dicky: So how do you think life began?
Ralphie: Simple.  Aliens from another planet seeded this planet with life billions of years ago.
Dicky: OK, but how did that alien life form begin?
Ralphie: Simple.  Aliens from another planet seeded that planet with life.
",circular reasoning,"Dicky: Vậy cậu nghĩ sự sống bắt đầu như thế nào?
Ralphie: Đơn giản thôi. Những người ngoài hành tinh từ một hành tinh khác đã gieo mầm sự sống lên hành tinh này hàng tỷ năm trước.
Dicky: Được rồi, nhưng dạng sống ngoài hành tinh đó đã bắt đầu như thế nào?
Ralphie: Đơn giản thôi. Những người ngoài hành tinh từ một hành tinh khác đã gieo mầm sự sống lên hành tinh đó."
edu,"Thanks to her enduring popularity with employees, Annie Smith is the best-liked CEO in our company's history.",ad hominem,"Nhờ sự yêu mến bền bỉ từ nhân viên, Annie Smith là vị CEO được lòng mọi người nhất trong lịch sử công ty chúng ta."
edu,"Justin Beiber wears Ray Bans, so you should buy a pair to wear in the sun.",ad populum,"Justin Bieber đeo kính Ray-Ban, nên bạn cũng nên mua một cặp để đeo khi ra nắng đi."
edu,God exists because the Bible says so. The Bible is a reliable source because it is the  word of God.,circular reasoning,Chúa tồn tại vì Kinh Thánh nói như vậy. Kinh Thánh là nguồn đáng tin cậy vì đó là lời của Chúa.
edu,"Ralph Nader and Pat Buchanan are banging at the doors, and the political establishment, consisting of both politicians and the media, seems determined not to let them in on the grounds that they have no public support.",circular reasoning,"Ralph Nader và Pat Buchanan đang đập cửa đòi vào, nhưng giới chính trị, bao gồm cả các chính trị gia và truyền thông, dường như quyết tâm không cho họ vào với lý do họ không được công chúng ủng hộ."
edu,marijuana shouldn’t be legalized because it wasn’t socially acceptable.,circular reasoning,Cần sa không nên được hợp pháp hóa vì nó vốn không được xã hội chấp nhận.
edu,the following is an example of...,faulty generalization,Ví dụ dưới đây là về...
edu,"While I think most people shouldn't be allowed to falsely claim they need a support animal on airplanes, I really do need my dog to calm me down. It's not my fault my doctor won't give me authorization.",intentional,"Mặc dù tôi nghĩ đa số mọi người không nên lạm dụng việc khai gian cần động vật hỗ trợ trên máy bay, nhưng tôi thực sự cần chú chó của mình để trấn tĩnh. Chẳng phải lỗi của tôi khi bác sĩ không chịu cấp giấy phép."
edu,"""Everyone uses Social Media to fundraise, therefore there's no problem with asking for money on social media sites as long as it's going to charity"" SHOWS evidence of what fallacy?",ad populum,"Câu ""Ai cũng dùng mạng xã hội để gây quỹ, vì vậy chẳng có vấn đề gì khi kêu gọi tiền trên các trang mạng xã hội miễn là vì mục đích từ thiện"" là bằng chứng cho ngụy biện nào?"
edu,Cell phones stop students from concentrating in class because they are distracting.,circular reasoning,Điện thoại di động khiến học sinh không thể tập trung trong lớp vì chúng gây xao nhãng.
edu,"Person #1: We need to start high school later in the morning.
Person #2: Oh, so you think we should all just sleep in until noon and have school until it gets dark?",fallacy of extension,"Người 1: Chúng ta cần bắt đầu giờ học muộn hơn vào buổi sáng. Người 2: Ồ, vậy ý bạn là chúng ta nên ngủ nướng đến tận trưa rồi học đến tối mịt luôn hả?"
edu,"""You asked me why the unemployment rate has increased once more, but I'm going to tell you what has an even worse effect on morale in this country.""",fallacy of relevance,"Bạn hỏi tôi tại sao tỷ lệ thất nghiệp lại tăng, nhưng tôi sẽ cho bạn thấy thứ còn gây ảnh hưởng tệ hơn nhiều đến tinh thần quốc gia này."
edu,People who read are smart.,faulty generalization,Người đọc sách thì thông minh.
edu,"He was born to Catholic parents and raised as a Catholic until his confirmation in 8th grade.  Therefore, he is bound to want to defend some Catholic traditions and, therefore, cannot be taken seriously.",ad hominem,"Anh ta sinh ra trong gia đình Công giáo và theo đạo cho đến khi lãnh nhận bí tích thêm sức vào năm lớp 8. Vì thế, chắc chắn anh ta sẽ muốn bảo vệ các truyền thống Công giáo và do đó, không thể coi trọng ý kiến của anh ta được."
edu,"Pvt. Joe Bowers: What are these electrolytes? Do you even know?
Secretary of State: They're... what they use to make Brawndo!
Pvt. Joe Bowers: But why do they use them to make Brawndo?
Secretary of Defense: [raises hand after a pause] Because Brawndo's got electrolytes.",circular reasoning,"Binh nhì Joe Bowers: Chất điện giải đó là gì vậy? Anh có biết không?
Bộ trưởng Ngoại giao: Đó là... thứ họ dùng để làm ra Brawndo!
Binh nhì Joe Bowers: Nhưng tại sao họ lại dùng chúng để làm Brawndo?
Bộ trưởng Quốc phòng: [giơ tay sau một lúc ngập ngừng] Vì Brawndo có chứa chất điện giải."
edu,"All Greek food causes illness;  when I traveled through Greece, I got food  poisoning.",faulty generalization,Tất cả đồ ăn Hy Lạp đều gây bệnh; tôi đã bị ngộ độc thực phẩm khi đi du lịch qua đó.
edu,"“I really deserve an “A” on this paper, professor. Not only did I study during my grandmother’s funeral, but I also passed up the heart transplant surgery, even though that was the first matching donor in 3 years.”",appeal to emotion,"Thưa giáo sư, em thực sự xứng đáng nhận điểm A. Em không những học bài ngay trong đám tang bà em, mà còn từ bỏ cả ca phẫu thuật ghép tim dù đó là người hiến tặng phù hợp đầu tiên sau 3 năm đấy ạ."
edu,"If everyone lived his or her life exactly like Jesus lived his life, the world would be a beautiful place!",appeal to emotion,"Nếu ai cũng sống cuộc đời của mình y hệt như cách Chúa Jesus đã sống, thế giới này sẽ là một nơi tuyệt vời!"
edu,I called my friend and he didn't answer. He wasn't home or he was dead.,false dilemma,Tôi gọi cho bạn tôi nhưng cậu ấy không nghe máy. Chắc là cậu ấy không có nhà hoặc là đã chết rồi.
edu,"Senator A: ""We should spend less on our military budget and spend more on health and education.""
Senator B: ""So you want to leave the country defenseless?""",fallacy of extension,"Thượng nghị sĩ A: Chúng ta nên cắt giảm ngân sách quân sự và đầu tư nhiều hơn cho y tế và giáo dục.
Thượng nghị sĩ B: Vậy là ông muốn để đất nước này rơi vào cảnh không có khả năng tự vệ sao?"
edu,My Aunt was in the hospital for 6 weeks because she didn't wear a seatbelt.,faulty generalization,Dì tôi đã phải nằm viện 6 tuần vì bà ấy không thắt dây an toàn.
edu,"""Trump won't release his tax returns and prove he's clean, therefore he must have something to hide.""",intentional,"Trump không công khai thuế để chứng minh mình trong sạch, vậy chắc chắn là ông ấy có điều gì đó mờ ám rồi."
edu,"Jack: You should stop smoking - it's bad for you.
Jill: Look who's talking! You smoke three packs a day!",ad hominem,"Jack: Cậu nên bỏ thuốc lá đi, nó có hại lắm.
Jill: Nhìn lại mình đi đã! Cậu còn hút tận ba bao mỗi ngày kìa!"
edu,"I. The Ganges river is flooded due to large sheets of ice coming down from the Himalayas.
II. Many people in the Himalayan ranges lost their houses under huge sheets of ice.",false causality,"I. Sông Hằng bị lũ lụt do những tảng băng lớn từ dãy Himalaya đổ xuống.
II. Nhiều người dân ở vùng núi Himalaya đã mất nhà cửa dưới những tảng băng khổng lồ đó."
edu,If you don't have a recycling bin you hate the earth and don't care about pollution.,fallacy of extension,Nếu bạn không dùng thùng rác tái chế thì nghĩa là bạn ghét Trái Đất và chẳng quan tâm gì đến ô nhiễm cả.
edu,"During the first week of July ice cream sales climbed, and during the second week murder rates climbed. Therefore, ice cream inspires murder.",false causality,"Trong tuần đầu tháng 7, doanh số bán kem tăng, và tuần thứ hai thì tỉ lệ án mạng cũng tăng. Vậy nên, ăn kem chính là thứ kích động người ta đi giết người."
edu,All engineers are introverts who would rather relate to computers than people. ,faulty generalization,"Mọi kỹ sư đều là những người hướng nội, kiểu người thà làm việc với máy tính còn hơn là giao tiếp với con người."
edu,Christine has a terrible experience with a boyfriend. She decides that all boys are mean. This is an example of which logical fallacy?,faulty generalization,"Christine từng có trải nghiệm tồi tệ với bạn trai cũ, thế là cô ấy kết luận mọi con trai đều xấu xa. Đây là ví dụ của loại ngụy biện nào?"
edu,"“If you really loved me, you would buy me everything I ever wanted!”",false dilemma,"“Nếu anh thực sự yêu em, anh phải mua cho em tất cả những gì em muốn chứ!”"
edu,"My professor, who has a Ph.D. in Astronomy, once told me that ghosts are real. Therefore, ghosts are real.",fallacy of credibility,"Giáo sư của tôi, người có bằng Tiến sĩ Thiên văn học, đã từng nói với tôi là ma có thật. Thế nên, ma chắc chắn là có thật."
edu,"""That's what abortion is - killing innocent humans for money. Abortionists are government licensed hit men.""",ad hominem,“Đó chính là bản chất của việc phá thai - giết những con người vô tội để lấy tiền. Những kẻ thực hiện phá thai chẳng khác nào những tên sát thủ được chính phủ cấp phép.”
edu,"It is ridiculous to have spent thousands of dollars to rescue those two whales trapped in the Arctic ice. Why, look at all the people trapped in jobs they don’t like.",fallacy of logic,"Thật nực cười khi chi hàng ngàn đô la chỉ để giải cứu hai con cá voi bị mắc kẹt ở Bắc Cực. Trong khi đó, nhìn xem bao nhiêu người còn đang bị mắc kẹt trong những công việc họ chán ghét kìa."
edu,"Audrey: I am a human being. I am not a cyborg from the future here to destroy humanity.

Fred: Prove that you are human! Cyborgs don't pass out when they lose a lot of blood. Here's a knife.

Audrey: Get to bed, Freddie. And no more SYFY channel before bed!",intentional,"Audrey: Tôi là con người. Tôi không phải là cyborg từ tương lai đến đây để hủy diệt nhân loại.

Fred: Chứng minh đi! Cyborg không bị ngất khi mất máu. Đây, cầm lấy con dao này.

Audrey: Đi ngủ đi Freddie. Bớt xem kênh SYFY trước khi ngủ lại đi!"
edu,Beyond Meat burgers are healthy for us because they do not have any meat in them.,fallacy of credibility,Burger Beyond Meat tốt cho sức khỏe vì chúng đâu có chứa thịt đâu.
edu,We should give the other applicant the job because he has a poor family and he needs to provide for them. It looks like he suffers a lot!,appeal to emotion,Chúng ta nên nhận ứng viên kia vào làm vì gia đình anh ta nghèo và anh ta cần tiền nuôi gia đình. Nhìn anh ta khổ sở thế kia mà!
edu,"According to my brain, my brain is reliable.",circular reasoning,Theo như não bộ của tôi nhận định thì não bộ của tôi hoàn toàn đáng tin cậy.
edu,"""Coronavirus originated in China, therefore all Chinese people are sick.""",fallacy of extension,"Virus Corona bắt nguồn từ Trung Quốc, vì vậy tất cả người Trung Quốc đều bị bệnh."
edu,"Whilst rallying support for his plan to fundamentally undermine citizens' rights, the Supreme Leader told the people they were either on his side, or they were on the side of the enemy.",false dilemma,"Trong khi vận động ủng hộ kế hoạch tước đoạt quyền lợi công dân, vị Lãnh đạo tối cao tuyên bố rằng người dân hoặc là đứng về phía ông ta, hoặc là đứng về phía kẻ thù."
edu,"You should never gamble! Once you start gambling you find it hard to stop. Soon you will spend all your money on gambling, and eventually you will turn to crime just to support your gambling addiction.
¡Nunca debes apostar! Una vez que empiece a jugar, le resultará difícil dejar de jugar. Pronto gastará todo su dinero en juegos de azar y, finalmente, recurrirá a la delincuencia solo para apoyar su adicción al juego.",faulty generalization,"Bạn không bao giờ được phép cá độ! Một khi đã bắt đầu, bạn sẽ rất khó dừng lại. Chẳng bao lâu nữa bạn sẽ nướng sạch tiền vào cờ bạc, rồi cuối cùng sẽ sa chân vào con đường tội phạm chỉ để nuôi cái thói nghiện ngập đó."
edu,"""I should receive an 'A' in this class. I had a tough week!"" Hadi begged",appeal to emotion,Tôi xứng đáng nhận điểm A trong lớp này. Tôi đã có một tuần rất vất vả mà!
edu,"I know you don't like the kitty-cat  sweater that Grandma knitted for you, but she worked so hard on it and it will make her happy to see you wear it in the family holiday photo.",appeal to emotion,"Tôi biết là con không thích chiếc áo len hình mèo mà bà đan cho, nhưng bà đã bỏ bao công sức vào đó, và việc thấy con mặc nó trong tấm ảnh gia đình ngày lễ sẽ khiến bà rất hạnh phúc."
edu,"We're going to celebrate New Year's Eve this way because that's how we've always done it.
This is an example of ...",fallacy of credibility,Chúng ta sẽ đón giao thừa theo cách này vì từ trước đến nay chúng ta vẫn làm thế. Đây là ví dụ về ngụy biện gì?
edu,"A local politician plans to expand the municipality's cycle network and to add several new speed cameras in densely populated areas. Their opponent says, ""They want us all to give up driving forever. They're punishing the honest car owners and commuters that help pay these politicians' salaries.""",fallacy of extension,"Một chính trị gia địa phương dự định mở rộng mạng lưới đường xe đạp và lắp thêm camera tốc độ ở những khu đông dân cư. Đối thủ của họ nói: ""Họ muốn ép tất cả chúng ta từ bỏ việc lái xe vĩnh viễn. Họ đang trừng phạt những chủ xe và người đi làm lương thiện, những người đang trả lương cho chính các chính trị gia này""."
edu,"All judges are fair-minded individuals;  therefore, Judge Ito is fair in his decisions.",fallacy of logic,"Mọi thẩm phán đều là những người công tâm; vì vậy, Thẩm phán Ito chắc chắn công tâm trong các quyết định của mình."
edu,This is why a woman shouldn’t do a man's job,ad hominem,Đây chính là lý do tại sao phụ nữ không nên làm công việc của đàn ông.
edu,"If we allow Susan to leave early, soon we'll be giving everyone Friday afternoon off.",faulty generalization,"Nếu chúng ta cho phép Susan về sớm, chẳng mấy chốc mà chúng ta sẽ cho tất cả mọi người nghỉ vào chiều thứ Sáu."
edu,"""I want my daughter to go to a state university so she can avoid too much debt.""
""Why do you think state schools are better than private schools? Harvard and Princeton are private."" What is this?",fallacy of extension,"""Tôi muốn con gái mình học trường công để tránh gánh nặng nợ nần.""
""Tại sao bạn lại nghĩ trường công tốt hơn trường tư? Harvard và Princeton đều là trường tư mà."" Đây là kiểu ngụy biện gì?"
edu,"Almost all of the students I talked to said that they don't like the senator. I'm sure he'll lose the election on Tuesday.
Which logical fallacy is represented here?",faulty generalization,Hầu hết các sinh viên tôi nói chuyện đều bảo họ không thích vị thượng nghị sĩ này. Tôi chắc chắn là ông ta sẽ thua trong cuộc bầu cử vào thứ Ba tới. Ngụy biện nào được thể hiện ở đây?
edu,Children should not listen to rap music. Everyone knows that.,ad populum,Trẻ em không nên nghe nhạc rap. Ai cũng biết điều đó mà.
edu,"If you vote for her, the government as we know it will fall apart.",faulty generalization,"Nếu bạn bầu cho bà ta, chính phủ như chúng ta biết sẽ sụp đổ hoàn toàn."
edu,Arguing based on whether something is popular,ad populum,Lập luận dựa trên việc liệu một thứ có phổ biến hay không.
edu,"only man is rational
no women is man
Therefore, no women is rational",equivocation,"Chỉ đàn ông mới có lý trí, phụ nữ không phải là đàn ông, vậy nên phụ nữ không có lý trí."
edu,"I had a real bad headache, then saw my doctor.  Just by talking with him, my headache started to subside, and I was all better the next day.  It was well worth the $200 visit fee.",false causality,"Tôi bị đau đầu dữ dội nên đi khám bác sĩ. Chỉ mới nói chuyện với ông ấy thôi mà cơn đau đã dịu đi, và hôm sau tôi khỏe hẳn. Thật đáng đồng tiền bát gạo với mức phí khám 200 đô."
edu,"What type of propaganda uses negative words or feelings against an idea, product or person?",ad hominem,"Loại tuyên truyền nào sử dụng từ ngữ hoặc cảm xúc tiêu cực để chống lại một ý tưởng, sản phẩm hoặc cá nhân?"
edu,"Board Member: “If this company is going to maximize its profits in the coming year, we need to fully exploit all of our available resources.”
Human Resources Director: “Not so fast. Our employees are one of our most valued resources, and we have a strict policy against exploiting our workers.”",equivocation,"Thành viên hội đồng: “Nếu công ty muốn tối đa hóa lợi nhuận trong năm tới, chúng ta cần khai thác triệt để mọi nguồn lực hiện có.” Giám đốc nhân sự: “Khoan đã. Nhân viên là một trong những nguồn lực quý giá nhất của chúng ta, và chúng ta có chính sách nghiêm ngặt chống lại việc bóc lột người lao động.”"
edu,"Our colleague, Doctor Χ, is too young and inexperienced; we could do without his advice.",ad hominem,"Đồng nghiệp của chúng ta, Bác sĩ X, còn quá trẻ và thiếu kinh nghiệm; chúng ta không cần lời khuyên của anh ta đâu."
edu,I guess I should buy my 12-year-old daughter an iPhone.  Everyone at her new school has one and I want her to fit in with the other kids.,ad populum,Chắc tôi nên mua cho con gái 12 tuổi một chiếc iPhone. Đứa trẻ nào ở trường mới cũng có và tôi muốn con bé hòa nhập với bạn bè.
edu,Our soccer team was losing until I bought new shoes. We have not lost a game since I got my lucky shoes!,false causality,"Đội bóng của tôi đã thua cho đến khi tôi mua giày mới. Kể từ lúc có đôi giày may mắn đó, chúng tôi chưa thua trận nào!"
edu,People like to walk on the beach. Beaches have sand. We should put sand on the floor in our living room.,fallacy of logic,Mọi người thích đi dạo trên bãi biển. Bãi biển có cát. Vậy nên chúng ta nên rải cát khắp sàn phòng khách.
edu,"You can't give me a C! I'm an A student, a C is just wrong!",circular reasoning,"Thầy không thể cho em điểm C được! Em là học sinh giỏi, điểm C là hoàn toàn sai!"
edu,Marie notices that many of her friends have started eating a low-carb diet and drinking protein shakes. Marie decides that if this many friends are eating this way that this must be the healthy way to eat so she joins them. This is an example of which logical fallacy?,ad populum,Marie thấy nhiều bạn bè bắt đầu ăn theo chế độ ít carb và uống protein shake. Marie quyết định rằng nếu nhiều bạn bè cùng ăn như vậy thì đó chắc chắn là cách ăn uống lành mạnh nên cô ấy làm theo. Đây là ví dụ của loại ngụy biện logic nào?
edu,"Congressman Darell Issa calls White House Spokesperson Jay Carney a ""paid liar.""",ad hominem,"Nghị sĩ Darell Issa gọi phát ngôn viên Nhà Trắng Jay Carney là một ""kẻ nói dối được trả tiền""."
edu,"If I have cable, then I have seen a naked lady.
I don’t have cable.
Therefore, I have never seen a naked lady.",fallacy of logic,"Nếu tôi có truyền hình cáp, thì tôi đã từng thấy phụ nữ khỏa thân. Tôi không có truyền hình cáp. Do đó, tôi chưa bao giờ thấy phụ nữ khỏa thân."
edu,If the country is ever going to be safe from terrorists we have to close the borders.,false causality,"Nếu muốn đất nước được an toàn trước khủng bố, chúng ta bắt buộc phải đóng cửa biên giới."
edu,"In the debate at Harvard, one of the Harvard team’s debaters rebutted Samantha Booke’s argument that Henry David Thoreau, a Harvard graduate, proposed civil disobedience as a means to protest unjust laws. The Harvard debater rebutted her by saying, “Thoreau could never know that Adolph Hitler would agree with him.” A BETTER rebuttal would have been to…",fallacy of credibility,"Trong cuộc tranh biện tại Harvard, một thành viên đội Harvard đã phản bác lập luận của Samantha Booke về việc Henry David Thoreau, một cựu sinh viên Harvard, đề xuất bất tuân dân sự như một cách để phản đối các luật lệ bất công. Người này phản bác bằng cách nói: ""Thoreau không thể nào biết được rằng Adolf Hitler sẽ đồng tình với ông ấy."" Một sự phản bác TỐT HƠN là nên..."
edu,"Believing that ""runs"" occur to statistically independent phenomena such as routine wheel spirits.",ad populum,"Tin rằng các ""chuỗi may mắn"" sẽ xảy ra đối với các hiện tượng độc lập về mặt thống kê như các vòng quay roulette."
edu,"If you write to Mrs. Roth and tell her: ""Mrs Roth, I know I haven't done any of the assignments, but I need a C anyway because I'm asking nicely and I'm good person, and I'm going to get in trouble if you don't.""",appeal to emotion,"Nếu bạn viết cho bà Roth rằng: ""Thưa bà Roth, con biết mình chưa làm bất kỳ bài tập nào, nhưng con vẫn cần một điểm C vì con đang xin bà một cách tử tế, con là người tốt, và con sẽ gặp rắc rối nếu bà không cho điểm đó."""
edu,"Charlie: Illegal posting and sharing of songs online is crippling the music industry.
Bob: You couldn't be more wrong; the music industry is doing just fine.  I can't believe you think the government should be allowed to regulate what I share with my ""friends.""  No one wants a world where I can't loan a book to my girlfriend, let my roommate borrow my iPod, or share a funny meme with my blog followers.",fallacy of extension,"Charlie: Việc đăng tải và chia sẻ nhạc trái phép trên mạng đang làm tê liệt ngành công nghiệp âm nhạc. Bob: Bạn sai hoàn toàn rồi; ngành công nghiệp âm nhạc vẫn đang rất ổn. Tôi không thể tin được là bạn lại nghĩ chính phủ nên được phép kiểm soát những gì tôi chia sẻ với ""bạn bè"" của mình. Chẳng ai muốn một thế giới mà tôi không thể cho bạn gái mượn sách, không thể cho bạn cùng phòng mượn iPod, hay không thể chia sẻ một meme vui nhộn với những người theo dõi blog của tôi cả."
edu,People either like coffee or hate it.,false dilemma,"Người ta hoặc là thích cà phê, hoặc là ghét nó."
edu,“The economy has improved greatly because of the new president.”,false causality,"""Nền kinh tế đã cải thiện đáng kể nhờ vào vị tổng thống mới."""
edu,"Michael is part of the Jackson Five.  Without Tito and company, he will never make it.",faulty generalization,"Michael là thành viên của nhóm Jackson Five. Nếu thiếu Tito và những người còn lại, anh ấy sẽ chẳng bao giờ thành công được đâu."
edu,"Sarah wakes up one morning to find that she has just slept through her anatomy test. She emails her teacher and asks if she can make up the test. Sarah states that she deserves to take it over because she didn't sleep well because her boyfriend just broke up with her, her dog is sick and she stained her favorite dress. What fallacy is this?",appeal to emotion,"Sarah ngủ quên và bỏ lỡ bài kiểm tra giải phẫu. Cô ấy viết email xin làm lại bài và cho rằng mình xứng đáng được thi lại vì tối qua không ngủ được do bị bạn trai chia tay, chó bị ốm và lại còn làm bẩn chiếc váy yêu thích nữa. Đây là ngụy biện gì?"
edu,"""The research I found on cell phone use in the classroom suggests that students can be distracted when they have access to texting. This leads me to believe that all high school students should not be allowed to have their phones on them at school anytime.",fallacy of logic,Các nghiên cứu về việc dùng điện thoại trong lớp cho thấy học sinh dễ mất tập trung khi nhắn tin. Từ đó tôi tin rằng tất cả học sinh cấp ba không bao giờ được phép mang điện thoại đến trường.
edu,"Dave: For five generations, the men in our family went to Stanford and became doctors, while the women got married and raised children.  Therefore, it is my duty to become a doctor.
Kaitlin: Do you want to become a doctor?
Dave: It doesn’t matter -- it is our family tradition.  Who am I to break it?
",fallacy of credibility,"Dave: Năm đời nhà tôi, đàn ông ai cũng vào Stanford rồi làm bác sĩ, còn phụ nữ thì kết hôn và nội trợ. Vậy nên, trở thành bác sĩ là nghĩa vụ của tôi. Kaitlin: Anh có muốn làm bác sĩ không? Dave: Không quan trọng, đó là truyền thống gia đình. Tôi là ai mà dám phá bỏ nó chứ?"
edu,"Mom: Watching TV that close will make you go blind, so move back!
Jonny: That is B.S., Mom. Sorry, I am not moving.
",false causality,"Mẹ: Ngồi xem TV sát thế kia là mù mắt đấy, lùi ra ngay! Jonny: Mẹ nói nhảm nhí, con không lùi đâu."
edu,A driver with a New York license plate cuts you off in traffic. You decide that all New York drivers are terrible drivers.,faulty generalization,Một tài xế biển số New York tạt đầu xe bạn. Bạn lập tức kết luận rằng tất cả tài xế New York đều lái xe tệ hại.
edu,"The rooster crows always before the sun rises, therefore the crowing rooster causes the sun to rise.",false causality,"Gà trống luôn gáy trước khi mặt trời mọc, nên tiếng gáy của gà trống là nguyên nhân khiến mặt trời mọc."
edu,"If someone told you, ""Why should we be worrying about how the government treats Native people, when people in our city can't get a job?"" what logical fallacy are they using?",fallacy of relevance,"Nếu ai đó nói với bạn rằng: 'Tại sao chúng ta phải lo chuyện chính phủ đối xử với người bản địa thế nào trong khi người dân thành phố mình còn đang thất nghiệp?', họ đang sử dụng ngụy biện gì?"
edu,"""Of course I can read Spanish! Look, I just finished this book by Jorge Luis Borges!""
""You lie! Borges isn't Spanish. He's from Argentina.""",equivocation,"'Tất nhiên là tôi đọc được tiếng Tây Ban Nha rồi! Nhìn này, tôi vừa đọc xong cuốn sách của Jorge Luis Borges đấy!' 'Nói dối! Borges không phải người Tây Ban Nha. Ông ấy là người Argentina.'"
edu,"The new vice president has never gone to public school, so he can never connect to the middle and lower class.",ad hominem,Phó chủ tịch mới chưa từng học trường công nên ông ta không bao giờ có thể thấu hiểu tầng lớp trung lưu và bình dân.
edu,Distracting and dangerous mobile devices should be banned from use in vehicles.,circular reasoning,Các thiết bị di động gây xao nhãng và nguy hiểm cần phải bị cấm sử dụng trong xe hơi.
edu,"This technique uses the logic: Everyone else is doing it, you should too!",ad populum,"Kỹ thuật này dùng lập luận: Ai cũng làm thế cả, bạn cũng nên làm theo đi!"
edu,"David: We have way too much police presence in this city.
Pete: What are you going to do about it?
David: Vandalize, loot, and perhaps a little arson.
",false causality,"David: Thành phố này có quá nhiều cảnh sát rồi.
Pete: Thế cậu định làm gì nào?
David: Đập phá, cướp bóc, có khi phóng hỏa tí cho vui."
edu,That song is stupid because I don't know that musician.,fallacy of relevance,Bài hát đó dở tệ vì tôi chẳng biết tay nghệ sĩ nào cả.
edu,"""You'll make the right decision because you have something that not many people do: you have heart.""?",appeal to emotion,"Bạn sẽ đưa ra quyết định đúng đắn vì bạn có một thứ mà ít người có được: đó là trái tim, đúng chứ?"
edu,"Student: Hey, Professor Moore, we shouldn't have to read this book by Freud. Everyone knows he used cocaine.",ad hominem,"Sinh viên: Thưa giáo sư Moore, chúng em không nên đọc cuốn sách của Freud. Ai cũng biết ông ta dùng cocaine mà."
edu,Give me liberty or give me death,fallacy of credibility,Cho tôi sự tự do hoặc cho tôi cái chết.
edu,"""A dog would be a great addition to our family. Think about how wonderful it would be to come home to a happy, excited, loving dog?"" This is an example of which persuasive technique?",appeal to emotion,"""Nuôi một chú chó sẽ rất tuyệt cho gia đình mình. Hãy nghĩ xem, khi về nhà được chào đón bởi một chú cún hạnh phúc, phấn khích và tình cảm thì tuyệt biết bao?"" Đây là ví dụ của kỹ thuật thuyết phục nào?"
edu,Only fools are out in public right now. Careful people are staying home.,ad hominem,Chỉ có lũ ngốc mới ra đường lúc này thôi. Người khôn ngoan là phải ở nhà.
edu,"Since Dwayne Johnson (aka The Rock) endorsed this protein powder, it must work wonders.",fallacy of credibility,Vì Dwayne Johnson (tức The Rock) quảng cáo loại bột protein này nên chắc chắn nó phải hiệu quả lắm.
edu,"Since Lucy Sutton became vice president of the parent-teacher association, student performance has declined and teacher morale is down. We on the school board believe that Sutton bears sole responsibility for the downtrend.",false causality,"Kể từ khi Lucy Sutton trở thành phó chủ tịch hội phụ huynh, thành tích học sinh giảm sút và tinh thần giáo viên đi xuống. Hội đồng nhà trường chúng tôi tin rằng Sutton hoàn toàn chịu trách nhiệm cho xu hướng tiêu cực này."
edu,"Salesguy: You should definitely buy this car.  You look so good in it -- you look at least ten years younger behind that wheel.
Tamera: I’ll take it!
",appeal to emotion,Nhân viên bán hàng: Anh nhất định phải mua chiếc xe này. Anh trông rất hợp với nó -- trông anh trẻ ra ít nhất mười tuổi khi ngồi sau vô lăng đấy. Tamera: Tôi lấy nó!
edu,"""Schools should provide nutritious lunches to students.""
""So schools should take money away from technology and necessary supplies in the classroom?""",fallacy of extension,Trường học nên cung cấp bữa trưa dinh dưỡng cho học sinh. Vậy là trường học nên cắt giảm ngân sách dành cho công nghệ và các nhu yếu phẩm trong lớp học sao?
edu,"President Jones raised taxes, and then the rate of violent crime went up. Jones is responsible for the rise in crime.",false causality,"Tổng thống Jones tăng thuế, và rồi tỷ lệ tội phạm bạo lực tăng lên. Jones phải chịu trách nhiệm cho sự gia tăng tội phạm này."
edu,"If you don't drive a car, you hate the Earth.",fallacy of extension,"Nếu bạn không lái ô tô, nghĩa là bạn ghét Trái Đất."
edu,"Michael Jackson, Kurt Cobain, and Jimi Hendrix were rock stars who died young. Therefore, if you become a rock star, don’t expect to live a long life.",false causality,"Michael Jackson, Kurt Cobain và Jimi Hendrix đều là những ngôi sao nhạc rock qua đời khi còn trẻ. Vì vậy, nếu bạn trở thành ngôi sao nhạc rock, đừng mong có thể sống thọ."
edu," 
The presence of police at protests cause an escalation of violence. It was the case that at the protest last night attended by uniformed police, there was an escalation of violence. Therefore, police should not be at protests.",false causality,"Sự hiện diện của cảnh sát tại các cuộc biểu tình gây ra sự leo thang bạo lực. Thực tế là trong cuộc biểu tình tối qua có cảnh sát mặc sắc phục, đã xảy ra sự leo thang bạo lực. Do đó, cảnh sát không nên có mặt tại các cuộc biểu tình."
edu,"“Either you love me, or you hate me.”",false dilemma,"Hoặc là bạn yêu tôi, hoặc là bạn ghét tôi."
edu,I have several female friends and every one of them loves country music. All females love country music.,faulty generalization,Tôi có vài người bạn nữ và tất cả họ đều thích nhạc đồng quê. Tất cả phụ nữ đều thích nhạc đồng quê.
edu,People who learn from their mistakes don't repeat them.,faulty generalization,Những người học hỏi từ sai lầm của mình sẽ không lặp lại chúng.
edu,"Mother: It’s bedtime Jane

Jane: Mom, how do ants feed their babies?

Mother: Don’t know dear, close your eyes now.

Jane: But mama, do ant babies cry when they’re hungry?",fallacy of relevance,"Mẹ: Đến giờ đi ngủ rồi Jane. Jane: Mẹ ơi, kiến nuôi con của chúng như thế nào ạ? Mẹ: Mẹ không biết đâu con yêu, nhắm mắt lại đi nào. Jane: Nhưng mẹ ơi, lũ kiến con có khóc khi chúng đói không ạ?"
edu,"ghosts must exist, because nobody has been able to prove that they don't is an example of",intentional,"Ma quỷ chắc chắn phải tồn tại, vì làm gì có ai chứng minh được là chúng không tồn tại đâu."
edu,"We've got to stop them from banning pornography. Once they start banning one form of literature, they will never stop. Next thing you know, they will be burning all the books!",faulty generalization,"Chúng ta phải ngăn chặn việc họ cấm ấn phẩm khiêu dâm. Một khi đã cấm một loại tài liệu thì họ sẽ không dừng lại đâu. Rồi đến lúc bạn biết đấy, họ sẽ đốt sạch tất cả sách vở!"
edu,America: Love it or leave it,false dilemma,Nước Mỹ: Yêu hoặc cút.
edu,"Ms. Drayer, the smartest person in the universe, says the debate is the best class, therefore it is.",fallacy of credibility,"Cô Drayer, người thông minh nhất vũ trụ, nói rằng tranh biện là môn học tuyệt nhất, nên chắc chắn nó là vậy rồi."
edu,War on drugs instills fear to criminals so it can stop the crimes in the Philippines.,faulty generalization,Cuộc chiến chống ma túy gieo rắc nỗi sợ hãi cho tội phạm nên nó chắc chắn sẽ chấm dứt được tội phạm ở Philippines.
edu,"Fewer tourists were recorded to have entered the country. This datum was gathered after Karapatan exposed the human rights violations happening here; therefore, Karapatan's expose was the reason for the low tourist turn out.",false causality,"Số lượng khách du lịch đến nước ta đã giảm. Dữ liệu này được thu thập sau khi Karapatan phơi bày các vụ vi phạm nhân quyền tại đây; vì vậy, chính bài tố cáo của Karapatan là nguyên nhân khiến lượng khách giảm."
edu,"""I started exercising twice a week, and I just got a babysitting job. Exercising leads to new jobs!""",false causality,Tôi bắt đầu tập thể dục hai lần một tuần và tôi vừa nhận được một công việc trông trẻ. Tập thể dục dẫn đến việc có công việc mới!
edu,"Bats are mammals. Bats can fly. Pigs are also mammals, therefore pigs can fly.",fallacy of logic,"Dơi là động vật có vú. Dơi biết bay. Lợn cũng là động vật có vú, vì vậy lợn có thể bay."
edu,"Animal experimentation reduces our respect for life. If we don't respect life, we are likely to be more and more tolerant of violent acts like war and murder. Soon our society will become a battlefield in which everyone constantly fears for their lives. It will be the end of civilization.",faulty generalization,"Thí nghiệm trên động vật làm giảm sự tôn trọng của chúng ta đối với sự sống. Nếu không tôn trọng sự sống, chúng ta sẽ ngày càng bao dung hơn với các hành vi bạo lực như chiến tranh và giết người. Chẳng bao lâu nữa xã hội sẽ biến thành một chiến trường nơi ai nấy đều sống trong sợ hãi. Đó sẽ là ngày tàn của nền văn minh."
edu,Confession is good for the soul.,faulty generalization,Thú tội rất tốt cho tâm hồn.
edu,"Although we have proven that the moon is not made of spare ribs, we have not proven that its core cannot be filled with them; therefore, the moon’s core is filled with spare ribs.",intentional,"Mặc dù đã chứng minh mặt trăng không làm bằng sườn non, chúng ta vẫn chưa chứng minh được lõi của nó không chứa đầy sườn non; vì vậy, lõi mặt trăng chứa đầy sườn non."
edu,", when in fact more possibilities exist.",false dilemma,", trong khi thực tế còn tồn tại nhiều khả năng khác."
edu,We can’t freeze the academic year because then students won’t graduate on time. Next thing you know most people will be unemployed and will resort to crime. The crime rate will skyrocket and society will collapse.,faulty generalization,"Chúng ta không thể đóng băng năm học vì sinh viên sẽ không tốt nghiệp đúng hạn. Tiếp đó, hầu hết mọi người sẽ thất nghiệp và sa đà vào tội phạm. Tỉ lệ tội phạm sẽ tăng vọt và xã hội sẽ sụp đổ."
edu,"My opponent says I am weak on crime, but I have been one of the most reliable participants in city council meetings.",fallacy of relevance,"Đối thủ nói tôi yếu kém trong vấn đề tội phạm, nhưng tôi là một trong những người tham gia họp hội đồng thành phố tích cực nhất."
edu,"Every time I wash my car, it rains",false causality,Mỗi lần tôi rửa xe là trời lại mưa.
edu,Marty said that his Xbox One X had better resolution than Phil’s PS4 during their gaming console debate. Phil suddenly brought up how powerful his PC was when Marty started talking about the specs of the two gaming consoles.,fallacy of relevance,Marty nói Xbox One X của anh ấy có độ phân giải tốt hơn PS4 của Phil trong cuộc tranh luận về máy chơi game. Phil bất ngờ lái sang chuyện dàn PC của mình mạnh mẽ thế nào khi Marty đang nói về thông số kỹ thuật của hai loại máy chơi game đó.
edu,"Lisa was brainwashed as a child into thinking that people are generally good.  Therefore, people are not generally good.",ad hominem,"Lisa đã bị tẩy não từ nhỏ rằng con người về cơ bản là tốt. Vì vậy, con người không hề tốt chút nào."
edu,"""Annie must like Starbucks because all girls like Starbucks.""",faulty generalization,Annie chắc chắn thích Starbucks vì con gái ai mà chẳng thích Starbucks.
edu,"Global chocolate consumption is highest in Switzerland, yet people there are among the trimmest in the industrialized world. Therefore, it’s reasonable to conclude that chocolate helps keep your weight down.",false causality,"Tiêu thụ sô-cô-la cao nhất thế giới là ở Thụy Sĩ, thế mà người dân ở đó lại nằm trong số những người thon gọn nhất thế giới công nghiệp. Vì vậy, có thể kết luận hợp lý rằng sô-cô-la giúp bạn giữ dáng."
edu,"""All sports car drivers are too aggressive!"" is an example of:",faulty generalization,"""Tất cả những người lái xe thể thao đều quá hung hăng!"" là ví dụ của:"
edu,"Joey's refrigerator broke after Rachel moved in; therefore, Rachel caused Joey's refrigerator to break.",false causality,"Tủ lạnh của Joey bị hỏng ngay sau khi Rachel chuyển đến, vậy nên chính Rachel là nguyên nhân khiến tủ lạnh của Joey bị hỏng."
edu,"Mom: ""Did you finish your homework?"" Son: ""Hey, did I tell you that I got an A on my physics test today!""",fallacy of relevance,"Mẹ: Con làm xong bài tập chưa? Con trai: Mẹ ơi, mẹ biết gì không, con vừa được điểm A bài kiểm tra vật lý hôm nay đấy!"
edu,Snarl Words are an example of...,appeal to emotion,Từ ngữ mang tính công kích (Snarl Words) là một ví dụ của...
edu,"Everybody else is doing it, why don't you?",ad populum,"Ai cũng làm thế cả, sao cậu lại không?"
edu,I guess that I should by my 12 year old an iPhone since everyone else has one.,ad populum,Chắc tôi nên mua iPhone cho đứa con 12 tuổi của mình vì đứa nào cũng có rồi.
edu,"Wife: I'd rather have a dog than a cat
Husband: Why do you hate cats?",fallacy of extension,Vợ: Em thà nuôi chó còn hơn nuôi mèo. Chồng: Sao em lại ghét mèo đến thế?
edu,"Mom: Remember, dear. Nobody's going to buy the cow if they get the milk for free.
Daughter: You are only saying that because you are my mother.
Daughter: Wait... did you just call me a cow?
",ad hominem,"Mẹ: Nhớ lấy con yêu, chẳng ai chịu mua bò nếu họ được uống sữa miễn phí đâu. Con gái: Mẹ chỉ nói thế vì mẹ là mẹ con thôi. Con gái: Khoan đã... có phải mẹ vừa gọi con là con bò không?"
edu,"Speaker 1: Dr. Singh says meat eating is bad for the environment.
Speaker 2: He’s a Sikh. They don’t eat meat. Of course he would say that. He can’t be telling the truth.",ad hominem,"Người 1: Bác sĩ Singh nói ăn thịt gây hại cho môi trường. Người 2: Ổng là người Sikh, họ không ăn thịt. Tất nhiên là ổng phải nói vậy rồi, sao mà tin được."
edu,"Vietnam War—America, love it or leave it",ad populum,"Chiến tranh Việt Nam — Yêu nước Mỹ thì ở lại, không thì biến đi."
edu,The Geo Metro is a superior car because it averages 43 miles per gallon.,intentional,Xe Geo Metro là loại xe thượng đẳng vì nó tiết kiệm nhiên liệu với mức tiêu thụ 43 dặm mỗi gallon.
edu,"A is true because B is true, and B is true because A is true.",circular reasoning,"A đúng vì B đúng, mà B đúng thì lại vì A đúng."
edu,He’s just a psychology teacher at a community college,ad hominem,Anh ta cũng chỉ là giáo viên tâm lý ở trường cao đẳng cộng đồng thôi mà.
edu,Everyone is against child pornography. I asked Mrs. Smith and Mr. Jones at the PTA meeting and they are definitely against it.,faulty generalization,"Ai cũng phản đối nội dung khiêu dâm trẻ em cả. Tôi đã hỏi bà Smith và ông Jones ở buổi họp phụ huynh rồi, họ chắc chắn là phản đối."
edu,"Charlie: I think we should put more money into schools. Quality public education is so important.
Bob: So you’re saying we should cut military spending and spend it instead on more spiral notebooks and crayons? I guess you want our country to be a weak, defenseless target for terrorists.
Charlie: Creo que deberíamos invertir más dinero en las escuelas. La educación pública de calidad es muy importante.

Bob: ¿Entonces estás diciendo que deberíamos recortar el gasto militar y gastarlo en más cuadernos de espiral y crayones? Supongo que quiere que nuestro país sea un objetivo débil e indefenso para los terroristas.",fallacy of extension,"Charlie: Tôi nghĩ chúng ta nên đầu tư nhiều tiền hơn vào trường học. Giáo dục công chất lượng cao rất quan trọng.
Bob: Vậy ý anh là chúng ta nên cắt giảm ngân sách quân sự để mua thêm tập vở và bút màu à? Chắc anh muốn đất nước mình trở thành mục tiêu yếu ớt, không có khả năng tự vệ trước bọn khủng bố đấy nhỉ?"
edu,"Grace and Helen were both romantically interested in Brad. One day, with Brad sitting within earshot, Grace asked in an inquisitive tone whether Helen was still having problems with her drug habit.",intentional,"Grace và Helen đều có tình ý với Brad. Một ngày nọ, khi Brad đang ngồi trong tầm nghe, Grace cố tình hỏi bằng giọng đầy tò mò rằng liệu Helen có còn gặp rắc rối với chuyện nghiện ngập nữa không."
edu,Be happy with the 1972 Chevy Nova you drive.  There are many people in this country who don’t even have a car.,fallacy of relevance,Hãy hài lòng với chiếc Chevy Nova đời 1972 mà bạn đang đi đi. Ngoài kia còn bao nhiêu người thậm chí chẳng có lấy một cái xe để mà đi kìa.
edu,Sleeping until noon is the worst thing to do because it is bad to sleep late.,circular reasoning,Ngủ nướng đến tận trưa là điều tệ hại nhất vì việc ngủ dậy muộn vốn dĩ là không tốt.
edu,Why did you steal my keys?,intentional,Tại sao anh lại ăn trộm chìa khóa của tôi?
edu,"If voluntary euthanasia were to be legalized it would prove impossible to avoid the legislation, or, at least, toleration, of non-voluntary euthanasia. Even if the former can be justified, the latter clearly cannot. Hence, it is better that the first step (legalizing voluntary euthanasia) not be taken so as to prevent a slide into non-volunteer euthanasia.",faulty generalization,"Nếu cho phép hợp pháp hóa cái chết nhân đạo tự nguyện thì sẽ không thể tránh khỏi việc phải luật hóa, hoặc ít nhất là dung túng cho cái chết nhân đạo không tự nguyện. Dù cái trước có thể hợp lý, cái sau rõ ràng là không. Do đó, tốt nhất là không nên thực hiện bước đầu tiên (hợp pháp hóa cái chết tự nguyện) để tránh trượt dài sang cái chết không tự nguyện."
edu,"If we let the government ban SUVs, then they're going to want to ban trucks! Then they'll want to ban sports cars! Then they'll want to ban all cars!",faulty generalization,"Nếu chúng ta để chính phủ cấm xe SUV, rồi họ sẽ muốn cấm xe tải! Sau đó họ sẽ cấm luôn xe thể thao! Rồi cuối cùng họ sẽ cấm tiệt mọi loại xe!"
edu,"I. Many seats in the private medical colleges in the state have remained vacant this year.
II. The government medical colleges in the state could accommodate all the students who sought admission this year.",false causality,I. Nhiều chỉ tiêu tại các trường y tư thục trong bang năm nay vẫn còn trống. II. Các trường y công lập trong bang hoàn toàn có thể tiếp nhận hết tất cả sinh viên có nguyện vọng nhập học năm nay.
edu,"Steve: I think it is fantastic that you and Sylvia are getting married!
Chuck: I cannot believe you think my getting married only exists in my imagination!  That is what fantastic means, after all.
",equivocation,Steve: Tớ thấy việc cậu và Sylvia kết hôn thật tuyệt vời! Chuck: Tớ không thể tin là cậu lại nghĩ việc tớ kết hôn chỉ là tưởng tượng của cậu! Dù sao thì 'tuyệt vời' (fantastic) cũng có nghĩa là thuộc về tưởng tượng mà.
edu,"A is true because B is true, and B is true because C is true, and C is true because A is true.",circular reasoning,"A đúng vì B đúng, B đúng vì C đúng, và C đúng vì A đúng."
edu,“I didn’t see you at the charity fundraiser today. I guess you are not a good person after all.”,false dilemma,“Tôi không thấy bạn ở buổi gây quỹ từ thiện hôm nay. Tôi đoán là bạn chẳng phải người tử tế gì rồi.”
edu,"Callie: Did you know that Jake Tooten was a racist?
Chris: I know Jake well. Why do you say he’s a racist?
Callie: He was on a podcast the other day...
Chris: Did he say something racist?
Callie: No, but the podcast host did an interview two years ago with a woman who said she supported an organization that had a history of racism back in the 1960s. Jake clearly supports racism!",faulty generalization,"Callie: Cậu có biết Jake Tooten là kẻ phân biệt chủng tộc không? Chris: Tớ biết Jake rõ mà. Sao cậu lại nói thế? Callie: Anh ta vừa lên một chương trình podcast hôm nọ... Chris: Anh ta có nói gì phân biệt chủng tộc không? Callie: Không, nhưng người dẫn chương trình đó từng phỏng vấn một phụ nữ cách đây hai năm, người này nói rằng cô ta ủng hộ một tổ chức có lịch sử phân biệt chủng tộc từ thập niên 60. Jake rõ ràng là ủng hộ phân biệt chủng tộc rồi!"
edu,"Believing that ""runs"" occur to statistically independent phenomena such as roulette wheel spins.",ad populum,Tin rằng các chuỗi kết quả có thể xảy ra trong các hiện tượng độc lập về mặt thống kê như quay vòng quay roulette.
edu,"If there is no objective morality, then all the bad people will not be punished for their bad behavior after death.  I don’t like that; therefore, morality must be objective.",appeal to emotion,"Nếu không có đạo đức khách quan, thì những kẻ xấu sẽ không bị trừng phạt vì hành vi sai trái sau khi chết. Tôi không thích điều đó; vì vậy, đạo đức bắt buộc phải là khách quan."
edu,"Which logical reason supports the opposition to the motion ""Cell phones give off an unsafe radiation and should not be used.""",false causality,Lập luận logic nào ủng hộ phe đối lập cho kiến nghị: 'Điện thoại di động phát ra bức xạ không an toàn và không nên được sử dụng.'
edu,“Honesty is defined as always being honest.”,circular reasoning,“Trung thực được định nghĩa là luôn luôn trung thực.”
edu,"""My three decades of experience in public service, my tireless commitment to the people of this community, and my willingness to reach across the aisle and cooperate with the opposition, make me the ideal candidate for your mayor.""  Which appeal is the primary appeal used in this quote?",fallacy of credibility,"'Ba thập kỷ kinh nghiệm trong dịch vụ công, sự tận tâm không mệt mỏi vì người dân cộng đồng này, cùng tinh thần sẵn sàng gạt bỏ bất đồng để hợp tác với phe đối lập, khiến tôi trở thành ứng cử viên lý tưởng cho chức thị trưởng của các bạn.' Đâu là thủ pháp lập luận chính được sử dụng trong câu trích dẫn này?"
edu,"If we let the government implant tracking devices in criminals, it's not going to stop there! They're going to want to track school children and eventually everyone!",faulty generalization,
edu,"“Birds can fly; therefore, penguins can fly.”",faulty generalization,
edu,"""Yesterday, you were late for ten minutes. Today you were late for an hour. You know someday, you will simply cease to show up.""

What logical fallacy is used in the statement above?",faulty generalization,
edu,We have no evidence that the Illuminati ever existed. They must have been so clever they destroyed all the evidence,intentional,
edu,"""Tyler's friends are all obnoxious, he's a bad kid,"" Which Fallacy does this statement use?",faulty generalization,
edu,"While debating with a friend on which movie would be better to see, you use the argument that your opinion on movies is better because your friend picks their nose, so we shouldn’t trust them because that’s gross. What fallacy have you committed?",ad hominem,
edu,There aren't enough parking spaces on campus because there are too many cars.,circular reasoning,
edu,"“Because young male drivers are twice as likely to get into a car accident, they should pay more for car insurance.”",faulty generalization,
edu,Explaining that trusting the other politician will cause everyone to lose their homes and jobs,appeal to emotion,
edu,"Every time I was my car, it rains. Me washing my car has a definite effect on the weather.",false causality,
edu,"You should marry me. I know we’re not compatible, but I only have a year to live, and you’re my last chance.",appeal to emotion,"Cậu nên cưới tớ đi. Tớ biết là chúng ta không hợp nhau, nhưng tớ chỉ còn sống được một năm thôi, và cậu là cơ hội cuối cùng của tớ rồi."
edu,"Says Robot 2, attacking Robot 1 instead of his arguments.",ad hominem,"Robot 2 đang nói, tấn công cá nhân Robot 1 thay vì phản biện lập luận của đối phương."
edu,"Matt is running for class president. In his campaign speech he says, ""My opponent does not deserve to win. She is a smoker and she cheated on her boyfriend last year.""
What fallacy has Matt committed?",ad hominem,"Matt đang tranh cử chức lớp trưởng. Trong bài diễn văn của mình, cậu ta nói: 'Đối thủ của tôi không xứng đáng thắng. Cô ta là kẻ hút thuốc và còn cắm sừng bạn trai năm ngoái.' Matt đã phạm phải lỗi ngụy biện gì?"
edu,"Speaker 1: Jesus was not really crucified.
Speaker 2: How do I know that’s true?
Speaker 1: Because the Quran says so.
Speaker 2: How do I know the Quran is correct?
Speaker 1: Because the Quran is the Word of God, and everything it says is true.
Speaker 2: How do I know that’s true?
Speaker 1: Because God tells us so, here in the Koran.",circular reasoning,"Người nói 1: Chúa Jesus không thực sự bị đóng đinh trên thập tự giá. Người nói 2: Làm sao tôi biết điều đó là đúng? Người nói 1: Vì Kinh Quran nói vậy. Người nói 2: Làm sao tôi biết Kinh Quran là đúng? Người nói 1: Vì Kinh Quran là lời của Chúa, và mọi điều trong đó đều đúng. Người nói 2: Làm sao tôi biết điều đó là đúng? Người nói 1: Vì Chúa đã nói với chúng ta như vậy trong Kinh Quran."
edu,"You should choose to work more overtime at the same rate of pay. After all, you wouldn’t want to lose your job, would you?",appeal to emotion,"Bạn nên làm thêm giờ với mức lương cũ đi. Dù sao thì bạn cũng không muốn mất việc, đúng không?"
edu,"In the United States, one can vote for either Democrats or Republicans.",false dilemma,"Ở Mỹ, người ta chỉ có thể bầu cho Đảng Dân chủ hoặc Đảng Cộng hòa."
edu,"Nobody in their right mind would trust that guy. I mean, look at him!",ad hominem,"Chẳng người tỉnh táo nào lại đi tin gã đó. Ý tôi là, nhìn hắn ta mà xem!"
edu,The Democrats support more aggressive gun control laws. Can you believe they want to deny repeat offenders and those on the terrorist watch list their rights?,ad hominem,Đảng Dân chủ ủng hộ các luật kiểm soát súng đạn gắt gao hơn. Bạn có tin nổi là họ muốn tước bỏ quyền của những kẻ tái phạm và những người nằm trong danh sách theo dõi khủng bố không?
edu,Have you stopped beating your wife?,intentional,Ông đã bỏ đánh vợ mình chưa?
edu,Nike's are great because they're awesome.,circular reasoning,Giày Nike rất tuyệt vì chúng cực kỳ đỉnh.
edu,"Zebedee: What is your view on the Christian God?

Mike: I don’t believe in any gods, including the Christian one.

Zebedee: So you think that we are here by accident, and all this design in nature is pure chance, and the universe just created itself?

Mike: You got all that from me stating that I just don’t believe in any gods?",fallacy of extension,"Zebedee: Bạn nghĩ sao về Chúa của Kitô giáo?

Mike: Tôi không tin vào bất kỳ vị thần nào cả, kể cả Chúa của Kitô giáo.

Zebedee: Vậy ra bạn nghĩ chúng ta ở đây là do ngẫu nhiên, mọi thiết kế trong tự nhiên đều là tình cờ, và vũ trụ tự tạo ra chính nó sao?

Mike: Chỉ vì tôi nói không tin vào thần linh mà bạn suy diễn ra đủ thứ thế à?"
edu,Jimmy isn't at school today. He must be on a family trip.,false causality,Jimmy hôm nay không đi học. Chắc hẳn là cậu ta đang đi du lịch với gia đình rồi.
edu,"Two of my best friends are really introverted, shy people, and they both have cats. That leads to me believe that most cat lovers are really shy.",faulty generalization,"Hai đứa bạn thân nhất của tôi đều là người hướng nội, nhút nhát và cả hai đều nuôi mèo. Điều đó làm tôi tin rằng hầu hết những người yêu mèo đều rất nhút nhát."
edu,"My opponent in this debate wants all of you to increase taxes for a recycling program, but his own company has been fined over a dozen times for pollution and environmental damage.",ad hominem,"Đối thủ của tôi trong cuộc tranh luận này muốn mọi người tăng thuế cho chương trình tái chế, nhưng chính công ty của ông ta đã bị phạt hơn chục lần vì gây ô nhiễm và hủy hoại môi trường đấy."
edu,Are you one of those stupid religious people that reject science?,intentional,Bạn có phải là một trong những kẻ tôn giáo ngu ngốc bác bỏ khoa học không?
edu,You moved the goalposts or made up an exception when your claim was shown to be false.,intentional,Bạn đã thay đổi tiêu chuẩn hoặc cố vẽ ra ngoại lệ khi lập luận của mình bị chứng minh là sai.
edu,Of course Marx' theories about the ideal society are bunk. The guy spent all his time in the library.,ad hominem,Tất nhiên là các lý thuyết của Marx về một xã hội lý tưởng là vớ vẩn rồi. Ông ta chỉ dành cả ngày trong thư viện thôi mà.
edu,"(1) William Dembski argues that modern biology supports the idea that there is an intelligent designer who created life.
(2) Dembski would say that because he’s religious.
Therefore:
(3) Modern biology doesn’t support intelligent design",ad hominem,"(1) William Dembski cho rằng sinh học hiện đại ủng hộ ý tưởng có một nhà thiết kế thông minh đã tạo ra sự sống.
(2) Dembski nói vậy vì ông ta là người có tôn giáo.
Vì vậy:
(3) Sinh học hiện đại không ủng hộ thiết kế thông minh."
edu,"“Every society is, of course, repressive to some extent – as Sigmund Freud pointed out, repression is the price we pay for civilization.”
",equivocation,"“Mọi xã hội đương nhiên đều mang tính đàn áp ở một mức độ nào đó – như Sigmund Freud đã chỉ ra, đàn áp là cái giá chúng ta phải trả cho văn minh.”"
edu,"Louise is running for class president. In her campaign speech she says, ""My opponent does not deserve to win. She is a smoker and she cheated on her boyfriend last year."" What fallacy has Louise committed?",ad hominem,"Louise đang tranh cử chức chủ tịch lớp. Trong bài phát biểu của mình, cô ấy nói: ""Đối thủ của tôi không xứng đáng giành chiến thắng. Cô ta là kẻ hút thuốc và còn ngoại tình với bạn trai vào năm ngoái."" Louise đã phạm lỗi ngụy biện gì?"
edu,"P or Q.
P.
Therefore, not Q.
P or Q.",fallacy of logic,"P hoặc Q. P. Vậy nên, không phải Q. P hoặc Q."
edu,The Volkswagen Beetle is an evil car because it was originally designed by Hitler's army.,ad hominem,Chiếc xe Volkswagen Beetle là một chiếc xe xấu xa vì nó vốn được thiết kế bởi quân đội của Hitler.
edu,"Sandy: ""You shouldn’t have that second piece of cake. It’s so fattening.""
Ralph: ""Didn’t you eat an entire tub of ice cream yesterday?""",ad hominem,"Sandy: ""Bạn không nên ăn miếng bánh thứ hai đâu. Nó béo lắm đấy.""
Ralph: ""Chẳng phải hôm qua bạn vừa ăn hết cả hộp kem to đùng à?"""
edu,I've never been hit by lightening when standing under a tree so we'll be perfectly safe to shelter by this oak now.,intentional,Tôi chưa bao giờ bị sét đánh khi đứng dưới gốc cây nên chắc chắn chúng ta sẽ an toàn nếu trú mưa dưới gốc cây sồi này bây giờ.
edu,"President Clinton is an advocate of socialized medicine, which is a form of communism.",ad populum,"Tổng thống Clinton là người ủng hộ y tế xã hội hóa, mà đó là một hình thức của chủ nghĩa cộng sản."
edu,My grandmother ate 10 cloves of raw garlic every day. Not surprisingly she lived to be 102.,false causality,Bà tôi ăn 10 tép tỏi sống mỗi ngày. Không có gì ngạc nhiên khi bà sống thọ đến 102 tuổi.
edu,politicians coin names to cast blame,ad hominem,Các chính trị gia thường đặt ra các danh xưng để đổ lỗi.
edu,"No one has proven God exists, so He doesn’t.",intentional,"Chưa ai chứng minh được Chúa tồn tại, nên Ngài không hề tồn tại."
edu,"I saw John texting yesterday, and then he got in his car and drove away; he must have crashed because he was texting. Therefore, cell phones should be banned.",false causality,"Tôi thấy John nhắn tin ngày hôm qua, rồi sau đó anh ta lên xe lái đi; chắc chắn anh ta đã gây tai nạn vì mải nhắn tin. Do đó, nên cấm điện thoại di động."
edu,"""My mom said that Colgate is the best toothpaste because almost 90% of dentists approve of this.""

What fallacy is being committed in the sentence above?",ad populum,"""Mẹ tôi nói Colgate là loại kem đánh răng tốt nhất vì gần 90% nha sĩ khuyên dùng."" Câu trên mắc lỗi ngụy biện gì?"
edu,"Feminism is part of “a socialist, anti-family political movement that encourages women to leave their husbands, kill their children, practice witchcraft, destroy capitalism and become lesbians.” (Statement from Pat Robertson)",fallacy of extension,
edu,"Person A: I think pollution from humans contributes to climate change.
Person B: So, you think humans are directly responsible for extreme weather, like hurricanes, typhoons and droughts.",fallacy of extension,
edu,"""Russia has a terrible human rights record."" ""Well, the United States has done plenty of bad things."" -the President when confronted about Russia's human rights abuses.",fallacy of relevance,
edu,"We need to stop allowing colleges to increase tuition every year. The next thing we know, it's going to cost more to attend college for one semester than it is to buy a new home!",faulty generalization,
edu,"If we ban Hummers because they are bad for the environment eventually the government will ban all cars, so we should not ban Hummers.",faulty generalization,
edu,Someone really should move this ‘deer crossing’ sign. This is a dangerous stretch of highway and the deer really should be crossing somewhere else.,false causality,
edu,Most Arabs are Muslims and all the 9/11 hijackers were also Muslims. Therefore most Arabs are hijackers.,fallacy of logic,
edu,“People nowadays only vote with their emotions instead of their brains.”,faulty generalization,
edu,"If we are too scared to open the economy completely, then we'll have to keep it closed forever.",false dilemma,
edu,I'm hardly prepared to listen to the arguments of an ignorant moron like you.,ad hominem,
edu,"Speaker 1: We are using thousands of people, who are going door to door to help us spread the word about social injustice and the need for change.
Speaker: Well then, I can’t be a part of this because I was always been taught that it’s wrong to use people.",equivocation,"Diễn giả 1: Chúng tôi đang sử dụng hàng ngàn người đi từng nhà để lan tỏa thông điệp về bất công xã hội và nhu cầu thay đổi. Diễn giả 2: Vậy thì tôi không thể tham gia, vì tôi luôn được dạy rằng sử dụng người khác là sai trái."
edu,They are dangerous militants out to destroy our peaceful way of life.,appeal to emotion,"Họ là những kẻ phiến quân nguy hiểm, âm mưu phá hủy lối sống hòa bình của chúng ta."
edu,"""The Senator must be wrong on the issue of taxes because he's such a jerk to the people who work for him.""",ad hominem,Thượng nghị sĩ chắc chắn sai về vấn đề thuế vì ông ta đối xử rất tệ với nhân viên dưới quyền.
edu,"Everyone knows that Japanese DVD players are the best. After all, the outsell American players two-to-one.",ad populum,"Ai cũng biết đầu đĩa DVD Nhật Bản là tốt nhất. Suy cho cùng, doanh số của chúng gấp đôi đầu đĩa Mỹ cơ mà."
edu,Taco is the best because it tastes better.,circular reasoning,Taco là ngon nhất vì nó có vị ngon hơn.
edu,"Whatever is less dense than water will float, because such objects won't sink in water.",circular reasoning,"Bất cứ vật gì có mật độ thấp hơn nước thì sẽ nổi, vì những vật như vậy không chìm trong nước."
edu,"I wore my lucky red shirt when I took the test, so that is probably why I did so well on the test.",false causality,"Tôi đã mặc chiếc áo đỏ may mắn khi đi thi, nên đó có lẽ là lý do tôi làm bài tốt đến vậy."
edu,"If you miss practice, it means you were probably goofing off. People who goof off drop out of school and end up penniless.",faulty generalization,"Nếu bạn bỏ buổi tập, nghĩa là bạn đang lười biếng. Những kẻ lười biếng sẽ bỏ học và cuối cùng trở nên trắng tay."
edu,"There you are cheating on your husband, how could you ever tell us anything meaningful about ethics?",ad hominem,"Cô ngoại tình với chồng mình, thì làm sao có đủ tư cách nói cho chúng tôi nghe bất cứ điều gì có ý nghĩa về đạo đức?"
edu,Appeals to an authority that has little to nothing to do with the argument,fallacy of credibility,Dẫn chứng từ một thế lực có ít hoặc chẳng có liên quan gì đến vấn đề đang tranh luận
edu,My teacher told us she learned the hard way that procrastination is a bad habit!,faulty generalization,Cô giáo bảo với tụi mình là cô đã rút ra bài học xương máu rằng trì hoãn là một thói quen xấu!
edu,"I broke my mirror this morning, AND I failed my Civics test. I must've failed because the mirror gave me bad luck.",false causality,"Sáng nay tôi làm vỡ gương, rồi tôi trượt bài kiểm tra Giáo dục công dân. Chắc chắn là do cái gương mang lại vận xui nên tôi mới trượt rồi."
edu,You know Jane Fonda's exercise videos must be worth the money. Look at the great shape she's in.,false causality,"Bạn biết đấy, đĩa tập thể dục của Jane Fonda chắc chắn là đáng tiền. Nhìn vóc dáng cô ấy mà xem, chuẩn thế còn gì."
edu,"My first time meeting Mr. Casal went poorly, so his class will not be a good one this year.",faulty generalization,"Lần đầu gặp thầy Casal không mấy suôn sẻ, nên lớp học của thầy năm nay chắc chắn sẽ chẳng ra gì đâu."
edu,"Bill claims that tax breaks for corporations increases development. Of course, Bill is the CEO of a corporation.",ad hominem,"Bill bảo rằng cắt giảm thuế cho doanh nghiệp sẽ thúc đẩy phát triển. Tất nhiên rồi, Bill là CEO của một tập đoàn cơ mà."
edu,"Being mean to others is wrong.
Therefore, it cannot possibly be part of our nature.",fallacy of relevance,"Đối xử tệ với người khác là sai trái. Vì vậy, điều đó không thể nào là bản chất tự nhiên của chúng ta được."
edu,"If one is 16 years old or older, one can drive an automobile in Wisconsin.  I saw  your niece driving through Wausau yesterday.  She must be at least 16.",fallacy of logic,"Nếu từ 16 tuổi trở lên thì được phép lái ô tô ở Wisconsin. Tôi thấy cháu gái bạn lái xe qua Wausau hôm qua, vậy chắc chắn con bé phải ít nhất 16 tuổi rồi."
edu,The milk was left out all night and was spoiled. It should have been put in the refrigerator,false causality,Để sữa ngoài qua đêm nên nó bị hỏng mất rồi. Đáng lẽ phải cho vào tủ lạnh chứ.
edu,"I was assigned a personal trainer at the Rec, and he gave me a new workout program. But I don't have any confidence in his expertise, since he has obvious trouble controlling his own appetite.",ad hominem,"Tôi được trung tâm thể hình chỉ định một huấn luyện viên cá nhân, anh ta đưa tôi một chương trình tập luyện mới. Nhưng tôi chẳng tin tưởng năng lực của anh ta chút nào, vì ngay cả việc kiểm soát khẩu phần ăn của bản thân mà anh ta còn không làm nổi."
edu,"To this very day (at the time of this writing), science has been unable to create life from non-life; therefore, life must be a result of divine intervention.",intentional,"Cho đến tận ngày nay, khoa học vẫn chưa thể tạo ra sự sống từ vật chất không sống; vì thế, sự sống chắc chắn là kết quả của sự can thiệp từ đấng tối cao."
edu,"Edward Johns claimed to be psychic, but when his 'abilities' were tested under proper scientific conditions, they magically disappeared. Edward explained this saying that one had to have faith in his abilities for them to work.",intentional,"Edward Johns tự nhận mình có khả năng ngoại cảm, nhưng khi khả năng đó bị đem ra kiểm chứng bằng phương pháp khoa học, chúng lại biến mất một cách thần kỳ. Edward giải thích rằng người ta phải có lòng tin vào khả năng của anh ta thì chúng mới linh nghiệm."
edu,"I must be telling the truth, since I’m not lying.",circular reasoning,"Chắc chắn tôi đang nói thật, vì tôi đâu có nói dối."
edu,"Speaker 1: I think we should have an expanded social safety net for the poor in our country.
Speaker 2: So, you think we should just throw money at lazy people who don’t want to work and think they are entitled to be kept up by other people, right?",fallacy of extension,"Diễn giả 1: Tôi nghĩ chúng ta nên mở rộng mạng lưới an sinh xã hội cho người nghèo trong nước. 
Diễn giả 2: Vậy ý anh là chúng ta nên đổ tiền cho mấy kẻ lười biếng không chịu làm việc mà cứ nghĩ mình có quyền được người khác nuôi dưỡng sao?"
edu,"The Bible is the Word of God because God tells us it is... in the Bible.

X is true because of Y.
Y is true because of X.",circular reasoning,"Kinh Thánh là Lời của Chúa vì chính Chúa đã nói như vậy... trong Kinh Thánh. 

X đúng vì có Y. 
Y đúng vì có X."
edu,"""He just says that because he's a Republican.""",ad hominem,Anh ta nói vậy chỉ vì anh ta là người của Đảng Cộng hòa thôi.
edu,"We haven’t found King David’s tomb, so King David didn’t really exist.",intentional,"Chúng ta vẫn chưa tìm thấy lăng mộ của Vua David, nên chắc gì Vua David đã thực sự tồn tại."
edu,"Today late for ten minutes, tomorrow late for an hour, and then someday you will simply cease to show up.",faulty generalization,"Hôm nay đi muộn mười phút, ngày mai đi muộn một tiếng, rồi dần dần đến một ngày bạn sẽ chẳng thèm xuất hiện nữa."
edu,We cannot approve of this recycling idea. It was thought of by a bunch of hippie communist weirdos.,ad hominem,Chúng ta không thể tán thành ý tưởng tái chế này. Nó được nghĩ ra bởi một đám hippie cộng sản quái gở.
edu,"There are so many experiences in the human realm that are wonderful. Sexual intimacy between two willing adults who love each other is wonderful. A therapist helping a client is wonderful. When the relationship between a therapist and client is so deep that it could be characterized as love, it's wonderful. When all these acts become part of one process between two people, it must be exceptionally wonderful. How could anyone condemn such a wonderfully human process as unethical?",faulty generalization,"Con người có biết bao trải nghiệm tuyệt vời. Sự thân mật giữa hai người trưởng thành tự nguyện yêu nhau là tuyệt vời. Trị liệu viên giúp đỡ khách hàng là tuyệt vời. Khi mối quan hệ giữa chuyên gia và khách hàng sâu sắc đến mức có thể gọi là tình yêu, thì đó là điều tuyệt vời. Khi tất cả những hành động này hòa làm một quy trình giữa hai người, thì chắc chắn nó phải tuyệt vời đến mức đặc biệt. Làm sao có thể lên án một quá trình nhân văn tuyệt vời như thế là vô đạo đức được?"
edu,"That candidate wants to raise the minimum wage, but they aren't even smart enough to run a business.",ad hominem,"Ứng viên đó muốn tăng mức lương tối thiểu ư, trong khi bản thân họ còn chẳng đủ thông minh để điều hành một doanh nghiệp."
edu,My uncle is a mechanic and he says you shouldn't spank children. He says it's ineffective.,fallacy of credibility,Chú tôi là thợ máy và chú ấy bảo không nên đánh đòn trẻ con. Chú ấy nói cách đó chẳng có hiệu quả gì cả.
edu,"If I say that a surgeon should be allowed to use a guidebook to carry out surgery like a student can use open notes on a test, I have made a",fallacy of logic,"Nếu tôi nói rằng một bác sĩ phẫu thuật nên được phép dùng tài liệu hướng dẫn khi mổ giống như sinh viên được dùng tài liệu mở trong bài kiểm tra, thì tôi đã phạm vào một lỗi ngụy biện."
edu,"""Don't listen to Mr. Fingers when he says walk in the hallways. How can you trust someone who wears bow ties?""",ad hominem,Đừng nghe ông Fingers bảo phải đi bộ trên hành lang. Làm sao mà tin tưởng được một người đeo nơ cổ chứ?
edu,", if everyone else is doing something, it must be right/good.",ad populum,"Nếu tất cả mọi người đều đang làm điều gì đó, thì chắc chắn điều đó là đúng hoặc tốt."
edu,"There must be objective rights and wrongs in the universe. If not, how can you possibly say that torturing babies for fun could ever be right?",appeal to emotion,"Vũ trụ chắc chắn phải có những giá trị đúng sai khách quan. Nếu không, làm sao bạn có thể nói rằng việc tra tấn trẻ sơ sinh để mua vui là điều đúng đắn được?"
edu,In many cases you can't really tell whether patients are improving because of what the therapist is doing or because of the placebo effect—there's a fuzzy line separating the two--so we must conclude that they are actually the same mechanism of improvement.,equivocation,"Trong nhiều trường hợp, bạn không thể phân biệt được bệnh nhân tiến triển nhờ phương pháp trị liệu hay nhờ hiệu ứng giả dược—giữa hai cái này có một ranh giới mờ nhạt—vậy nên chúng ta phải kết luận rằng cả hai thực chất là cùng một cơ chế phục hồi."
edu,"This fast food chain claims that they've served five billion people, so they must have the best hamburger in town. Five billion people can't be wrong!",ad populum,"Chuỗi cửa hàng thức ăn nhanh này tuyên bố họ đã phục vụ năm tỷ người, vậy nên chắc chắn họ phải có món hamburger ngon nhất thị trấn. Năm tỷ người thì không thể sai được!"
edu,"""You cannot detain me. I am still grieving my cat's death.""",appeal to emotion,Bạn không thể bắt giữ tôi. Tôi vẫn đang đau buồn vì con mèo của mình vừa chết.
edu,I'm moving to Connecticut because it is the richest state in the nation and I'm tired of being poor.,false causality,Tôi đang chuyển đến Connecticut vì đó là bang giàu nhất cả nước và tôi chán cảnh nghèo khó rồi.
edu,"Wilma: You cheated on your income tax. Don't you realize that's wrong
Walter: Hey, wait a minute. You cheated on your income tax last year. Or have you forgotten about that?",ad hominem,"Wilma: Bạn đã gian lận thuế thu nhập. Bạn không thấy thế là sai sao?
Walter: Này, chờ chút đã. Chính bạn năm ngoái cũng gian lận thuế thu nhập mà. Hay là bạn quên mất rồi?"
edu,"Dave wants you to break into the spooky cabin with him. “Everyone does it,” he claims. What fallacy has he committed?",ad populum,Dave rủ bạn đột nhập vào căn nhà hoang và bảo “Ai mà chẳng làm thế”. Dave đã mắc lỗi ngụy biện gì?
edu,Old Major's speech claiming that ALL the animals will unite and revolt against the humans,ad populum,Bài diễn thuyết của Old Major khẳng định TẤT CẢ các loài vật sẽ đoàn kết và nổi dậy chống lại con người.
edu,Words with strong feelings that bring about feelings in the reader. Strong words (+ or -) specifically used to sway the reader,appeal to emotion,Những từ ngữ đầy cảm xúc khơi gợi tâm trạng người đọc. Các từ ngữ mạnh (tích cực hoặc tiêu cực) được dùng đặc biệt để dẫn dắt dư luận.
edu,"Trisha: In an interview, your candidate admitted that he was a thief!
Derek: He actually said that when he was three years old, he stole a lollipop from a store, and felt so guilty, that he never stole anything again.
",intentional,"Trisha: Trong cuộc phỏng vấn, ứng viên của anh thừa nhận ông ta là kẻ trộm!
Derek: Thực ra ông ấy kể rằng khi mới ba tuổi, ông ấy lỡ lấy cắp một cây kẹo mút và cảm thấy tội lỗi đến mức không bao giờ lấy trộm bất cứ thứ gì nữa."
edu,Tommy went to go swimming for the afternoon and later bought a lottery ticket. He won the lottery which must mean that swimming makes you win the lottery.,false causality,"Tommy đi bơi vào buổi chiều rồi sau đó mua vé số. Cậu ấy trúng số, vậy nên chắc chắn đi bơi sẽ giúp bạn thắng xổ số."
edu,Some teenagers in our community recently vandalized the park downtown. Teenagers are so irresponsible and destructive.,faulty generalization,Một vài thanh thiếu niên trong cộng đồng mình vừa phá hoại công viên ở trung tâm. Thế hệ trẻ bây giờ đúng là vô trách nhiệm và chỉ biết phá hoại.
edu,What persuasive technique is being used in this photo?,ad populum,Kỹ thuật thuyết phục nào đang được sử dụng trong bức ảnh này?
edu,"There are no good restaurants in New York; I tried two in Times Square, and they were awful.",faulty generalization,New York chẳng có nhà hàng nào ngon cả; tôi đã thử hai quán ở Quảng trường Thời đại và chúng đều tệ hại.
edu,You know Jane Fonda’s exercise videos must be worth the money. Look at the great shape she’s in.,false causality,Bạn biết là các video thể dục của Jane Fonda đáng tiền mà. Hãy nhìn vóc dáng tuyệt vời của bà ấy kìa.
edu,We can either stop using cars or destroy the earth.,false dilemma,"Chúng ta chỉ có hai lựa chọn: hoặc là ngừng sử dụng ô tô, hoặc là hủy hoại trái đất."
edu,"Radio talk show host, on learning that an association of critical thinking professors had suggested his show as a source of fallacious reasoning: “Who are these people? They talk to maybe 30 people at a time. I talk to 5 million people every day. They could not begin to do what I do. They are just gnats flying around getting in the way.”",fallacy of relevance,"Người dẫn chương trình radio, sau khi biết tin một hiệp hội các giáo sư tư duy phản biện nhận xét chương trình của mình chứa nhiều lập luận sai lầm, đã nói: “Mấy người đó là ai vậy? Họ chỉ nói chuyện với chừng 30 người một lúc. Còn tôi nói với 5 triệu người mỗi ngày. Họ không bao giờ làm nổi những gì tôi đang làm. Họ chỉ là lũ ruồi nhặng vo ve gây cản trở thôi.”"
edu,"Oh, please. What would you know about labor laws? You don’t even have a job.",ad hominem,Thôi đi. Bạn thì biết gì về luật lao động chứ? Thậm chí đến một công việc tử tế bạn còn không có.
edu,"""University of Virginia professor [Charlotte] Patterson, considered a leading researcher in the field, says she has reviewed 22 studies involving offspring of gays ranging from toddlers to adults. She found none convincing [sic] that the children had suffered or were more than normally inclined to be gay. [...] Conservatives discredit Patterson by pointing out that she is an acknowledged lesbian, with a presumed ideological interest in the subject she studies.""",ad hominem,"Giáo sư [Charlotte] Patterson tại Đại học Virginia, một chuyên gia nghiên cứu hàng đầu trong lĩnh vực này, cho biết bà đã xem xét 22 nghiên cứu về con cái của các cặp đôi đồng giới, từ trẻ chập chững biết đi đến người trưởng thành. Bà không tìm thấy bất kỳ bằng chứng thuyết phục nào cho thấy những đứa trẻ này bị tổn thương hay có xu hướng đồng tính cao hơn bình thường. [...] Những người bảo thủ bác bỏ uy tín của Patterson bằng cách chỉ ra rằng bà là một người đồng tính công khai, với giả định rằng bà có tư lợi về mặt tư tưởng trong lĩnh vực mình nghiên cứu."
edu,"Same-sex marriage must be prohibited, or the family structure as we know it will  collapse.",appeal to emotion,"Hôn nhân đồng giới phải bị cấm, nếu không thì cấu trúc gia đình như chúng ta biết sẽ sụp đổ hoàn toàn."
edu,"Girl:"" I'm worried that my friend is mad at me.""
Friend: ""I wonder what you call a male lady bug?""",fallacy of logic,"Bạn nữ: ""Tớ lo là bạn tớ đang giận tớ.""
Bạn: ""Tớ tự hỏi con bọ rùa đực thì được gọi là gì nhỉ?"""
edu,"All babysitters have pimples.
All babysitter club members are babysitters.
Therefore, some babysitter club members have pimples.Example #2:
All forest creatures live in the woods.
All leprechauns are forest creatures.
Therefore, some leprechauns live in the woods.",fallacy of logic,"Tất cả người trông trẻ đều bị mụn. Tất cả thành viên câu lạc bộ trông trẻ đều là người trông trẻ. Do đó, một vài thành viên câu lạc bộ trông trẻ bị mụn. Ví dụ 2: Tất cả sinh vật trong rừng đều sống trong rừng. Tất cả yêu tinh leprechaun đều là sinh vật trong rừng. Do đó, một vài yêu tinh leprechaun sống trong rừng."
edu,"Kent: My new car is really fast.

Cal: I doubt that it is as fast as a jet fighter so, therefore, it is not fast.",fallacy of extension,"Kent: Xe mới của tôi chạy rất nhanh.

Cal: Tôi nghi là nó không nhanh bằng máy bay phản lực đâu, nên suy ra là nó không nhanh."
edu,You're wrong because you're ugly!,ad hominem,Bạn sai rồi vì bạn xấu xí!
edu,"Every time that rooster crows, the sun comes up. That rooster must be very powerful and important!",false causality,Mỗi lần con gà trống gáy là mặt trời lại mọc. Chắc hẳn con gà trống đó phải rất quyền năng và quan trọng!
edu,Someone who says something which does not flow logically in the conversation is guilty of using:,fallacy of logic,Ai đó nói một điều gì đó không logic với mạch câu chuyện thì được xem là đã sử dụng:
edu,"If you don't say the pledge of allegiance, then you must be a traitor.",false dilemma,"Nếu cậu không đọc lời tuyên thệ, thì chắc chắn cậu là kẻ phản bội rồi."
edu,Nobody thinks homelessness is a good thing.,faulty generalization,Chẳng có ai lại nghĩ tình trạng vô gia cư là một điều tốt cả.
edu,“We shouldn’t even bother to interview that job applicant. He has a beard.”,ad hominem,Chúng ta không cần bận tâm phỏng vấn ứng viên đó làm gì. Anh ta để râu cơ mà.
edu,People are like dogs. They respond best to clear discipline.,fallacy of logic,Con người cũng giống như chó vậy. Họ phản ứng tốt nhất với sự kỷ luật rõ ràng.
edu,My phone charger is broken because it doesn't work.,circular reasoning,Sạc điện thoại của tôi bị hỏng vì nó không hoạt động.
edu,"It looks like the waiter forgot to charge us for the expensive bottle of champagne.  Let’s just leave -- after all, if he overcharged us, I doubt he would chase us down to give us our money back that we overpaid.",fallacy of relevance,"Có vẻ như anh bồi bàn quên tính tiền chai sâm panh đắt đỏ kia rồi. Đi thôi, dù sao thì nếu anh ta tính lố tiền, chắc gì anh ta đã đuổi theo để trả lại số tiền chúng ta trả thừa đâu."
edu,"Superstition is a belief or practice resulting from ignorance, fear of the unknown, trust in magic or chance, or a false conception of causation -- unless it is astrology.",intentional,"Mê tín dị đoan là niềm tin hoặc tập quán bắt nguồn từ sự thiếu hiểu biết, sợ hãi những điều chưa biết, tin vào phép thuật, vận may hoặc nhận thức sai lầm về quan hệ nhân quả — trừ khi đó là chiêm tinh học."
edu,Student tells his professor that he thinks some of Donald Trump's positions have merit. Professor says he can't believe that the student believes in support racism.,fallacy of extension,Sinh viên nói với giáo sư rằng em ấy nghĩ một vài quan điểm của Donald Trump có giá trị. Giáo sư đáp rằng ông không thể tin nổi là sinh viên của mình lại ủng hộ phân biệt chủng tộc.
edu,AttP 11: It is okay to walk across Mr. Jones's property as evidenced by other people walking on his property.,ad populum,"Đi băng qua mảnh đất của ông Jones là chuyện bình thường, bằng chứng là bao người khác cũng đang đi lại trên đó đấy thôi."
edu,"“Your coach’s policy is that no one can be a starter on game day if they miss practice. So, if you miss basketball practice today, you won’t be a starter in Friday’s game. Then you won’t be the first freshman to start on the Varsity basketball team at our school.”'",faulty generalization,"Chính sách của huấn luyện viên là không ai được đá chính nếu bỏ buổi tập. Nên nếu hôm nay cậu nghỉ tập bóng rổ, cậu sẽ không được đá chính trong trận thứ Sáu. Và như vậy, cậu sẽ không trở thành sinh viên năm nhất đầu tiên được đá chính trong đội tuyển bóng rổ của trường mình."
edu,The is zero doubt that she has the condition. She scored high on two separate diagnostic tests for it and both tests have shown extremely high validity. That proves she has it.,fallacy of relevance,"Không còn nghi ngờ gì nữa, cô ấy chắc chắn mắc căn bệnh đó. Cô ấy đạt điểm cao trong hai bài kiểm tra chẩn đoán riêng biệt và cả hai đều có độ tin cậy cực cao. Điều đó chứng minh cô ấy mắc bệnh."
edu,Which of the following is true?,fallacy of relevance,Phát biểu nào sau đây là đúng?
edu,"“Don’t worry about eating fast food. After all, millions of Americans eat it every day.”",ad populum,"Đừng lo lắng về việc ăn đồ ăn nhanh. Suy cho cùng, hàng triệu người Mỹ vẫn ăn nó mỗi ngày cơ mà."
edu,"Violence among teens has risen the last five years. Video game playing among teens has also risen the last five years. Therefore, playing video games causes teens to be violent.",false causality,"Tình trạng bạo lực ở thanh thiếu niên đã gia tăng trong năm năm qua. Việc chơi trò chơi điện tử ở thanh thiếu niên cũng gia tăng trong cùng khoảng thời gian đó. Vì vậy, chơi trò chơi điện tử chính là nguyên nhân khiến thanh thiếu niên trở nên bạo lực."
edu,"“If America doesn’t send weapons to the Syrian rebels, they won’t be able to defend themselves against their warring dictator. They’ll lose their civil war, and that dictator will oppress them, and the Soviets will consequently carve out a sphere of influence that spreads across the entire Middle East.",faulty generalization,"Nếu Mỹ không gửi vũ khí cho quân nổi dậy Syria, họ sẽ không thể tự bảo vệ mình trước tên độc tài đang gây chiến. Họ sẽ thua trong cuộc nội chiến, tên độc tài đó sẽ đàn áp họ, và kéo theo đó, người Xô Viết sẽ thiết lập vùng ảnh hưởng lan rộng khắp Trung Đông."
edu,"I believe in supernatural beings because every time I drive past the cemetery where  my grandmother is buried, a light on my dashboard flashes.  Her spirit causes this because it never happens otherwise.",false causality,"Tôi tin vào các thực thể siêu nhiên vì mỗi lần lái xe ngang qua nghĩa trang nơi bà tôi được chôn cất, một chiếc đèn trên bảng điều khiển xe tôi lại nháy sáng. Chính linh hồn của bà đã gây ra việc này vì bình thường chẳng bao giờ có chuyện đó xảy ra cả."
edu,"You've got to teach the boys logic! If you don't teach them logic, they won't learn how to think, and they'll become hobos and die in prison! Don't you care about your sons? (Mother to Father)",false dilemma,"Ông phải dạy cho mấy đứa con trai học logic đi! Nếu không dạy logic, chúng sẽ không biết cách tư duy, rồi chúng sẽ trở thành kẻ vô gia cư và chết trong tù đấy! Ông không quan tâm đến các con mình sao? (Người mẹ nói với người cha)"
edu,"Bill, you drive a beat-up car from the 1980s. For this reason, we can never allow you to be a lifeguard at the community pool.",ad hominem,"Bill, anh lái một chiếc xe cũ nát từ những năm 1980. Vì lý do đó, chúng ta không đời nào có thể để anh làm nhân viên cứu hộ tại hồ bơi cộng đồng được."
edu,"If it was raining outside, it would be dark. It’s dark outside, so it must be raining.",fallacy of logic,"Nếu bên ngoài trời mưa thì trời sẽ tối. Bây giờ bên ngoài trời tối, vậy nên chắc chắn là trời đang mưa."
edu,Our gang will beat up anyone who doesn’t vote our way,appeal to emotion,Băng nhóm của chúng tôi sẽ đánh bất kỳ kẻ nào không bỏ phiếu theo phe chúng tôi.
edu,"Person 1: I think pollution is the cause of climate change.

Person 2: So you think humans cause hurricanes and tornadoes and tsunamis?",fallacy of extension,"Người 1: Tôi nghĩ ô nhiễm là nguyên nhân gây ra biến đổi khí hậu.

Người 2: Vậy ý anh là con người gây ra bão tố, lốc xoáy và sóng thần đấy à?"
edu,"Everything I say is true. This is true because I said it, and everything I say is true.",circular reasoning,"Mọi điều tôi nói đều đúng. Điều này đúng vì tôi đã nói thế, và mọi điều tôi nói đều đúng."
edu,"Falsely requiring an opponent to “disprove” instead
of you “proving” your argument",intentional,"Ép buộc đối thủ phải đi ""chứng minh ngược lại"" thay vì bản thân mình phải đi chứng minh luận điểm của mình"
edu,"Joe and Sam are at the race track betting on horses. Joe: ""You see that horse over there? He lost his last four races. I'm going to bet on him.""
Sam: ""Why? I think he will probably lose.""
Joe: ""No way, Sam. I looked up the horse's stats and he has won half his races in the past two years. Since he has lost three of his last four races, he'll have to win this race. So I'm betting the farm on him.""
Sam: ""Are you sure?""
Joe: ""Of course I'm sure. That pony is due, man...he's due!""",false causality,"Joe và Sam đang ở trường đua ngựa. Joe: ""Cậu thấy con ngựa đằng kia không? Nó thua 4 trận gần nhất rồi. Tôi sẽ cược cho nó.""
Sam: ""Sao lại thế? Tôi nghĩ nó sẽ lại thua tiếp thôi.""
Joe: ""Không đời nào, Sam. Tôi đã tra số liệu, trong 2 năm qua nó thắng một nửa số trận đấy. Vì nó đã thua 3 trong 4 trận gần đây, nên kiểu gì nó cũng phải thắng trận này thôi. Thế nên tôi tất tay luôn.""
Sam: ""Ông chắc chứ?""
Joe: ""Chắc chắn chứ. Con ngựa đó đến vận rồi ông ơi... đến vận rồi!"""
edu,"If Hunter was human, he would be mortal. Hunter is mortal. Therefore, Hunter is a human.",fallacy of logic,"Nếu Hunter là con người, thì anh ta sẽ phải chết. Hunter là kẻ phải chết. Suy ra, Hunter là con người."
edu,we should not build bike lanes because cyclists run red lights,fallacy of extension,Chúng ta không nên xây làn đường cho xe đạp vì bọn đi xe đạp toàn vượt đèn đỏ
edu,"If we let this child bring the permission slip late, there is no reason to ever set a deadline for anything again!",faulty generalization,"Nếu chúng ta cho phép đứa trẻ này nộp phiếu đồng ý muộn, thì chẳng còn lý do gì để đặt ra thời hạn cho bất cứ việc gì nữa!"
edu,"If you don’t expose your child to germs, he will never get sick. Therefore, he will never build up his immune system to fight illness. He will grow up to be a sickly adult.",faulty generalization,"Nếu bạn không để con mình tiếp xúc với vi trùng, nó sẽ không bao giờ bị ốm. Suy ra, nó sẽ không bao giờ xây dựng được hệ miễn dịch để chống lại bệnh tật. Nó sẽ lớn lên thành một người trưởng thành ốm yếu."
edu,"Donald Trump Jr. Tweeted:
If I had a bowl of skittles and I told you just three would kill you. Would you take a handful? That's our Syrian refugee problem.
",faulty generalization,"Donald Trump Jr. đã tweet:
Nếu tôi có một bát kẹo Skittles và bảo rằng chỉ cần 3 viên trong đó thôi là đủ giết chết bạn. Bạn có dám bốc một nắm không? Đó chính là vấn đề người tị nạn Syria của chúng ta đấy."
edu,No one should believe our dear lady Senator who have had an adulterous relationship.,ad hominem,Không ai nên tin vào nữ Thượng nghị sĩ của chúng ta vì bà ta đã từng ngoại tình.
edu,"For want of a nail the shoe was lost.
For want of a shoe the horse was lost.
For want of a horse the rider was lost.
For want of a rider the battle was lost.
For want of a battle the kingdom was lost.
And all for the want of a nail.
“For Want of a Nail,” medieval proverb",faulty generalization,"Thiếu cái đinh mất cái móng, thiếu cái móng mất con ngựa, thiếu con ngựa mất người cưỡi, thiếu người cưỡi thua trận đánh, thiếu trận đánh mất vương quốc. Tất cả chỉ vì thiếu một cái đinh. (Tục ngữ trung đại)"
edu,We believe on what we believe in.,intentional,Chúng ta tin vào những gì chúng ta tin.
edu,"I should receive an 'A' in this class. After all, if I don't get an 'A' I won't get the fellowship that I want.",appeal to emotion,"Tôi xứng đáng được điểm A. Suy cho cùng, nếu không có điểm A, tôi sẽ không giành được học bổng mà mình muốn."
edu,"Every time my brother Bill accompanies me to Fenway Park, the Red Sox are sure to lose",false causality,"Mỗi lần thằng em Bill đi cùng tôi đến sân Fenway Park, đội Red Sox chắc chắn sẽ thua."
edu,"Maria has been working at her current job for more than 30 years at the same wage. She desperately wants a raise so she approaches her boss to ask for one. She says, ""You are one of the kindest people I know. You are smart and good-looking and I really love your shoes.""",appeal to emotion,"Maria đã làm việc ở vị trí hiện tại hơn 30 năm với mức lương không đổi. Cô ấy rất muốn được tăng lương nên đã đến gặp sếp và nói: 'Sếp là người tử tế nhất mà em biết. Sếp vừa thông minh, vừa bảnh bao, mà em còn cực kỳ thích đôi giày của sếp nữa.'"
edu,I asked six of my friends what they thought of the new spending restraints and they agreed it is a good idea. The new restraints are therefore generally popular.,faulty generalization,"Tôi đã hỏi sáu người bạn xem họ nghĩ gì về các hạn chế chi tiêu mới và họ đều đồng ý đó là ý tưởng hay. Vì vậy, các hạn chế này chắc chắn được công chúng ủng hộ."
edu,There's no point listening to your opinion on school lunches. Everybody knows you cheat on your math tests.,ad hominem,Nghe ý kiến của cậu về bữa trưa ở trường làm gì cho phí công. Ai cũng biết cậu là đồ gian lận trong các bài kiểm tra toán mà.
edu,OJ Simpson couldn't have murdered his wife. He's in the Pro Football Hall of Fame. He's famous!,fallacy of relevance,OJ Simpson không thể nào giết vợ mình được. Ông ấy là thành viên của Đại sảnh Danh vọng Bóng bầu dục cơ mà. Ông ấy nổi tiếng thế cơ mà!
edu,"""Every time I forget my lunch bag, school ends early"" is an example of",false causality,'Mỗi lần tôi quên túi ăn trưa là trường lại cho về sớm' là một ví dụ về ngụy biện tương quan nhân quả (post hoc ergo propter hoc).
edu,"In our psychology department, half of the faculty believe that the new assistant professor shows serious problems in the area of ethics. The other half believe that the new faculty member shows no problems in the area of ethics. Obviously the new professor shows mild to moderate problems in the area of ethics.",fallacy of relevance,"Tại khoa tâm lý của chúng tôi, một nửa giảng viên tin rằng vị giáo sư trợ lý mới có vấn đề nghiêm trọng về đạo đức, nửa còn lại tin rằng người đó hoàn toàn không có vấn đề gì. Rõ ràng là vị giáo sư mới có vấn đề về đạo đức ở mức độ trung bình."
edu,"Daughter: Mom, I want that doll!
Mom: Let's get home and I'll get you a popsicle!
Daughter: Ooh, popsicle!",fallacy of relevance,"Con gái: Mẹ ơi, con muốn con búp bê đó! Mẹ: Về nhà mẹ mua kem que cho con nhé! Con gái: Oa, kem que!"
edu,Why are you criticizing the Anti-Terror Law? Are you a terrorist?,fallacy of extension,Tại sao bạn lại chỉ trích Luật Chống khủng bố? Bạn là kẻ khủng bố à?
edu,"Your friend says, ""You can't prove that space aliens don't exist, so they must be real."" This is an example of which logical fallacy?",intentional,"Bạn của bạn nói rằng: ""Bạn không thể chứng minh người ngoài hành tinh không tồn tại, nên chắc chắn là họ có thật."" Đây là ví dụ của loại ngụy biện nào?"
edu,"NASA: Yes, we really did successfully land men on the moon.
TinFoilHatGuy1969: Yeah, right. And Elvis is really dead.",intentional,"NASA: Vâng, chúng tôi thực sự đã đưa người lên mặt trăng thành công. TinFoilHatGuy1969: Ừ, đúng rồi. Và Elvis thực sự đã chết đấy."
edu,"My father smoked four packs of cigarettes a day since age fourteen and lived until age sixty-nine.  Therefore, smoking really can’t be that bad for you.",faulty generalization,"Cha tôi hút bốn bao thuốc mỗi ngày từ năm mười bốn tuổi mà vẫn sống đến sáu mươi chín tuổi. Vì vậy, hút thuốc thực ra chẳng có hại gì mấy đâu."
edu,"Mr. Casal got sick last week, so it was likely due to the students.",circular reasoning,"Thầy Casal bị ốm tuần trước, nên chắc là do đám học sinh rồi."
edu,Almost everyone at my school will be at the party Friday night. It must be the right thing to do.,ad populum,Gần như tất cả mọi người ở trường tôi đều sẽ đến bữa tiệc tối thứ Sáu. Chắc chắn đó là điều đúng đắn nên làm.
edu,"Only a selfish, non-caring person would believe that this is ok.",ad hominem,"Chỉ có kẻ ích kỷ, vô tâm mới tin rằng điều này là ổn."
edu,"In paragraph 43, Rodriguez accuses the middle-class ethnics of being guilty of which of the following logical fallacies?",faulty generalization,"Trong đoạn 43, Rodriguez cáo buộc những người thuộc tầng lớp trung lưu đã phạm phải loại ngụy biện nào sau đây?"
edu,"“But, Dad, I know you had no curfew when you were my age, so how can you give me a curfew?”",ad hominem,"Nhưng bố ơi, con biết hồi bằng tuổi con bố đâu có bị giới nghiêm, vậy sao bố lại bắt con phải có giờ giới nghiêm ạ?"
edu,"During class, Alex whispers to Jeff, ""More than 80% of university professors are voting against the Republicans. Clearly, it's the only intelligent vote to make.""",ad populum,"Trong giờ học, Alex thì thầm với Jeff: ""Hơn 80% giáo sư đại học đang bỏ phiếu chống lại Đảng Cộng hòa. Rõ ràng đó là lựa chọn bỏ phiếu thông minh duy nhất."""
edu,"Growing up, many children are told to eat their dinner or else they would never grow big and tall. What fallacy is this?",false dilemma,"Từ bé, nhiều đứa trẻ được bảo rằng phải ăn hết bữa tối nếu không sẽ chẳng bao giờ cao lớn được. Đây là ngụy biện gì?"
edu,"Everyone seems to support the changes in the vacation policy, and if everyone likes them, they must be
good.",ad populum,"Ai cũng có vẻ ủng hộ những thay đổi về chính sách nghỉ phép, và nếu mọi người đều thích chúng thì chắc chắn chúng phải tốt rồi."
edu,"If someone told you, ""Kyra doesn't know anything about science because she likes weird music,"" what logical fallacy are they using?",ad hominem,"Nếu ai đó nói với bạn rằng: ""Kyra chẳng biết gì về khoa học cả vì cô ấy thích mấy loại nhạc kỳ quặc,"" thì họ đang sử dụng ngụy biện gì?"
edu,"Global chocolate consumption is highest in Switzerland, yet people there are among the trimmest in the industrialized world. Therefore, it's reasonable to conclude that chocolate helps keep your weight down.",false causality,"Thụy Sĩ là quốc gia tiêu thụ sô-cô-la nhiều nhất thế giới, nhưng người dân ở đó lại nằm trong nhóm có vóc dáng cân đối nhất. Do đó, có thể kết luận hợp lý rằng sô-cô-la giúp bạn giữ cân nặng ổn định."
edu,"The fallacy of equivocation occurs when a key term or phrase in an argument is used in an ambiguous way, with one meaning in one portion of the argument and then another meaning in another portion of the argument.",equivocation,"Ngụy biện lập lờ xảy ra khi một thuật ngữ hoặc cụm từ quan trọng trong lập luận được sử dụng theo cách mơ hồ, mang ý nghĩa này trong phần này của lập luận nhưng lại mang ý nghĩa khác trong phần kia."
edu,one thing leads to another and another and another. . . creates a “snowball” effect.,faulty generalization,"Một sự việc dẫn đến sự việc khác rồi lại sự việc khác nữa... tạo ra hiệu ứng ""quả cầu tuyết""."
edu,"If I don't take the right classes in high school, then I won't be able to get into a good college. If I don't get into a good college, then I won't be able to get a job. If I can't get a job, then I am going to end up homeless.",faulty generalization,"Nếu tôi không học các môn phù hợp ở cấp ba, tôi sẽ không vào được đại học tốt. Nếu không vào được đại học tốt, tôi sẽ không kiếm được việc làm. Nếu không có việc, tôi sẽ kết thúc cuộc đời trong cảnh vô gia cư."
edu,This fallacy suggests that unlikely or ridiculous outcomes are likely when there’s just not enough evidence to think so.,faulty generalization,Ngụy biện này ám chỉ rằng những kết cục khó xảy ra hoặc nực cười lại có khả năng trở thành hiện thực khi chẳng có đủ bằng chứng để khẳng định điều đó.
edu,Warning!  Smoking may cause frostbite?,fallacy of relevance,Cảnh báo! Hút thuốc có thể gây bỏng lạnh ư?
edu,"Don: If you drink alcohol, it will kill any virus you might have.
Tony: What evidence do you have to support that? 
Don: I don’t need evidence. It is common sense.
",intentional,"Don: Nếu cậu uống rượu, nó sẽ tiêu diệt mọi loại virus trong người cậu.
Tony: Cậu có bằng chứng nào cho luận điểm đó không?
Don: Tôi chả cần bằng chứng. Đó là lẽ thường tình thôi."
edu,"""A person apparently hopelessly ill may be allowed to take his own life. Then he may be permitted to deputize others to do it for him should he no longer be able to act. The judgment of others then becomes the ruling factor. Already at this point euthanasia is not personal and voluntary, for others are acting on behalf of the patient as they see fit. This may well incline them to act on behalf of other patients who have not authorized them to exercise their judgment. It is only a short step, then, from voluntary euthanasia (self-inflicted or authorized), to directed euthanasia administered to a patient who has given no authorization, to involuntary euthanasia conducted as a part of a social policy.""",faulty generalization,"Một người mắc bệnh nan y dường như vô phương cứu chữa có thể được phép tự kết liễu đời mình. Sau đó, họ lại được phép ủy quyền cho người khác làm thay nếu không còn khả năng tự thực hiện. Vậy là phán quyết của người khác trở thành yếu tố quyết định. Đến bước này thì cái chết êm ái không còn mang tính cá nhân và tự nguyện nữa, vì người khác đang hành động thay cho bệnh nhân theo ý họ. Điều này rất có thể khiến họ tiếp tục hành động thay cho những bệnh nhân khác chưa hề ủy quyền cho họ. Vì vậy, từ cái chết êm ái tự nguyện, chỉ cần một bước nhỏ là sẽ dẫn đến cái chết êm ái cưỡng ép dành cho những bệnh nhân không cho phép, và cuối cùng là cái chết êm ái bắt buộc như một chính sách xã hội."
edu,President Petutti ordered a military strike that killed many civilians. He is no different than any other mass murder and he belongs in prison!,faulty generalization,Tổng thống Petutti đã ra lệnh không kích quân sự khiến nhiều thường dân thiệt mạng. Ông ta chẳng khác gì mấy tên sát nhân hàng loạt và đáng lẽ phải ngồi tù!
edu,Students tell Ms. Higgins her hair color looks different on her. Ms. Higgins can't believe her students called ugly and horrendous to look at.,fallacy of extension,Học sinh bảo cô Higgins là màu tóc của cô trông lạ mắt. Thế mà cô Higgins lại tưởng học sinh chê mình xấu xí và kinh khủng.
edu,You want me to clean my locker? I think I left my homework in Science class. I need to keep up with my homework to get good grades.,fallacy of relevance,Bạn muốn tôi dọn tủ đồ ư? Tôi nghĩ mình để quên bài tập trong lớp Khoa học rồi. Tôi cần phải hoàn thành bài tập để có điểm cao chứ.
edu,"Shamus pointed a drunken finger at Sean and asked him to explain how so many people could believe in leprechauns if they're only a silly old superstition. Sean, however, had had a few too many Guinness himself and fell off his chair.",ad populum,"Shamus chỉ ngón tay say xỉn vào Sean và hỏi làm sao mà nhiều người tin vào yêu tinh leprechaun đến thế nếu chúng chỉ là mê tín dị đoan nhảm nhí. Tuy nhiên, Sean cũng đã uống vài ly Guinness và ngã khỏi ghế."
edu,"Sarah loves to wear running shoes, all girls must like to run.",faulty generalization,"Sarah thích mang giày chạy bộ, vậy nên chắc chắn tất cả con gái đều thích chạy bộ."
edu,"Since a single human cell becomes a grown man over a period of a few years, then surely it can't be impossible for a single-cell organism to become the human race over a period of several million years.",fallacy of logic,"Vì một tế bào người đơn lẻ có thể phát triển thành một người đàn ông trưởng thành chỉ trong vài năm, thì chắc chắn việc một sinh vật đơn bào tiến hóa thành cả loài người trong vài triệu năm cũng chẳng có gì là bất khả thi cả."
edu,Have you stopped cheating on your tests?,intentional,Cậu đã bỏ thói quen gian lận trong các bài kiểm tra chưa?
edu,smoking cigarettes is deadly because cigarettes can kill you,circular reasoning,Hút thuốc lá là chết người vì thuốc lá có thể giết chết bạn.
edu,You should listen to Ellie Goulding because everyone is listening to her music.,ad populum,Bạn nên nghe nhạc của Ellie Goulding đi vì ai cũng đang nghe cô ấy cả.
edu,"Oh, please. What would you know about labor laws? You don't even have a job.",ad hominem,"Thôi đi, ông thì biết gì về luật lao động cơ chứ? Đến việc làm còn chưa có mà."
edu,"X is popular; therefore, X is right.",ad populum,"X phổ biến, nên X chắc chắn là đúng."
edu,"I know you don't like the cat sweater that Grandma knitted for you, but she worked so hard on it, and it will make her happy to see you wear it in the family holiday photo.",appeal to emotion,"Mình biết là bạn không thích cái áo len hình mèo bà đan cho, nhưng bà đã vất vả lắm rồi, mặc nó vào ảnh gia đình sẽ làm bà vui đấy."
edu,"Sukaina to her mom: Either you buy me this new book, or you decide that reading is not important at all.",false dilemma,"Sukaina nói với mẹ: Mẹ hoặc là mua cho con cuốn sách này, hoặc là mẹ xác định luôn rằng việc đọc sách chẳng có tí quan trọng nào cả."
edu,"If we legalize pot, the next thing you know people will want to legalize meth and heroin.",faulty generalization,"Nếu chúng ta hợp pháp hóa cần sa, thì chẳng mấy chốc người ta sẽ đòi hợp pháp hóa cả ma túy đá với heroin cho xem."
edu,"""Our planet is going to be destroyed! People are creating too much waste, the temperature will continue to rise, natural disasters will occur more frequently, the animals will starve to death, and the planet will basically turn into Venus!""",faulty generalization,"Hành tinh của chúng ta sắp tiêu đời rồi! Con người xả quá nhiều rác, nhiệt độ cứ thế tăng vọt, thiên tai xảy ra liên miên, động vật thì chết đói sạch, rồi trái đất sẽ biến thành một bản sao của sao Kim mất thôi!"
edu,"""The two courses I took at UWI were not very interesting. I don't think its a good university.""",faulty generalization,Hai môn tôi học ở UWI chán quá. Tôi không nghĩ đó là một trường đại học tốt.
edu,"You support capital punishment just because you want an “eye for an eye,” but I have several good reasons to believe that capital punishment is fundamentally wrong.",fallacy of extension,"Bạn ủng hộ án tử hình chỉ vì muốn kiểu ""mạng đền mạng"", nhưng tôi có hàng tá lý do xác đáng để tin rằng án tử hình là sai trái về mặt nguyên tắc."
edu,"""The logic teacher was hired to fill the new computer animation class. He is a great admirer of Pixar's work and will do a great job.""",fallacy of credibility,Ông thầy dạy logic được thuê để dạy lớp hoạt hình máy tính mới. Ổng là fan cứng của Pixar nên chắc chắn sẽ dạy tốt thôi.
edu,"""I think that the use of marijuana as a medical treatment shouldn't even be considered. If we make drugs legal in a few cases, then we might eventually have to completely legalize them - which is even crazier than Proposition 215. If we want to help people out by letting them do illegal things, then let's just get rid of all our laws.""",faulty generalization,"Tôi nghĩ việc dùng cần sa làm thuốc không nên được cân nhắc. Nếu ta hợp pháp hóa ma túy trong một vài trường hợp, cuối cùng ta sẽ phải hợp pháp hóa hoàn toàn - điều đó còn điên rồ hơn cả Dự luật 215. Nếu muốn giúp đỡ mọi người bằng cách cho phép họ làm điều phi pháp, thì cứ xóa bỏ hết mọi luật lệ đi cho xong."
edu,"Claiming that ""If you elect him, the Dow Jones will tumble and you will lose all of your money!"" is an example of:",appeal to emotion,"Việc khẳng định rằng ""Nếu bạn bầu cho anh ta, chỉ số Dow Jones sẽ lao dốc và bạn sẽ mất sạch tiền!"" là một ví dụ về:"
edu,"""There is ... a radical element, a homosexual agenda that wants to redefine what marriage is. They want to say that a marriage not only is one man and one woman but it is two men or it is two women. What logical reason is there to keep us from stopping expansion of that definition to include three people or an adult and a child, or any other odd combination that we want to have?  ... and it does not even have to be limited to human beings by the way. I mean it could be anything. ... There is no reason why we cannot just completely erase whatever boundaries that currently exist on the definition of marriage and say it is a free-for-all, anything goes.""",faulty generalization,"Có một bộ phận cực đoan, một chương trình nghị sự của người đồng tính muốn định nghĩa lại hôn nhân. Họ muốn nói rằng hôn nhân không chỉ là một nam một nữ mà là hai nam hoặc hai nữ. Có lý do logic nào ngăn cản việc mở rộng định nghĩa đó bao gồm cả ba người, hoặc một người lớn và một trẻ em, hay bất kỳ sự kết hợp kỳ quặc nào mà chúng ta muốn không? ... và nhân tiện, nó thậm chí không cần phải giới hạn ở con người. Ý tôi là nó có thể là bất cứ thứ gì. ... Chẳng có lý do gì mà chúng ta không thể xóa bỏ hoàn toàn mọi ranh giới hiện có về định nghĩa hôn nhân và biến nó thành một cuộc chơi tự do, muốn làm gì thì làm."
edu,Joe is firm in his principles. The reader admires Joe for not changing his ideas and opinions according to what is popular or advantageous.,appeal to emotion,Joe rất kiên định với các nguyên tắc của mình. Người đọc ngưỡng mộ Joe vì đã không thay đổi quan điểm và tư tưởng theo những gì đang phổ biến hay có lợi cho bản thân.
edu,Vote for me because the other candidate is a cheat and a liar!,ad hominem,Hãy bầu cho tôi vì ứng viên kia là một kẻ lừa đảo và nói dối!
edu,"""I knew him in high school and he almost flunked out. He can't be a good choice for mayor.""",ad hominem,Tôi biết anh ta hồi cấp ba và anh ta suýt nữa thì bị đuổi học. Anh ta không thể là lựa chọn tốt cho vị trí thị trưởng được.
edu,"Charlie: Fast food is filled with salt, fat and added sugars. We need better regulation of the industry.
Bob: That may be, but you're such a hypocrite! I saw you devour a Triple-Baconator, super-sized fries and 64 ounces of soda yesterday.",ad hominem,"Charlie: Đồ ăn nhanh chứa đầy muối, chất béo và đường phụ gia. Chúng ta cần kiểm soát ngành này tốt hơn.
Bob: Có thể là vậy, nhưng anh đúng là đồ đạo đức giả! Hôm qua tôi thấy anh nốc nguyên cái Triple-Baconator, khoai tây chiên cỡ đại và 64 ounce nước ngọt đấy thôi."
edu,"If I eat fast food for dinner, then I have a stomach ache in the evening. I had a stomach ache this evening. Therefore I ate fast food for dinner.",fallacy of logic,"Nếu tôi ăn đồ ăn nhanh vào bữa tối, tôi sẽ bị đau bụng vào buổi tối hôm đó. Tối nay tôi bị đau bụng. Vậy nên tôi đã ăn đồ ăn nhanh vào bữa tối."
edu,Democrats are gay and Republicans are rich.,faulty generalization,Đảng Dân chủ là người đồng tính còn Đảng Cộng hòa là người giàu.
edu,"What I object to most about those people who oppose capital punishment is that they believe that the lives of convicted murderers are more important than the lives of the police and prison guards who protect us. But, obviously, since the lives of those who protect us are of the greatest value, no one should oppose capital punishment.",fallacy of extension,"Điều tôi phản đối nhất ở những kẻ chống lại án tử hình là họ tin rằng mạng sống của những kẻ sát nhân quan trọng hơn mạng sống của cảnh sát và quản ngục - những người đang bảo vệ chúng ta. Nhưng rõ ràng, vì mạng sống của những người bảo vệ chúng ta là giá trị nhất, nên không ai được phép chống lại án tử hình cả."
edu,"Ashley: It is morally wrong to cheat on your spouse; why on earth would you have done that?
Hannah: But what is morality exactly?
Ashley: It’s a code of conduct shared by cultures.
Hannah: But who creates this code?...
Hannah has committed what fallacy?",fallacy of relevance,"Ashley: Ngoại tình là sai trái về mặt đạo đức; tại sao cậu lại làm thế chứ?
Hannah: Nhưng chính xác thì đạo đức là cái gì?
Ashley: Đó là bộ quy tắc ứng xử chung của các nền văn hóa.
Hannah: Nhưng ai tạo ra bộ quy tắc này?... 
Hannah đã mắc phải lỗi ngụy biện gì?"
edu,I bought new shoes then my head started itching. I must be allergic to the shoes.,false causality,Tôi vừa mua đôi giày mới thì thấy ngứa đầu. Chắc chắn là tôi bị dị ứng với đôi giày đó rồi.
edu,An attempt to gain a customer’s trust in an advertisement is referred to as,fallacy of credibility,Việc nỗ lực giành lấy lòng tin của khách hàng trong quảng cáo được gọi là
edu,"The police said they suspect several people of setting the fire. Therefore, I can't be under suspicion because I was alone all night.",equivocation,"Cảnh sát bảo họ nghi ngờ vài người phóng hỏa. Vậy nên, tôi không thể nào là nghi phạm được vì cả đêm tôi ở có một mình."
edu,I saw that dog eat chicken so all dogs must only eat chicken.,faulty generalization,"Tôi thấy con chó kia ăn thịt gà, thế nên tất cả loài chó chắc chắn chỉ ăn mỗi thịt gà."
edu,"Every time I go to sleep, the sun goes down. Therefore, my going to sleep causes the sun to set.",false causality,"Mỗi lần tôi đi ngủ là mặt trời lặn. Vậy nên, việc tôi đi ngủ chính là nguyên nhân làm mặt trời lặn."
edu,"Bill: ""I think that some people have psychic powers."" 
Jill: ""What is your proof?"" 
Bill: ""No one has been able to prove that people do not have psychic powers.""",intentional,"Bill: ""Tôi nghĩ một số người có khả năng ngoại cảm.""
Jill: ""Bằng chứng của cậu đâu?""
Bill: ""Chẳng có ai chứng minh được là người ta KHÔNG có khả năng ngoại cảm cả."""
edu,"Alley ate a slice of pizza for dinner and a few hours later she had a fever. Therefore, pizza causes fevers.",false causality,"Alley ăn một miếng pizza vào bữa tối và vài tiếng sau cô ấy bị sốt. Vậy nên, pizza gây ra sốt."
edu,"""You're clearly just too young to understand what’s happening.” The statement is an example of…",ad hominem,"""Cậu còn quá trẻ để hiểu được chuyện gì đang xảy ra đâu."" Câu nói này là ví dụ của..."
edu,The Bible is the Word of God because God tells us it is... in the Bible.,circular reasoning,Kinh thánh là Lời của Chúa vì chính Chúa đã nói như vậy... trong Kinh thánh.
edu,"""A solar flare erupted from the sun three days ago, and my laptop died this morning. Solar flares are very dangerous for computers.""",false causality,Ba ngày trước có một vụ bùng phát tia nắng mặt trời và sáng nay laptop của tôi bị hỏng. Tia nắng mặt trời cực kỳ nguy hiểm đối với máy tính.
edu,"There is a lot of commotion regarding saving the environment. We simply cannot make this world into the Garden of Eden. Pursuing perfection is impossible and pointless. And besides, even Adam and Eve got bored in Eden!",fallacy of relevance,"Đang có quá nhiều sự ồn ào về việc bảo vệ môi trường. Chúng ta đơn giản là không thể biến thế giới này thành Vườn Địa Đàng. Theo đuổi sự hoàn hảo là bất khả thi và vô nghĩa. Hơn nữa, ngay cả Adam và Eva cũng thấy chán khi ở trong vườn Địa Đàng kia mà!"
edu,"The uncommunicative strangers seemed unwilling to speak to us, hiding behind the language barrier.",appeal to emotion,"Những người lạ mặt không giao tiếp có vẻ không muốn nói chuyện với chúng tôi, họ ẩn nấp sau rào cản ngôn ngữ."
edu,"The lady in the pink dress is Julia Roberts.
The reporter thinks Julia Roberts drives a Prius.
Therefore, the reporter thinks the lady in the pink dress drives a Prius.",fallacy of logic,"Quý cô mặc váy hồng là Julia Roberts. Phóng viên nghĩ Julia Roberts lái xe Prius. Vậy nên, phóng viên nghĩ quý cô mặc váy hồng lái xe Prius."
edu,"Everybody understands that the values in New York City are socially liberal and pro-abortion and pro-gay marriage,' he said. 'And focus on money and the media.",faulty generalization,"Ai cũng hiểu rằng các giá trị ở thành phố New York là theo tư tưởng tự do xã hội, ủng hộ phá thai và ủng hộ hôn nhân đồng giới, ông ấy nói. Và tập trung vào tiền bạc cùng truyền thông."
edu,"By rejecting God, you are rejecting goodness, kindness, and love itself.",appeal to emotion,"Bằng việc khước từ Chúa, bạn đang khước từ chính sự tốt lành, lòng tử tế và tình yêu thương."
edu,news organizations are Fake News?,faulty generalization,Các tổ chức tin tức là tin giả à?
edu,Not able to defend his position that evolution 'isn't true' Bob says that he knows a scientist who also questions evolution (and presumably isn't a primate).,fallacy of credibility,"Không thể bảo vệ luận điểm cho rằng thuyết tiến hóa 'không đúng', Bob nói rằng anh ta quen một nhà khoa học cũng đặt nghi vấn về thuyết tiến hóa (và có lẽ người đó không phải là động vật linh trưởng)."
edu,"Q: Did the President have an affair?
A: ""He's very busy at the moment with the Middle East Peace talks, and has no time for
 silly accusations."" ",fallacy of relevance,Hỏi: Tổng thống có ngoại tình không? Đáp: 'Ông ấy đang rất bận rộn với các cuộc đàm phán hòa bình Trung Đông và không có thời gian cho những cáo buộc ngớ ngẩn này.'
edu,"My parents are vegetarians, and they are good people. Therefore, all vegetarians must be good people.",faulty generalization,"Bố mẹ tôi là người ăn chay và họ là những người tốt. Vì vậy, tất cả những người ăn chay đều phải là người tốt."
edu,present ideas that elicit strong feelings,appeal to emotion,trình bày những ý tưởng khơi gợi cảm xúc mạnh mẽ
edu,"So many people are speaking up about animal rights, but what they should first focus on is human rights.",fallacy of relevance,"Rất nhiều người đang lên tiếng về quyền động vật, nhưng lẽ ra họ nên tập trung vào quyền con người trước thì hơn."
edu,You can't give me a C. I'm an A student.,circular reasoning,Bạn không thể cho tôi điểm C được. Tôi vốn là học sinh loại A cơ mà.
edu,You say that Coach Smith pressured teachers to give his students passing grades. But don’t you agree that athletics are important to schools? Don’t they build character?,fallacy of relevance,Bạn nói rằng Huấn luyện viên Smith đã gây áp lực buộc giáo viên phải cho học sinh của ông ấy điểm đỗ. Nhưng chẳng phải bạn đồng ý rằng thể thao rất quan trọng đối với nhà trường sao? Chẳng phải nó giúp rèn luyện nhân cách đó sao?
edu,"Nuclear disarmament is a risk, but everything in life involves a risk. Every time you drive in a car you are taking a risk. If you're willing to drive in a car, you should be willing to have disarmament.",fallacy of logic,"Giải trừ vũ khí hạt nhân là một rủi ro, nhưng mọi thứ trên đời đều có rủi ro. Mỗi khi lái xe là bạn đang chấp nhận rủi ro rồi. Nếu bạn sẵn sàng lái xe, thì bạn cũng nên sẵn sàng chấp nhận giải trừ vũ khí."
edu,"Peter: ""Based on the arguments I have presented, it is evident that it is morally wrong to use animals for food or clothing.""
Bill: ""But you are wearing a leather jacket and you have a roast beef sandwich in your hand! How can you say that using animals for food and clothing is wrong!""",ad hominem,"Peter: ""Dựa trên những lập luận tôi đã đưa ra, rõ ràng là việc sử dụng động vật làm thực phẩm hay quần áo là sai trái về mặt đạo đức.""
Bill: ""Nhưng anh đang mặc áo khoác da và cầm trên tay chiếc bánh mì kẹp thịt bò đấy thôi! Sao anh có thể nói việc dùng động vật làm thực phẩm và quần áo là sai được!"""
edu,"This type of propaganda implies that since EVERYONE else is buying a product, so should you!",ad populum,"Kiểu tuyên truyền này ngụ ý rằng vì TẤT CẢ MỌI NGƯỜI khác đều đang mua sản phẩm đó, nên bạn cũng nên mua!"
edu,"Saying that because one finds something difficult to understand, therefore it's not true",intentional,"Cho rằng vì một thứ gì đó khó hiểu, nên nó không phải là sự thật"
edu,"I know nothing about Tank Johnson except that he has a criminal record as long as your leg, but I’ll bet he’s really just misunderstood",intentional,"Tôi chẳng biết gì về Tank Johnson ngoài việc hắn ta có tiền án tiền sự dài dằng dặc, nhưng tôi cá là hắn chỉ là người bị hiểu lầm thôi"
edu,"This is an example of what?
""Attacks the arguer instead of the argument""",ad hominem,"Đây là ví dụ về cái gì?
""Tấn công cá nhân thay vì tập trung vào lập luận"""
edu,Richardson is the most successful mayor the town has ever had because he's the best mayor of our history.,circular reasoning,Richardson là vị thị trưởng thành công nhất mà thị trấn từng có vì ông ấy là vị thị trưởng giỏi nhất trong lịch sử của chúng ta.
edu,"""My roommate said her Debate class was hard, and the one that I'm in right now is hard, too. All Debate classes must be hard!”",faulty generalization,"Bạn cùng phòng của tôi bảo lớp Tranh biện của cô ấy khó, và lớp tôi đang học cũng khó. Suy ra tất cả các lớp Tranh biện đều khó!"
edu,"""Freedom of choice is an important freedom. Students should have the freedom to choose between different types of soft drinks.""",faulty generalization,Tự do lựa chọn là một quyền tự do quan trọng. Sinh viên nên có quyền tự do lựa chọn giữa các loại nước ngọt khác nhau.
edu,"I broke my mirror this morning, AND I failed my History test. I must've failed because the mirror gave me bad luck.",false causality,"Sáng nay tôi làm vỡ gương, và tôi trượt bài kiểm tra Lịch sử. Chắc chắn tôi trượt là do chiếc gương mang lại xui xẻo rồi."
edu,"Everyone is selfish; everyone is doing what he believes will make himself happier. The recognition of that can take most of the sting out of accusations that you're being ""selfish."" Why should you feel guilty for seeking your own happiness when that's what everyone else is doing, too?
What's the logical fallacy?",ad populum,Ai cũng ích kỷ cả; ai cũng làm điều họ tin là sẽ giúp mình hạnh phúc hơn. Nhận ra điều đó sẽ giảm bớt sự khó chịu khi bị cáo buộc là 'ích kỷ'. Tại sao bạn phải cảm thấy tội lỗi khi theo đuổi hạnh phúc của chính mình trong khi đó cũng là điều mọi người đang làm?
edu,Leonardo DiCaprio is just a dumb actor! What does he really know about climate change?!,ad hominem,Leonardo DiCaprio chỉ là một gã diễn viên ngu ngốc! Hắn thì biết gì về biến đổi khí hậu chứ?!
edu,“Live with me or live on the streets”,false dilemma,"Hoặc là sống với tôi, hoặc là ra đường mà ở."
edu,"Despite the fact that our Q4 numbers are much lower than usual, we should push forward using the same strategy because our CEO Barbara says this is the best approach.",fallacy of credibility,"Dù số liệu Quý 4 thấp hơn hẳn bình thường, chúng ta vẫn nên tiếp tục chiến lược cũ vì CEO Barbara bảo đây là cách tiếp cận tốt nhất."
edu,"Advocates for a tight virus response say ""we need to limit the spread."" What they're really saying is we need to shut down everything forever, leading to massive economic damage.",fallacy of extension,"Những người ủng hộ việc kiểm soát dịch nghiêm ngặt nói 'chúng ta cần hạn chế sự lây lan'. Thực chất họ đang nói là chúng ta cần đóng cửa mọi thứ vĩnh viễn, dẫn đến thiệt hại kinh tế nặng nề."
edu,Senator Smith says that the nation should not add to the defense budget. Senator Jones says that he cannot believe that Senator Smith wants to leave the nation defenseless.,fallacy of extension,Thượng nghị sĩ Smith nói rằng quốc gia không nên tăng ngân sách quốc phòng. Thượng nghị sĩ Jones nói rằng ông ấy không thể tin nổi là ông Smith lại muốn để đất nước rơi vào tình cảnh không có khả năng tự vệ.
edu,a movie reviewer who dislikes a Tom Cruise movie because of the actor's religion and tries to impose negative bias in the audience members' minds before they see the film.,ad hominem,Một nhà phê bình phim ghét bộ phim của Tom Cruise chỉ vì tôn giáo của anh ấy và cố gắng tiêm nhiễm định kiến tiêu cực vào đầu khán giả trước khi họ xem phim.
edu,"""Politicians and diapers must be changed often, and for the same reason.""",fallacy of logic,"Chính trị gia và tã lót cần phải thay thường xuyên, vì cùng một lý do."
edu,"A teacher tells Billy to stop talking, and he yells back: “Sarah was talking too!”",fallacy of relevance,"Một giáo viên bảo Billy ngừng nói chuyện, cậu ta liền gào lại: 'Sarah cũng đang nói chuyện đấy thôi!'"
edu,"Every time we sacrifice virgins, it rains. Therefore, sacrificing virgins causes it to rain.",false causality,"Mỗi khi chúng ta hiến tế trinh nữ thì trời lại mưa. Vậy nên, hiến tế trinh nữ chính là nguyên nhân gây ra mưa."
edu,Nobody else is wearing masks out in public. Why should you?,ad populum,Chẳng ai đeo khẩu trang ở nơi công cộng cả. Tại sao bạn lại phải đeo?
edu,"""Even though it's only the first day, I can tell this is going to be a boring course.""",faulty generalization,"Dù mới chỉ là ngày đầu tiên, nhưng tôi dám chắc khóa học này sẽ rất chán."
edu,If Mr. Stiedemann assigns us homework then I can't work on other assignments in my other classes. Then my teachers will get mad and cause me to get angry. Then my anger will lead to behavioral issues and I'll get suspended.,faulty generalization,"Nếu thầy Stiedemann giao bài tập về nhà thì tôi không thể làm bài tập của các môn khác được. Rồi các giáo viên khác sẽ nổi giận và khiến tôi bực mình. Sau đó, cơn giận này sẽ dẫn đến các vấn đề hành vi và tôi sẽ bị đình chỉ học."
edu,"Al Gore's support of the discussion of sexual orientation issues on Ellen is  dangerous:  he advocates the exposure of children to sexually explicit materials,  which is wrong.",fallacy of extension,"Việc Al Gore ủng hộ thảo luận về các vấn đề xu hướng tính dục trên chương trình Ellen thật nguy hiểm: ông ấy đang cổ xúy cho việc để trẻ em tiếp xúc với các tài liệu khiêu dâm, điều đó thật sai trái."
edu,"Recently, we highlighted a British journalist’s story about the underside of Dubai’s startling ascent. Some in Dubai called foul, including one writer who wants to remind Britons that their own country has a dark side. After all, what to think of a country in which one-fifth of the population lives in poverty?",ad hominem,"Gần đây, chúng tôi có nêu bài viết của một nhà báo Anh về mặt trái của sự trỗi dậy đáng kinh ngạc tại Dubai. Một vài người ở Dubai đã phản đối, trong đó có một nhà văn muốn nhắc nhở người Anh rằng chính đất nước họ cũng có những góc tối. Suy cho cùng, nghĩ sao về một đất nước mà một phần năm dân số phải sống trong cảnh nghèo đói?"
edu,"I am voting for Pepitone for President because the rest of my family is voting for her, and I don't want to be the only one not doing so.",ad populum,"Tôi bỏ phiếu cho Pepitone làm Tổng thống vì cả gia đình tôi đều bầu cho bà ấy, và tôi không muốn là người duy nhất không làm theo."
edu,"My opponent in this election claims to have the best interests of our community at heart. However, he is separated from his family. Isn’t family the basic unit of society? How can we entrust the concerns of the community to someone who was not able to keep his family together?",ad hominem,"Đối thủ của tôi trong cuộc bầu cử này tuyên bố rằng ông ta đặt lợi ích của cộng đồng lên hàng đầu. Tuy nhiên, ông ta hiện đã ly thân với vợ. Chẳng phải gia đình là tế bào của xã hội sao? Làm sao chúng ta có thể tin tưởng giao phó nỗi lo của cộng đồng cho một người ngay cả gia đình mình còn không giữ nổi?"
edu,"The first time I went to Six Flags was great, so every time I go there will be great.",faulty generalization,"Lần đầu tiên tôi đến Six Flags thấy rất tuyệt, nên chắc chắn lần nào tôi đến đó cũng sẽ tuyệt như vậy thôi."
edu,President Reagan was a great communicator because he had the gift of talking effectively to the people.,circular reasoning,Tổng thống Reagan là một nhà truyền thông đại tài bởi vì ông ấy có tài ăn nói đầy thuyết phục trước công chúng.
edu,"My roommate said her philosophy class was difficult, and the one I’m in is difficult, too. All philosophy classes must be hard.",faulty generalization,"Bạn cùng phòng của tôi bảo lớp triết học của cô ấy rất khó, lớp tôi đang học cũng khó nốt. Vậy nên, chắc chắn mọi lớp triết học đều khó như nhau."
edu,"I thought you were a good person, but you weren’t in class today.",false dilemma,"Tôi từng nghĩ cậu là người tốt, nhưng hôm nay cậu lại không đi học."
edu,America has to act now to reduce illegal immigration. Recent studies show that the vast majority of Americans think that illegal immigration is a problem.,ad populum,Nước Mỹ phải hành động ngay để giảm tình trạng nhập cư trái phép. Các nghiên cứu gần đây cho thấy đại đa số người Mỹ đều coi nhập cư trái phép là một vấn đề nhức nhối.
edu,"America keeps telling China to be more respecting of journalism, but why don't they stop the American propaganda first?",ad hominem,"Nước Mỹ cứ bảo Trung Quốc phải tôn trọng báo chí, nhưng tại sao họ không dẹp bỏ mớ tuyên truyền của chính mình trước đi đã?"
edu,Forty million people won't be wrong. Please buy the latest iPhone 12.,ad populum,Bốn mươi triệu người thì không thể sai được. Hãy mua ngay iPhone 12 mới nhất đi.
edu,The speaker insinuates that there are only two options despite this not being true.,false dilemma,"Diễn giả đang ám chỉ rằng chỉ có duy nhất hai lựa chọn, mặc dù thực tế không hề như vậy."
edu,I can tell this movie is going to be terrible; the opening credits aren't even over yet!,faulty generalization,Tôi biết ngay bộ phim này sẽ cực kỳ tệ hại; mới chiếu phần giới thiệu đầu phim thôi mà!
edu,"If you had school pride like the rest of us do, you would wear a mountain lion costume every day.",ad populum,"Nếu bạn thực sự có lòng tự hào về trường như chúng tôi, bạn đã mặc bộ đồ linh vật sư tử núi mỗi ngày rồi."
edu,"My new method of conducting meta-analyses is the most valid there is because it is the only one capable of such validity, the only one that has ever approached such validity, and the only one that is so completely valid.",circular reasoning,"Phương pháp tổng hợp dữ liệu mới của tôi là cách tiếp cận giá trị nhất hiện nay, vì chỉ duy nhất nó mới đạt được độ chuẩn xác đó, chưa từng có phương pháp nào tiệm cận được, và nó là phương pháp duy nhất có tính giá trị toàn diện."
edu,"My first day of basketball practice was easy, so it will always be easy.",faulty generalization,"Ngày tập bóng rổ đầu tiên của tôi rất dễ dàng, nên mọi ngày sau này chắc chắn cũng sẽ dễ như vậy thôi."
edu,"In our psychology department, half of the faculty believe that a behavioral approach is the only valid approach; the other half believe that the only valid approach is psychodynamic. Obviously the most valid approach must be one that incorporates both behavioral and psychodynamic elements.",fallacy of relevance,"Trong khoa tâm lý học của chúng tôi, một nửa giảng viên tin rằng tiếp cận hành vi là cách duy nhất đúng; nửa còn lại khẳng định chỉ có tiếp cận phân tâm học là chuẩn xác. Rõ ràng, cách tiếp cận tối ưu nhất phải là sự kết hợp giữa cả yếu tố hành vi và phân tâm học."
edu,"My teacher says the Earth is flat, so it definitely is flat.",ad hominem,"Thầy giáo tôi bảo Trái Đất phẳng, nên chắc chắn nó phải phẳng rồi."
edu,"Roommate A: We need to talk about your dog. He keeps peeing everywhere and making a mess.
Roommate B: It's not as big of a problem as your cat. The thing sheds all over my clothes!
The above is an example of",fallacy of relevance,"Bạn cùng phòng A: Chúng ta cần nói chuyện về con chó của cậu. Nó cứ tè bậy khắp nơi làm bẩn hết cả nhà.
Bạn cùng phòng B: Vấn đề đó đâu có nghiêm trọng bằng con mèo của cậu đâu. Nó rụng lông đầy vào quần áo của tớ kìa!"
edu,"Preys on people’s emotions and sensitivities, can turn into a slippery slope",appeal to emotion,"Lợi dụng cảm xúc và sự nhạy cảm của con người, có thể dẫn đến hiệu ứng trượt dốc."
edu,"The temperature has dropped this morning, and I also have a headache. The cold weather must be causing my headache.",false causality,Sáng nay nhiệt độ giảm và tôi cũng bị đau đầu. Chắc chắn thời tiết lạnh là nguyên nhân khiến tôi bị đau đầu.
edu,"To justify support for a position by citing an esteemed or well-known figure who supports it.

Para justificar el apoyo a una posición citando a una figura estimada o conocida que lo apoya.",fallacy of credibility,Dùng để biện minh cho một lập trường bằng cách trích dẫn một nhân vật uy tín hoặc nổi tiếng ủng hộ nó.
edu,"If the state can require car seats for small children and infants, they can just as easily require mothers to breast-feed instead of using formula.",fallacy of logic,"Nếu nhà nước có thể bắt buộc trẻ nhỏ phải dùng ghế ngồi an toàn trên ô tô, thì họ cũng có thể dễ dàng bắt các bà mẹ phải cho con bú thay vì dùng sữa công thức."
edu,"Cassie has no school spirit—she never comes to any of our football games.
guilt by association: a negative association intended to discredit someone or something",false dilemma,Cassie chẳng có tinh thần trường lớp gì cả—cô ấy chẳng bao giờ đến xem các trận bóng của chúng ta cả. (ngụy biện quy chụp qua liên đới)
edu,"""Standardized dress should be used in schools because kids should wear standardized dress.""",circular reasoning,Trường học cần áp dụng đồng phục vì học sinh nên mặc đồng phục.
edu,"Because cases spiked rapidly in New York City back in March, it justified us closing down the whole country.",faulty generalization,"Vì ca nhiễm tăng vọt ở New York vào tháng Ba, nên việc phong tỏa cả nước là hoàn toàn hợp lý."
edu,"Good people don't lie. You told a lie. Therefore, you are not a good person.",fallacy of logic,"Người tốt thì không bao giờ nói dối. Bạn đã nói dối. Vậy nên, bạn không phải người tốt."
edu,Has your clinic stopped those unethical practices yet?,intentional,Phòng khám của các người đã chấm dứt những hành vi phi đạo đức đó chưa?
edu,"""Advocates of legalized abortion predicted it would solve our social problems. Instead, this destruction of one-fourth of a generation has left a more violent society in its wake: Child abuse has exploded, from 167,000 estimated cases in 1973 to 2.4 million in 1989, according to the National Center of Child Abuse and Neglect - a 1,400% increase. Teen suicide, among non-aborted and thus presumably ""wanted"" children, has doubled. Violent crime has more than doubled.""",fallacy of extension,"Những người ủng hộ hợp pháp hóa phá thai từng dự đoán nó sẽ giải quyết các vấn đề xã hội. Thay vào đó, sự hủy diệt một phần tư thế hệ này đã để lại một xã hội bạo lực hơn: Bạo hành trẻ em đã bùng nổ, từ ước tính 167.000 ca năm 1973 lên 2,4 triệu ca năm 1989 - tăng 1.400%. Tự tử ở thanh thiếu niên cũng tăng gấp đôi. Tội phạm bạo lực tăng hơn gấp đôi."
edu,"Hi, I’m Troy McClure. You might remember me from such films as The Day the Peacock Died. After filming scenes with feathered co-stars all day, there’s nothing I enjoy more than a bucket of Buster’s Chicken. It’s chickentastic!",fallacy of credibility,"Chào, tôi là Troy McClure. Bạn có thể nhớ tôi qua những bộ phim như 'Ngày con công chết'. Sau cả ngày quay phim cùng các bạn diễn có lông vũ, chẳng gì tôi thích hơn là một xô gà rán Buster's. Gà ngon tuyệt cú mèo!"
edu,"Jimmy stole Tommy’s lunch in the past.

Therefore, it is acceptable for Tommy to steal Jimmy’s lunch today.

",fallacy of relevance,"Jimmy từng lấy trộm bữa trưa của Tommy trong quá khứ. Vì vậy, việc Tommy lấy trộm bữa trưa của Jimmy ngày hôm nay là hoàn toàn chấp nhận được."
edu,"Dr. Simmons: I am working on a way to lengthen the human lifespan to about 200 years.
Misty: You are declaring war on Mother Nature, and Mother Nature always wins!",equivocation,"Tiến sĩ Simmons: Tôi đang nghiên cứu cách kéo dài tuổi thọ con người lên khoảng 200 năm. Misty: Ông đang tuyên chiến với Mẹ Thiên nhiên, và Mẹ Thiên nhiên thì không bao giờ thua cuộc đâu!"
edu,"You never even finished law school, so why should I trust you to watch my children?",ad hominem,"Đến trường luật bạn còn chẳng học xong, vậy tại sao tôi phải tin tưởng giao con cho bạn trông?"
edu,A news story that reported that Captain Shah was under investigation was shared widely on social media. He must have been the individual who caused the crash.,ad populum,Một bản tin nói rằng Cơ trưởng Shah đang bị điều tra đã được chia sẻ rộng rãi trên mạng xã hội. Chắc chắn ông ta chính là người gây ra vụ tai nạn.
edu,"""If my hair looks nice, people will love me.""",fallacy of logic,"Nếu tóc tôi trông đẹp, mọi người sẽ yêu quý tôi."
edu,"Since it was a deathbed confession, it must be true.",ad hominem,"Vì đó là lời trăng trối trước khi chết, nên nó chắc chắn phải là sự thật."
edu,"I don't know about you, but I would never take the word of a woman who never finished school.",ad hominem,"Tôi không biết bạn thế nào, nhưng tôi sẽ chẳng bao giờ tin lời một người phụ nữ chưa học hết cấp ba cả."
edu,"If we use just one more can of hairspray this month, earth as we know it will no longer exist.",faulty generalization,"Nếu chúng ta dùng thêm đúng một bình xịt tóc nữa trong tháng này, Trái đất như chúng ta biết sẽ không còn tồn tại nữa."
edu,"If there is objective morality, then good moral behavior will be rewarded after death.  I want to be rewarded; therefore, morality must be objective.",appeal to emotion,"Nếu có đạo đức khách quan, thì hành vi đạo đức tốt sẽ được đền đáp sau khi chết. Tôi muốn được đền đáp; do đó, đạo đức phải là thứ khách quan."
edu,"The ideas from that member of the club are wrong, but he isn’t actually a true member of the club so his ideas do not matter.",intentional,"Những ý tưởng từ thành viên đó của câu lạc bộ là sai, nhưng anh ta thực chất không phải là thành viên đích thực của câu lạc bộ nên ý tưởng của anh ta chẳng có nghĩa lý gì."
edu,"""I know the exam is graded based on performance, but you should give me an A. My cat has been sick, my car broke down, and I've had a cold, so it was really hard for me to study!""",appeal to emotion,"Tôi biết bài thi được chấm dựa trên năng lực, nhưng thầy nên cho em điểm A. Con mèo của em bị ốm, xe của em bị hỏng, và em lại bị cảm lạnh, nên thật sự rất khó để em ôn thi!"
edu,"Religion may have been wrong about a few things, but science has been wrong about many more things!",faulty generalization,"Tôn giáo có thể đã sai vài điều, nhưng khoa học còn sai nhiều thứ hơn thế nhiều!"
edu,"""Let's look instead at what my opponent proposes to do with your hard earned money!""
This is an example of which type of logical fallacy?",fallacy of relevance,Hãy nhìn vào những gì đối thủ của tôi định làm với số tiền khó nhọc của các bạn thay vì thế! Đây là ví dụ cho loại ngụy biện nào?
edu,"To my knowledge, there are no studies supporting this approach. Therefore, I see no reason to change our routine.",intentional,"Theo tôi biết thì chẳng có nghiên cứu nào ủng hộ cách tiếp cận này cả, nên tôi thấy chẳng có lý do gì để mình phải thay đổi thói quen hiện tại hết."
edu,"Billy - ""Spanish is easy."" Bobby - ""Don't listen to Billy; he failed Spanish class last year. """,ad hominem,"Billy: ""Tiếng Tây Ban Nha dễ ợt."" Bobby: ""Đừng nghe nó, năm ngoái nó vừa trượt môn đó xong."""
edu,All dogs go to heaven.,faulty generalization,Mọi chú chó đều được lên thiên đàng.
edu,"Becky: I think capital punishment is a necessary component of our justice system and should remain legal.
Alex: So you are saying that murder should be legal and it is okay for us to go around killing people just because we think they deserve it? That isn't right.

Of what fallacy is Alex guilty?",fallacy of extension,Becky: Tôi nghĩ án tử hình là một phần cần thiết của hệ thống tư pháp và nên được giữ lại. Alex: Vậy ý cậu là giết người là hợp pháp và chúng ta cứ tự ý tước đoạt mạng sống của người khác chỉ vì chúng ta cho rằng họ đáng bị như vậy sao? Thật không thể chấp nhận được. Alex đã mắc phải lỗi ngụy biện gì?
edu,"If Joe robbed a bank then he has a million dollars. Joe has a million dollars, so Joe robbed a bank.",fallacy of logic,"Nếu Joe cướp ngân hàng thì hắn có một triệu đô. Joe đang có một triệu đô, vậy nên chắc chắn Joe đã cướp ngân hàng."
edu,"James' mom is concerned when she finds out that he skipped class one day. She tells him that she is concerned that since he skipped one class, he will start skipping more frequently. Then he will drop out altogether, never graduate or get into college, and end up unemployed and living at home for the rest of his life. What type of fallacy has James' mom committed?",faulty generalization,"Mẹ của James rất lo lắng khi biết cậu trốn học một buổi. Bà bảo rằng nếu cậu trốn học một buổi, cậu sẽ bắt đầu trốn học thường xuyên hơn. Rồi cậu sẽ bỏ học hoàn toàn, không bao giờ tốt nghiệp hay vào được đại học, cuối cùng là thất nghiệp và ăn bám gia đình suốt đời. Mẹ của James đã mắc phải lỗi ngụy biện gì?"
edu,"""You can never give anyone a break. If you do, they'll walk all over you.""",faulty generalization,"Đừng bao giờ nhân nhượng với ai cả. Nếu bạn làm vậy, họ sẽ leo lên đầu lên cổ bạn ngay."
edu,"If we allow students to have cell phones, it will lead to chaos in the classroom.  If we have chaos in the classroom, the students will fail to learn.  If they fail to learn, their lives will be ruined forever!",faulty generalization,"Nếu chúng ta cho phép học sinh dùng điện thoại, lớp học sẽ trở nên hỗn loạn. Nếu lớp học hỗn loạn, học sinh sẽ không học hành gì được. Nếu chúng không học được, cả cuộc đời của chúng sẽ tan tành mãi mãi!"
edu,"Noisy children are a real headache. Two aspirin will make a headache go away. Therefore, two aspirin will make noisy children go away.",equivocation,"Trẻ con ồn ào đúng là nhức đầu thật. Hai viên aspirin sẽ làm cơn đau đầu biến mất. Vậy nên, hai viên aspirin sẽ giải quyết được vấn đề trẻ con ồn ào."
edu,"It’s true that this company hasn’t given raises in the last 5 years, but we work really hard to ensure that we have a quality product and good customer service.",fallacy of relevance,"Đúng là công ty này không tăng lương suốt 5 năm qua, nhưng chúng tôi vẫn làm việc cực kỳ chăm chỉ để đảm bảo chất lượng sản phẩm và dịch vụ khách hàng tốt nhất."
edu,"""Finish your dinner. There are starving children in Africa."" is an example of",fallacy of relevance,"""Ăn hết cơm đi. Có những đứa trẻ ở châu Phi đang chết đói đấy"" là ví dụ của"
edu,"You say that we have exaggerated the problem with global warming, but have you even considered how much more the homeless suffer when temperatures soar?",fallacy of relevance,"Bạn nói rằng chúng ta đã thổi phồng vấn đề nóng lên toàn cầu, nhưng bạn đã bao giờ cân nhắc việc người vô gia cư phải chịu đựng thế nào khi nhiệt độ tăng cao chưa?"
edu,"My opponent raises a good point, but can we really trust him? I mean he moved to this town only two years ago and everyone knows that his wife left him.",ad hominem,"Đối thủ của tôi đưa ra luận điểm hay đấy, nhưng chúng ta có thực sự tin được hắn ta không? Ý tôi là hắn mới chuyển đến thị trấn này có hai năm và ai cũng biết vợ hắn vừa bỏ hắn rồi."
edu,"MeowMeowTweet is American-made skincare. I used it, and it gave me zits. American-made skincare gives people acne.",faulty generalization,MeowMeowTweet là sản phẩm chăm sóc da của Mỹ. Tôi dùng và bị mụn. Suy ra mỹ phẩm chăm sóc da của Mỹ gây mụn.
edu,"Marie notices that many of her friends have started eating a low-carb diet and drinking protein shakes. Marie decides that this must be the healthy way to eat, so she joins them.",ad populum,"Marie thấy nhiều bạn bè bắt đầu ăn kiêng ít tinh bột và uống protein lắc. Marie quyết định đây hẳn là cách ăn uống lành mạnh, nên cô ấy cũng hùa theo."
edu,"My first time walking the dog went terribly, so my dog is a terrible one.",faulty generalization,"Lần đầu tôi dắt chó đi dạo quá tệ, nên con chó của tôi là một con chó tồi tệ."
edu,It must be acknowledged that [whatever psychological test battery I use] is the only legitimate test battery.,circular reasoning,Phải thừa nhận rằng [bất kỳ bộ bài kiểm tra tâm lý nào tôi dùng] mới là bộ kiểm tra chính thống duy nhất.
edu,"""If a black cat crosses your path you will have bad luck.""",false causality,"""Nếu một con mèo đen băng qua đường, bạn sẽ gặp xui xẻo."""
edu,"""She is the best candidate for president because she is better than the other candidates!""",circular reasoning,"""Cô ấy là ứng viên tổng thống tốt nhất vì cô ấy giỏi hơn các ứng viên khác!"""
edu,Trans fats are as bad as biological weapons.,fallacy of relevance,Chất béo chuyển hóa (trans fats) cũng độc hại ngang ngửa vũ khí sinh học.
edu,"Only a mentally ill person would kill someone, so anyone who kills someone is automatically mentally ill.",circular reasoning,"Chỉ người bị bệnh tâm thần mới đi giết người, nên bất cứ ai giết người thì mặc định họ bị tâm thần."
edu,"I thought you cared about other people, but I didn't see you at the fundraiser for the Children's Hospital ...",false dilemma,"Tôi cứ tưởng bạn là người quan tâm đến người khác, hóa ra tôi chẳng thấy bạn ở buổi gây quỹ cho Bệnh viện Nhi đâu cả..."
edu,"Power lines cause cancer.  I met a little boy with cancer who lived just 20 miles from a power line who looked into my eyes and said, in his weak voice, “Please do whatever you can so that other kids won’t have to go through what I am going through.”",appeal to emotion,"Đường dây điện gây ung thư đấy. Tôi đã gặp một cậu bé bị ung thư sống cách đường dây điện 20 dặm, nhóc ấy nhìn thẳng vào mắt tôi và thều thào: 'Làm ơn hãy làm gì đó đi để những đứa trẻ khác không phải chịu đựng như cháu'."
edu,"You smoke pot? If you keep doing that, you’ll be a heroin addict within two years.",faulty generalization,Bạn hút cần sa à? Cứ đà này thì chẳng quá hai năm nữa là bạn thành con nghiện heroin cho xem.
edu,Saying that men don't ever ask for directions,faulty generalization,Việc cho rằng đàn ông không bao giờ chịu hỏi đường
edu,Just give me a chance to prove it to you. I can’t live this life if you will leave me. My world will stop to turn around. I will not be able to eat nor drink.,appeal to emotion,"Cho tôi một cơ hội chứng minh đi. Tôi không thể sống nổi nếu bạn rời bỏ tôi. Thế giới của tôi sẽ ngừng quay, tôi sẽ chẳng còn thiết ăn uống gì nữa đâu."
edu,"All cats are animals.
Some pets are cats.
Therefore, some pets are not animals.",fallacy of logic,"Mọi con mèo đều là động vật. Một vài thú cưng là mèo. Vậy nên, một vài thú cưng không phải là động vật."
edu,"I am going into surgery tomorrow so please pray for me.  If enough people pray for me, God will protect me from harm and see to it that I have a successful surgery and speedy recovery.",appeal to emotion,"Ngày mai tôi phẫu thuật rồi, làm ơn cầu nguyện cho tôi nhé. Chỉ cần đủ người cầu nguyện, Chúa sẽ bảo vệ tôi khỏi hiểm nguy, giúp ca mổ thành công và tôi sẽ sớm bình phục."
edu,"Water fluoridation affects the brain. Citywide, student’s test scores began to drop five months after fluoridation began. The water fluoridation must have caused the student's test scores to drop.",false causality,"Clo hóa nước gây ảnh hưởng tới não bộ. Trên toàn thành phố, điểm thi của học sinh bắt đầu giảm sau 5 tháng kể từ khi bắt đầu clo hóa nước. Vậy chắc chắn việc clo hóa nước là nguyên nhân khiến điểm số của học sinh giảm."
edu,"Billy - ""An apple is a vegetable.""  
Bobby - ""Don't listen to Billy; he failed Spanish class last year. """,ad hominem,Billy - 'Quả táo là một loại rau.' Bobby - 'Đừng nghe thằng Billy; năm ngoái nó còn thi trượt môn tiếng Tây Ban Nha cơ mà.'
edu,"""I believe that PNoy is the Abraham Lincoln of the Philippines.""",fallacy of logic,Tôi tin rằng PNoy chính là Abraham Lincoln của Philippines.
edu,What’s the point of living?  We’re all going to die anyway.,intentional,Sống để làm gì chứ? Dằng nào thì chúng ta cũng sẽ chết thôi.
edu,Covid-19 is like 10 people doing arts and crafts together and one of them is working with glitter. How many art projects in the group get glitter on them?,fallacy of logic,Covid-19 giống như việc 10 người cùng làm đồ thủ công mỹ nghệ và một người trong số đó dùng kim tuyến vậy. Hỏi có bao nhiêu dự án trong nhóm bị dính kim tuyến?
edu,"""Andrea Dworkin has written several books arguing that the media harms women when it comes to body image. But Dworkin is an ugly, bitter person, so you shouldn't listen to her.""",ad hominem,"Andrea Dworkin đã viết vài cuốn sách lập luận rằng truyền thông gây hại cho phụ nữ về vấn đề hình thể. Nhưng Dworkin là một người xấu xí và cay nghiệt, nên bạn đừng nghe bà ta làm gì."
edu,"You must obey the law, because it’s illegal to break the law.",circular reasoning,"Bạn phải tuân thủ pháp luật, bởi vì làm trái pháp luật là phạm pháp."
edu,"I've only read a couple pages of this book, and I've already found a typo. There's no way I'm reading the rest of this garbage.",faulty generalization,Tôi mới chỉ đọc vài trang của cuốn sách này mà đã thấy có lỗi chính tả rồi. Không đời nào tôi đọc nốt đống rác này đâu.
edu,"She asserts that we need more military spending, but that is false, since she is only saying it because she is a Republican.",ad hominem,"Bà ấy khẳng định rằng chúng ta cần tăng ngân sách quân sự, nhưng điều đó là sai, vì bà ấy chỉ nói vậy vì bà ấy là người của Đảng Cộng hòa thôi."
edu,"The book Investing for Dummies really helped me understand my finances better. The book Chess for Dummies was written by the same author, was published by the same press, and costs about the same amount, so it would probably help me understand my finances as well.",fallacy of logic,"Cuốn sách 'Đầu tư cho người mới bắt đầu' đã thực sự giúp tôi hiểu rõ hơn về tài chính của mình. Cuốn 'Cờ vua cho người mới bắt đầu' cũng cùng một tác giả, cùng một nhà xuất bản và có giá tương đương, nên chắc là nó cũng sẽ giúp tôi hiểu rõ về tài chính thôi."
edu,Do you support freedom and the right to bear arms ?,intentional,Bạn có ủng hộ tự do và quyền sở hữu vũ khí không?
edu,"Without this additional insurance, you could find yourself broke and homeless.",appeal to emotion,"Nếu không có gói bảo hiểm bổ sung này, bạn có thể sẽ trắng tay và vô gia cư đấy."
edu,"Bill and Jill are arguing about cleaning out their closets: 
Jill: ""We should clean out the closets. They are getting a bit messy."" 
Bill: ""Why, we just went through those closets last year. Do we have to clean them out everyday?"" 
Jill: ""I never said anything about cleaning them out every day. You just want too keep all your junk forever, which is just ridiculous.""",fallacy of extension,"Bill và Jill đang tranh cãi về việc dọn dẹp tủ quần áo: Jill: 'Chúng ta nên dọn tủ đi, chúng bắt đầu bừa bộn rồi đấy.' Bill: 'Tại sao chứ, năm ngoái chúng ta vừa mới dọn xong. Chẳng lẽ ngày nào cũng phải dọn sao?' Jill: 'Tôi đâu có nói ngày nào cũng phải dọn. Anh chỉ đang cố giữ khư khư đống rác của mình thôi, thật nực cười.'"
edu,"""I will end this war in Iraq responsibly, and finish the fight against al Qaeda and the Taliban in Afghanistan. I will rebuild our military to meet future conflicts. But I will also renew the tough, direct diplomacy that can prevent Iran from obtaining nuclear weapons and curb Russian aggression. I will build new partnerships to defeat the threats of the 21st century: terrorism and nuclear proliferation; poverty and genocide; climate change and disease. And I will restore our moral standing, so that America is once again that last, best hope for all who are called to the cause of freedom, who long for lives of peace, and who yearn for a better future.""  Which appeal is the primary appeal used in this quote?",fallacy of credibility,"Tôi sẽ chấm dứt cuộc chiến ở Iraq một cách trách nhiệm, kết thúc cuộc chiến chống al-Qaeda và Taliban tại Afghanistan. Tôi sẽ tái thiết quân đội để đối mặt với các xung đột tương lai. Nhưng tôi cũng sẽ khôi phục nền ngoại giao cứng rắn, trực diện để ngăn Iran sở hữu vũ khí hạt nhân và kiềm chế sự hung hăng của Nga. Tôi sẽ xây dựng các quan hệ đối tác mới để đánh bại những mối đe dọa của thế kỷ 21: chủ nghĩa khủng bố, phổ biến vũ khí hạt nhân, nghèo đói, diệt chủng, biến đổi khí hậu và dịch bệnh. Và tôi sẽ khôi phục vị thế đạo đức của chúng ta, để nước Mỹ một lần nữa trở thành niềm hy vọng cuối cùng và tốt đẹp nhất cho tất cả những ai hướng về sự tự do, khao khát hòa bình và mong cầu một tương lai tươi sáng. Lời kêu gọi nào là trọng tâm trong đoạn trích này?"
edu,Senator Lewis says we should not fund the missile attack program. I disagree. I don't know why she wants to leave us defenseless like that.,fallacy of extension,Thượng nghị sĩ Lewis nói rằng chúng ta không nên tài trợ cho chương trình tấn công tên lửa. Tôi không đồng ý. Tôi không hiểu tại sao bà ấy lại muốn để chúng ta rơi vào tình thế không có khả năng phòng thủ như vậy.
edu,He can't be a great athlete; he didn't adopt the stray dog on the street.,ad hominem,Anh ta không thể là một vận động viên vĩ đại được; anh ta còn chẳng thèm nhận nuôi con chó hoang ngoài đường kia kìa.
edu,Kevin's grandparents do not know how to use a computer. Kevin thinks that all older people must be computer illiterate.,faulty generalization,Ông bà của Kevin không biết dùng máy tính. Kevin cho rằng tất cả những người lớn tuổi đều mù công nghệ.
edu,"I'm not surprised, frankly, that someone who gets lost in his own neighborhood would argue that New York has better pizza than Chicago.",ad hominem,Thú thật là tôi không ngạc nhiên khi một kẻ ngay cả trong khu phố mình sống còn bị lạc lại đi khẳng định rằng pizza ở New York ngon hơn ở Chicago.
edu,"The number of off-leash dogs I've seen in Livingston is completely unacceptable. Let's make our streets safe again by addressing this dog problem, before our city becomes a haven for criminals.",fallacy of relevance,"Số lượng chó không rọ mõm tôi thấy ở Livingston là hoàn toàn không thể chấp nhận được. Hãy làm cho đường phố an toàn trở lại bằng cách giải quyết vấn đề chó thả rông này, trước khi thành phố chúng ta trở thành nơi trú ẩn cho tội phạm."
edu,"The reason everyone wants the new ""Slap Me Silly Elmo"" doll is because this is the hottest toy of the season!",circular reasoning,Lý do ai cũng muốn có búp bê 'Slap Me Silly Elmo' là vì đây là món đồ chơi hot nhất mùa này!
edu,"An increasing number of people are keeping ferrets as pets, so they must make wonderful companion animals.",ad populum,"Ngày càng có nhiều người nuôi chồn làm thú cưng, nên chắc chắn chúng phải là những người bạn đồng hành tuyệt vời."
edu,"Miller Lite is cheap beer, so the Guinness will be cheap, too",faulty generalization,"Miller Lite là loại bia rẻ tiền, nên Guinness cũng sẽ là bia rẻ tiền thôi."
edu,"His house is about half the size of most houses in the neighborhood. Therefore, his doors must all be about 3 1/2 feet high.",faulty generalization,"Nhà anh ta chỉ bằng nửa những căn khác trong khu phố, thế nên chắc chắn cửa nhà anh ta cũng chỉ cao tầm một mét thôi."
edu,"Ten years ago I got a 170 on the LSAT, so I expect to get the same score again.",faulty generalization,"Mười năm trước tôi từng đạt 170 điểm LSAT, nên tôi tin rằng lần này mình cũng sẽ đạt số điểm tương đương."
edu,My opponent is a card-carrying member of the K.K.K.,faulty generalization,Đối thủ của tôi là một thành viên cốt cán của tổ chức K.K.K.
edu,1. “Michael Jordan wore his UNC shorts during every game he played in the NBA and he won 6 championships.”,false causality,1. “Michael Jordan luôn mặc chiếc quần đùi thời đại học dưới đồng phục thi đấu NBA và anh ấy đã giành tới 6 chức vô địch.”
edu,"The shopping is a red herring, since the original issue was
video games. 
",fallacy of relevance,"Chuyện mua sắm chỉ là một chiêu đánh lạc hướng thôi, vấn đề cốt lõi ở đây vốn dĩ là trò chơi điện tử."
edu,"Bert: I've been learning about the Second World War lately. I found that America provoked Japan into attacking Pearl Harbor. I don't think that was the right thing to do.
Jenny: Oh, so you are now taking the side of Axis? Do you think Germany and Japan were right to do what they did?",fallacy of extension,"Bert: Dạo này mình đang tìm hiểu về Thế chiến II. Mình thấy Mỹ đã khiêu khích Nhật Bản để họ tấn công Trân Châu Cảng, và mình không nghĩ làm vậy là đúng. Jenny: Ồ, vậy ra giờ cậu đang đứng về phía phe Trục đấy à? Cậu nghĩ phát xít Đức với Nhật làm thế là đúng đắn hả?"
edu,"I would have done my homework, but my refrigerator stopped working.",fallacy of logic,"Lẽ ra tôi đã làm bài tập về nhà rồi, nhưng tủ lạnh nhà tôi bỗng dưng hỏng."
edu,"I ate Oreos, and then I was sick the next day. It must have been the Oreos that caused my sickness.",false causality,Tôi đã ăn bánh Oreo và hôm sau tôi bị ốm. Chắc chắn là do đống bánh Oreo đó làm tôi đổ bệnh rồi.
edu,"Cari says that we need a major overhaul in education. Cari gets a speeding ticket every other week, so maybe she should learn how to drive instead of worrying about schools.",ad hominem,"Cari bảo rằng chúng ta cần cải tổ toàn diện nền giáo dục. Mà tuần nào Cari cũng bị phạt chạy quá tốc độ, nên có lẽ cô ta nên học cách lái xe trước khi lo chuyện trường lớp thì hơn."
edu,"""I drank bottled water and now I am sick, so the water must have made me sick.""

What logical fallacy is used in the statement above?",false causality,"Tôi đã uống nước đóng chai và giờ tôi bị ốm, vậy nên chắc chắn là do nước đóng chai làm tôi đổ bệnh. Câu phát biểu trên mắc lỗi ngụy biện nào?"
edu,Why doesn't Tim get a real job like normal people instead of trying to launch that Internet business from home?,fallacy of credibility,"Sao thằng Tim không đi kiếm một công việc tử tế như người bình thường đi, cứ đâm đầu vào cái trò kinh doanh online tại nhà làm gì?"
edu,"Every time I go to sleep, the sun goes down.  Therefore, my going to sleep causes the sun to set.",false causality,"Mỗi lần tôi đi ngủ là mặt trời lặn. Suy ra, việc tôi đi ngủ chính là nguyên nhân làm mặt trời lặn."
edu,"""It rained and then we lost the game. Every time it rains, we're going to lose.""",false causality,Trời mưa xong rồi chúng ta thua trận đấu. Cứ hễ trời mưa là kiểu gì chúng ta cũng thua cho xem.
edu,Sandra is an angel from heaven. She gave me a free lunch today.,fallacy of logic,Sandra đúng là thiên thần. Hôm nay cô ấy vừa mời tôi ăn trưa miễn phí xong.
edu,This guy in my class with glasses always talks in class so all guys with glasses are talkative.,faulty generalization,"Thằng cha đeo kính trong lớp tôi lúc nào cũng nói chuyện, nên chắc chắn mấy đứa đeo kính đứa nào cũng nói nhiều."
edu,“Harold’s new book is well-written because Harold is a wonderful writer.”,circular reasoning,Cuốn sách mới của Harold viết rất hay bởi vì Harold là một người viết lách tuyệt vời.
edu,"""You should never break traffic laws.""
""Who are you to speak? You've gotten over fifteen speeding tickets!"" What is this?",ad hominem,Cậu không bao giờ được phép vi phạm luật giao thông. - Ông là ai mà lên giọng dạy đời tôi? Chính ông cũng bị phạt quá tốc độ tới 15 lần rồi còn gì!
edu,We shouldn't let teenagers keep their phones just because they're upset at losing them; most babies cry when you take their toys away too.,fallacy of logic,Chúng ta không nên chiều theo việc giữ điện thoại của bọn trẻ chỉ vì chúng khóc lóc; trẻ con đứa nào chả khóc váng lên khi bị lấy mất đồ chơi.
edu,"Ted: Biological evolution is both a theory and a fact.
Edwin: That is ridiculous!  How can you possibly be absolutely certain that we evolved from pond scum!
Ted: Actually, that is a gross misrepresentation of my assertion.  I never claimed we evolved from pond scum.  Unlike math and logic, science is based on empirical evidence and, therefore, a scientific fact is something that is confirmed to such a degree that it would be perverse to withhold provisional consent.  The empirical evidence for the fact that biological evolution does occur falls into this category.
",fallacy of extension,"Ted: Tiến hóa sinh học vừa là một lý thuyết, vừa là một sự thật. Edwin: Nực cười! Làm sao anh dám chắc chắn tuyệt đối rằng chúng ta tiến hóa từ đám bọt ao tù chứ! Ted: Thực ra đó là sự bóp méo hoàn toàn quan điểm của tôi. Tôi chưa bao giờ nói chúng ta tiến hóa từ bọt ao cả. Không giống như toán học hay logic, khoa học dựa trên bằng chứng thực nghiệm, vì vậy một sự thật khoa học là thứ được xác nhận đến mức việc từ chối công nhận nó là sự bảo thủ vô lý. Các bằng chứng thực nghiệm về việc tiến hóa sinh học thực sự diễn ra thuộc phạm trù này."
edu,There was a fight at school today. Violence is a growing problem in school.,faulty generalization,Hôm nay ở trường có một vụ ẩu đả. Bạo lực học đường đang là vấn đề ngày càng nghiêm trọng.
edu,"You think labor unions are good? You know who else liked labor unions? Karl Marx, that’s who.",ad hominem,Bạn ủng hộ công đoàn à? Bạn biết ai cũng thích công đoàn không? Karl Marx đấy.
edu,"It is possible aliens built the pyramids. Therefore, aliens built the pyramids.",fallacy of logic,"Việc người ngoài hành tinh xây kim tự tháp là có khả năng xảy ra. Vì vậy, người ngoài hành tinh chính là những người đã xây kim tự tháp."
edu,The picture on Jim's old TV set goes out of focus. Jim goes over and strikes the TV soundly on the side and the picture goes back into focus. Jim tells his friend that hitting the TV fixed it.,false causality,Hình ảnh trên chiếc TV cũ của Jim bị nhòe. Jim đập mạnh vào bên hông TV và hình ảnh trở lại bình thường. Jim bảo bạn mình rằng việc đập vào TV đã sửa được nó.
edu,This coin has landed heads-up nine times in a row. So it will probably land tails-up next time it is tossed.,false causality,Đồng xu này đã ngửa 9 lần liên tiếp rồi. Thế nên lần tới tung chắc chắn nó sẽ sấp thôi.
edu,argues that a proposition is true because it has not yet been proven false,intentional,lập luận rằng một mệnh đề là đúng vì nó chưa được chứng minh là sai
edu,I guess I should buy my 14 year old a new iPhone since everyone at her school has one.,ad populum,"Chắc tôi phải mua cho con gái 14 tuổi của mình một chiếc iPhone mới thôi, vì ở trường đứa nào cũng có cả."
edu,"Siblings Dan and Joe had a serious argument, and Dan told Joe that he hated him and wished that he would get hit by a car. Two days later, Dan was told that Joe had been struck by a car. Dan blamed himself and thought that if he hadn’t made the comment during their fight, Joe would not have been hit.",false causality,"Hai anh em Dan và Joe cãi nhau dữ dội, Dan bảo với Joe rằng nó ghét Joe và mong Joe bị xe tông. Hai ngày sau, Dan nghe tin Joe bị xe tông thật. Dan tự dằn vặt bản thân và nghĩ rằng nếu mình không nói câu đó khi cãi nhau, Joe đã không bị xe tông."
edu,Photo shows flying saucer,fallacy of logic,Bức ảnh chụp đĩa bay
edu,Students are poor writers because they watch too much TV,false causality,Sinh viên viết văn kém là vì họ xem TV quá nhiều
edu,"If we let your brother stay, we’ll have to let your whole family stay.",faulty generalization,"Nếu chúng ta cho anh trai bạn ở lại, chúng ta sẽ phải cho cả gia đình bạn ở lại."
edu,Justifies a claim because a large group favors it,ad populum,Biện minh cho một luận điểm chỉ vì đa số mọi người đều ủng hộ nó.
edu,Which type of logical fallacy is used when a writer incorrectly states that one event has caused another?,false causality,Khi một người viết khẳng định sai lệch rằng sự kiện này là nguyên nhân gây ra sự kiện kia thì đó là loại ngụy biện nào?
edu,Politician: Taxes are too hard to understand. The government must be tricking us and taking our money. We need to simplify our taxes!,intentional,Chính trị gia: Thuế quá phức tạp để hiểu. Chính phủ hẳn là đang lừa đảo chúng ta và móc túi tiền của chúng ta. Chúng ta cần phải đơn giản hóa hệ thống thuế!
edu,"JOHN F. KENNEDY: I'm not satisfied when the United States had last year the lowest rate of economic growth of any major industrialized society in the world… (from opening statement)
RICHARD NIXON: We heard tonight, for example, the statement made that our growth in national product last year was the lowest of any industrial nation in the world. Now last year, of course, was 1958. That happened to be a recession year. But when we look at the growth of G.N.P. this year, a year of recovery, we find that it's six and nine-tenths per cent and one of the highest in the world today… (from opening statement)
September 26, 1960
Chicago, Illinois

What logical fallacy does Kennedy use?",faulty generalization,"JOHN F. KENNEDY: Tôi không hài lòng khi Hoa Kỳ có tỷ lệ tăng trưởng kinh tế thấp nhất trong bất kỳ xã hội công nghiệp hóa lớn nào trên thế giới vào năm ngoái…
RICHARD NIXON: Tối nay chúng ta đã nghe tuyên bố rằng tăng trưởng GDP của chúng ta năm ngoái là thấp nhất trong các quốc gia công nghiệp. Tất nhiên, năm ngoái là năm 1958, một năm suy thoái. Nhưng khi nhìn vào tăng trưởng GDP năm nay, một năm phục hồi, chúng ta thấy con số là 6,9%, thuộc hàng cao nhất thế giới hiện nay…
Ngày 26 tháng 9 năm 1960
Chicago, Illinois

Kennedy đã sử dụng kiểu ngụy biện nào?"
edu,Within every man's heart is the desire to be free.,faulty generalization,Trong thâm tâm mỗi người đều ẩn chứa khát khao được tự do.
edu,Filthy and polluting coal should be banned.,circular reasoning,Phải cấm tiệt than đá vì nó bẩn thỉu và gây ô nhiễm.
edu,"Don't let your children stay up till midnight on New Year's Eve. Before you know it, they'll be demanding to stay up till midnight every night.",faulty generalization,Đừng để lũ trẻ thức đến tận nửa đêm trong đêm giao thừa. Chẳng mấy chốc chúng sẽ đòi thức đến nửa đêm mỗi ngày cho mà xem.
edu,"""Officer, I was only driving as fast as everyone around me. I'm sure I wasn't speeding.""",ad populum,"""Anh cảnh sát ơi, tôi chỉ đang lái xe với tốc độ như mọi người xung quanh thôi. Tôi chắc chắn là mình không chạy quá tốc độ đâu."""
edu,"""If you hadn't vandalized that car, don't you think things would have gone better for you?""",intentional,"""Nếu cậu không đập phá chiếc xe đó thì chẳng phải mọi chuyện đã suôn sẻ hơn với cậu rồi sao?"""
edu,"Most people think the world is flat, therefore it is flat.",ad populum,"Hầu hết mọi người đều nghĩ thế giới phẳng, thế nên nó chắc chắn là phẳng."
edu,"Quinoa is a delicious, plant-based source of protein because it tastes so darn good.",circular reasoning,"Quinoa là nguồn đạm thực vật cực ngon, vì vị của nó thực sự rất tuyệt vời."
edu,We know he’s not lying since he says he’s telling the truth.,circular reasoning,Chúng ta biết anh ta không nói dối vì chính anh ta bảo rằng mình đang nói thật.
edu,"Because 90% of college students polled had no debt, education costs are not a problem.",intentional,"Vì 90% sinh viên được khảo sát không mắc nợ, nên chi phí giáo dục không phải là vấn đề."
edu,"Joe and Sam are at the race track betting on horses. Joe: ""You see that horse over there? He lost his last four races. I'm going to bet on him.""
Sam: ""Why? I think he will probably lose.""
Joe: ""No way, Sam. I looked up the horse's stats and he has won half his races in the past two years. Since he has lost three of his last four races, he'll have to win this race. So I'm betting the farm on him.""
Sam: ""Are you sure?""
Joe: ""Of course I'm sure. That pony is due, man...he's due!""",ad populum,"Joe và Sam đang ở trường đua ngựa. Joe: ""Cậu thấy con ngựa đằng kia không? Nó thua bốn trận gần nhất rồi. Tớ sẽ cược cho nó.""
Sam: ""Tại sao chứ? Tớ nghĩ nó sẽ lại thua thôi.""
Joe: ""Không đời nào, Sam. Tớ đã kiểm tra số liệu rồi, nó thắng một nửa số trận trong hai năm qua. Vì nó đã thua ba trong bốn trận gần nhất, nên trận này thế nào nó cũng phải thắng. Tớ sẽ dồn hết vốn liếng vào nó.""
Sam: ""Cậu chắc chứ?""
Joe: ""Chắc chắn là đằng khác. Đến lúc nó phải thắng rồi, nó đến vận rồi!"""
edu,"The priest told me I should have faith.
I have faith that my son will do well in school this year.
Therefore, the priest should be happy with me.",equivocation,"Vị linh mục bảo tôi nên có đức tin.
Tôi có niềm tin rằng con trai mình sẽ học tốt trong năm nay.
Vì vậy, vị linh mục hẳn phải hài lòng với tôi."
edu,Teacher: If I let you go to the bathroom pretty soon everybody will want to go to the bathroom.,faulty generalization,"Giáo viên: Nếu tôi cho em đi vệ sinh, thì sớm muộn gì cả lớp cũng sẽ đòi đi vệ sinh hết thôi."
edu,"Medical Student: ""No one objects to a physician looking up a difficult case in medical books. Why, then, shouldn't students taking a difficult examination be permitted to use their textbooks?""",fallacy of logic,"Sinh viên y khoa: ""Không ai phản đối việc bác sĩ tra cứu sách y khoa khi gặp ca bệnh khó. Vậy thì tại sao sinh viên làm bài thi khó lại không được phép sử dụng sách giáo khoa?"""
edu,"""If you give a mouse a cookie, he'll want a glass of milk to go with it"" is a book built around THIS fallacy.",faulty generalization,"""Nếu bạn cho một chú chuột một chiếc bánh quy, nó sẽ muốn uống một ly sữa đi kèm"" là một cuốn sách được xây dựng dựa trên ngụy biện NÀY."
edu,"""She teaches engineering, and she said that the proposed bridge was a waste of money. I can't believe she hates our city so much.""",fallacy of extension,"Cô ấy dạy kỹ thuật, và cô ấy nói rằng cây cầu được đề xuất là lãng phí tiền bạc. Tôi không thể tin là cô ấy lại ghét thành phố của chúng ta đến thế."
edu,"The majority of people believe advertisers should spend more money on billboards, so billboards are objectively the best form of advertisement.",ad populum,"Đa số mọi người tin rằng các nhà quảng cáo nên chi nhiều tiền hơn cho bảng hiệu, vì vậy bảng hiệu khách quan là hình thức quảng cáo tốt nhất."
edu,The Senator must be wrong on the issue of taxes because he's such a jerk to the people who work for him.,ad hominem,Thượng nghị sĩ chắc chắn sai về vấn đề thuế vì ông ta đối xử rất tệ với nhân viên của mình.
edu,"""If you never gave money to charity, then you must be a greedy millionaire."" What is this?",false dilemma,"""Nếu bạn chưa bao giờ làm từ thiện, thì chắc hẳn bạn là một triệu phú tham lam."" Đây là cái gì?"
edu,This is an example of....,circular reasoning,Đây là ví dụ của...
edu,"""It rained and we lost the game. Every time it rains, we are going to lose.""",false causality,"""Trời mưa và chúng ta thua trận. Cứ hễ trời mưa là chúng ta sẽ thua."""
edu,You have to invite Jenna to your party because it would not be nice not to invite Jenna.,circular reasoning,Bạn phải mời Jenna đến bữa tiệc vì không mời cô ấy thì thật là không tử tế chút nào.
edu,"The Bible clearly says, “Thou shall not bear false witness.” Therefore, as a Christian, you better answer the door and tell our drunk neighbor with the shotgun, that his wife, whom he is looking to kill, is hiding in our basement. Otherwise, you are defying God himself!",faulty generalization,"Kinh Thánh nói rất rõ: “Ngươi chớ làm chứng dối.” Vì vậy, là một tín đồ Cơ đốc, tốt nhất là bạn nên ra mở cửa và nói với gã hàng xóm say xỉn đang cầm súng săn rằng vợ hắn, người mà hắn đang muốn giết, đang trốn dưới tầng hầm của chúng ta. Nếu không, bạn đang chống lại chính Chúa!"
edu,Why must you always take positions that are so unscientific?,circular reasoning,Tại sao lúc nào bạn cũng phải giữ những quan điểm thiếu khoa học như vậy?
edu,What type of appeal taps into the desire to belong to a group?,ad populum,Loại lập luận nào đánh vào mong muốn được thuộc về một nhóm?
edu,Intentionally using negatively charged words is an example of which technique?,ad hominem,Việc cố tình sử dụng các từ ngữ mang sắc thái tiêu cực là ví dụ của kỹ thuật nào?
edu,"""If you have never been born again, eternal separation from God in the Lake of Fire awaits you. If you are born again, then being with the Lord in heaven forever is your destiny. Which do you choose?""",appeal to emotion,"""Nếu bạn chưa từng được tái sinh, sự chia lìa vĩnh viễn với Chúa trong Hồ Lửa đang chờ đón bạn. Nếu bạn được tái sinh, thì được ở cùng Chúa trên thiên đàng mãi mãi là định mệnh của bạn. Bạn chọn bên nào?"""
edu,"""Everyone wants to be an English teacher.""",faulty generalization,Ai cũng muốn làm giáo viên tiếng Anh cả.
edu,"Either you love bacon, or you're wrong.",false dilemma,"Hoặc là bạn thích ăn thịt xông khói, hoặc là bạn sai rành rành rồi."
edu,"""But this here research must go on. This space effort must go on"" is an example of which logical fallacy?",circular reasoning,"""Nhưng nghiên cứu này phải tiếp tục. Nỗ lực khám phá không gian này phải tiếp tục"" là ví dụ của lỗi ngụy biện nào?"
edu,"Person A: ""What's the weather like?""
Person B: ""It's 2:00""",fallacy of logic,"Người A: ""Thời tiết thế nào rồi?""
Người B: ""Bây giờ là 2 giờ chiều"""
edu,We should move to the Midwest because Mujtaba from the Wall Street Journal says the cost of living is cheaper there.,fallacy of credibility,Chúng ta nên chuyển đến vùng Trung Tây vì Mujtaba từ tờ Wall Street Journal bảo rằng chi phí sinh hoạt ở đó rẻ hơn.
edu,I failed Pre-Cal because my teacher doesn’t like me.,false causality,Tôi trượt môn Giải tích dự bị là vì giáo viên không ưa tôi.
edu,All tall people are good basketball players.,faulty generalization,Tất cả những người cao đều chơi bóng rổ giỏi.
edu,"Don't use iPhones. Teachers use iPhones and teachers are extremely dorky. If you use an iPhone, you will be dorky like a teacher!",faulty generalization,"Đừng dùng iPhone. Giáo viên dùng iPhone mà giáo viên thì cực kỳ nhàm chán. Nếu bạn dùng iPhone, bạn sẽ trở nên nhàm chán như giáo viên vậy!"
edu,"If I don't take this Advanced Placement (A.P.) class, then I won't do well on the exam. If I don't do well on the A.P. exam, then I can't get into a good college. If I can't get into a good college, then I'll never get a good job. If I can't get a good job, then I'm going to have to live in my parents' basement forever. Guess I'll sign up for the A.P. class",faulty generalization,"Nếu mình không học lớp Nâng cao (A.P.) này, mình sẽ làm bài thi không tốt. Nếu không làm tốt bài thi A.P., mình sẽ không vào được trường đại học tốt. Nếu không vào được đại học tốt, mình sẽ chẳng bao giờ có được công việc tử tế. Nếu không có việc tử tế, mình sẽ phải sống bám dưới tầng hầm nhà bố mẹ mãi mãi. Thôi, chắc mình phải đăng ký học lớp A.P. này rồi."
edu,Science fiction books are not worth the time it takes to read them.,faulty generalization,Sách khoa học viễn tưởng không đáng để tốn thời gian đọc đâu.
edu,"Senator Jones supports a strong national defense, and he wants your vote. I would never vote for a coward like him.",ad hominem,Thượng nghị sĩ Jones ủng hộ quốc phòng mạnh mẽ và ông ấy muốn phiếu bầu của bạn. Tôi sẽ không bao giờ bỏ phiếu cho một kẻ hèn nhát như ông ta.
edu,"I hope I presented my argument clearly.  Now, my opponent will attempt to refute my argument by his own fallacious, incoherent, illogical version of history.",ad hominem,"Tôi hy vọng mình đã trình bày lập luận rõ ràng. Giờ thì đối thủ của tôi sẽ cố gắng phản bác bằng phiên bản lịch sử sai lệch, lủng củng và phi logic của riêng anh ta."
edu,Are you still a heavy drinker?,intentional,Bạn vẫn còn nghiện rượu nặng chứ?
edu,"The nuthatch was discovered by Tilly Turnow in the woods, while hopping from branch to branch of an elm tree, singing happily.",equivocation,Loài chim nuthatch được Tilly Turnow phát hiện trong rừng khi đang nhảy nhót từ cành này sang cành khác của một cây du và hót líu lo.
edu,My brother Humza eats cheeseburgers and pizza. He is thin. Cheeseburgers and pizza aren’t the cause of obesity.,faulty generalization,"Anh trai Humza của tôi ăn bánh burger và pizza nhưng vẫn gầy. Vậy nên, burger và pizza không phải là nguyên nhân gây béo phì."
edu,"""Then we had a death. A 32-year-old woman hemorrhaged to death as a result of a cervical laceration. I finally realized, we weren't helping women - we were destroying them.""",appeal to emotion,"Sau đó chúng tôi gặp một ca tử vong. Một phụ nữ 32 tuổi đã xuất huyết đến chết do rách cổ tử cung. Cuối cùng tôi nhận ra, chúng tôi không giúp phụ nữ - chúng tôi đang hủy hoại họ."
edu,Every girl I've dated has been a nurse. I must only be compatible with nurses!,false causality,Mọi cô gái tôi từng hẹn hò đều là y tá. Chắc chắn tôi chỉ hợp với các cô y tá thôi!
edu,"If you allow the students to redo this one test, they will always want to redo all future tests",faulty generalization,"Nếu anh cho phép học sinh làm lại bài kiểm tra này, chúng sẽ luôn đòi làm lại tất cả các bài kiểm tra trong tương lai."
edu,"Because students do not do homework virtually when quarantined, we should get rid of all computers.",fallacy of relevance,"Vì học sinh hầu như không làm bài tập về nhà khi cách ly, chúng ta nên loại bỏ tất cả máy tính."
edu,"The students in my sixth-grade class listen to a lot of reggaeton music. I usually hear reggaeton when they have their headphones or earphones on while working on NoRedInk. All sixth graders must listen to reggaeton.

What type of faulty reasoning is being used?",faulty generalization,Học sinh lớp sáu của tôi nghe rất nhiều nhạc reggaeton. Tôi thường nghe thấy nhạc đó khi chúng đeo tai nghe lúc làm bài trên NoRedInk. Tất cả học sinh lớp sáu chắc chắn đều nghe nhạc reggaeton.
edu,"“We can give cadets awards for doing well, or we can have a disciplined squadron. We can’t do both.”",false dilemma,"Hoặc là chúng ta khen thưởng học viên, hoặc là chúng ta duy trì một phi đội kỷ luật. Không thể có cả hai được."
edu,Art lifts the human spirit.,faulty generalization,Nghệ thuật nâng cao tinh thần con người.
edu,"""Jollibee or McDonalds for lunch?""

The sentence is an example of what fallacy?",false dilemma,"“Ăn trưa ở Jollibee hay McDonald's?”

Câu này là ví dụ của loại ngụy biện nào?"
edu,"If we let our child out of his room, eventually he will want to leave the house, and will end up on the street. If he is walking around on the street then he will be snatched up by a stranger and sold into slavery in a remote region on the World.",faulty generalization,"Nếu chúng ta để con ra khỏi phòng, dần dần nó sẽ muốn rời khỏi nhà, rồi cuối cùng sẽ ra ngoài đường. Nếu nó đi lang thang ngoài đường, nó sẽ bị người lạ bắt cóc và bán làm nô lệ ở một vùng xa xôi nào đó trên thế giới."
edu,We should ban all hairspray or the world will end!,false dilemma,"Chúng ta phải cấm tất cả keo xịt tóc, nếu không thế giới sẽ tận thế!"
edu,"“I know the exam is graded based on performance, but you should give me an A. My cat has been sick, my car broke down, and I’ve had a cold, so it was really hard for me to study!” Demanded Aun.",appeal to emotion,"“Tôi biết bài thi chấm dựa trên kết quả, nhưng thầy nên cho tôi điểm A. Mèo tôi bị ốm, xe tôi hỏng, lại còn bị cảm lạnh nữa, nên tôi thật sự rất khó để học bài!” Aun đòi hỏi."
edu,"You can hardly blame President Clinton for having extramarital affairs. Many presidents, when faced with similar situations, have yielded to the same temptations.",fallacy of relevance,Bạn khó mà trách Tổng thống Clinton chuyện ngoại tình được. Nhiều vị tổng thống khác khi rơi vào tình huống tương tự cũng đã chịu thua trước những cám dỗ đó thôi.
edu,"Believing that ""runs"" occur to statistically independent phenomena such as roulette wheel spins.",false causality,Tin rằng các chuỗi kết quả liên tiếp sẽ xảy ra đối với những hiện tượng độc lập về mặt thống kê như quay cò quay roulette.
edu,"It was observed that persons who went out at night often developed the malady. So night air was assumed to be the cause of malaria, and elaborate precautions were taken to shut it out of sleeping quarters",false causality,"Người ta quan sát thấy những người ra ngoài vào ban đêm thường mắc bệnh. Thế là không khí ban đêm bị coi là nguyên nhân gây bệnh sốt rét, và các biện pháp phức tạp đã được thực hiện để ngăn không khí đó lọt vào phòng ngủ."
edu,"Karen: I am sorry, but if you think man used to ride dinosaurs, then you are obviously not very well educated.
Kent:  First of all, I hold a PhD in creation science, so I am well-educated.  Second of all, your ad hominem attack shows that you are wrong, and man did use to ride dinosaurs.
Karen:  Getting your PhD in a couple of months, from a “college” in a trailer park, is not being well-educated.  My fallacy in no way is evidence for man riding on dinosaurs, and despite what you may think, the Flintstone’s was not a documentary!
",fallacy of logic,"Karen: Tôi xin lỗi, nhưng nếu anh nghĩ con người từng cưỡi khủng long, thì rõ ràng anh không được giáo dục tử tế cho lắm.
Kent: Đầu tiên, tôi có bằng tiến sĩ về khoa học sáng thế, nên tôi được giáo dục đàng hoàng. Thứ hai, đòn tấn công cá nhân (ad hominem) của cô cho thấy cô sai rồi, và con người thực sự đã từng cưỡi khủng long.
Karen: Lấy bằng tiến sĩ trong vài tháng từ một cái “trường đại học” trong khu nhà lưu động thì không được gọi là giáo dục đàng hoàng. Ngụy biện của tôi không hề là bằng chứng cho việc con người cưỡi khủng long, và mặc cho anh nghĩ gì đi nữa, phim Flintstones không phải là phim tài liệu!"
edu,"""I bought a ticket to win a new car at the mall, since I have never won anything like that in the past.""",ad populum,"Tôi đã mua vé để trúng một chiếc xe hơi mới ở trung tâm thương mại, vì từ trước đến nay tôi chưa từng trúng gì cả."
edu,"My dog got sprayed by a skunk this morning on the trail; therefore, trail running is dangerous.",faulty generalization,"Sáng nay con chó của tôi bị chồn hôi phun chất hôi trên đường chạy bộ; vì vậy, chạy bộ đường mòn rất nguy hiểm."
edu,Keeping a dog as a pet is every bit as evil as human slavery.,fallacy of relevance,Nuôi chó làm thú cưng cũng độc ác chẳng kém gì chế độ nô lệ ở người.
edu,"I know the professor said the Bridges of Madison County was smarmy trash and lacked any artistic worth. But I still think he's wrong. After all, it was on the best-seller list for over 100 weeks.",ad populum,"Tôi biết giáo sư nói Bridges of Madison County là thứ rác rưởi rẻ tiền và chẳng có chút giá trị nghệ thuật nào. Nhưng tôi vẫn nghĩ ông ấy sai. Suy cho cùng, nó đã nằm trong danh sách bán chạy nhất hơn 100 tuần cơ mà."
edu,"Eric: For my lottery numbers, I chose 6, 14, 22, 35, 38, 40.  What did you choose?
Steve: I chose 1, 2, 3, 4, 5, 6.
Eric: You idiot!  Those numbers will never come up!",false causality,"Eric: Tôi chọn các số 6, 14, 22, 35, 38, 40 cho xổ số. Còn ông chọn gì?
Steve: Tôi chọn 1, 2, 3, 4, 5, 6.
Eric: Đồ ngốc! Những con số đó không bao giờ xuất hiện đâu!"
edu,"The solar system reminds me of an atom, with planets orbiting the sun like electrons orbiting the nucleus. We know that electrons can jump from orbit to orbit; so we must look to ancient records for sightings of planets jumping from orbit to orbit also.",fallacy of logic,"Hệ mặt trời làm tôi liên tưởng đến một nguyên tử, với các hành tinh quay quanh mặt trời giống như các electron quay quanh hạt nhân. Chúng ta biết rằng các electron có thể nhảy từ quỹ đạo này sang quỹ đạo khác; vì vậy chúng ta phải tìm kiếm trong các ghi chép cổ đại những lần các hành tinh nhảy từ quỹ đạo này sang quỹ đạo khác."
edu,"""Sarah likes to run. All girls must like to run.""",faulty generalization,Sarah thích chạy bộ. Mọi cô gái chắc chắn đều phải thích chạy bộ.
edu,"The car was built with cheap parts, so it only goes to show that the car will fall apart.",ad hominem,"Chiếc xe được sản xuất bằng linh kiện rẻ tiền, vậy nên điều đó chỉ chứng tỏ rằng chiếc xe sớm muộn gì cũng sẽ tan tành."
edu,"Matthieu was the only player on the team who didn't grow a playoff beard, and thus he ended up getting injured.",false causality,"Matthieu là cầu thủ duy nhất trong đội không để râu khi vào vòng playoff, và thế là anh ta bị chấn thương."
edu,"""Yes, we have safety issues in our factory. But we work really hard to make a good product. They sell so well!""",fallacy of relevance,Đúng là chúng tôi có vấn đề về an toàn trong nhà máy. Nhưng chúng tôi làm việc rất chăm chỉ để tạo ra sản phẩm tốt. Chúng bán chạy thế cơ mà!
edu,"Like many issues in the world, what seems to be the biggest ISSUE among the Climate Change DEBATE?",fallacy of extension,"Cũng như bao vấn đề khác trên đời, đâu là vấn đề nhức nhối nhất trong cuộc tranh luận về biến đổi khí hậu?"
edu,"Every time that rooster crows, the sun comes up. The rooster must control the sun.",false causality,Mỗi lần con gà trống gáy là mặt trời mọc. Vậy chắc chắn con gà trống điều khiển mặt trời rồi.
edu,"Consider the following exchange:
Lindsey: I think capital punishment is a necessary component of our justice system and should remain legal.
Kayla: So you are saying that murder should be legal and it is okay for us to go around killing people just because we think they deserve it? That isn't right.
Of what fallacy is Kayla guilty?",fallacy of extension,"Hãy xem xét đoạn đối thoại sau:
Lindsey: Tôi nghĩ tử hình là một thành phần cần thiết của hệ thống tư pháp và nên được giữ lại.
Kayla: Vậy ý bạn là giết người nên được hợp pháp hóa và chúng ta cứ thoải mái đi giết người chỉ vì chúng ta nghĩ họ đáng bị như vậy sao? Thật không đúng chút nào.
Kayla đã mắc phải ngụy biện gì?"
edu,"""Don't listen to Eddie's arguments on education. He didn't even finish high school"" is an example of",ad hominem,"""Đừng nghe mấy lập luận về giáo dục của thằng Eddie làm gì. Nó còn chẳng học xong cấp ba nữa là"" là ví dụ của"
edu,"The Senator thinks we can solve all our ecological problems by driving a Prius

Quite the contrary, the Senator thinks the environment is such a wreck that no one’s car choice or driving habits would make the slightest difference",fallacy of extension,"Vị Thượng nghị sĩ nghĩ rằng chúng ta có thể giải quyết hết các vấn đề sinh thái bằng việc lái xe Prius.

Hoàn toàn ngược lại, vị Thượng nghị sĩ cho rằng môi trường đã nát bét đến mức việc chọn xe hay thói quen lái xe của ai cũng chẳng tạo ra chút khác biệt nào cả."
edu,What she says about Kepler's astronomy theory of the 1600's must be just so much garbage. Do you realize she's only fifteen years old?,ad hominem,Những gì cô ấy nói về thuyết thiên văn học của Kepler những năm 1600 chắc toàn là rác rưởi thôi. Bạn có nhận ra cô ấy mới chỉ mười lăm tuổi không?
edu,"We can’t legalize marijuana; if we do, then the next thing you know people will be strung out on heroin.",faulty generalization,"Chúng ta không thể hợp pháp hóa cần sa; nếu làm vậy, thì chuyện tiếp theo bạn biết đấy, người ta sẽ nghiện ngập heroin hết cả."
edu,"A: “We need to move towards self-driving cars as the next step in greater road safety.”

B: “But what about the self-driving Uber that didn’t stop and killed a pedestrian in Arizona?”",fallacy of extension,"A: ""Chúng ta cần chuyển sang sử dụng xe tự lái như bước tiến tiếp theo để tăng cường an toàn giao thông.""

B: ""Nhưng còn chiếc Uber tự lái đã không dừng lại và đâm chết người đi bộ ở Arizona thì sao?"""
edu,"“It must be cool because everyone is doing it…"" said Kinza",ad populum,"""Nó chắc chắn phải là thứ xịn vì ai cũng đang dùng nó cả mà..."" Kinza nói."
edu,We should abolish the death penalty. Even Judge Judy is opposed to it.,fallacy of credibility,Chúng ta nên bãi bỏ án tử hình. Ngay cả Thẩm phán Judy cũng phản đối nó đấy.
edu,"The owner of the car dealership by my house told me I need a new car, and he would know since he works in the industry.",fallacy of credibility,"Ông chủ đại lý xe gần nhà tôi bảo tôi cần mua xe mới, và ông ấy hẳn phải biết rõ điều đó vì ông ấy làm trong ngành mà."
edu,Believing that the cause of the Reformation was simply Martin Luther posting his theses,false causality,Tin rằng nguyên nhân của cuộc Cải cách chỉ đơn giản là việc Martin Luther dán các luận đề của mình.
edu,"Jane gets a rather large wart on her finger. Based on a story her father told her, she cuts a potato in half, rubs it on the wart and then buries it under the light of a full moon. Over the next month her wart shrinks and eventually vanishes. Jane writes her father to tell him how right he was about the cure.",false causality,"Jane bị một cái mụn cóc khá lớn trên ngón tay. Dựa theo câu chuyện cha cô kể, cô cắt đôi củ khoai tây, xát lên mụn cóc rồi chôn nó dưới ánh trăng tròn. Trong tháng sau đó, mụn cóc nhỏ dần và biến mất. Jane viết thư cho cha để nói rằng ông đã đúng thế nào về cách chữa trị đó."
edu,You either support Hillary Clinton for President or you don’t believe in women’s rights.,false dilemma,"Bạn hoặc là ủng hộ Hillary Clinton làm Tổng thống, hoặc là bạn không tin vào quyền phụ nữ."
edu,This dress code is so bad I feel like I'm in prison.,fallacy of relevance,Cái quy định trang phục này tệ đến mức tôi cảm thấy như đang ở trong tù vậy.
edu,"How can you possibly believe in evolution? That would mean that you believe that an elephant evolved from a mouse, and that’s just ridiculous",fallacy of extension,"Làm sao bạn có thể tin vào thuyết tiến hóa chứ? Điều đó có nghĩa là bạn tin một con voi tiến hóa từ con chuột, nghe thật nực cười."
edu,Labor unions in America are just as bad as Russia under Stalin!,fallacy of relevance,Các công đoàn lao động ở Mỹ cũng tệ hại y như nước Nga dưới thời Stalin vậy!
edu,"Don't let your cousin borrow $10.00. Next, he's going to be borrowing money from you every day.",faulty generalization,"Đừng cho người anh em họ của bạn vay 10 đô. Tiếp theo, hắn sẽ vay tiền bạn mỗi ngày đấy."
edu,"I have been around the block many times, and I have had my share of success.  So believe me when I tell you that there is no better hobby than cat-juggling.",fallacy of credibility,Tôi đã lăn lộn bao nhiêu năm và cũng gặt hái được những thành công nhất định. Vậy nên hãy tin tôi khi tôi nói rằng không có thú vui nào tuyệt hơn việc tung hứng mèo.
edu,Animal rights activists believe that we shouldn't keep animals captive and make them do our will. They would have you abandon your pets in the wilderness.,fallacy of extension,Các nhà hoạt động vì quyền động vật tin rằng chúng ta không nên giam giữ và bắt thú cưng phục tùng ý muốn của mình. Họ muốn bạn bỏ mặc thú cưng của mình nơi hoang dã đấy.
edu,"If you can't prove that Ken had an affair with the nanny, then he's been faithful to his wife.	",false dilemma,"Nếu bạn không chứng minh được Ken ngoại tình với cô bảo mẫu, thì tức là anh ta vẫn chung thủy với vợ mình."
edu,Quite the contrary: The Senator thinks the environment is such a wreck that no one's car choice or driving habits would make the slightest difference.,fallacy of extension,Hoàn toàn ngược lại: Thượng nghị sĩ cho rằng môi trường đã quá tồi tệ đến mức việc ai lái xe gì hay thói quen lái xe ra sao cũng chẳng thay đổi được gì cả.
edu,"The universe has a beginning. Every thing that has a beginning has a cause. Therefore, the universe has a cause called God.",circular reasoning,"Vũ trụ có điểm khởi đầu. Mọi thứ có điểm khởi đầu đều có nguyên nhân. Vì vậy, vũ trụ có một nguyên nhân gọi là Chúa."
edu,"arguing at length that your religion is of great help to many people. Then, concluding that the teachings of your religion are undoubtably true",fallacy of logic,"Dành thời gian dài để tranh luận rằng tôn giáo của bạn có ích cho nhiều người, rồi kết luận rằng những lời dạy của tôn giáo đó chắc chắn là sự thật."
edu,"A father tells his son not to start smoking as he will regret it when he is older, and the son points out that his father is a smoker. This does not alter the fact that his son may regret smoking when he is older.",ad hominem,"Một người cha bảo con trai đừng hút thuốc kẻo sau này hối hận, nhưng người con lại chỉ trích vì chính cha cậu cũng đang hút thuốc. Điều này không làm thay đổi sự thật rằng người con có thể sẽ hối hận vì hút thuốc khi về già."
edu,It is either you are for the US war on terror or against it.,false dilemma,Bạn chỉ có thể là ủng hộ cuộc chiến chống khủng bố của Mỹ hoặc là chống lại nó.
edu,"Oprah Winfrey's diet advice is useless;  she has had problems with maintaining her weight for most of her life, bouncing back and forth between being overweight and slender.",ad hominem,"Lời khuyên ăn kiêng của Oprah Winfrey thật vô dụng; bà ấy đã gặp khó khăn trong việc duy trì cân nặng suốt cả đời, cứ tăng rồi lại giảm liên tục."
edu,"“Do you want to live in a world where you can get breakfast from McDonald’s all day, or would you rather live in a dictatorship?”",false dilemma,"Bạn muốn sống trong một thế giới mà bạn có thể ăn sáng tại McDonald's cả ngày, hay bạn thà sống dưới một chế độ độc tài?"
edu,Royal's promoting their team for the next season by telling people to come join the team because everyone else has.,ad populum,Đội Royal quảng bá cho mùa giải tới bằng cách bảo mọi người hãy tham gia đội vì ai cũng đang tham gia cả.
edu,That parking attendant who gave me a ticket is as bad as Hitler.,fallacy of relevance,Cái gã nhân viên trông xe đã phạt tôi kia chẳng khác gì Hitler cả.
edu,Distracting your audience from the original issue by introducing an irrelevant topic.,fallacy of relevance,Đánh trống lảng để thu hút sự chú ý của khán giả khỏi vấn đề chính bằng cách đưa ra một chủ đề chẳng liên quan.
edu,"Almadina school of Richmond does not have many students, so that must mean that the school has a very selective admissions process.",false causality,"Trường Almadina ở Richmond không có nhiều học sinh, vậy nên chắc chắn là trường này có quy trình tuyển sinh cực kỳ khắt khe."
edu,"""You passed everyone in the class, so I should get extra credit"" is an example of",fallacy of logic,"""Bạn cho cả lớp qua hết, nên tôi cũng phải được cộng điểm chứ"" là ví dụ của"
edu,"Yesterday, I walked under a ladder with an open umbrella indoors while spilling salt in front of a black cat. And I forgot to knock on wood with my lucky dice. That must be why I’m having such a bad day today. It’s bad luck.",false causality,"Hôm qua tôi đi dưới cái thang, mở ô trong nhà, lại còn làm đổ muối trước mặt một con mèo đen. Đã thế tôi còn quên gõ vào gỗ với cái xúc xắc may mắn nữa. Chắc đó là lý do hôm nay tôi xui xẻo thế này. Đúng là vận đen rồi."
edu,"Yeah, I think everyone's opinion counts on moral matters like that, but that Lila sleeps around with anything. I know of at least one marriage she's broken up, so why should her opinion count on anything, much less morality?",ad hominem,"Ừ thì tôi biết ai cũng có quyền nêu ý kiến về mấy vấn đề đạo đức kiểu đó, nhưng nhìn con Lila xem, nó quan hệ lung tung với bất kỳ ai. Tôi biết ít nhất một vụ hôn nhân nó phá vỡ, nên ý kiến của nó có giá trị gì đâu, nói gì đến chuyện đạo đức?"
edu,"""everybody's doing it, so it must be a good thing to do.""",ad populum,"""ai cũng làm thế, nên chắc chắn đó là việc tốt để làm."""
edu,"Flippityflu: smarter than a Floppityflip.
Floppityflip: dumber than a Flippityflu.
",circular reasoning,"Flippityflu: thông minh hơn Floppityflip.
Floppityflip: ngu ngốc hơn Flippityflu.
"
edu,"Charlie: I think we should put more money into schools. Quality public education is so important.
Bob: So you’re saying we should cut military spending and spend it instead on more spiral notebooks and crayons? I guess you want our country to be a weak, defenseless target for terrorists.",fallacy of extension,"Charlie: Tôi nghĩ chúng ta nên đầu tư nhiều tiền hơn cho trường học. Giáo dục công chất lượng cao rất quan trọng.
Bob: Vậy ý anh là chúng ta nên cắt giảm ngân sách quốc phòng để lấy tiền mua thêm vở kẻ ngang và bút sáp màu à? Tôi đoán là anh muốn đất nước chúng ta trở thành một mục tiêu yếu ớt, không có khả năng tự vệ trước bọn khủng bố."
edu,"If we allow cadets to apply for encampment online, we’d save everyone lots of headaches. REPLY: No. We’ve always made cadets apply using a paper form.",fallacy of credibility,"Nếu chúng ta cho phép các học viên đăng ký cắm trại trực tuyến, chúng ta sẽ đỡ đau đầu hơn cho mọi người. PHẢN HỒI: Không. Chúng ta luôn bắt học viên đăng ký bằng đơn giấy mà."
edu,"My opponent raises a good point, but can we really trust him? I mean, he moved to this town only two years ago, and everyone knows that his wife left him.",ad hominem,"Đối thủ của tôi đưa ra một lập luận hay đấy, nhưng chúng ta có thực sự tin tưởng ông ta được không? Ý tôi là, ông ta mới chuyển đến thị trấn này có hai năm, và ai cũng biết vợ ông ta đã bỏ ông ta mà đi."
edu,Come on! Everyone else thinks the movie is great - you should too!,ad populum,"Thôi nào! Ai cũng thấy bộ phim này hay, bạn cũng nên thấy thế chứ!"
edu,How can I be expected to do my homework when billions of people around the world are throwing their plastic water bottles away without recycling them?,fallacy of logic,Làm sao tôi có thể tập trung làm bài tập về nhà trong khi hàng tỷ người trên thế giới vẫn đang vứt chai nhựa bừa bãi mà không tái chế?
edu,"Ok, I am willing to grant that there might not be angels and demons really floating around Heaven or hanging out in Hell, but you must grant that there has to be at least one God.  Is that a fair compromise?",fallacy of relevance,"Được rồi, tôi đồng ý là có thể không có thiên thần hay ác quỷ nào tồn tại thực sự trên Thiên đàng hay Địa ngục, nhưng bạn phải công nhận là ít nhất cũng phải có một vị Chúa chứ. Thế là thỏa hiệp công bằng nhé?"
edu,"You really should support Senator Jones and his campaign to strengthen national defense. If you do not, he will lose control of the Armed Forces Committee and likely resign from politics.",appeal to emotion,"Bạn thực sự nên ủng hộ Thượng nghị sĩ Jones và chiến dịch củng cố quốc phòng của ông ấy. Nếu không, ông ấy sẽ mất quyền kiểm soát Ủy ban Lực lượng Vũ trang và có khả năng phải rời khỏi chính trường."
edu,"All cats are felines.
All dogs are canines.
Therefore, all cats are canines.",fallacy of logic,"Mọi con mèo đều là họ mèo.
Mọi con chó đều là họ chó.
Vậy nên, mọi con mèo đều là họ chó."
edu,"I know you want to imprison me for having murdered my parents, but judge, have mercy on me, I’m an orphan!",fallacy of relevance,"Tôi biết ông muốn kết án tôi vì tội giết cha mẹ mình, nhưng thưa thẩm phán, hãy thương xót cho tôi, tôi là một đứa trẻ mồ côi mà!"
edu,"A book argues that global warming is not actually happening, and cites the research of one environmental scientist who has been studying climate change for several years.",fallacy of credibility,"Một cuốn sách lập luận rằng sự nóng lên toàn cầu không thực sự xảy ra, và trích dẫn nghiên cứu của một nhà khoa học môi trường người đã nghiên cứu về biến đổi khí hậu trong vài năm."
edu,"""He's the best teacher I've ever had because he's the best teacher I've known.""",circular reasoning,Ông ấy là giáo viên giỏi nhất mà tôi từng được học vì ông ấy là giáo viên giỏi nhất mà tôi biết.
edu,“You can’t give me a C. I’m an A student!”,circular reasoning,Thầy không thể cho em điểm C được. Em là sinh viên loại A mà!
edu,"the claim, as evidence for an idea, that many people believe it, or used to believe it or do it.",ad populum,Việc khẳng định rằng vì nhiều người tin hoặc từng tin/làm một điều gì đó nên đó là bằng chứng cho tính đúng đắn của ý tưởng đó.
edu,"The level of mercury in seafood may be unsafe, but what will fishers do to support their families?",fallacy of relevance,"Nồng độ thủy ngân trong hải sản có thể không an toàn, nhưng rồi ngư dân sẽ lấy gì để nuôi sống gia đình họ đây?"
edu,"involves acceptance or rejection of concepts based on their source, not their merit",ad hominem,chấp nhận hoặc bác bỏ các khái niệm dựa trên nguồn gốc thay vì giá trị thực chất của chúng
edu,"Hannah argues that because her friend was brainwashed as a child into thinking that people are generally good, people are not generally good.
Name that fallacy:",ad hominem,"Hannah lập luận rằng vì bạn của cô ấy bị nhồi sọ từ nhỏ rằng con người nói chung là tốt bụng, nên thực tế con người không hề tốt bụng. Tên ngụy biện đó là gì?"
edu,comparison or metaphors to relate ideas or situations that are not really that similar,fallacy of logic,sử dụng so sánh hoặc ẩn dụ để liên kết các ý tưởng hay tình huống vốn không thực sự tương đồng
edu,"Biology teacher: The theory of evolution states that all species evolve, even humans.
Student: I can't accept that humans came from bugs.
Profesor de biología: la teoría de la evolución afirma que todas las especies evolucionan, incluso los humanos.
Estudiante: No puedo aceptar que los humanos provengan de insectos.",fallacy of extension,"Giáo viên sinh học: Thuyết tiến hóa khẳng định mọi loài đều tiến hóa, kể cả con người. Học sinh: Tôi không thể chấp nhận việc con người tiến hóa từ loài bọ."
edu,"Either you decide that you can afford this stereo, or decide not to have music for a while",false dilemma,"Hoặc là bạn quyết định rằng mình đủ tiền mua chiếc loa này, hoặc là xác định nhịn nghe nhạc một thời gian đi."
edu,"""My dad is a mechanic and he says that eating brushing your teeth twice a day is good for you. Since he is a mechanic, he knows best.""",fallacy of credibility,Bố tôi là thợ máy và ông ấy bảo đánh răng hai lần một ngày là tốt cho sức khỏe. Vì là thợ máy nên chắc chắn ông ấy hiểu rõ nhất rồi.
edu,"“While you may have concerns about my votes about the environment, I can assure you that I am an open minded individual. What we should really discuss is my record on votes that expanded educational opportunities for all children.""",fallacy of relevance,"Dù bạn có thể quan ngại về những lá phiếu của tôi đối với môi trường, tôi cam đoan mình là một người cởi mở. Điều chúng ta thực sự nên thảo luận là hồ sơ của tôi về các dự luật mở rộng cơ hội giáo dục cho trẻ em."
edu,"Because recent polling indicates that no voters in the county are strongly in favor of the proposed amendment, we can expect strong opposition to the amendment when it is voted on next month.",false dilemma,"Vì các cuộc thăm dò gần đây cho thấy không cử tri nào trong quận ủng hộ mạnh mẽ dự luật được đề xuất, chúng ta có thể dự đoán sự phản đối dữ dội đối với dự luật này khi nó được bỏ phiếu vào tháng tới."
edu,"You can look cool in our clothes, or you can look like a loser.",false dilemma,"Mặc đồ của chúng tôi thì bạn trông thật ngầu, còn không thì trông như một kẻ thất bại vậy."
edu,My opponent suggests that lowering taxes will be a good idea -- this is coming from a woman who eats a pint of Ben and Jerry’s each night!,ad hominem,Đối thủ của tôi cho rằng giảm thuế là ý kiến hay - nhưng bạn nói câu đó trong khi bản thân mỗi tối vẫn ăn hết một hộp kem Ben and Jerry's đấy thôi!
edu,"Bill: ""I believe that Obamacare is wrong."" Dave: ""Of course you would say that, you're a Republican."" Bill: ""What about the arguments I gave to support my position?"" Dave: ""Those don't count. Like I said, you're a Republican, so you have to support the party line. Further, you are just a lapdog to the Republican incumbent so you can get a job , so I can't believe what you say.""",ad hominem,"Bill: ""Tôi thấy Obamacare là sai lầm."" Dave: ""Tất nhiên là ông nói vậy rồi, ông là người của Đảng Cộng hòa mà."" Bill: ""Thế còn những lập luận tôi đưa ra để bảo vệ quan điểm thì sao?"" Dave: ""Mấy cái đó không tính. Như tôi đã nói, ông là người của Đảng Cộng hòa, nên ông phải tuân theo đường lối của Đảng. Hơn nữa, ông chỉ là con tốt thí cho ứng viên Đảng Cộng hòa để kiếm một chân trong bộ máy, nên tôi chẳng tin lời ông nói đâu."""
edu,"In the four years that I have been marketing my new and improved brand of past-life regressive biocognitive astral-projective hyperaffective-hypnotic-teleological-metatherapy (buy ten sessions and the next one is free!), not one person has proved it is worthless or that I am unethical for providing a therapy I just made up one day when I realized that no one was referring clients to me anymore. That makes clear what a worthwhile therapy this is and how exceptionally ethical I am to provide it.",intentional,"Trong bốn năm tôi tiếp thị liệu pháp trị liệu ngoại cảm, siêu tâm thức, tiên tri đa chiều mới và cải tiến của mình (mua mười buổi tặng một buổi!), chưa có ai chứng minh được nó vô giá trị hay tôi là kẻ phi đạo đức khi cung cấp một liệu pháp mà tôi tự bịa ra vào một ngày nọ khi nhận thấy không còn ai giới thiệu khách hàng cho mình nữa. Điều đó chứng tỏ đây là một liệu pháp đáng giá và tôi vô cùng đạo đức khi cung cấp nó."
edu,"Bush was ""determined to knock down Saddam Hussein"" because of his ""nuclear  bomb potential.""",false causality,"Bush ""quyết tâm hạ bệ Saddam Hussein"" vì ông ta ""có tiềm năng chế tạo bom hạt nhân."""
edu,People who don't support the proposed state minimum wage increase hate the poor.,fallacy of extension,Những người không ủng hộ việc tăng mức lương tối thiểu của bang là những kẻ căm ghét người nghèo.
edu,Trying to convince others that everyone is doing it or everyone feels this way so they should too.,ad populum,"Cố gắng thuyết phục người khác rằng mọi người đều làm thế hoặc ai cũng cảm thấy như vậy, nên họ cũng nên làm theo."
edu,"""The Omani hospital tested three patients from Abu Dhabi and found they had the disease. They immediately banned all people from Abu Dhabi from entering the hospital.""",faulty generalization,"""Bệnh viện ở Oman đã kiểm tra ba bệnh nhân từ Abu Dhabi và phát hiện họ mắc bệnh. Họ lập tức cấm tất cả người dân từ Abu Dhabi vào bệnh viện."""
edu,"Global chocolate consumption is highest in Switzerland, yet people there are among the trimmest in the industrialized world. Therefore, it is reasonable to conclude that chocolate helps keep your weight down.",false causality,"Mức tiêu thụ sô-cô-la toàn cầu cao nhất là ở Thụy Sĩ, nhưng người dân ở đó lại nằm trong số những người thon gọn nhất trong các quốc gia công nghiệp hóa. Vì vậy, thật hợp lý khi kết luận rằng sô-cô-la giúp bạn giữ dáng."
edu,"Either we accept the findings of this study demonstrating that this new intervention is the best to be used for this disorder, or we must no longer call ourselves scientists, psychologists, or reasonable people.",false dilemma,"Hoặc là chúng ta chấp nhận kết quả của nghiên cứu này chứng minh rằng phương pháp can thiệp mới là tốt nhất để điều trị rối loạn này, hoặc là chúng ta không được gọi mình là nhà khoa học, nhà tâm lý học hay người có lý trí nữa."
edu,We have no evidence that the Illuminati ever existed. They must have been so clever that they destroyed all the evidence.,intentional,Chúng ta không có bằng chứng nào cho thấy Illuminati từng tồn tại. Chắc hẳn họ đã quá thông minh nên mới tiêu hủy hết mọi bằng chứng.
edu,"A fallacy which assumes that because something is popular, it is therefore good, correct, or desirable.",ad populum,"Một lỗi ngụy biện cho rằng vì một thứ gì đó phổ biến nên mặc nhiên nó tốt, đúng đắn hoặc đáng mong đợi."
edu,What is the name of the fallacy in question 4 about Marcus?,ad populum,Tên của lỗi ngụy biện trong câu hỏi số 4 về Marcus là gì?
edu,"Kelly is the most selfish, annoying person that I know. She says that we should recycle to help save the Earth, but she only thinks about herself, so she must be wrong.",ad hominem,"Kelly là người ích kỷ và khó ưa nhất mà tôi từng biết. Cô ta nói chúng ta nên tái chế để bảo vệ Trái Đất, nhưng cô ta chỉ nghĩ đến bản thân mình thôi, nên chắc chắn cô ta sai rồi."
edu,"""You're not Kenyan enough to be a good leader in Kenya.""",intentional,Bạn không đủ chất Kenya để trở thành một nhà lãnh đạo tốt tại Kenya.
edu,"Tony: I bought a book on the law of attraction and two days later I won $30k in a lottery. I wasn’t a believer of the law of attraction before, but now I am!",false causality,"Tony: Tôi mua một cuốn sách về luật hấp dẫn và hai ngày sau tôi trúng 30.000 đô la xổ số. Trước đây tôi chẳng tin vào luật hấp dẫn đâu, nhưng giờ thì tôi tin rồi!"
edu,Encourages the audience to become part of a group or act because other people are acting in the same way.,ad populum,Khuyến khích khán giả trở thành một phần của nhóm hoặc hành động theo vì người khác cũng đang hành động như vậy.
edu,"""In March, 5G was introduced and then we all got COVID"" is an example of",false causality,"""Vào tháng 3, mạng 5G được triển khai và sau đó tất cả chúng ta đều mắc COVID"" là ví dụ của"
edu,"Since the class is not asking any further questions, then that means that they are all ready for the test.",intentional,"Vì lớp học không đặt thêm câu hỏi nào nữa, nên điều đó có nghĩa là tất cả họ đều đã sẵn sàng cho bài kiểm tra."
edu,Politician: We have to decide if we are going to support school choice or if we are going to support failing schools. Those are the only two options.,false dilemma,Chính trị gia: Chúng ta phải quyết định xem mình sẽ ủng hộ quyền tự chọn trường học hay ủng hộ những ngôi trường yếu kém. Đó là hai lựa chọn duy nhất.
edu,"I want to have myself a merry little Christmas, but I refuse to do as the song suggests and make the yuletide gay.  I don't think sexual preference should have anything to do with enjoying the holiday.",equivocation,"Tôi muốn có một lễ Giáng sinh nhỏ vui vẻ, nhưng tôi từ chối làm theo gợi ý của bài hát là làm cho mùa lễ hội trở nên 'gay'. Tôi không nghĩ khuynh hướng tình dục nên có liên quan gì đến việc tận hưởng ngày lễ cả."
edu,John Green is a wonderful writer because he writes so well.,circular reasoning,John Green là một nhà văn tuyệt vời vì ông ấy viết rất hay.
edu,You can go to bed in 5 minutes or you can go to bed in ten minutes. What's your choice?,false dilemma,Cậu muốn đi ngủ trong 5 phút nữa hay 10 phút nữa? Quyết định đi?
edu,"Zebedee: What is your view on the Christian God?
Mike: I don’t believe in any gods, including the Christian one.
Zebedee: So you think that we are here by accident, and all this design in nature is pure chance, and the universe just created itself?
Mike: You got all that from me stating that I just don’t believe in any gods?
",fallacy of extension,"Zebedee: Quan điểm của cậu về Chúa của Kitô giáo là gì?
Mike: Tôi không tin vào bất kỳ vị thần nào, kể cả Chúa của Kitô giáo.
Zebedee: Vậy ra cậu nghĩ chúng ta ở đây chỉ là tình cờ, mọi thiết kế trong tự nhiên đều là ngẫu nhiên, và vũ trụ tự sinh ra à?
Mike: Cậu suy diễn được hết đống đó chỉ từ việc tôi nói tôi không tin vào thần linh sao?"
edu,"When President Kennedy said that research for space travel could help children with eye defects, he is making what kind of appeal?",appeal to emotion,"Khi Tổng thống Kennedy nói rằng nghiên cứu về du hành vũ trụ có thể giúp trẻ em bị khiếm thị, ông ấy đang sử dụng kiểu lập luận nào?"
edu,"Minds, like rivers, can be broad. The broader the river, the shallower it is. Therefore, the broader the mind, the shallower it is.",fallacy of logic,"Tâm trí giống như những dòng sông, có thể rất rộng. Sông càng rộng thì càng nông. Vậy nên, tâm trí càng rộng mở thì càng nông cạn."
edu,"My father smoked four packs of cigarettes a day since age fourteen and lived until age sixty-nine. Therefore, smoking really can’t be that bad for you.",faulty generalization,"Bố tôi hút bốn bao thuốc mỗi ngày từ năm mười bốn tuổi mà vẫn sống đến tận sáu mươi chín tuổi. Thế nên, hút thuốc chắc cũng chẳng hại đến thế đâu."
edu,"If we allow euthanasia, the next thing you know, murder will be legal.",faulty generalization,"Nếu chúng ta cho phép an tử, thì chẳng mấy chốc mà việc giết người cũng trở thành hợp pháp thôi."
edu,"Jason said that that was all cool and everything, but his grandfather smoked, like, 30 cigarettes a day and lived until 97 - so don't believe everything you read about meta analyses of methodologically sound studies showing proven causal relationships.",faulty generalization,"Jason bảo là mấy cái đó cũng ổn, nhưng ông nội cậu ấy hút tận 30 điếu thuốc mỗi ngày mà vẫn sống đến 97 tuổi - nên là đừng có tin mấy cái nghiên cứu tổng hợp hay mấy cái phân tích về mối quan hệ nhân quả gì đó làm gì."
edu,"Because the last words spoken by either the pilot or co-pilot were ""Good night, Malaysia Three-Seven-Zero,"" the pilot fell asleep and accidentally crashed the plane into the ocean.",false causality,"Vì những lời cuối cùng mà phi công hoặc cơ phó nói là ""Chúc ngủ ngon, Malaysia 3-7-0"", nên chắc chắn là phi công đã ngủ gật và vô tình lái máy bay đâm xuống biển."
edu,"Yes, I do think that all drunk drivers should go to prison, but your honor, he is my son! He is a good boy who just made a mistake!",intentional,"Vâng, tôi đồng ý là mọi tài xế say rượu đều nên vào tù, nhưng thưa tòa, anh ấy là con trai tôi! Nó là một đứa trẻ ngoan chỉ là lỡ lầm một chút thôi mà!"
edu,Pamela is the class secretary. She says that she thinks that the class should do more service projects. Mark says he can't believe that Pamela doesn't support the annual school dance.,fallacy of extension,Pamela làm thư ký lớp và đề xuất cả lớp nên tham gia nhiều dự án cộng đồng hơn. Thế mà Mark lại bảo hắn không thể tin nổi là Pamela lại không ủng hộ buổi khiêu vũ thường niên của trường.
edu,"There are seven windows given to animals in the domicile of the head: two nostrils, two eyes, two ears, and a mouth...From this and many other similarities in Nature, too tedious to enumerate, we gather that the number of planets must necessarily be seven.",fallacy of logic,"Cái đầu con người có bảy 'cửa sổ': hai lỗ mũi, hai mắt, hai tai và một cái miệng... Từ những điểm tương đồng trong tự nhiên mà kể ra thì quá dài dòng này, chúng ta có thể kết luận chắc chắn rằng số lượng hành tinh bắt buộc phải là bảy."
edu,Invoke shared values and principles. They call upon the audience’s sense of right and wrong.,fallacy of credibility,Hãy khơi gợi những giá trị và nguyên tắc chung. Hãy đánh vào nhận thức về đúng sai của khán giả.
edu,"Yes, I do think that all drunk drivers should go to prison, but your honor, he is my son!  He is a good boy who just made a mistake!",intentional,"Đúng là tôi nghĩ mọi tài xế say rượu đều phải đi tù, nhưng thưa tòa, anh ta là con trai tôi! Nó là một đứa trẻ ngoan chỉ vừa mới mắc một sai lầm thôi mà!"
edu,Of course we should buy an Apple computer whenever we need a new computer. We have been buying Apple as far back as anyone can remember!,fallacy of credibility,Tất nhiên là chúng ta phải mua máy tính Apple mỗi khi cần máy mới rồi. Chúng ta đã dùng Apple từ thuở nào đến giờ mà!
edu,"The administration of echinocandins in this patient has been a very successful choice. Fever has subsided, along with the rest of the septic manifestations, in less than 48 hours. The chronological correlation suffices for me. I am convinced it was a fungal infection.",false causality,Việc dùng thuốc echinocandins cho bệnh nhân này đúng là một lựa chọn quá thành công. Sốt đã hạ và các triệu chứng nhiễm trùng máu đều biến mất trong vòng chưa đầy 48 giờ. Chỉ cần nhìn vào diễn biến thời gian đó là đủ với tôi rồi. Tôi tin chắc đó là do nhiễm nấm.
edu,"Aaron Rodgers says you should get State Farm Insurance on your home, car, motorcycle, or trailer!",fallacy of credibility,"Aaron Rodgers bảo bạn nên mua bảo hiểm State Farm cho nhà, xe hơi, xe máy hay xe kéo của mình đi!"
edu,"The museum's new gemstones and precious minerals exhibit needs more security guards. If you don't agree, then you must be planning to steal a piece of the exhibit.",false dilemma,"Triển lãm đá quý và khoáng sản mới của bảo tàng cần thêm nhân viên an ninh. Nếu bạn không đồng ý, chắc chắn là bạn đang âm mưu trộm đồ trong đó rồi."
edu,"""That's why, under my plan, individuals will be required to carry basic health insurance -- just as most states require you to carry auto insurance. Likewise, businesses will be required to either offer their workers health care, or chip in to help cover the cost of their workers."" President Obama on Universal Health Coverage (some feel that health insurance and car insurance are different on many fundamental aspects, and this is a bad comparison)",fallacy of logic,"Đó là lý do tại sao theo kế hoạch của tôi, các cá nhân sẽ bắt buộc phải có bảo hiểm y tế cơ bản, giống như hầu hết các bang yêu cầu bạn phải có bảo hiểm ô tô vậy. Tương tự, các doanh nghiệp sẽ phải cung cấp bảo hiểm y tế cho nhân viên hoặc góp tiền để chi trả cho họ."
edu,"Doctors refer to medical books all the time when they are treating patients. In the same way, I should be allowed to use a text book in my medical exam.",fallacy of logic,"Các bác sĩ lúc nào cũng tra cứu sách y khoa khi điều trị cho bệnh nhân. Vậy nên, tôi cũng phải được phép sử dụng sách giáo khoa trong kỳ thi y khoa của mình chứ."
edu,"Mining may destroy the environment, but how about the people whose jobs will be affected? Should we ban it?",fallacy of relevance,"Khai thác mỏ có thể phá hoại môi trường, nhưng còn những người bị mất việc làm thì sao? Chúng ta có nên cấm nó không?"
edu,"That lady had a rough day today. She woke up late, she was not able to eat breakfast, she missed the train and was late for work. My heart aches for this poor lady.",appeal to emotion,"Người phụ nữ đó đã có một ngày thật tồi tệ. Cô ấy dậy muộn, không kịp ăn sáng, lỡ chuyến tàu và đi làm muộn. Tôi thực sự xót xa cho cô ấy."
edu,"Besides charities, comfort, community cohesion, rehabilitation, and helping children learn values, religion poisons everything.",faulty generalization,"Ngoài từ thiện, sự an ủi, gắn kết cộng đồng, phục hồi nhân phẩm và dạy trẻ về các giá trị, thì tôn giáo đầu độc tất cả mọi thứ."
edu,What is The Texas Sharpshooter?,intentional,Texas Sharpshooter là gì?
edu,"In Act 1, Juror Seven says, ""There are still eleven of us who think he's guilty. You're alone."" His attempt to use numbers to persuade Eight is:",ad populum,"Trong hồi 1, Bồi thẩm viên số 7 nói: ""Vẫn còn 11 người chúng ta nghĩ cậu ta có tội. Anh chỉ có một mình thôi."" Nỗ lực dùng số đông để thuyết phục Bồi thẩm viên số 8 của anh ta là:"
edu,Happy families make happy children.,faulty generalization,Gia đình hạnh phúc tạo nên những đứa trẻ hạnh phúc.
edu,"""We will teach this miserable traitor(Snowball) that he cannot undo our work so easily.""",ad hominem,"""Chúng ta sẽ dạy cho tên phản bội khốn kiếp (Snowball) đó một bài học rằng hắn không thể dễ dàng phá hoại công sức của chúng ta như vậy."""
edu,"Hillary Clinton wants to take your guns away, and she wants to abolish the Second Amendment.",false dilemma,Hillary Clinton muốn tước đoạt súng của bạn và bà ta muốn xóa bỏ Tu chính án thứ hai.
edu,One day robots will enslave us all. It's true. My computer science teacher says so.,fallacy of credibility,Một ngày nào đó robot sẽ nô dịch tất cả chúng ta. Đó là sự thật. Thầy giáo dạy khoa học máy tính của tôi nói vậy mà.
edu,"In this election, we've seen the highest voter turnout ever recorded. If you have any doubts about Tyler Espinoza's qualifications, just look at how many people have come out to vote for him.",ad populum,"Trong cuộc bầu cử này, chúng ta đã chứng kiến tỷ lệ cử tri đi bỏ phiếu cao nhất từ trước đến nay. Nếu bạn còn nghi ngờ về năng lực của Tyler Espinoza, chỉ cần nhìn vào số lượng người đã ra ngoài để bỏ phiếu cho anh ta là biết."
edu,Won't you give the abandoned puppy a home?,appeal to emotion,Bạn không định nhận nuôi chú cún bị bỏ rơi đó sao?
edu,"Asians make lousy athletes, but do well at the Math Olympiad.",faulty generalization,"Người châu Á thể thao kém, nhưng lại giỏi thi Olympic Toán."
edu,A woman decides to visit a certain doctor after only asking advice on the best doctors from ONE friend.,intentional,Một phụ nữ quyết định đi khám bác sĩ sau khi chỉ hỏi ý kiến đúng MỘT người bạn về bác sĩ giỏi nhất.
edu,Being overweight leads to a shortened lifespan because it's unhealthy.,circular reasoning,Béo phì dẫn đến giảm tuổi thọ vì nó không tốt cho sức khỏe.
edu,"""Who are you to ask fast food restaurants to give us nutritional facts? I saw you eat Taco Bell last night!""",ad hominem,"""Bạn là ai mà đòi hỏi các cửa hàng đồ ăn nhanh phải công khai dinh dưỡng chứ? Tối qua tôi thấy bạn ăn Taco Bell đấy nhé!"""
edu,"""The BP Oil rig exploded causing many marine mammals to die."" This illustrates that the BP oil rig was bad and caused animals to die.",circular reasoning,"""Giàn khoan BP phát nổ khiến nhiều động vật biển chết."" Điều này chứng minh giàn khoan BP rất tệ và là nguyên nhân gây ra cái chết của các loài vật."
edu,"“Animal experimentation reduces our respect for life. If we don’t respect life, we are likely to be more and more tolerant of violent acts like war and murder. Soon our society will become a battlefield in which everyone constantly fears for their lives. It will be the end of civilization. To prevent this terrible consequence, we should make animal experimentation illegal right now.”",faulty generalization,"“Thí nghiệm trên động vật làm giảm sự tôn trọng của chúng ta đối với sự sống. Nếu không tôn trọng sự sống, chúng ta sẽ dần trở nên dung túng cho các hành vi bạo lực như chiến tranh và giết chóc. Chẳng bao lâu nữa, xã hội sẽ trở thành chiến trường nơi ai cũng nơm nớp lo sợ cho mạng sống của mình. Đó sẽ là dấu chấm hết cho nền văn minh. Để ngăn chặn hậu quả khủng khiếp này, chúng ta cần cấm thí nghiệm trên động vật ngay lập tức.”"
edu,"Witchcraft remains our most urgent spiritual problem because it threatens
our very souls.",circular reasoning,Phù thủy vẫn là vấn đề tâm linh cấp bách nhất của chúng ta vì nó đe dọa trực tiếp đến linh hồn mỗi người.
edu,"The number of pirates in existence decreased as the global average temperature rose. Therefore, we can conclude that hotter weather reduces piracy.",circular reasoning,"Số lượng cướp biển giảm dần khi nhiệt độ trung bình toàn cầu tăng lên. Vì vậy, ta có thể kết luận rằng thời tiết nóng hơn làm giảm nạn cướp biển."
edu,A real video game would include set goals!,intentional,Một trò chơi điện tử thực thụ thì phải bao gồm các mục tiêu cụ thể!
edu,"“I know the exam is graded based on performance, but you should give me an A. My cat has been sick, my car broke down, and I’ve had a cold, so it was really hard for me to study!”",appeal to emotion,
edu,"Which fallacy am I? Combining facts and evidence with words that stir up emotion, with the attempt to manipulate others into accepting the truth of the argument.",appeal to emotion,
edu,"You support capital punishment just because you want an “eye for an eye,” but I have several good reasons to believe that capital punishment is fundamentally wrong…",fallacy of extension,
edu,"My political candidate gives 10% of his income to the needy, goes to church every Sunday, and volunteers one day a week at a homeless shelter. Therefore, he is honest and morally straight.
Explanation: What information was left out of the example is that this same candidate gives 10% of his income to needy prostitutes in exchange for services, goes to the bar every Sunday after church (and sometimes before), and only works at the homeless shelter to get clients for his drug dealing business.",intentional,
edu,"I’m know Joe Bob’s my boss, but I’m not going to take orders from someone who can’t even dress professionally for work.",ad hominem,
edu,"A year is 365 days long, so I celebrate my birthday every 365 days.",faulty generalization,
edu,Jim spends most of his spare time hiking and picking up rocks for his collection. He really should go to college and study to become a geologist.,fallacy of logic,
edu,"""Politician X is going to strip away your right to free speech!""",appeal to emotion,
edu,"Since your parents named you ‘Harvest,’ they must be farmers.",false causality,
edu,Over 5 million Filipinos use our products. It’s time to switch to our brand now!,ad populum,
edu,"Mr. Governor issues a proclamation for the people of his state to pray for rain.  Several months later, it rains.  Praise the gods!",false causality,"Thống đốc ra lệnh cho người dân toàn bang cầu mưa. Vài tháng sau, trời đổ mưa. Tạ ơn thần linh!"
edu,"Jamila is running for class president. In her campaign speech she says, ""Xavier does not deserve to win. He is a smoker and He cheated on his reading quizzes last year."" What fallacy has Jamila committed?",ad hominem,"Jamila đang tranh cử chức hội trưởng học sinh. Trong bài diễn thuyết, cô ấy nói: ""Xavier không xứng đáng thắng. Hắn ta là kẻ hút thuốc và từng quay cóp trong các bài kiểm tra năm ngoái."" Jamila đã mắc phải ngụy biện gì?"
edu,"But you have to let me go to the party! If I don't go to the party, I'll be a loser with no friends. Next thing you know, I'll end up alone and jobless, living in your basement when I'm 30!",faulty generalization,"Nhưng bố mẹ phải để con đi dự tiệc chứ! Nếu không đi, con sẽ trở thành kẻ thất bại chẳng có bạn bè. Rồi sau đó, con sẽ cô độc, thất nghiệp và phải sống dưới tầng hầm nhà mình khi đã 30 tuổi đấy!"
edu,Reduce complicated issues to only two possible courses of action.,false dilemma,Đơn giản hóa các vấn đề phức tạp chỉ còn hai hướng giải quyết duy nhất.
edu,"Water fluoridation affects the brain. Citywide, student’s test scores began to drop five months after fluoridation began.",false causality,"Việc cho flo vào nước ảnh hưởng đến não bộ. Trên toàn thành phố, điểm thi của học sinh bắt đầu giảm sau 5 tháng kể từ khi áp dụng."
edu,"Speaker 1: I think we should lower the age of sexual consent to 16.
Speaker 2: 16 year olds are children. So, you think it’s OK for children to have sex? No, we shouldn’t lower the age of consent.",fallacy of extension,"Người 1: Tôi nghĩ chúng ta nên giảm độ tuổi quan hệ tình dục hợp pháp xuống 16. Người 2: 16 tuổi vẫn là trẻ con. Vậy là ông cho rằng trẻ con quan hệ tình dục là ổn à? Không, chúng ta không nên giảm độ tuổi đó."
edu,Word processed papers are clearer and more error-free than typed papers  because they make use of new technology.,fallacy of credibility,Các bài luận soạn thảo bằng máy tính rõ ràng và ít lỗi hơn bài đánh máy vì chúng sử dụng công nghệ mới.
edu,There is a global recession and more people are becoming hungry and desperate. Crimes of theft and robbery have been increasing at an alarming rate lately. The only way to solve this problem is by reinstating the death penalty,fallacy of relevance,"Thế giới đang suy thoái, mọi người ngày càng đói khổ và tuyệt vọng. Tỉ lệ trộm cướp gần đây tăng đáng báo động. Cách duy nhất để giải quyết vấn đề này là tái áp dụng án tử hình."
edu,"A logical fallacy that compares minor misdeeds with major atrocities, suggesting that both are equally immoral.",fallacy of relevance,"Một loại ngụy biện đánh tráo khái niệm khi so sánh những sai lầm nhỏ với các tội ác lớn, ám chỉ rằng cả hai đều vô đạo đức như nhau."
edu,"""If you don't cancel your cable, then..., then...., and you'll wake up in a ditch."" This is an example of...",faulty generalization,"""Nếu bạn không hủy gói truyền hình cáp, thì... thì..., rồi bạn sẽ tỉnh dậy ở dưới mương đấy."" Đây là ví dụ của..."
edu,"You should always eat everything on your plate, think of all the children in Africa who doesn’t always have enough food.",appeal to emotion,"Bạn nên ăn hết sạch thức ăn trên đĩa đi, hãy nghĩ đến bao nhiêu đứa trẻ ở châu Phi không có đủ cơm ăn kìa."
edu,All robin have red breasts,faulty generalization,Mọi con chim cổ đỏ đều có ức màu đỏ.
edu,"""Animal experimentation reduces our respect for life. If we don't respect life, we are likely to be more and more tolerant of violent acts like war and murder. Soon our society will become a battlefield in which everyone constantly fears for their lives. It will be the end of civilization. To prevent this terrible consequence, we should make animal experimentation illegal right now.""",faulty generalization,"Thí nghiệm trên động vật làm giảm sự tôn trọng của chúng ta đối với sự sống. Nếu không tôn trọng sự sống, chúng ta sẽ ngày càng bao dung hơn với các hành vi bạo lực như chiến tranh và giết chóc. Chẳng bao lâu nữa xã hội sẽ biến thành một chiến trường nơi ai cũng nơm nớp lo sợ cho tính mạng. Đó sẽ là hồi kết của văn minh nhân loại. Để ngăn chặn hậu quả khủng khiếp này, chúng ta phải cấm ngay thí nghiệm trên động vật."
edu,Check out the pretty lights.  Don’t look behind the curtain.,fallacy of relevance,"Nhìn mấy ánh đèn đẹp kia kìa, đừng có nhìn ra đằng sau bức màn."
edu,"When Donald Trump called Hillary Clinton “Killary” to discredit her and her reputation as a presidential candidate, he committed which logical fallacy?",ad hominem,"Khi Donald Trump gọi Hillary Clinton là “Killary” để hạ thấp uy tín và danh dự của bà ấy với tư cách là ứng viên tổng thống, ông ấy đã phạm vào lỗi ngụy biện nào?"
edu,We know God exists because he made everything,circular reasoning,Chúng ta biết Chúa tồn tại vì Ngài đã tạo ra mọi thứ.
edu,"The noble forefathers who created this great country did not fail; it is a great country now as it was then, by their very making.",ad hominem,"Những bậc tiền nhân cao quý đã tạo ra đất nước vĩ đại này không hề thất bại; đây vẫn là một đất nước tuyệt vời như thuở nào, chính nhờ công sức của họ."
edu,"After surgery, my wife was not doing too well -- she was in a lot of pain.  I bought these magnetic wristbands that align with the body's natural vibrations to reduce the pain, and sure enough, a few days later the pain subsided!  Thank you magic wristbands!",false causality,"Sau ca phẫu thuật, vợ tôi hồi phục không tốt và bị đau rất nhiều. Tôi đã mua mấy chiếc vòng tay từ tính giúp điều hòa rung động tự nhiên của cơ thể để giảm đau, và đúng như mong đợi, vài ngày sau cơn đau đã dịu đi! Cảm ơn mấy chiếc vòng tay thần thánh nhé!"
edu,"Before I refute my opponent's argument, I would like to draw attention to the fact that he is sweating and clearly does not have much experience on the debate team.",ad hominem,"Trước khi phản bác lập luận của đối phương, tôi muốn lưu ý rằng cậu ta đang đổ mồ hôi và rõ ràng là không có nhiều kinh nghiệm trong đội tranh biện."
edu,"“Caldwell Hall is in bad shape. Either we tear it down and put up a new building, or we continue to risk students’ safety. Obviously we shouldn’t risk anyone’s safety, so we must tear the building down.”",false dilemma,"Caldwell Hall đang trong tình trạng xuống cấp nghiêm trọng. Hoặc là chúng ta phá bỏ nó để xây tòa nhà mới, hoặc là tiếp tục đánh cược với sự an toàn của sinh viên. Rõ ràng là chúng ta không nên mạo hiểm sự an toàn của bất kỳ ai, nên chúng ta bắt buộc phải phá bỏ tòa nhà đó."
edu,"Some of you have objected to the ethics of my clinic's buying those new test batteries. You claim that the new tests are unreliable, have no published norms, have never demonstrated validity, cannot be used by clients who are physically disabled, have been condemned as bogus by every major scientific organization, and were developed and sold by my brother-in-law, who unfortunately cannot be with us today due to a misunderstanding with his overly controlling and rigidly judgmental parole officer. What you have apparently failed to appreciate, however, is that these new tests are much easier to learn, can be administered and scored in a fraction of the time required by the old tests, and were so inexpensive compared to the old tests that I'll be able to give you each a bonus at the end of the month.",fallacy of relevance,"Một số người phản đối việc phòng khám của tôi mua bộ bài kiểm tra mới dựa trên các vấn đề đạo đức. Các bạn cho rằng chúng không đáng tin cậy, thiếu chuẩn mực công bố, chưa từng được kiểm chứng, không dành cho người khuyết tật, bị mọi tổ chức khoa học lớn lên án là giả mạo, lại còn do anh rể tôi phát triển - người mà đáng tiếc không thể có mặt hôm nay do hiểu lầm với viên quản chế quá khắt khe và cứng nhắc của anh ấy. Tuy nhiên, điều các bạn không nhận ra là các bài kiểm tra này dễ học hơn nhiều, tốn ít thời gian thực hiện và chấm điểm hơn hẳn, lại rẻ đến mức tôi có thể chia tiền thưởng cho mỗi người vào cuối tháng."
edu,"After Sally presents an eloquent and compelling case for a more equitable taxation system, Sam asks the audience whether we should believe anything from a woman who isn't married, was once arrested, and smells a bit weird.",ad hominem,"Sau khi Sally trình bày một lập luận vô cùng thuyết phục về hệ thống thuế công bằng hơn, Sam hỏi khán giả liệu chúng ta có nên tin một người phụ nữ chưa kết hôn, từng bị bắt giữ và có mùi hơi kỳ lạ hay không."
edu,"My family is this school's biggest donor so, you better think about that bad grade you gave me on my test.",appeal to emotion,"Gia đình tôi là nhà tài trợ lớn nhất của trường này, nên tốt nhất là thầy hãy xem xét lại con điểm tồi mà thầy vừa cho tôi."
edu,"More and more people are buying sports utility vehicles. It is time you bought one, too!",ad populum,Ngày càng có nhiều người mua xe thể thao đa dụng. Đã đến lúc bạn cũng nên tậu một chiếc rồi đấy!
edu,"Billy - ""An apple is a vegetable."" Bobby - ""Don't listen to Billy; he failed Spanish class last year. """,ad hominem,"Billy - ""Táo là một loại rau củ."" Bobby - ""Đừng nghe Billy; năm ngoái nó còn thi trượt môn tiếng Tây Ban Nha cơ mà."""
edu,employs analogies between things that are not really alike,fallacy of logic,sử dụng các phép ẩn dụ giữa những sự vật không thực sự giống nhau
edu,Which fallacy is used to attack a person's character,ad hominem,Lỗi ngụy biện nào được dùng để tấn công vào nhân cách của đối phương?
edu,"""Since 88% of people polled believe in UFOs, they must exist.”",ad populum,"""Vì 88% người được hỏi tin vào UFO, nên chắc chắn chúng phải tồn tại."""
edu,"Bernice: Do you support Black Lives Matter?
Mildred: Of course, I do!
Bernice: Then you should support me looting that store.
Mildred: Wait... what?
",equivocation,"Bernice: Cậu có ủng hộ Black Lives Matter không?
Mildred: Tất nhiên là có rồi!
Bernice: Vậy thì cậu cũng phải ủng hộ việc tớ đi hôi của ở cửa hàng kia đi.
Mildred: Khoan đã... cái gì cơ?"
edu,"Since Anna Camacho became vice president of the parent-teacher association, student performance has declined and teacher morale is down. We on the school board believe that Camacho bears sole responsibility for the downtrend.",false causality,"Kể từ khi Anna Camacho trở thành phó chủ tịch hội phụ huynh học sinh, thành tích học tập của học sinh đã giảm sút và tinh thần của giáo viên cũng đi xuống. Hội đồng trường chúng tôi tin rằng Camacho phải chịu trách nhiệm duy nhất cho sự đi xuống này."
edu,"Andy states that a Scotsman would never put sugar on his porridge. Dougal replies that he is a Scotsman and he does put sugar on his porridge. Andy counters that no true Scotsman puts sugar on his porridge.

Andy thus changes the terms of the argument, implying that Dougal is not a ""true"" Scotsman in order to support his own position.",intentional,Andy khẳng định người Scotland không bao giờ cho đường vào cháo yến mạch. Dougal phản bác rằng anh ấy là người Scotland và anh ấy vẫn cho đường vào cháo. Andy cãi rằng đó là vì không có người Scotland 'chân chính' nào lại cho đường vào cháo cả. Vậy là Andy đã lách luật tranh luận bằng cách phủ nhận tư cách 'người Scotland chân chính' của Dougal để bảo vệ quan điểm của mình.
edu,"""I am not unmindful that some of you have come here out of great trials and tribulations. Some of you have come fresh from narrow jail cells. And some of you have come from areas where your quest -- quest for freedom left you battered by the storms of persecution and staggered by the winds of police brutality. You have been the veterans of creative suffering. Continue to work with the faith that unearned suffering is redemptive. Go back to Mississippi, go back to Alabama, go back to South Carolina, go back to Georgia, go back to Louisiana, go back to the slums and ghettos of our northern cities, knowing that somehow this situation can and will be changed.""  Which appeal is the primary appeal used in this quote?",appeal to emotion,Đoạn trích này chủ yếu sử dụng phương thức thuyết phục nào?
edu,The candidate for mayor was a really bad baseball player in college! Don't vote for him!,ad hominem,Ứng viên thị trưởng này từng là cầu thủ bóng chày rất tệ thời đại học! Đừng bỏ phiếu cho ông ta!
edu,When someone says that what is true of something as a whole must also be true of each of its parts.,faulty generalization,Khi ai đó cho rằng cái gì đúng với tổng thể thì cũng phải đúng với từng bộ phận của nó.
edu,"Jeannette has an upcoming exam in anatomy and physiology. It will cover the four chapters read and discussed over the last month. Jeannette hasn’t studied. Though there are well over 200 terms she will be expected to remember, Jeannette knows that her memory is great. She will remember the terms just from having heard them mentioned in class. After all, because of her excellent memory, she got through high school without studying. Despite her faith in her memory, her lack of studying results in an F on the exam.",appeal to emotion,"Jeannette sắp thi môn giải phẫu và sinh lý học. Nội dung bao gồm bốn chương đã học trong tháng qua. Jeannette chưa hề ôn bài. Dù có hơn 200 thuật ngữ cần nhớ, cô ấy vẫn tự tin vào trí nhớ của mình, cho rằng chỉ cần nghe giảng trên lớp là đủ. Rốt cuộc, vì trí nhớ quá tốt, cô ấy đã qua thời cấp ba mà chẳng cần ôn thi. Kết quả là sự tự tin mù quáng đó đã khiến cô ấy nhận điểm F."
edu,Ignore any scientific ideas from anyone who didn’t get a Ph.D.,fallacy of credibility,Đừng quan tâm đến bất kỳ ý tưởng khoa học nào từ những người chưa có bằng Tiến sĩ.
edu,Don’t waste your money on a home security system; master thieves will still be able to get into your house.,false dilemma,Đừng lãng phí tiền vào hệ thống an ninh gia đình làm gì; trộm chuyên nghiệp thì kiểu gì chúng cũng đột nhập được vào nhà thôi.
edu,"If we can send a woman into outerspace and communicate with them while they are there, then surely we can learn to communicate with one another in our state.",fallacy of logic,"Nếu chúng ta có thể đưa phụ nữ vào không gian và liên lạc với họ khi họ ở trên đó, thì chắc chắn chúng ta có thể học cách giao tiếp với nhau trong bang này."
edu,"We admit that this measure is popular, but we also urge you to recognize that there are so many other bond issues on this ballot it is getting ridiculous.",fallacy of relevance,"Chúng tôi thừa nhận biện pháp này được ủng hộ rộng rãi, nhưng chúng tôi cũng mong bạn nhận ra rằng có quá nhiều vấn đề cần giải quyết trên lá phiếu này đến mức thật nực cười."
edu,"""If you buy a computer, you will become smarter.""",fallacy of logic,"Nếu bạn mua máy tính, bạn sẽ trở nên thông minh hơn."
edu,It is ridiculous to have spent thousands of dollars to rescue those two whales trapped in the Arctic ice. Why look at all the people trapped in jobs they don’t like.,fallacy of relevance,Thật nực cười khi chi hàng ngàn đô la chỉ để giải cứu hai con cá voi mắc kẹt trong băng ở Bắc Cực. Sao không nhìn vào biết bao nhiêu người đang phải chịu đựng những công việc mà họ chẳng hề yêu thích kìa.
edu,A persuasive technique used in media messages that appeals to the “everyone is doing it” mentality,ad populum,"Một kỹ thuật thuyết phục được sử dụng trong các thông điệp truyền thông, đánh vào tâm lý 'ai cũng làm thế cả'."
edu,"Fish are the easiest pets to keep; they are inexpensive and require no maintenance at all. Plus, they are really pretty and soothing to watch.",intentional,"Nuôi cá là dễ nhất rồi; chúng vừa rẻ lại chẳng cần phải chăm sóc gì cả. Thêm nữa, ngắm cá bơi cũng rất đẹp và thư giãn."
edu,"Charlie: I think we should put more money into schools. Quality public education is so important.
Bob: So you're saying we should cut military spending and spend it instead on more spiral notebooks and crayons? I guess you want our country to be a weak, defenseless target for terrorists.",fallacy of extension,"Charlie: Tôi nghĩ chúng ta nên đầu tư nhiều hơn cho trường học. Giáo dục công chất lượng cao là cực kỳ quan trọng.
Bob: Vậy ý ông là chúng ta nên cắt giảm ngân sách quốc phòng để mua thêm vở tập viết với bút màu sao? Chắc ông muốn đất nước mình trở thành một mục tiêu yếu ớt, không có khả năng tự vệ trước bọn khủng bố chứ gì."
edu,"Fred, do you still cheat on your girlfriend?",intentional,"Fred này, anh vẫn còn lừa dối bạn gái mình à?"
edu,"Kirk drew a picture of a fish and a human and with effusive disdain asked Richard if he really thought we were stupid enough to believe that a fish somehow turned into a human through just, like, random things happening over time.",intentional,"Kirk vẽ một bức tranh về con cá và con người, rồi với thái độ khinh khỉnh đầy mỉa mai, anh ta hỏi Richard liệu có thực sự nghĩ rằng chúng ta ngu ngốc đến mức tin một con cá cứ thế biến thành con người chỉ nhờ mấy thứ ngẫu nhiên xảy ra theo thời gian hay không."
edu,"Professor, please, PLEASE reconsider my grade on the Final! I know I only answered 7% of the questions correctly, but I didn’t really deserve an F! In the past week I sprained my ankle, my dog ran away, and my kitchen caught on fire! I think it’s only fair I get a chance to retake the test!",appeal to emotion,"Thưa giáo sư, xin hãy, LÀM ƠN hãy xem xét lại điểm thi cuối kỳ của em! Em biết mình chỉ trả lời đúng 7% số câu hỏi, nhưng em thực sự không đáng bị điểm F! Tuần vừa rồi em bị bong gân mắt cá chân, chó của em thì chạy mất, lại còn cháy cả bếp nữa! Em nghĩ công bằng mà nói thì em xứng đáng có cơ hội thi lại!"
edu,"""If you don't buy the warranty for your chromebook, you could find yourself without one for the rest of the schoolyear and having to pay thousands of dollars in expensive repairs"" IS an example of this fallacy.",appeal to emotion,"'Nếu bạn không mua gói bảo hành cho máy Chromebook, bạn có thể sẽ chẳng còn máy để dùng trong suốt cả năm học và phải bỏ ra hàng ngàn đô la cho việc sửa chữa đắt đỏ' LÀ một ví dụ về ngụy biện này."
edu,"""Who is Sam Brownbeck, and why is he saying all those terrible things about rock lyrics? On Nov. 6, Brownbeck, an ambitious Kansas Republican ... convened a hearing billed as ""An Example of Violent Music Lyrics on Youth Behavior and Well Being ..."" Brownbeck's subcommittee, which supervises schools and streets in D.C., has much more important work to do, but the senator, who will run again in 1998, is clearly searching for an issue to give him national prominence.""",ad hominem,"Sam Brownbeck là ai, và tại sao ông ta lại nói những điều kinh khủng như vậy về lời bài hát rock? Vào ngày 6 tháng 11, Brownbeck, một đảng viên Cộng hòa đầy tham vọng ở Kansas... đã triệu tập một phiên điều trần mang tên 'Ví dụ về lời bài hát bạo lực đối với hành vi và sức khỏe của giới trẻ'... Tiểu ban của Brownbeck, vốn giám sát trường học và đường phố tại D.C., rõ ràng có nhiều việc quan trọng hơn phải làm, nhưng vị thượng nghị sĩ này, người sẽ tái tranh cử vào năm 1998, rõ ràng đang cố tìm kiếm một vấn đề để đánh bóng tên tuổi trên toàn quốc."
edu,I believe in God because no one can prove that a god doesn't exist.,intentional,Tôi tin vào Chúa vì chẳng có ai chứng minh được rằng Chúa không tồn tại cả.
edu,"Student: Logical Fallacies have nothing to do with my life and I don’t want to learn them!
Teacher: You are too young to understand why it’s important!
Estudiante: ¡Las falacias lógicas no tienen nada que ver con mi vida y no quiero aprenderlas!
Maestro: Eres demasiado joven para entender por qué es importanto!",ad hominem,"Học sinh: Ngụy biện logic chẳng liên quan gì đến cuộc sống của tôi cả, tôi không muốn học! 
Giáo viên: Em còn quá trẻ để hiểu tại sao nó lại quan trọng!"
edu,"Person 1: I think pollution from humans contributes to climate change.

Person 2: So, you think humans are directly responsible for extreme weather, like hurricanes, and have caused the droughts in the southwestern U.S.?",fallacy of extension,"Người 1: Tôi nghĩ ô nhiễm do con người gây ra góp phần vào biến đổi khí hậu.
Người 2: Vậy ra bạn cho rằng con người phải chịu trách nhiệm trực tiếp cho các hiện tượng thời tiết cực đoan như bão và gây ra hạn hán ở phía tây nam nước Mỹ sao?"
edu,"I was just on the phone with a Southerner, and I could barely keep up! All Southerners talk fast.",faulty generalization,"Tôi vừa gọi điện cho một người miền Nam, và tôi hầu như không theo kịp họ! Tất cả người miền Nam đều nói nhanh như vậy."
edu,"According to Freud, your belief in God stems from your need for a strong father figure. So don’t you see that it’s silly to continue believing in God?",ad hominem,"Theo Freud, niềm tin vào Chúa của bạn xuất phát từ nhu cầu cần một hình tượng người cha mạnh mẽ. Vậy bạn không thấy việc tiếp tục tin vào Chúa thật ngớ ngẩn sao?"
edu,"Adultery, as well as philandering, is wrong.
Therefore, we have no biological tendency for multiple sex partners.",fallacy of relevance,"Ngoại tình cũng như thói trăng hoa là sai trái. Do đó, chúng ta không hề có xu hướng sinh học về việc có nhiều bạn tình."
edu,"I don't believe in God. One reason is that I think he is evil. And by the way, there is no such thing as ""evil;"" it is just our evaluation of what we believe is wrong.",fallacy of logic,"Tôi không tin vào Chúa. Một lý do là tôi nghĩ Ngài ác độc. Và nhân tiện, làm gì có thứ gọi là ""cái ác""; đó chỉ là đánh giá của chúng ta về những gì chúng ta cho là sai trái."
edu,"""Vote for Smith or live through four more years of higher taxes.""",false dilemma,Bầu cho Smith hoặc là chịu đựng thêm bốn năm tăng thuế nữa đi.
edu,A little boy says that his friends should not go swimming in a river because his Mama said there were germs in the river.,fallacy of credibility,Một cậu bé nói rằng bạn bè không nên đi bơi ở sông vì mẹ cậu bảo trong nước sông có vi trùng.
edu,People who don't like K-pop are racist.,ad hominem,Những người không thích K-pop đều là phân biệt chủng tộc.
edu,"""I can't understand how such a low performance student is able to talk about politics"" is an example of",ad hominem,"""Tôi không thể hiểu nổi một học sinh có học lực kém như thế làm sao có thể bàn luận về chính trị"" là một ví dụ của"
edu,"If we don't control Covid-19, it could lead to millions of deaths. Wouldn't it make you sad to live in a country where that had happened?",appeal to emotion,"Nếu chúng ta không kiểm soát Covid-19, nó có thể dẫn đến cái chết của hàng triệu người. Bạn không thấy buồn nếu phải sống ở một đất nước để xảy ra điều đó sao?"
edu,"Medical expenses for the elderly continue to rise. If you don't buy long-term health insurance now, you probably won't be able to qualify once you're older. Sure, the insurance policy is a little expensive, but it's worth spending the money today so you don't go bankrupt in the future, becoming a burden to your family.",appeal to emotion,"Chi phí y tế cho người già ngày càng tăng. Nếu bạn không mua bảo hiểm sức khỏe dài hạn ngay bây giờ, bạn sẽ không còn đủ điều kiện đăng ký khi về già đâu. Chắc chắn là phí bảo hiểm hơi đắt, nhưng cứ bỏ tiền ra ngay từ bây giờ đi để sau này không bị phá sản rồi trở thành gánh nặng cho gia đình."
edu,"Gertrude: I am tired of having to fill out these forms all day. Can't we find a more efficient system?

Cindy-Lou: If you're not happy with the way we do things, we can find someone who is!",ad hominem,"Gertrude: Tôi chán ngấy việc phải điền hết đống biểu mẫu này cả ngày rồi. Chúng ta không thể tìm ra hệ thống nào hiệu quả hơn sao?

Cindy-Lou: Nếu bạn không hài lòng với cách chúng tôi làm việc thì chúng tôi có thể tìm người khác hài lòng thay thế!"
edu,"“Oh, please. What would you know about labor laws? You don’t even have a job.”",ad hominem,Ôi thôi đi. Bạn thì biết gì về luật lao động chứ? Thậm chí bạn còn chẳng có việc làm.
edu,"If indoor smoking laws are passed for bars, the bars will go out of business since people who drink, smoke while they drink.",faulty generalization,"Nếu luật cấm hút thuốc trong nhà được áp dụng cho các quán bar, thì các quán bar đó sẽ đóng cửa thôi, vì người ta đi uống rượu thì phải hút thuốc kèm theo."
edu,"Duke University has the best basketball player in the NCAA, therefore they will win the tournament this year.",faulty generalization,"Đại học Duke có cầu thủ bóng rổ xuất sắc nhất NCAA, thế nên chắc chắn họ sẽ thắng giải đấu năm nay."
edu,"How do you expect me to support a school voucher program? Soon, all of our inner-city schools will have no money left, our children will give up hope, and the entire education system will collapse. No, there's no way I could support a program that will do all that.",fallacy of extension,"Sao bạn lại mong tôi ủng hộ chương trình phiếu giáo dục được? Sớm muộn gì các trường nội thành cũng cạn kiệt ngân sách, học sinh thì mất hết hy vọng, và toàn bộ hệ thống giáo dục sẽ sụp đổ. Không, tôi không đời nào ủng hộ một chương trình gây ra hậu quả đó."
edu,You have a friend who claims that cats like to go to windows and watch sunsets because that is what her cats does. What fallacy has she committed?,faulty generalization,Bạn của bạn khẳng định rằng lũ mèo thích ra cửa sổ ngắm hoàng hôn vì mèo của cô ấy cũng làm như vậy. Cô ấy đã mắc phải ngụy biện gì?
edu,"The Soviet Union collapsed after taking up atheism. Therefore, we must avoid atheism for the same reasons.",false causality,"Liên Xô sụp đổ sau khi theo chủ nghĩa vô thần. Do đó, chúng ta phải tránh xa chủ nghĩa vô thần vì những lý do tương tự."
edu,"""Your honor, I believe that we won this case. Look at the opposite camp; they were late for today's hearing!""",fallacy of relevance,"Thưa tòa, tôi tin rằng chúng tôi đã thắng vụ kiện này. Nhìn sang phe đối diện mà xem, họ còn đến trễ phiên điều trần hôm nay đấy!"
edu,"I had this book that proved that leprechauns are real and have been empirically verified by scientists, but I lost it.  I forgot the name of it as well -- and who the author was.",equivocation,"Tôi từng có cuốn sách chứng minh yêu tinh là có thật và đã được các nhà khoa học kiểm chứng, nhưng tôi làm mất nó rồi. Tôi cũng quên mất tên sách và tên tác giả luôn."
edu,"""All Muslims are terrorists"" is an example of",faulty generalization,“Tất cả người Hồi giáo đều là khủng bố” là một ví dụ của
edu,Love America or leave it.,false dilemma,Yêu nước Mỹ hoặc là cút đi.
edu,"The reason the firmament, a tent-like structure that kept the “waters above” from flooding the earth as described in the Bible, is no longer there today, is because it was destroyed during Noah’s flood.
",circular reasoning,Lý do vòm trời - một cấu trúc như cái lều ngăn “nước bên trên” không cho tràn xuống nhấn chìm trái đất như Kinh Thánh mô tả - không còn tồn tại ngày nay là vì nó đã bị phá hủy trong trận đại hồng thủy thời Noah.
edu,"The new iPhone comes out this weekend! If you don't get it, you're not cool!",ad populum,iPhone mới ra mắt cuối tuần này đấy! Không mua thì cậu đúng là đồ lỗi thời!
edu,"Free speech is good not just for the individual, but for all of society. After all, it's in the interest of the community that everyone should be at liberty to express his or her beliefs.",circular reasoning,"Tự do ngôn luận tốt không chỉ cho cá nhân mà cho cả xã hội. Suy cho cùng, việc ai cũng được tự do bày tỏ quan điểm là lợi ích của cả cộng đồng."
edu,"In an example used by Sigmund Freud in The Interpretation of Dreams, a man accused by his neighbor of having returned a kettle in a damaged condition offered three arguments:
That he had returned the kettle undamaged;
That it was already damaged when he borrowed it;
That he had never borrowed it in the first place.
",fallacy of logic,"Trong một ví dụ mà Sigmund Freud dùng trong cuốn Giải mã giấc mơ, một người đàn ông bị hàng xóm tố làm hỏng ấm đun nước đã đưa ra ba lý lẽ: Rằng anh ta trả cái ấm còn nguyên vẹn; Rằng cái ấm đã hỏng từ lúc anh ta mượn; Rằng anh ta chưa bao giờ mượn cái ấm đó ngay từ đầu."
edu,"A cloud is 90 percent water; a watermelon is 90 percent water. Therefore, since a plane can fly through a cloud, a plane can fly through a watermelon.",fallacy of logic,"Đám mây chứa 90% là nước; quả dưa hấu cũng chứa 90% là nước. Do đó, vì máy bay có thể bay xuyên qua đám mây nên nó cũng có thể bay xuyên qua quả dưa hấu."
edu,"People generally like to walk on the beach.  Beaches have sand.  Therefore, having sand floors in homes would be a great idea!",fallacy of logic,"Mọi người thường thích đi dạo trên bãi biển. Bãi biển thì có cát. Thế nên, lát sàn nhà bằng cát là một ý tưởng tuyệt vời!"
edu,"“Andrea Dworkin has written several books arguing that pornography harms women. But Dworkin is just ugly and bitter, so why should we listen to her?”",ad hominem,"“Andrea Dworkin đã viết vài cuốn sách lập luận rằng phim khiêu dâm gây hại cho phụ nữ. Nhưng Dworkin thì vừa xấu xí vừa cay nghiệt, nên việc gì phải nghe bà ta nói?”"
edu,You said that 'runs' occur to statistically independent phenomena such as roulette wheel spins.,ad populum,Bạn nói rằng các chuỗi thắng thua xuất hiện trong những hiện tượng độc lập về mặt thống kê như quay cò quay roulette.
edu,"When the new administration came on campus, test scores increased and attendance improved.",false causality,"Kể từ khi ban quản lý mới về trường, điểm thi tăng lên và tỉ lệ chuyên cần cũng cải thiện."
edu,This is an example of,false dilemma,Đây là một ví dụ của
edu,Doing something because everyone else is doing it,ad populum,Làm điều gì đó chỉ vì tất cả mọi người đều đang làm theo
edu,"""Annie must like Starbucks because all white girls like Starbucks.""",faulty generalization,"""Annie chắc hẳn là thích Starbucks vì cô gái da trắng nào cũng thích Starbucks."""
edu,"""My uncle eats pizza and cake and he is thin. Pizza and cake aren’t the cause of obesity. "" is an example of",faulty generalization,"""Chú tôi ăn pizza và bánh ngọt mà vẫn gầy. Vậy pizza và bánh ngọt không phải là nguyên nhân gây béo phì"" là một ví dụ của"
edu,"The last Democrat winner of the New Hampshire primary won the general election. This year, the winner of the New Hampshire primary will win the general election.",faulty generalization,"Người chiến thắng cuộc bầu cử sơ bộ tại New Hampshire gần nhất của Đảng Dân chủ đã thắng trong cuộc tổng tuyển cử. Năm nay, người thắng cuộc bầu cử sơ bộ tại New Hampshire sẽ thắng cuộc tổng tuyển cử."
edu,"“Everyone else is doing it, so should you”.",ad populum,"“Ai cũng làm thế cả, nên bạn cũng phải làm vậy”."
edu,"I am going to bed or watching TV.  I am exhausted, so I will go to bed; therefore, I cannot watch TV.",fallacy of logic,"Tôi sẽ đi ngủ hoặc xem TV. Tôi quá mệt rồi nên tôi sẽ đi ngủ; vì thế, tôi không thể xem TV."
edu,"If you don't start recycling now, our entire planet will be destroyed in ten years.",appeal to emotion,"Nếu bạn không bắt đầu tái chế ngay bây giờ, toàn bộ hành tinh của chúng ta sẽ bị hủy diệt trong mười năm tới."
edu,"Since Samantha got that new apron, she hasn't burned any cookies. That new apron sure does help her cooking!",false causality,"Từ khi Samantha có cái tạp dề mới, cô ấy không còn làm cháy mẻ bánh nào nữa. Rõ ràng cái tạp dề mới đó giúp cô ấy nấu ăn tốt hẳn lên!"
edu,"The city should not be singling out our company's problems at our chemical storage facilities, when the EPA records indicate the city's very own landfill has been cited as needing improvements. The council needs to clean up its own mess, before they go after us.",fallacy of relevance,"Thành phố không nên chỉ nhắm vào các vấn đề tại kho chứa hóa chất của công ty chúng tôi, trong khi hồ sơ của EPA cho thấy bãi rác của chính thành phố cũng cần phải cải thiện. Hội đồng nên tự lo liệu đống rắc rối của mình trước khi tìm cách gây khó dễ cho chúng tôi."
edu,"Anthony and Marie have a heated argument. During their fight, Anthony tells Marie that he hates her and wished that she would get hit by a bus. Later that evening, Anthony receives a call from a friend who tells him that Marie is in the hospital because she was struck by a bus. Anthony immediately blames himself and reasons that if he hadn't made that comment during their fight, Marie would not have been hit. What logical fallacy has Anthony committed?
http://www.funtrivia.com",false causality,"Anthony và Marie cãi nhau nảy lửa. Trong lúc tranh cãi, Anthony nói với Marie rằng anh ta ghét cô ấy và ước cô ấy bị xe buýt tông. Sau đó, Anthony nhận được cuộc gọi báo tin Marie đang ở bệnh viện vì bị xe buýt tông thật. Anthony ngay lập tức tự trách bản thân và suy diễn rằng nếu anh ta không nói câu đó, Marie đã không bị tai nạn. Anthony đã mắc phải ngụy biện logic nào?"
edu,Girls should not be allowed . to try out as kickers for school football teams because girls are not very athletic.,faulty generalization,Không nên cho phép con gái thử sức ở vị trí cầu thủ đá phạt trong đội bóng bầu dục trường học vì con gái vốn chẳng có mấy tố chất thể thao.
edu,"“Eating five candy bars and drinking two sodas before a test helps me get better grades. I did that and got an A on my last test in history.”
What fallacy is this an example of?",false causality,Việc ăn năm thanh kẹo và uống hai lon nước ngọt trước khi thi giúp tôi đạt điểm cao hơn. Tôi đã làm thế và đạt điểm A trong bài kiểm tra lịch sử gần nhất đấy. Đây là ví dụ của ngụy biện gì?
edu,"""If we don't adopt that puppy today, they might put him down. Do you want to be responsible for that?"" Exclaimed Yasir.",appeal to emotion,"Nếu chúng ta không nhận nuôi chú cún này hôm nay, họ có thể sẽ tiêu hủy nó đấy. Bạn có muốn chịu trách nhiệm cho việc đó không? Yasir thốt lên."
edu,"Your mom thinks you spend too much time playing video games. You bring up that
she spends too much time shopping.",fallacy of relevance,Mẹ bạn cho rằng bạn dành quá nhiều thời gian chơi game. Bạn liền phản pháo rằng mẹ cũng dành quá nhiều thời gian để mua sắm đấy thôi.
edu,"Hundreds of thousands of animals are being tortured and killed every year, and for what? So that we can modernize our beauty products and overstock our grocery stores?",appeal to emotion,"Hàng trăm ngàn con vật đang bị tra tấn và giết hại mỗi năm, chỉ vì cái gì cơ chứ? Chỉ để chúng ta hiện đại hóa các sản phẩm làm đẹp và chất đầy hàng hóa cho các cửa hàng tạp hóa thôi sao?"
edu,"One pill is good, two will be better",appeal to emotion,"Một viên thuốc là tốt, thì hai viên chắc chắn sẽ còn tốt hơn nhiều"
edu,"World-renowned physicist Dr. Patricia Mitchell assures me that exposure to natural sunlight, even exposure resulting in mild sunburn, is still significantly less of a cancer risk than brief exposure to the artificial light in a tanning bed. So I make sure to tell all of my friends that if they’re looking to get a tan this summer they should do it outdoors, and not at the tanning salon!",fallacy of credibility,"Nhà vật lý học lừng danh thế giới Dr. Patricia Mitchell cam đoan với tôi rằng việc tiếp xúc với ánh nắng mặt trời tự nhiên, kể cả khi gây cháy nắng nhẹ, vẫn ít nguy cơ gây ung thư hơn đáng kể so với việc tiếp xúc ngắn hạn với ánh sáng nhân tạo trong giường tắm nắng. Vì vậy, tôi luôn khuyên bạn bè rằng nếu muốn có làn da rám nắng vào mùa hè này, họ nên tắm nắng ngoài trời chứ đừng đến tiệm tắm nắng!"
edu,"""Every time my sister uses hairspray, it is an extremely hot day"" is an example of",false causality,Câu 'Mỗi lần chị tôi dùng keo xịt tóc là trời lại nóng kinh khủng' là ví dụ cho ngụy biện gì?
edu,Studies show it takes up to seven years for the human body to digest a piece of gum.,fallacy of credibility,Các nghiên cứu chỉ ra rằng cơ thể người phải mất tới bảy năm mới tiêu hóa được một mẩu kẹo cao su.
edu,I sneezed at the same time the power went off. My sneeze did something to make the power go off.,false causality,Tôi vừa hắt hơi thì điện tắt. Chắc cú là cái hắt hơi của tôi đã làm mất điện rồi.
edu,"I guess I should buy my 12-year-old daughter an iPhone. Everyone at her new school has one, and I want her to fit in with the other kids.",ad populum,"Chắc tôi phải mua cho con gái 12 tuổi một chiếc iPhone thôi. Ở trường mới đứa nào cũng có, tôi muốn con bé hòa nhập với bạn bè."
edu,"Each brick in that building weighs less than a pound.  Therefore, the building weighs less than a pound.Example #2:
Hydrogen is not wet.  Oxygen is not wet.  Therefore, water (H2O) is not wet.",faulty generalization,"Mỗi viên gạch trong tòa nhà đó nặng chưa tới một pound. Vậy nên, cả tòa nhà đó nặng chưa tới một pound. Ví dụ 2: Hydro không ướt. Oxy không ướt. Vậy nên nước (H2O) không ướt."
edu,Pre-AP kids are smart and creative.,faulty generalization,Mấy đứa học lớp Pre-AP toàn là đứa thông minh và sáng tạo.
edu,Layla is a liar! She should not be trusted to be president for student council!,ad hominem,Layla là kẻ nói dối! Không đời nào lại đi bầu cho cái kiểu người như thế làm hội trưởng hội học sinh!
edu,"“Richard Dawkins, an evolutionary biologist and perhaps the foremost expert in the field, says that evolution is true. Therefore, I believe it's true.”",fallacy of credibility,"Richard Dawkins, một nhà sinh học tiến hóa và có lẽ là chuyên gia hàng đầu trong lĩnh vực này, nói rằng tiến hóa là đúng. Vì vậy, tôi tin đó là sự thật."
edu,Using a double standard or arguing for an unjustified exception.,intentional,Sử dụng tiêu chuẩn kép hoặc biện hộ cho một ngoại lệ phi lý.
edu,"In the space of a couple of days, Alastair Campbell has managed to turn an argument about the way the government presented its case for war in Iraq into an entirely different dispute about the way the BBC covered what was going on in Whitehall at the time.",fallacy of relevance,"Chỉ trong vài ngày, Alastair Campbell đã xoay chuyển cuộc tranh luận về cách chính phủ trình bày vấn đề chiến tranh Iraq thành một cuộc tranh cãi hoàn toàn khác về cách BBC đưa tin về sự việc tại Whitehall lúc bấy giờ."
edu,"Our country is certainly in terrible shape.  Sure, we still have all kinds of freedoms, cultural diversity, emergency rooms and trauma care, agencies like the FDA out to protect us, the entertainment industry, a free market, national parks, we are considered the most powerful nation in the world, have amazing opportunities, and free public education, but still...",faulty generalization,"Đất nước chúng ta thực sự đang ở trong tình trạng tồi tệ. Tất nhiên, chúng ta vẫn có đủ loại tự do, sự đa dạng văn hóa, các phòng cấp cứu và chăm sóc chấn thương, những cơ quan như FDA để bảo vệ chúng ta, ngành công nghiệp giải trí, thị trường tự do, các công viên quốc gia, chúng ta được coi là quốc gia quyền lực nhất thế giới, có những cơ hội tuyệt vời và giáo dục công miễn phí, nhưng mà..."
edu,"Charlie: I think we should put more money into schools. Quality public education is so important.

Bob: So you’re saying we should cut military spending and spend it instead on more spiral notebooks and crayons? I guess you want our country to be a weak, defenseless target for terrorists.",fallacy of extension,"Charlie: Tôi nghĩ chúng ta nên đầu tư nhiều tiền hơn cho trường học. Giáo dục công chất lượng rất quan trọng.

Bob: Vậy ý anh là chúng ta nên cắt giảm ngân sách quân sự để thay thế bằng việc mua thêm vở và bút màu à? Chắc là anh muốn đất nước mình trở thành một mục tiêu yếu đuối, không có khả năng phòng thủ trước bọn khủng bố rồi."
edu,"""Every 0.008 seconds in the United States, a teen accidentally shatters his/her phone screen. You can help put an end to these devastating tragedies: donate now to my Kickstarter fund, the new Bubble-wrap Phone Case X.""",appeal to emotion,"Cứ mỗi 0,008 giây ở Mỹ, một thiếu niên lại vô tình làm vỡ màn hình điện thoại. Bạn có thể giúp chấm dứt những bi kịch kinh hoàng này: hãy quyên góp ngay cho quỹ Kickstarter của tôi, sản phẩm ốp lưng Bubble-wrap Phone Case X mới."
edu,Compares minor problems with much more serious crimes,fallacy of relevance,So sánh những vấn đề nhỏ nhặt với những tội ác nghiêm trọng hơn nhiều
edu,"Fred, the Australian, stole my wallet. Thus, all Australians are thieves.",faulty generalization,"Fred, người Úc, đã lấy trộm ví của tôi. Vậy nên, tất cả người Úc đều là phường trộm cắp."
edu,The news is fake because so much of the news is fake.,circular reasoning,Tin tức là giả vì rất nhiều tin tức là giả.
edu,"I ask all employees to vote for my chosen candidate in the upcoming elections. If the other candidate wins, he will raise taxes and many of you will lose your jobs.",appeal to emotion,"Tôi yêu cầu tất cả nhân viên hãy bỏ phiếu cho ứng cử viên mà tôi đã chọn trong cuộc bầu cử sắp tới. Nếu ứng cử viên kia thắng cử, ông ta sẽ tăng thuế và nhiều người trong các bạn sẽ mất việc làm."
edu,"We haven’t proven aliens didn’t create life on earth, so aliens created life on earth.",intentional,"Chúng ta chưa chứng minh được rằng người ngoài hành tinh không tạo ra sự sống trên trái đất, vậy nên người ngoài hành tinh đã tạo ra sự sống trên trái đất."
edu,"I believe that when we die, we will spend eternity reading books and learning more about writing composition. I am so comforted by this belief!",appeal to emotion,"Tôi tin rằng khi chết đi, chúng ta sẽ dành vĩnh hằng để đọc sách và học thêm về kỹ năng viết văn. Tôi cảm thấy thật an lòng với niềm tin này!"
edu,I met a rude person from France yesterday. I guess all French people are rude.,faulty generalization,Hôm qua tôi gặp một người Pháp rất thô lỗ. Tôi đoán là tất cả người Pháp đều thô lỗ.
edu,There is no intervention for victims of domestic violence that has more empirical support from controlled studies than this one. It is clear that this is the right way to address this problem and we should all be providing this therapy whenever victims of domestic violence come to us for help.,fallacy of credibility,Không có biện pháp nào can thiệp cho nạn nhân bạo lực gia đình nhận được nhiều bằng chứng thực nghiệm từ các nghiên cứu kiểm soát hơn biện pháp này. Rõ ràng đây là cách đúng đắn nhất để giải quyết vấn đề và tất cả chúng ta nên áp dụng liệu pháp này bất cứ khi nào nạn nhân tìm đến để được giúp đỡ.
edu,"""You are either with me or against me!"" is an example of which fallacy?",false dilemma,"Câu ""Anh hoặc là theo tôi, hoặc là chống lại tôi!"" là ví dụ cho loại ngụy biện nào?"
edu,"“We should abolish the death penalty. Many respected people, such as actor Guy Handsome, have publicly stated their opposition to it.”",fallacy of credibility,"Chúng ta nên bãi bỏ án tử hình. Nhiều nhân vật được kính trọng, như diễn viên Guy Handsome, đã công khai bày tỏ sự phản đối với nó."
edu,", rather than on his arguments or opinions.",ad hominem,thay vì tập trung vào các lập luận hay ý kiến của anh ta.
edu,"Saying things like ""ALL teenagers are irresponsible"" would be an example of which type of fallacy?",faulty generalization,"Việc nói những câu kiểu như ""TẤT CẢ thanh thiếu niên đều vô trách nhiệm"" là ví dụ cho loại ngụy biện nào?"
edu,"We know God exists because we can see the perfect order of His Creation, an order which demonstrates supernatural intelligence in its design.",circular reasoning,"Chúng ta biết Chúa tồn tại vì chúng ta có thể thấy trật tự hoàn hảo trong công trình sáng tạo của Ngài, một trật tự chứng minh cho trí tuệ siêu nhiên trong thiết kế đó."
edu,"I broke a mirror earlier in the day, and then I received an F on my history final. Therefore, I received the F because I broke the mirror.",false causality,"Tôi làm vỡ gương vào đầu ngày, và sau đó tôi bị điểm F trong kỳ thi cuối kỳ môn lịch sử. Vì vậy, tôi bị điểm F là do tôi đã làm vỡ gương."
edu,"during the presidential campaign of 1800, John Adams was called 'a fool, a gross hypocrite and an unprincipled oppressor.' His rival, Thomas Jefferson, on the other hand, was deemed 'an uncivilized atheist, anti-American, a tool for the godless French.'",ad hominem,"Trong chiến dịch tranh cử tổng thống năm 1800, John Adams bị gọi là 'một gã ngốc, một kẻ đạo đức giả thô lỗ và một kẻ áp bức không nguyên tắc.' Ngược lại, đối thủ của ông, Thomas Jefferson, bị coi là 'một kẻ vô thần không văn minh, chống Mỹ, và là công cụ của những người Pháp vô thần.'"
edu,"Lolita: Since about half the people in the world are female, the chances of the next person to walk out that door being female is about 50/50.
Celina: Do you realize that is the door to Dr. Vulvastein, the gynecologist?",false causality,"Lolita: Vì khoảng một nửa số người trên thế giới là nữ, nên khả năng người tiếp theo bước qua cánh cửa kia là nữ rơi vào khoảng 50/50.
Celina: Cậu có nhận ra đó là cửa phòng khám của bác sĩ Vulvastein, chuyên gia phụ khoa không?"
edu,You can't be my partner in class because you didn't donate to the Hurricane Sandy fundraiser.,ad hominem,Cậu không thể làm bạn cùng nhóm với tôi vì cậu đã không đóng góp cho quỹ cứu trợ bão Sandy.
edu,"I saw Ashton Kutcher in a prescription drug commercial, therefore it has to be an effective drug.",fallacy of credibility,"Tôi thấy Ashton Kutcher quảng cáo thuốc kê đơn, vậy nên chắc chắn loại thuốc đó phải hiệu quả rồi."
edu,"""Everytime I wash my car it rains, therefore, washing my car makes it rain.""",false causality,"Cứ mỗi lần tôi rửa xe là trời lại đổ mưa, suy ra việc tôi rửa xe chính là nguyên nhân gây ra mưa."
edu,Eat lamb--could thousands of coyotes be wrong?,ad populum,Hãy ăn thịt cừu đi - chẳng lẽ hàng ngàn con sói lại có thể sai được sao?
edu,"""J.K Rowling is a wonderful writer because she writes so well"" is an example of what?",circular reasoning,"Câu ""J.K Rowling là một nhà văn tuyệt vời vì bà ấy viết rất hay"" là ví dụ cho lỗi ngụy biện nào?"
edu,"to define a person based on faulty opinions derived by judgments made about a group, a class, or race of people",faulty generalization,"Đánh giá một người dựa trên những định kiến sai lệch về một nhóm, một tầng lớp hoặc một chủng tộc."
edu,That's what you'd expect someone like him/her to say,ad hominem,Đó là điều mà người như anh ta/cô ta sẽ nói thôi mà.
edu,The numbers on gun violence speak for themselves. We should ban guns in the country!,faulty generalization,Những con số về bạo lực súng đạn đã nói lên tất cả rồi. Chúng ta phải cấm súng trên toàn quốc ngay!
edu,"One of our clients doubled their conversions after changing all their landing page text to bright red. Therefore, changing all text to red is a proven way to double conversions.",faulty generalization,"Một khách hàng của chúng tôi đã tăng gấp đôi tỷ lệ chuyển đổi sau khi đổi hết chữ trên landing page sang màu đỏ. Vậy nên, đổi chữ sang màu đỏ là cách chắc chắn để tăng gấp đôi tỷ lệ chuyển đổi."
edu,"After Jhon said that we should put more money into health and education, Warren responded by saying that he was surprised that Jhon hates our country so much that he wants to leave it defenseless by cutting military spending.",fallacy of extension,"Sau khi Jhon nói rằng chúng ta nên đầu tư nhiều hơn vào y tế và giáo dục, Warren phản bác rằng anh ta ngạc nhiên vì Jhon lại ghét đất nước mình đến mức muốn tước bỏ khả năng phòng thủ bằng cách cắt giảm ngân sách quân sự."
edu,"I have a red car. My car was in a wreck. Therefore, all red cars get wrecked.",faulty generalization,"Tôi có một chiếc xe màu đỏ. Xe tôi vừa bị tai nạn. Suy ra, tất cả xe màu đỏ đều sẽ bị tai nạn."
edu,"Billy - ""An apple is a vegetable.""  Bobby - ""Don't listen to Billy; he failed Spanish class last year. """,ad hominem,"Billy - ""Táo là một loại rau củ."" Bobby - ""Đừng nghe Billy làm gì; năm ngoái cậu ta còn trượt môn tiếng Tây Ban Nha cơ mà."""
edu,"You should never gamble! Once you start gambling you find it hard to stop. Soon you will spend all your money on gambling, and eventually you will turn to crime just to support your gambling addiction.",faulty generalization,"Bạn tuyệt đối không được cờ bạc! Một khi đã bắt đầu, bạn sẽ chẳng thể dừng lại. Chẳng mấy chốc bạn sẽ nướng sạch tiền, và cuối cùng thì đi vào con đường phạm pháp chỉ để thỏa mãn cơn nghiện cờ bạc của mình thôi."
edu,"Speaker 1: We should have single payer, government funded health care. That would be the best solution to the health care crisis in our country.
Speaker 2: You voted for Bernie Sanders. You’re probably a communist.",ad hominem,"Người nói 1: Chúng ta nên áp dụng hệ thống y tế một bên chi trả do chính phủ tài trợ. Đó sẽ là giải pháp tối ưu cho cuộc khủng hoảng y tế hiện nay.
Người nói 2: Bạn đã bỏ phiếu cho Bernie Sanders. Chắc chắn bạn là cộng sản rồi."
edu,"Cell phones, high-tech devices that cause severe distractions and cyberbullying should be banned in schools.",circular reasoning,"Điện thoại di động, những thiết bị công nghệ cao gây xao nhãng trầm trọng và kéo theo nạn bắt nạt qua mạng, cần phải bị cấm tại các trường học."
edu,"All hotdogs are fast food.
No hamburgers are hotdogs.
Therefore, no hamburgers are fast food.",fallacy of logic,"Tất cả xúc xích đều là thức ăn nhanh.
Không có bánh hamburger nào là xúc xích.
Vậy nên, không có bánh hamburger nào là thức ăn nhanh."
edu,Americans should give money to charity because it is the right thing to do.,circular reasoning,Người Mỹ nên làm từ thiện bởi vì đó là việc đúng đắn cần phải làm.
edu,The speaker/author chooses a deliberately (on purpose) bad or oversimplified example in order to ridicule (make fun of) or refute (prove wrong) an idea,fallacy of extension,Người nói/tác giả chọn một ví dụ cố tình sai lệch hoặc quá đơn giản hóa để chế giễu hoặc bác bỏ một quan điểm.
edu,You know Jane Fonda’s exercise video’s must be worth the money. Look at the great shape she’s in.,false causality,"Bạn biết đấy, video tập thể dục của Jane Fonda chắc chắn là đáng tiền. Nhìn vóc dáng tuyệt vời của cô ấy mà xem."
edu,Families communicate less and less in the past forty years since feminism became mainstream. Feminism is to blame for this deterioration in the family.,false causality,Các gia đình ngày càng ít giao tiếp với nhau trong bốn mươi năm qua kể từ khi nữ quyền trở nên phổ biến. Nữ quyền chính là nguyên nhân gây ra sự rạn nứt trong gia đình này.
edu,"If you choose not to administer triple antibiotic coverage for this patient with severe and extensive burns, you will be held responsible for any infectious complications that might eventually arise.",appeal to emotion,"Nếu bạn chọn không dùng liệu pháp kháng sinh ba loại cho bệnh nhân bị bỏng nặng và diện rộng này, bạn sẽ phải chịu trách nhiệm cho mọi biến chứng nhiễm trùng có thể xảy ra sau này."
edu,"Many homosexuals have AIDS. Therefore, homosexuality causes AIDS.",false causality,"Nhiều người đồng tính bị AIDS. Vậy nên, đồng tính là nguyên nhân gây ra AIDS."
edu,Jimmy isn’t at school today. He must be on a family trip.,false causality,Hôm nay Jimmy không đến trường. Chắc chắn là cậu ấy đang đi chơi với gia đình rồi.
edu,"Some students who attend tutoring over the summer are not very intelligent. Since Beth attended summer tutoring, she is not a very good student.",faulty generalization,"Một vài học sinh đi học thêm vào hè không thông minh lắm. Vì Beth có học hè, nên cô ấy không phải là học sinh giỏi."
edu,"The statement ""you are not really an American if you are vegetarian"" is an example of which fallacy?",intentional,Câu nói 'bạn không thực sự là người Mỹ nếu bạn ăn chay' là ví dụ cho loại ngụy biện nào?
edu,"""I know I made a bad decision, but look at how hard I tried.""
This helps manipulators to avoid taking responsibility for their actions.",appeal to emotion,"'Tôi biết mình đã quyết định sai, nhưng nhìn xem tôi đã nỗ lực thế nào kìa.' Điều này giúp những kẻ thao túng né tránh trách nhiệm cho hành động của họ."
edu,Best Buy is the best electronics store because people line up outside of it on Black Friday.,ad populum,Best Buy là cửa hàng điện tử tốt nhất vì mọi người xếp hàng dài trước cửa vào ngày Black Friday.
edu,All four year olds talk too much.,faulty generalization,Mấy đứa trẻ bốn tuổi đứa nào chẳng nói nhiều.
edu,"Pamela never lies. She told me herself, so it must be true.",circular reasoning,"Pamela không bao giờ nói dối. Chính cô ấy nói với tôi thế, nên chắc chắn đó là sự thật."
edu,"Sure, we haven't given raises in over five years to our employees, but we work really hard to make a good product. We try to ensure the best customer service, too.",fallacy of relevance,"Đúng là chúng tôi đã không tăng lương cho nhân viên hơn năm năm nay, nhưng chúng tôi đã làm việc rất chăm chỉ để tạo ra sản phẩm tốt. Chúng tôi cũng cố gắng đảm bảo dịch vụ khách hàng tốt nhất nữa."
edu,Senator Li announced today that she plans to cut funding to early childhood education programs. The last thing we need is a government official who hates children!,fallacy of extension,Hôm nay Thượng nghị sĩ Li thông báo bà ấy có kế hoạch cắt giảm ngân sách cho các chương trình giáo dục mầm non. Điều cuối cùng chúng ta cần là một quan chức chính phủ ghét trẻ em!
edu,Either we ban teenagers from possessing cell phones or we continue to let thousands of young students fail their classes.,false dilemma,"Hoặc là chúng ta cấm học sinh cấp ba dùng điện thoại, hoặc là để mặc hàng ngàn học sinh trượt môn."
edu,You either support Hillary Clinton for President or you don't believe in women's rights,false dilemma,"Hoặc là bạn ủng hộ Hillary Clinton làm Tổng thống, hoặc là bạn không tin vào quyền phụ nữ."
edu,Why did the blonde cross the road?  Because she saw a shoe sale!,faulty generalization,Tại sao cô gái tóc vàng lại băng qua đường? Vì cô ấy thấy biển giảm giá giày!
edu,The President said he will not allow disrespectful dissent.,circular reasoning,Tổng thống đã tuyên bố ông ấy sẽ không dung thứ cho những ý kiến phản đối thiếu tôn trọng.
edu,"We cannot listen to John’s opinion on global warming because he is a tree hugger.
No podemos escuchar la opinión de John sobre el calentamiento global porque es un abrazador de árboles.",ad hominem,Chúng ta không thể nghe quan điểm của John về vấn đề nóng lên toàn cầu vì anh ta là một kẻ cuồng bảo vệ môi trường.
edu,"""You're not feeling well because you use your phone so much.""",false causality,Bạn cảm thấy không khỏe là do bạn dùng điện thoại quá nhiều đấy.
edu,"As a police officer who has worked for the city for 15 years, I have been a witness to distracted drivers and something needs to be done.",fallacy of credibility,"Với tư cách là một cảnh sát đã làm việc cho thành phố 15 năm, tôi đã chứng kiến nhiều tài xế mất tập trung và chúng ta cần phải làm gì đó."
edu,Never be kind and generous to the poor. They’ll come to expect your help always and never learn to contribute to society.,faulty generalization,Đừng bao giờ tử tế hay hào phóng với người nghèo. Họ sẽ cứ trông chờ vào sự giúp đỡ của bạn và chẳng bao giờ học cách cống hiến cho xã hội.
edu,Fred the Australian stole my wallet. All Australians are thieves!,faulty generalization,Fred người Úc đã lấy trộm ví của tôi. Vậy thì tất cả người Úc đều là lũ trộm cắp!
edu,(Are the things being compared even similar? Does that prove anything?),fallacy of logic,(Những thứ đang được so sánh có thực sự tương đồng không? Điều đó có chứng minh được gì không?)
edu,"""If you don't believe in God, you'll go to hell!"" is an example of:",appeal to emotion,"Câu ""Nếu bạn không tin vào Chúa, bạn sẽ xuống địa ngục!"" là ví dụ của lỗi ngụy biện nào?"
edu,"Jeff is preparing to create a commercial for a new energy drink. He visits a local high school and surveys students in an English class about their beverage preferences. The majority of the class says they prefer grape flavored drinks, so Jeff tells his superiors that grape is the flavor favored most by high school students. What error in reasoning has Jeff made?http://www.funtrivia.com",faulty generalization,"Jeff đang chuẩn bị làm quảng cáo cho một loại nước tăng lực mới. Anh ấy đến một trường trung học và khảo sát học sinh trong một lớp tiếng Anh về sở thích đồ uống của chúng. Đa số học sinh nói rằng chúng thích vị nho, nên Jeff khẳng định với cấp trên rằng vị nho là vị được học sinh trung học ưa chuộng nhất. Jeff đã mắc lỗi lập luận nào?"
edu,"If the ozone layer is destroyed, many people will get cancer and suffer from other illnesses.  The ozone layer is being protected, not destroyed.  So, many people will be spared the pain of cancer and other illnesses.",fallacy of logic,"Nếu tầng ozone bị phá hủy, nhiều người sẽ bị ung thư và mắc các bệnh khác. Tầng ozone đang được bảo vệ chứ không bị phá hủy. Vì vậy, nhiều người sẽ tránh được nỗi đau từ ung thư và các bệnh khác."
edu,"Look, you are going to have to make up your mind. Either you decide that you can afford this stereo, or you decide you are going to do without music for a while.",false dilemma,"Nghe này, cậu phải quyết định đi. Hoặc là cậu chọn mua bộ dàn âm thanh này, hoặc là cậu chọn sống không có âm nhạc trong một thời gian."
edu,Caroline says that she is going to have lunch with the new girl. Jenna says that she can't believe that Caroline is ditching her old friends for the new girl.,fallacy of extension,Caroline nói rằng cô ấy sẽ đi ăn trưa với bạn mới. Jenna nói rằng cô không thể tin nổi Caroline lại bỏ rơi những người bạn cũ vì một người bạn mới.
edu,"If you don't pay taxes, you don't deserve the right to vote.",false dilemma,"Nếu bạn không đóng thuế, bạn không xứng đáng có quyền bầu cử."
edu,"We don't know for sure that phones lower students' success levels, so there's no need to ban them.",intentional,"Chúng ta chưa biết chắc chắn liệu điện thoại có làm giảm thành tích của học sinh hay không, nên không cần thiết phải cấm chúng."
edu,SM 10: Local talk show host saying we are on the verge of a nuclear war leading to sitting in a basement for months.,fallacy of credibility,SM 10: Người dẫn chương trình talk show địa phương nói rằng chúng ta đang đứng trước bờ vực chiến tranh hạt nhân dẫn đến việc phải ngồi dưới tầng hầm trong nhiều tháng.
edu,Killing thousands of people as a result of drug war campaign is not a crime to humanity because millions of Filipino support it.,ad populum,Việc giết hàng ngàn người do chiến dịch chống ma túy không phải là tội ác chống lại nhân loại vì hàng triệu người Philippines ủng hộ điều đó.
edu,"""I see no reason to listen to Smith. Anything he says will be influenced by his interest in civil rights. His statements are bound to be distorted and unreliable.""

What logical fallacy is used in the statement above?",ad hominem,"""Tôi thấy không có lý do gì để nghe Smith nói cả. Bất cứ điều gì ông ta nói đều bị ảnh hưởng bởi lợi ích của ông ta trong vấn đề quyền công dân. Những tuyên bố của ông ta chắc chắn là bị bóp méo và không đáng tin cậy."" Lỗi ngụy biện nào đã được sử dụng trong tuyên bố trên?"
edu,"""Chick-Fil-A is the greatest food chain in existence. Look at the crowds!""",ad populum,Chick-Fil-A là chuỗi đồ ăn tuyệt nhất thế giới. Cứ nhìn lượng khách xếp hàng mà xem!
edu,You've got to donate to the hockey team. They are helping build schools in Uganda. Imagine all of those poor and hungry kids there.,appeal to emotion,Bạn phải quyên góp cho đội khúc côn cầu đi. Họ đang giúp xây trường học ở Uganda đấy. Hãy thử nghĩ đến những đứa trẻ nghèo đói ở đó xem.
edu,"""If you believe that I am wrong, prove to me that I am.""",intentional,"Nếu bạn tin là tôi sai, thì hãy chứng minh cho tôi thấy tôi sai ở đâu đi."
edu,This movie was #1 at the box office last weekend! That means it must be really good!,ad populum,Bộ phim này đứng đầu doanh thu phòng vé tuần qua! Vậy nên chắc chắn nó phải rất hay rồi!
edu,"Marty: Doc, I'm from the future. I came here in a time machine that you invented. Now, I need your help to get back to the year 1985.
Doc: I've had enough practical jokes for one evening. Good night, future boy!",intentional,"Marty: Doc, cháu đến từ tương lai. Cháu đến đây bằng cỗ máy thời gian do bác phát minh ra. Giờ cháu cần bác giúp để quay về năm 1985.
Doc: Tôi đã quá ngán mấy trò đùa tai quái của cậu rồi đấy. Chúc ngủ ngon, cậu bé tương lai!"
edu,I met a tall man who loved to eat cheese. Now I believe that all tall people like cheese.,faulty generalization,Tôi đã gặp một người đàn ông cao lớn rất thích ăn phô mai. Thế nên giờ tôi tin là tất cả những người cao đều thích phô mai.
edu,You said that 'runs' occur to statistically independent phenomena such as roulette wheel spins.,false causality,Bạn nói rằng 'chuỗi may mắn' xảy ra đối với các hiện tượng độc lập về mặt thống kê như vòng quay roulette.
edu,I am only slightly obese.  That is perfectly normal here in America.,intentional,Tôi chỉ hơi béo một chút thôi. Điều đó hoàn toàn bình thường ở Mỹ mà.
edu,"SuperCyberDate.con determined that Sally and Billy are a great match because they both like pizza, movies, junk food, Janet Jackson, and vote republican. What SuperCyberDate.con did not take into consideration were the 245 other likes and dislikes that were very different for both Sally and Billy—such as the fact that Billy is gay",intentional,"SuperCyberDate.com khẳng định Sally và Billy là cặp đôi hoàn hảo vì cả hai đều thích pizza, phim ảnh, đồ ăn nhanh, Janet Jackson và bỏ phiếu cho Đảng Cộng hòa. Điều mà SuperCyberDate.com đã bỏ qua là 245 sở thích khác biệt hoàn toàn giữa hai người—chẳng hạn như việc Billy là người đồng tính."
edu,"During the early 2000s, the search for a cause of autism led to vaccines, though no scientific link has been found between the administration of vaccines and the onset of autism. The time that children are vaccinated and the time they're diagnosed do closely correlate, however, leading upset parents to assign blame to the immunizations, for lack of a better explanation.",false causality,"Trong những năm đầu thập niên 2000, việc tìm kiếm nguyên nhân gây ra bệnh tự kỷ đã dẫn đến nghi vấn về vắc-xin, mặc dù không có bằng chứng khoa học nào cho thấy mối liên hệ giữa việc tiêm chủng và bệnh tự kỷ. Tuy nhiên, thời điểm trẻ được tiêm vắc-xin và thời điểm được chẩn đoán lại có sự tương quan khá sát, điều này khiến các bậc phụ huynh bức xúc đổ lỗi cho vắc-xin chỉ vì họ không tìm được lời giải thích nào tốt hơn."
edu,"Martin: All white people are not racists.
Charlie: Yes they are. You just believe that because you are white.
",ad hominem,"Martin: Không phải người da trắng nào cũng phân biệt chủng tộc đâu.
Charlie: Có đấy. Cậu nói thế chỉ vì cậu là người da trắng thôi.
"
edu,aliens must have visited Earth,fallacy of logic,Người ngoài hành tinh chắc chắn đã từng ghé thăm Trái Đất
edu,"Board Member: “If this company is going to maximize its profits in the coming year, we need to fully exploit all of our available resources.”
Human Resources Director: “Not so fast. Our employees are one of our most valued resources, and we have a strict policy against exploiting our workers.”",equivocation,"Thành viên hội đồng quản trị: ""Để tối đa hóa lợi nhuận trong năm tới, chúng ta cần khai thác triệt để mọi nguồn lực hiện có.""
Giám đốc nhân sự: ""Khoan đã. Nhân viên là một trong những nguồn lực quý giá nhất của chúng ta, và chúng ta có chính sách nghiêm ngặt về việc không được bóc lột người lao động."""
edu,A recent study found that there are plenty of scientists who disagree with the consensus position on this phenomenon.,intentional,Một nghiên cứu gần đây cho thấy có khá nhiều nhà khoa học không đồng tình với quan điểm chung về hiện tượng này.
edu,I have been accused of using an ad hominem approach in trying to defend my research. But those who attack me and my research are also using ad hominem. And they started it!,ad hominem,Tôi bị buộc tội dùng cách tấn công cá nhân (ad hominem) để bảo vệ nghiên cứu của mình. Nhưng chính những kẻ tấn công tôi và nghiên cứu của tôi cũng đang dùng cách đó đấy thôi. Mà họ là bên gây hấn trước cơ mà!
edu,"X has been around for years now.
Y is new.
Therefore, Y is better than X.",fallacy of credibility,"X đã tồn tại được nhiều năm rồi.
Y thì mới.
Vì vậy, Y tốt hơn X."
edu,"My wife wants to talk about cleaning out the garage, so I asked her what she wants to do with our patio furniture. Now she's shopping for new patio furniture and not asking me about the garage.",fallacy of relevance,"Vợ tôi muốn bàn chuyện dọn dẹp nhà để xe, nên tôi hỏi cô ấy muốn làm gì với bộ bàn ghế ngoài sân. Thế là giờ cô ấy đang mải đi mua bộ bàn ghế mới rồi, chẳng còn hỏi tôi về cái nhà để xe nữa."
edu,"Jordan: Dad, why do I have to spend my summer at Jesus camp?
Dad: Because if you don’t, you will spend your entire summer in your room with nothing but your Bible!
",appeal to emotion,"Jordan: Bố ơi, tại sao con phải dành cả mùa hè ở trại hè tôn giáo?
Bố: Vì nếu không đi, con sẽ phải nhốt mình trong phòng cả mùa hè chỉ với cuốn Kinh Thánh đấy!
"
edu,"If I don't take this AP class, then I won't do well on the AP exam. If I don't do well on the AP exam, then I can't get into a good college. If I can't get into a good college, then I won't be able to get a good job. If I can't get a good job then I'll have to live in my parents' basement forever. Guess I'll sign up for the AP class.",faulty generalization,"Nếu mình không học lớp AP này thì mình sẽ không thi tốt. Nếu không thi tốt thì mình không vào được đại học danh giá. Nếu không vào được đại học danh giá thì mình sẽ không có công việc tử tế. Nếu không có công việc tử tế thì mình sẽ phải sống bám bố mẹ cả đời. Thôi, đăng ký học lớp AP vậy."
edu,See the movie that everybody's talking about,ad populum,Hãy đi xem bộ phim mà ai ai cũng đang bàn tán đi
edu,"""Don't make me angry; you won't like me when I'm angry.""",appeal to emotion,"Đừng làm tôi nổi giận, bạn sẽ không thích con người tôi lúc đó đâu."
edu,"""Men are human. Mary is a human. Therefore, Mary is a man.""",fallacy of logic,"Đàn ông là con người. Mary là con người. Vậy nên, Mary là đàn ông."
edu,"Lebron James, one of the most decorated basketball players of all time, says you need to eat breakfast so you need to eat breakfast",fallacy of credibility,"Lebron James, một trong những cầu thủ bóng rổ vĩ đại nhất mọi thời đại, bảo rằng phải ăn sáng, nên bạn nhất định phải ăn sáng."
edu,Shakira is the best singer in the world because she is the most talented singer there is.,circular reasoning,Shakira là ca sĩ xuất sắc nhất thế giới vì cô ấy là ca sĩ tài năng nhất hiện nay.
edu,"You should never gamble. Once you start gambling you find it hard to stop. Soon you are spending all your money on gambling, and eventually you will turn to crime to support your earnings.",faulty generalization,"Bạn không bao giờ nên dính vào cờ bạc. Một khi đã bắt đầu, bạn sẽ khó mà dừng lại. Chẳng mấy chốc bạn sẽ nướng hết tiền vào đó, và cuối cùng thì bạn sẽ sa chân vào con đường tội phạm để kiếm tiền."
edu,"My opponent raises a good point, but can we really trust him? I mean, he moved to this town only two years ago and everyone knows that his wife left him.",ad hominem,"Đối thủ của tôi đưa ra luận điểm hay đấy, nhưng liệu chúng ta có thể tin được hắn ta không? Ý tôi là, hắn mới chuyển đến thị trấn này có hai năm và ai cũng biết vợ hắn vừa bỏ hắn rồi."
edu,"Dustin: ""Why do you always deflect the argument by insulting me?""
Ann: ""You're ugly and poor!""",ad hominem,"Dustin: ""Tại sao lúc nào bạn cũng né tránh tranh luận bằng cách lăng mạ tôi thế?"" Ann: ""Tại vì bạn vừa xấu xí vừa nghèo kiết xác!"""
edu,claiming that an idea or belief is true simply because it is what most people believe,ad populum,Khẳng định một ý tưởng hay niềm tin là đúng đơn giản chỉ vì đó là điều mà đa số mọi người tin.
edu,"The mother of a young child tells him to go to bed, and he begins to ask questions, say that he is hungry, or say that he needs to go to the bathroom-all to avoid bed and distract mom.",fallacy of relevance,"Người mẹ bảo đứa con đi ngủ, thằng bé bắt đầu hỏi đủ thứ chuyện, kêu đói, hoặc đòi đi vệ sinh – tất cả chỉ để tránh đi ngủ và đánh lạc hướng mẹ."
edu,She's wearing red shoes. Her favorite color must be red.,fallacy of logic,Cô ấy đang mang giày đỏ. Màu yêu thích của cô ấy chắc chắn là màu đỏ.
edu,"Believing that ""runs"" occur to statistically independent phenomena such as routine wheel spirits.",false causality,"Tin vào việc các chuỗi sự kiện may rủi sẽ xảy ra trong những hiện tượng độc lập về mặt thống kê, kiểu như trò chơi quay số."
edu,"Tasha is studying polar and tropical climates on Earth. She learned the following:
• Tropical climates: Summer and winter temperatures are similar.
• Polar climates: Summer temperature is much higher than winter temperature.
Tasha wonders why the tropical climate has the same temperature year round, but the polar climate temperature differs greatly.
Which of these explains the reason for this difference?",false causality,"Tasha đang nghiên cứu về khí hậu nhiệt đới và khí hậu cực. Cô ấy biết được rằng:
• Khí hậu nhiệt đới: Nhiệt độ mùa hè và mùa đông tương đương nhau.
• Khí hậu cực: Nhiệt độ mùa hè cao hơn rất nhiều so với mùa đông.
Tasha tự hỏi tại sao khí hậu nhiệt đới lại có nhiệt độ ổn định quanh năm, trong khi khí hậu cực lại chênh lệch lớn đến vậy.
Đâu là lời giải thích cho sự khác biệt này?"
edu,The greatest thing that we can do is to love each other. Love is better than any other emotion.,circular reasoning,Điều tuyệt vời nhất chúng ta có thể làm là yêu thương lẫn nhau. Tình yêu tốt hơn bất kỳ cảm xúc nào khác.
edu,"Luke didn't want to eat his sheep's brains with chopped liver and brussel sprouts, but his father told him to think about the poor, starving children in a third world country who weren't fortunate enough to have any food at all.",appeal to emotion,"Luke không muốn ăn món não cừu với gan băm và cải Brussels, nhưng cha cậu ấy bảo rằng hãy nghĩ đến những đứa trẻ nghèo đói ở các nước thế giới thứ ba, những đứa trẻ còn chẳng có lấy một miếng ăn."
edu,"Person 1:
""I am for raising the minimum wage in our state.""

Person 2:
""She is for raising the minimum wage, but she is not smart enough to even run a business.""",ad hominem,"Người 1:
""Tôi ủng hộ việc tăng lương tối thiểu tại tiểu bang chúng ta.""

Người 2:
""Cô ta ủng hộ tăng lương tối thiểu, nhưng cô ta thậm chí còn chẳng đủ thông minh để vận hành một doanh nghiệp."""
edu,"An advertisement asking people to give to St. Jude Research Center to help children struggling with cancer. You wouldn't want to let these children die, right?",appeal to emotion,"Một quảng cáo kêu gọi mọi người quyên góp cho Trung tâm Nghiên cứu St. Jude để giúp đỡ những trẻ em đang chống chọi với bệnh ung thư. Bạn sẽ không muốn để mặc những đứa trẻ này chết chứ, đúng không?"
edu,"My neighbor's cat attacked me, therefore all cats are evil.",faulty generalization,"Con mèo nhà hàng xóm tấn công tôi, vì vậy tất cả mèo đều là lũ xấu xa."
edu,We should abolish the death penalty. Even Taylor Swift is opposed to it.,fallacy of credibility,Chúng ta nên bãi bỏ án tử hình. Ngay cả Taylor Swift cũng phản đối điều đó mà.
edu,"A warm beer is better than a cold beer. After all, nothing is better than a cold beer, and a warm beer is better than nothing.",equivocation,"Một cốc bia ấm thì tốt hơn một cốc bia lạnh. Suy cho cùng, không gì tốt hơn một cốc bia lạnh, và một cốc bia ấm thì tốt hơn là không có gì cả."
edu,"""I failed my AP vocab test so clearly I'm going to fail the class. Then I won't get into college and will never get a job. I will have to live in my parents' basement for the rest of my life. My life is ruined"" is an example of",faulty generalization,"""Tôi trượt bài kiểm tra từ vựng AP nên chắc chắn tôi sẽ trượt cả môn học này. Rồi tôi sẽ không đỗ đại học và chẳng bao giờ kiếm được việc làm. Tôi sẽ phải sống ở tầng hầm nhà bố mẹ đến cuối đời. Đời tôi tiêu rồi"" là ví dụ của"
edu,"The Department of Transportation needs to reconsider the speed limit proposals on interstate highways for the simple reason that if they do not, their departmental budget for the Department of Transportation will be cut by 25%.",appeal to emotion,"Bộ Giao thông Vận tải cần xem xét lại các đề xuất giới hạn tốc độ trên đường cao tốc liên bang, vì đơn giản là nếu không làm vậy, ngân sách của bộ sẽ bị cắt giảm 25%."
edu,"My dad went to school, so he knows everything about the education system.",fallacy of credibility,"Bố tôi đã từng đi học, nên ông ấy biết tuốt mọi thứ về hệ thống giáo dục."
edu,"If you allow one student to take an online course, soon
everyone will want to, and the schools will be empty.
Si permite que un estudiante tome un curso en línea, pronto todos querrán, y las escuelas estarán vacías.",faulty generalization,"Nếu bạn cho phép một học sinh học trực tuyến, chẳng bao lâu nữa ai cũng sẽ đòi học theo và các trường học sẽ trống rỗng."
edu,Janice just lost her goldfish and so asks you to give her the benefit of the doubt. What fallacy has she committed?,appeal to emotion,Janice vừa mất con cá vàng và yêu cầu bạn nương tay cho cô ấy. Cô ấy đã mắc phải lỗi ngụy biện nào?
edu,My opponent in the election keeps claiming that he wants to give tax credits to poor people. That means that he wants to raise taxes for the middle class.,fallacy of extension,Đối thủ của tôi trong cuộc bầu cử cứ khẳng định rằng ông ta muốn cấp tín dụng thuế cho người nghèo. Điều đó đồng nghĩa với việc ông ta muốn tăng thuế đối với tầng lớp trung lưu.
edu,"Every time that rooster crows, the sun comes up. That rooster must be very powerful and important!",false causality,"Mỗi khi con gà trống gáy, mặt trời lại mọc. Chắc hẳn con gà trống đó phải cực kỳ quyền năng và quan trọng!"
edu,"The Church used to claim that giving 10% of your income to the Church will free a child’s soul from Limbo into Heaven, so clearly giving money to the Church is a scam!",false causality,"Giáo hội từng tuyên bố rằng việc dâng 10% thu nhập cho Giáo hội sẽ giải thoát linh hồn trẻ nhỏ khỏi chốn Luyện ngục để lên Thiên đàng, vậy rõ ràng việc cúng tiền cho Giáo hội là một trò lừa đảo!"
edu,"""'What about Red Herring, ma'am?''

""'I'm not sure. Is Red Herring a red herring? Or is it the fact that we're meant to think Red Herring is a red herring that is actually the red herring?'

""'Or perhaps the fact you're meant to think Red Herring isn't a red herring is what makes Red Herring a red herring after all.'

""'We're talking serious metaherrings here.'"" ",fallacy of relevance,"""Còn về ngụy biện Đánh lạc hướng thì sao, thưa bà?"" ""Tôi không chắc nữa. Liệu Đánh lạc hướng có phải là một sự đánh lạc hướng? Hay việc chúng ta được định hướng để nghĩ rằng Đánh lạc hướng là một sự đánh lạc hướng, thì chính điều đó mới là sự đánh lạc hướng?"" ""Hoặc có lẽ việc bạn được định hướng để nghĩ rằng Đánh lạc hướng không phải là một sự đánh lạc hướng mới chính là thứ biến nó thành một sự đánh lạc hướng thực sự."" ""Chúng ta đang bàn về những cấp độ đánh lạc hướng cực kỳ phức tạp đấy."""
edu,Because doctors smoke it must be a healthy choice.,fallacy of credibility,Vì các bác sĩ cũng hút thuốc nên đó hẳn là một lựa chọn lành mạnh.
edu,"""You should run right out and purchase the newest iPhone 22 because you will literally be the only one who doesn't own one!"" This is an example of what type of persuasive technique?",ad populum,"""Bạn nên chạy đi mua ngay chiếc iPhone 22 mới nhất vì bạn sẽ là người duy nhất không sở hữu nó!"" Đây là ví dụ về loại kỹ thuật thuyết phục nào?"
edu,"Everyone who gets a college degree is better off.  All people who are better off as a result of getting a degree are good to have conversations with.  Therefore, everyone who gets a college degree is a good person to have a conversation with.",faulty generalization,"Ai có bằng đại học cũng đều sống tốt hơn cả. Những người sống tốt hơn nhờ bằng đại học thì ai cũng đáng để trò chuyện cùng. Suy ra, bất kỳ ai có bằng đại học đều là người đáng để trò chuyện."
edu,Don't be the only one not wearing Nike!,ad populum,Đừng là người duy nhất không đi giày Nike!
edu,My car broke down yesterday. Cars are worthless.,faulty generalization,Xe tôi hôm qua hỏng rồi. Ô tô đúng là đồ bỏ đi.
edu,"Because Martin Sheen played the president on television, he'd probably make a great president in real life.",fallacy of credibility,Vì Martin Sheen từng đóng vai tổng thống trên truyền hình nên ông ấy chắc chắn sẽ là một tổng thống tuyệt vời ngoài đời thực.
edu,"Southerners talk fast. I was just on the phone with one, and I could barely keep up!",faulty generalization,Người miền Nam nói nhanh lắm. Tôi vừa gọi điện cho một người và gần như chẳng đuổi kịp tốc độ của họ!
edu,"IBM is a reputable organization, so all of its employees must be reputable.",faulty generalization,"IBM là một tổ chức uy tín, nên tất cả nhân viên của họ chắc chắn đều là người uy tín."
edu,"""The two courses I took at UF were not very interesting. I don't think its a good university.""",faulty generalization,Hai môn tôi học ở UF chán quá. Tôi không nghĩ đó là một trường đại học tốt đâu.
edu,"It was a rainy day in Harvard Square, so the foot traffic through the atrium from Mass Ave to Mount Auburn Street was heavier than it might have been if the sun were out. A lot of people were carrying umbrellas, which most of them furled inside. I had always thought that Cambridge, in the vicinity of Harvard, might have had the most umbrellas per capita of any place in the world. People used them when it snowed. In my childhood, in Laramie, Wyoming, we used to think people who carried umbrellas were sissies.",faulty generalization,"Đó là một ngày mưa ở Quảng trường Harvard, lượng người đi bộ từ đường Mass Ave xuyên qua giếng trời đến đường Mount Auburn đông hơn hẳn so với lúc trời nắng. Rất nhiều người cầm ô và phần lớn họ cụp lại khi vào trong nhà. Tôi luôn nghĩ Cambridge, khu vực gần Harvard, có lẽ là nơi có mật độ ô trên đầu người cao nhất thế giới. Người ta dùng ô cả khi tuyết rơi. Hồi còn nhỏ ở Laramie, Wyoming, chúng tôi thường coi những người cầm ô là lũ ẻo lả."
edu,"“[Everyone else is buying it, so you should too!]”",ad populum,"Ai cũng đang mua nó, nên bạn cũng nên mua đi!"
edu,"If you allow the students to redo this test, they are going to want to redo every assignment for the rest of the year.",faulty generalization,"Nếu bạn cho phép học sinh làm lại bài kiểm tra này, chúng sẽ đòi làm lại tất cả các bài tập trong suốt phần còn lại của năm học đấy."
edu,"A major wrong has been committed by the local government and several people go to protest it, waving signs and blocking traffic. “Both sides are just as bad,” rants your uncle. What fallacy has he committed?",faulty generalization,"Chính quyền địa phương vừa gây ra một sai phạm nghiêm trọng và người dân đang biểu tình, giương biểu ngữ và chặn cả giao thông. Ông chú của bạn gắt gỏng: ""Cả hai bên đều tệ hại như nhau cả thôi."" Ông ấy đã mắc phải ngụy biện gì?"
edu,"If this client is competent to stand trial, she will certainly know the answers to at least 80% of the questions on this standardized test. She knows the answers to 87% of the test questions. Therefore she is competent to stand trial.",fallacy of logic,"Nếu bị cáo đủ năng lực để hầu tòa, cô ấy chắc chắn phải trả lời đúng ít nhất 80% câu hỏi trong bài kiểm tra chuẩn hóa này. Cô ấy đã trả lời đúng 87% câu hỏi. Vậy nên, cô ấy hoàn toàn đủ năng lực để hầu tòa."
edu,"Regime vs. government
Pro-death vs. pro-choice",appeal to emotion,"Chế độ vs. chính phủ
Ủng hộ tử hình vs. ủng hộ quyền lựa chọn"
edu,"""All students everywhere should use clear backpacks because bad things happen at schools where students don't use clear backpacks.""",fallacy of extension,"""Tất cả học sinh ở mọi nơi nên dùng ba lô trong suốt vì những chuyện tồi tệ thường xảy ra ở những trường học không bắt học sinh dùng ba lô trong suốt."""
edu,"I drank bottled water and now I am sick, so the water must have made me sick.",false causality,"Tôi uống nước đóng chai xong thì bị ốm, vậy chắc chắn là do chai nước đó làm tôi ốm rồi."
edu,Six million read a paper—must be excellent,ad populum,Sáu triệu người đọc một tờ báo thì chắc chắn tờ báo đó phải xuất sắc rồi
edu,"Mother: You should stop smoking. It's harmful to your health.
Daughter: Why should I listen to you? You started smoking when you were 16!",ad hominem,"Mẹ: Con nên bỏ thuốc lá đi. Nó có hại cho sức khỏe lắm.
Con gái: Tại sao con phải nghe lời mẹ? Mẹ cũng bắt đầu hút thuốc từ năm 16 tuổi mà!"
edu,"I’m not a doctor, but I play a doctor on TV, and I wouldn’t dream of using anything but Tylenol for my toughest headaches. ",fallacy of credibility,"Tôi không phải là bác sĩ, nhưng tôi đóng vai bác sĩ trên truyền hình, và tôi sẽ không bao giờ dùng loại nào khác ngoài Tylenol cho những cơn đau đầu dữ dội nhất của mình."
edu,I shouldn’t be punished for staying out past my curfew because I did the dishes earlier today.,fallacy of relevance,"Tôi không đáng bị phạt vì về nhà quá giờ giới nghiêm, bởi vì hôm nay tôi đã rửa bát rồi."
edu,"The time that children are vaccinated and the time they're diagnosed do closely correlate, however, leading upset parents to assign blame to the immunizations, for lack of a better explanation. ",false causality,"Thời điểm trẻ em được tiêm vắc-xin và thời điểm được chẩn đoán mắc bệnh có sự tương quan chặt chẽ với nhau, dẫn đến việc các bậc phụ huynh bức xúc đổ lỗi cho việc tiêm chủng, vì họ không tìm được lời giải thích nào hợp lý hơn."
edu,"Hybrid cars are like solar power, full of promise but too expensive. We’ll never be able to build affordable hybrid cars.",fallacy of logic,"Xe hybrid cũng giống như năng lượng mặt trời vậy, đầy hứa hẹn nhưng lại quá đắt đỏ. Chúng ta sẽ chẳng bao giờ chế tạo nổi những chiếc xe hybrid giá rẻ đâu."
edu,"All living beings come from other living beings.  Therefore, the first forms of life must have come from a living being.  That living being is God.",equivocation,"Mọi sinh vật đều bắt nguồn từ sinh vật khác. Vậy nên, những dạng sống đầu tiên chắc chắn phải đến từ một sinh vật nào đó. Sinh vật đó chính là Chúa."
edu,A commercial shows images of animals in need to persuade the audience to make donations.,appeal to emotion,Một quảng cáo dùng hình ảnh những con vật đáng thương để thuyết phục khán giả quyên góp tiền.
edu,"""Guys are messy and unclean, but are really hard workers."" is an example of ...",faulty generalization,"""Con trai thường bừa bộn, luộm thuộm nhưng lại là những người làm việc cực kỳ chăm chỉ"" là ví dụ của..."
edu,I've never knowingly listened to a Neil Young record all the way through because they all sound like someone strangling a cat (don't they?).,faulty generalization,Tôi chưa bao giờ cố ý nghe hết một đĩa nhạc của Neil Young vì nghe chúng chẳng khác nào tiếng ai đó đang bóp cổ một con mèo (đúng không nhỉ?).
edu,"I view any discussion concerning the limiting of therapy as morally wrong, that is why I do not accept it.",circular reasoning,"Tôi coi bất kỳ cuộc thảo luận nào về việc hạn chế liệu pháp tâm lý là sai trái về mặt đạo đức, đó là lý do tôi không chấp nhận nó."
edu,“four out of five dentists agree that brushing your teeth makes your life meaningful”,fallacy of credibility,“Bốn trên năm nha sĩ đồng ý rằng việc đánh răng giúp cuộc sống của bạn trở nên ý nghĩa hơn”
edu,"He has my vote for senator, because he has the best shirts.

What logic fallacy does this represent?",fallacy of logic,Tôi bầu cho ông ấy làm thượng nghị sĩ vì ông ấy có những chiếc áo đẹp nhất. Đây là lỗi ngụy biện gì?
edu,"""Terrorists must not be given the chance to invade our beloved country.""",ad populum,"""Những kẻ khủng bố không được phép có cơ hội xâm lược đất nước thân yêu của chúng ta."""
edu,"""If you don't bring a pencil to class... you will end up sad and alone in life.""",faulty generalization,"""Nếu bạn không mang bút đến lớp... bạn sẽ kết thúc cuộc đời mình trong buồn bã và cô độc."""
edu,"Michael Jordan wears Hanes underwear, so you should too!",fallacy of credibility,"Michael Jordan mặc đồ lót Hanes, nên bạn cũng nên mặc như vậy đi!"
edu,I know in my heart of hearts that our home team will win the World Series.,appeal to emotion,Tôi biết tận sâu trong thâm tâm mình rằng đội nhà của chúng ta sẽ vô địch World Series.
edu,"TOPIC: Should people let their cats go outside?
DEBATE: ""People should let their cats go outside. Going outside gives cats more exercise.""
""But if you let cats go outside, then they'll hunt all the birds in the neighborhood. If you let them hunt all the birds, then robins will go extinct.""",faulty generalization,"CHỦ ĐỀ: Mọi người có nên cho mèo ra ngoài chơi không?
TRANH LUẬN: ""Mọi người nên cho mèo ra ngoài vì như vậy mèo được vận động nhiều hơn.""
""Nhưng nếu để mèo ra ngoài, chúng sẽ săn sạch chim chóc trong khu phố. Mà nếu chúng săn sạch chim, thì loài chim cổ đỏ sẽ tuyệt chủng mất."""
edu,“You could either pursue your dream job or stay where you are and be miserable for the rest of your life.”,false dilemma,"“Bạn hoặc là theo đuổi công việc mơ ước, hoặc là cứ dậm chân tại chỗ rồi khổ sở suốt phần đời còn lại.”"
edu,"The phrase ""Ninety percent of all people surveyed said that McDonalds is better than Burger King, so we can confidently say we are the best."" represents which fallacy?",ad populum,"Cụm từ ""90% người được khảo sát nói rằng McDonald's ngon hơn Burger King, nên chúng ta tự tin khẳng định mình là số một"" thuộc loại ngụy biện nào?"
edu,"Subscribe to our streaming services, or get stuck with cable!",false dilemma,"Đăng ký dịch vụ truyền hình trực tuyến của chúng tôi ngay, không thì cứ chịu chết với cáp truyền hình đi!"
edu,"If you eat that cookie tonight, you'll eat ten tomorrow, and by this time next year, you'll be eating 1 million cookies a day.",faulty generalization,"Nếu tối nay bạn ăn cái bánh quy đó, mai bạn sẽ ăn mười cái, và đến tầm này năm sau, bạn sẽ ăn 1 triệu cái bánh mỗi ngày đấy."
edu,"Calling Senator Warren ""Pocahontas,"" instead of debating her ideas on cancelling student loan debt is an example of:",ad hominem,"Việc gọi Thượng nghị sĩ Warren là ""Pocahontas"" thay vì tranh luận về các chính sách xóa nợ sinh viên của bà ấy là một ví dụ của:"
edu,"Colin Closet asserts that if we allow same-sex couples to marry, then the next thing we know we'll be allowing people to marry their parents, their cars and even monkeys.",faulty generalization,"Colin Closet khẳng định rằng nếu chúng ta cho phép hôn nhân đồng giới, thì điều tiếp theo sẽ xảy ra là chúng ta sẽ cho phép người ta kết hôn với cha mẹ, với xe hơi và thậm chí là với khỉ."
edu,Believing in the literal resurrection of Jesus is like believing in the literal existence of zombies.,fallacy of logic,Tin vào sự phục sinh theo nghĩa đen của Chúa Jesus cũng giống như tin vào sự tồn tại thực sự của zombie vậy.
edu,AttP 9: everyone wearing new llama wool coats makes them warm,ad populum,Ai cũng mặc áo khoác len lạc đà mới nên họ mới cảm thấy ấm áp.
edu,"the reason why more people are leaving this country is because of economic problems, therefore because there is an economic problem is that people are leaving this country.",circular reasoning,"Lý do người ta rời bỏ đất nước này ngày càng nhiều là do vấn đề kinh tế, vì vậy, vấn đề kinh tế tồn tại chính là lý do khiến người ta rời bỏ đất nước này."
edu,"""Everyone loves going to the movies.""",faulty generalization,Ai mà chẳng thích đi xem phim cơ chứ.
edu,No one can deny that [my theoretical orientation] is the only valid theoretical orientation,circular reasoning,Không ai có thể phủ nhận rằng định hướng lý thuyết của tôi là định hướng lý thuyết duy nhất đúng đắn.
edu,"Billy: How could the universe be 6000 years old when we know the speed of light, the distance of astronomical objects (13+ billion light years away), and the fact that the light has reached us[1]?
Marty: 6000 years is not a firm number.  The universe can be as old as about 10,000 years.
Billy: How do you figure that?...",fallacy of relevance,"Billy: Làm sao vũ trụ có thể chỉ mới 6000 năm tuổi khi chúng ta biết tốc độ ánh sáng, khoảng cách đến các thiên thể (hơn 13 tỷ năm ánh sáng) và thực tế là ánh sáng đó đã truyền tới chúng ta? Marty: 6000 năm không phải là con số cố định. Vũ trụ có thể đã khoảng 10.000 năm tuổi. Billy: Sao anh lại tính ra như thế?..."
edu,People who buy stocks are no different from people who bet on horse racing. They both risk their money with little chance of making a big profit.,fallacy of logic,Người mua cổ phiếu cũng chẳng khác gì người chơi cá cược đua ngựa. Cả hai đều đánh cược tiền của mình với rất ít cơ hội để kiếm được lợi nhuận lớn.
edu,My father told me that the sky is green. So it must be the truth.,fallacy of credibility,Cha tôi bảo bầu trời màu xanh lá cây. Vậy thì chắc chắn đó là sự thật.
edu,"You've got to teach the boys logic! If you don't teach them logic, they won't learn how to think! And they'll become hobos and die in prison! Don't you care about your sons? (Mother to Father)",false dilemma,"Ông phải dạy bọn trẻ tư duy logic! Nếu ông không dạy, chúng sẽ không biết cách suy nghĩ! Rồi chúng sẽ trở thành kẻ vô gia cư và chết trong tù! Ông không quan tâm đến con trai mình sao?"
edu,"Charlie: Illegal posting and sharing of songs online is crippling the music industry.
Bob: You couldn't be more wrong; the music industry is doing just find. I can't believe you think the government should be allowed to regulate what I share with my ""friends."" No one wants a world where I can't loan a book to my girlfriend, let my roommate borrow my iPod, or share a funny meme with my blog followers.",fallacy of extension,"Charlie: Việc đăng tải và chia sẻ nhạc trái phép trên mạng đang làm tê liệt ngành công nghiệp âm nhạc. Bob: Anh sai hoàn toàn rồi; ngành âm nhạc vẫn đang rất ổn. Tôi không thể tin là anh lại nghĩ chính phủ nên được phép kiểm soát những gì tôi chia sẻ với ""bạn bè"" của mình. Chẳng ai muốn một thế giới mà tôi không thể cho bạn gái mượn sách, không thể cho bạn cùng phòng mượn iPod hay chia sẻ một bức ảnh chế vui nhộn cho người theo dõi blog của tôi cả."
edu,"Speaker 1: I think we should have single payer, universal, health care.
Speaker 2: Communist countries tried that. We don’t want America to be a communist country. We shouldn’t have single payer health care.",fallacy of extension,Người nói 1: Tôi nghĩ chúng ta nên có hệ thống y tế toàn dân do nhà nước chi trả. Người nói 2: Các nước cộng sản đã thử cách đó rồi. Chúng ta không muốn Mỹ trở thành một nước cộng sản. Chúng ta không nên áp dụng y tế toàn dân.
edu,"fallacy suggesting that because everyone believes something or does something, it must be valid, accurate, or effective.",ad populum,"Ngụy biện dựa vào số đông, cho rằng vì ai cũng tin hoặc làm theo nên điều đó hẳn là đúng, chính xác hoặc hiệu quả."
edu,"Now you tell me she looks presidential, folks. I look presidential",ad hominem,"Này, ông bảo bà ấy trông giống tổng thống à? Tôi đây mới là người trông giống tổng thống nhé."
edu,"MARVIN STONE: You suggest that we scrap the SALT II treaty already negotiated, and intensify the build-up of American power to induce the Soviets to sign a new treaty - one more favorable to us. President Carter, on the other hand, says he will again try to convince a reluctant Congress to ratify the present treaty on the grounds it's the best we can hope to get. Now, both of you cannot be right. Will you tell us why you think you are?
RONALD REAGAN: Yes. I think I'm right because I believe that we must have a consistent foreign policy, a strong America, and a strong economy. And then, as we build up our national security, to restore our margin of safety, we at the same time try to restrain the Soviet build-up, which has been going forward at a rapid pace, and for quite some time.
October 28, 1980
Cleveland, Ohio
What logical fallacy did Reagan’s response illustrate the use of?",appeal to emotion,"MARVIN STONE: Ông đề nghị hủy bỏ hiệp ước SALT II đã được đàm phán, rồi tăng cường sức mạnh quân sự Mỹ để buộc Liên Xô ký một hiệp ước mới có lợi hơn cho chúng ta. Trong khi đó, Tổng thống Carter nói ông ấy sẽ lại thuyết phục Quốc hội đang lưỡng lự phê chuẩn hiệp ước hiện tại với lý do đó là lựa chọn tốt nhất có thể. Cả hai ông không thể cùng đúng được. Ông có thể giải thích tại sao ông nghĩ mình đúng không?
RONALD REAGAN: Có chứ. Tôi nghĩ mình đúng vì tôi tin rằng chúng ta cần một chính sách đối ngoại nhất quán, một nước Mỹ mạnh mẽ và một nền kinh tế vững vàng. Và khi chúng ta xây dựng an ninh quốc gia, khôi phục lại thế cân bằng an toàn, thì đồng thời chúng ta cũng phải kiềm chế sự tăng trưởng quân sự của Liên Xô, thứ vốn đang tiến triển rất nhanh và kéo dài từ lâu rồi.
28 tháng 10, 1980
Cleveland, Ohio
Câu trả lời của Reagan minh họa cho kiểu ngụy biện logic nào?"
edu,"Nicole identified that Hannah had committed a logical fallacy, but instead of addressing the substance of her claim, Hannah accused Nicole of committing a fallacy earlier on in the conversation.",ad hominem,"Nicole chỉ ra rằng Hannah đã mắc lỗi ngụy biện, nhưng thay vì tập trung vào nội dung lập luận, Hannah lại quay sang cáo buộc Nicole từng mắc lỗi ngụy biện trước đó trong cuộc hội thoại."
edu,"At soccer practice, Willeidy tells Aida, ""Pace's soccer team was losing until I bought new shoes. We have not lost a game since I got my lucky shoes!""",false causality,"Trong buổi tập bóng đá, Willeidy nói với Aida: 'Đội bóng của Pace từng thua liên tục cho đến khi tớ mua đôi giày mới. Kể từ lúc có đôi giày may mắn đó, chúng mình chưa thua trận nào!'"
edu,"""It is an outrage that the school wants to remove the vending machines. This is taking our freedom away!""",appeal to emotion,'Thật quá đáng khi nhà trường muốn dẹp bỏ máy bán hàng tự động. Điều này tước đoạt sự tự do của chúng ta đấy!'
edu,"Bill lives in a large building, so his apartment must be large.""",fallacy of logic,"Bill sống trong một tòa nhà lớn, nên căn hộ của anh ấy chắc chắn phải rất rộng."
edu,"Last year, the city of Brookfield allocated more money to public parks. This year, however, littering increased, so the increase in park funding must have been responsible.",false causality,"Năm ngoái, thành phố Brookfield tăng ngân sách cho các công viên công cộng. Tuy nhiên, năm nay tình trạng xả rác lại gia tăng, vậy nên việc tăng ngân sách cho công viên chính là nguyên nhân gây ra vấn đề này."
edu,"Every day, I eat cereal for breakfast. One time, I had a muffin instead, and there was a major earthquake in my city. I've eaten cereal ever since.",false causality,"Ngày nào tôi cũng ăn ngũ cốc vào bữa sáng. Có một lần tôi ăn bánh muffin thay thế, và rồi một trận động đất lớn đã xảy ra trong thành phố. Kể từ đó, tôi chỉ ăn duy nhất ngũ cốc."
edu,"George: Man, those girls are smokin' hot!
Derek: No, they're not. You're a victim of the cheerleader effect. When girls are together in a group, each girl looks a lot better than if you were to see her without the other girls.
",ad hominem,"George: Này, mấy cô gái kia nóng bỏng thật đấy!
Derek: Không, ông bị 'hiệu ứng đội cổ vũ' đánh lừa rồi. Khi các cô gái đi cùng một nhóm, nhìn ai trông cũng xinh hơn hẳn so với việc ông gặp riêng từng người đấy."
edu,"Chihuahuas are good inside dogs. German Shepherds are dogs; therefore, German Shepherds would be good inside dogs, too.",faulty generalization,"Chihuahua là giống chó nuôi trong nhà tốt. Becgie cũng là chó; vậy nên, Becgie cũng là giống chó nuôi trong nhà tốt."
edu,"Look, the only way to improve social programs is to raise taxes. You have to either raise taxes, or accept that the poor and needy are going to suffer.",false dilemma,"Này, cách duy nhất để cải thiện các chương trình xã hội là tăng thuế. Bạn buộc phải chọn giữa việc tăng thuế, hoặc chấp nhận để người nghèo và người khó khăn phải chịu khổ."
edu,"Three congressional representatives have had affairs. Therefore, members of Congress are adulterers.",faulty generalization,"Ba nghị sĩ đã ngoại tình. Do đó, các thành viên Quốc hội đều là những kẻ ngoại tình."
edu,"Your honor, if we let Pinocchio get away with lying, what's next? Stealing? Murder? ...",faulty generalization,"Thưa tòa, nếu chúng ta để Pinocchio thoát tội nói dối, chuyện gì sẽ xảy ra tiếp theo? Ăn cắp ư? Giết người ư? ..."
edu,"Bob: that movie was a waste of time and money
Ted: what was wrong with it?
Bob: It sucked

This is an example of?",circular reasoning,Bob: bộ phim đó thật phí thời gian và tiền bạc. Ted: nó tệ ở chỗ nào chứ? Bob: Nó quá dở. Đây là ví dụ của lỗi ngụy biện gì?
edu,"Joe eats horribly; therefore, his heart attack was caused by his eating habits.",false causality,"Joe ăn uống cực kỳ tệ hại; do đó, cơn đau tim của anh ta chắc chắn là do thói quen ăn uống gây ra."
edu,"""I believe deeply that canceling the fashion show is the best decision. I know it is. I am very certain about it.""",fallacy of relevance,Tôi tin tưởng sâu sắc rằng việc hủy buổi trình diễn thời trang là quyết định đúng đắn nhất. Tôi biết là vậy. Tôi rất chắc chắn về điều đó.
edu,"'Our family has always been farmers, so we should always be farmers'' is an example of which logical fallacy?",fallacy of credibility,"Gia đình chúng ta từ trước tới nay đều làm nghề nông, vì thế chúng ta nên tiếp tục làm nông mãi mãi là ví dụ của lỗi ngụy biện nào?"
edu,"""All elephants are big. Some boys are big. Therefore some boys are elephants.""",faulty generalization,Mọi con voi đều to lớn. Một vài cậu bé cũng to lớn. Vậy nên một vài cậu bé là voi.
edu,"Helga: You should not be eating that... it has been scientifically proven that eating fat burgers are no good for your health.
Hugh: You eat fat burgers all the time so that can’t be true.
",ad hominem,"Helga: Bạn không nên ăn món đó... khoa học đã chứng minh ăn burger nhiều chất béo không tốt cho sức khỏe đâu. Hugh: Chính bạn cũng ăn burger nhiều chất béo suốt đấy thôi, nên điều đó không thể là sự thật được."
edu,Lahat nakamove-on na ikaw na lang hindi pa. #MarcosIsAHero,ad populum,"Ai cũng bước tiếp được rồi, chỉ có cậu là không thôi. #MarcosLàAnhHùng"
edu,We will not rest until we reach a day when not one single veteran falls into homelessness.,appeal to emotion,Chúng ta sẽ không nghỉ ngơi cho đến ngày không còn một cựu chiến binh nào phải rơi vào cảnh vô gia cư.
edu,My mom says that most tourist from France are rude. She had to wait on one the other day and the lady threw her pancakes on the ground because they were not big enough.,faulty generalization,Mẹ tôi bảo hầu hết khách du lịch Pháp đều thô lỗ. Mẹ phải phục vụ một bà khách hôm nọ và bà ta ném đĩa bánh kếp xuống đất chỉ vì nó không đủ to.
edu,We have pure food and drug laws; why can't we have laws to keep moviemakers from giving us filth ?,fallacy of logic,Chúng ta đã có luật về thực phẩm và dược phẩm tinh khiết; tại sao không thể có luật ngăn cản các nhà làm phim cho chúng ta xem thứ rác rưởi?
edu,Presenting an unqualified person or institution as a source of credible information.,fallacy of credibility,Viện dẫn một cá nhân hoặc tổ chức không đủ năng lực làm nguồn tin đáng tin cậy.
edu,"If you are not with us, you are against us.",false dilemma,"Nếu cậu không đứng về phía chúng tôi, cậu là kẻ thù của chúng tôi."
edu,"In class, Ryan turns to Doug and says, ""Smoking cigarettes is nothing short of suicide: the smoker is willingly killing himself. Duh.""",fallacy of relevance,"Trong lớp, Ryan quay sang Doug và nói: ""Hút thuốc lá chẳng khác nào tự sát: kẻ hút đang tự nguyện giết chính mình. Hiển nhiên rồi."""
edu,"Fred, the German, stole my wallet. Therefore, all Germans are thieves.",faulty generalization,"Fred, một người Đức, đã trộm ví của tôi. Vậy nên, tất cả người Đức đều là quân trộm cắp."
edu,"""You must obey the law, because it's illegal to break the law.""

What logical fallacy is used in the statement above?",circular reasoning,"""Bạn phải tuân thủ pháp luật, vì vi phạm pháp luật là hành vi bất hợp pháp."" Lập luận trên đã mắc lỗi ngụy biện nào?"
edu,"My opponent raised a good point, but can we trust him? I mean he just moved to town only 5 months ago, how much could he really know?",ad hominem,"Đối thủ của tôi đã nêu một điểm hay, nhưng chúng ta có thể tin anh ta không? Ý tôi là anh ta mới chuyển đến thị trấn này có 5 tháng, anh ta thực sự biết được bao nhiêu chứ?"
edu,"If the President arrives in Hawaii, and the next day a volcano erupts, believing that the volcano erupted because the President arrived on the island is an example of:",false causality,"Nếu Tổng thống đến Hawaii và ngày hôm sau núi lửa phun trào, việc tin rằng núi lửa phun trào vì Tổng thống đến đảo là ví dụ của lỗi ngụy biện gì?"
edu,"I refuse to stay on the 13th floor of any hotel because it is bad luck.  However, I don’t mind staying on the same floor as long as we call it the 14th floor.",false causality,"Tôi từ chối ở tầng 13 của bất kỳ khách sạn nào vì nó mang lại điềm xấu. Tuy nhiên, tôi lại thấy ổn nếu ở tầng đó miễn là chúng ta gọi nó là tầng 14."
edu,This makes you think you need to believe or buy something because everyone else is. Which technique is it?,ad populum,Điều này làm bạn nghĩ rằng mình cần tin hoặc mua thứ gì đó chỉ vì tất cả mọi người đều đang làm vậy. Đó là kỹ thuật gì?
edu,Either go to the party or spend the night in your room crying.,false dilemma,"Hoặc là đi dự tiệc, hoặc là ở trong phòng khóc cả đêm đi."
edu,"""Sir, please let me take the exam. I was late because I need to cook our breakfast and wash the dishes.""",appeal to emotion,"Thưa thầy, xin hãy cho em thi ạ. Em đến muộn vì phải nấu bữa sáng và rửa bát đĩa."
edu,"U.S. Sen. Tom Coburn says that lesbianism is rampant in the Oklahoma schools. This must, indeed, be true, because surely the senator couldn't be mistaken about the schools in his own state.",fallacy of credibility,"Thượng nghị sĩ Mỹ Tom Coburn nói rằng tình trạng đồng tính nữ đang tràn lan ở các trường học tại Oklahoma. Chắc chắn điều này phải đúng, vì một thượng nghị sĩ thì không thể nào nhầm lẫn về các trường học ngay tại bang của mình được."
edu,"All this time that you're telling me to improve, you're being lazy yourself.",ad hominem,"Suốt thời gian anh bắt tôi phải cải thiện bản thân, chính anh cũng đang lười biếng đấy thôi."
edu,"I believe one should never deliberately hurt another person, that’s why I can never be a surgeon.",faulty generalization,"Tôi tin rằng con người không bao giờ nên cố ý làm hại người khác, đó là lý do tại sao tôi không bao giờ có thể trở thành bác sĩ phẫu thuật."
edu,Either you text your friend or you don't have any fun at all.,false dilemma,"Hoặc là bạn nhắn tin cho bạn mình, hoặc là bạn chẳng có tí niềm vui nào cả."
edu,"You ask your mother if you can go to the mall with your friends. She says ""no"". You ask why? She says, ""because I'm the mom and I say so"". This is an example of which logical fallacy?",fallacy of credibility,Bạn xin mẹ cho đi trung tâm thương mại với bạn bè. Mẹ bạn bảo 'không'. Bạn hỏi tại sao? Mẹ bạn nói 'vì mẹ là mẹ và mẹ bảo thế'. Đây là ví dụ của lỗi ngụy biện nào?
edu,"The spider that bit was poison, therefore all spiders are poison.",faulty generalization,"Con nhện cắn tôi có độc, vậy nên tất cả nhện đều có độc."
edu,“Gay marriages are just immoral. 70% of Americans think so!”,ad populum,Hôn nhân đồng giới là vô đạo đức. 70% người Mỹ đều nghĩ vậy mà!
edu,"""You can't give me a D because I'm an A student!""",circular reasoning,Thầy không thể cho em điểm D được vì em là học sinh loại A!
edu,"dude #1: ""I support Black Lives Matter's mission to establish and put into better practice restorative justice...""

dude #2: But don't all lives matter?

dude #1: Of course, but I'm telling you about the mission of BLM.",fallacy of relevance,"Bạn 1: Mình ủng hộ sứ mệnh của BLM trong việc thiết lập và thực hiện công lý phục hồi... Bạn 2: Nhưng chẳng phải mọi mạng sống đều quan trọng sao? Bạn 1: Đương nhiên rồi, nhưng mình đang nói về sứ mệnh cụ thể của BLM."
edu,"I hope the art mural at 34th and Habersham will not be allowed. You open the gate for one, you open it for all and you'll have it all over the city. A person wanting to paint on buildings is nothing more than upscale graffiti. More than likely it will go too far.",faulty generalization,"Tôi hy vọng bức tranh tường ở đường 34 và Habersham sẽ không được phép tồn tại. Mở đường cho một cái là sẽ kéo theo cả lũ, rồi cả thành phố sẽ tràn ngập mấy thứ đó thôi. Vẽ vời lên tòa nhà chẳng qua chỉ là trò vẽ bậy cao cấp. Chắc chắn là nó sẽ đi quá xa đấy."
edu,someone who is poor is more credible than someone who is rich?,fallacy of credibility,Người nghèo thì đáng tin hơn người giàu?
edu,"“Feminists want to ban all pornography and punish everyone who looks at it! But such harsh measures are surely inappropriate, so the feminists are wrong: porn and its fans should be left in peace.”",fallacy of extension,"Những người nữ quyền muốn cấm tiệt phim khiêu dâm và trừng phạt bất cứ ai xem nó! Nhưng những biện pháp hà khắc như vậy rõ ràng là không phù hợp, nên phe nữ quyền sai rồi: cứ để yên cho phim khiêu dâm và fan của nó đi."
edu,"""I have a right to free speech so I can say what I want and you shouldn't try to stop me"" is an example of",circular reasoning,"""Tôi có quyền tự do ngôn luận nên tôi muốn nói gì thì nói, anh không được phép ngăn cản tôi"" là ví dụ của"
edu,"Your sister broke her arm, and then you broke your nose. So you assume that a sibling breaking a bone causes you to break one too.",false causality,"Chị gái bạn bị gãy tay, rồi bạn bị gãy mũi. Thế là bạn suy diễn rằng việc anh chị em trong nhà bị gãy xương sẽ khiến bạn cũng bị gãy xương theo."
edu,Putting teenagers in sex-education classes is like taking an alcoholic to a bar.,fallacy of logic,Cho thanh thiếu niên học giáo dục giới tính cũng giống như dẫn một người nghiện rượu vào quán bar vậy.
edu,Companies that make huge profits must be exploiting their customers because the only way a company could make large profits is by taking advantage of their customers.,circular reasoning,"Những công ty thu lợi nhuận khổng lồ chắc chắn đang bóc lột khách hàng, vì cách duy nhất để một công ty đạt lợi nhuận cao là trục lợi từ họ."
edu,"Evolution cannot be true. If it were true, we’d all be smelly apes.",appeal to emotion,"Thuyết tiến hóa không thể là sự thật. Nếu nó đúng, tất cả chúng ta đã là lũ vượn hôi hám rồi."
edu,"If you drive without car insurance, then you’re an accident waiting to happen.
Stay protected with Auto Union insurance.",false dilemma,"Nếu bạn lái xe mà không có bảo hiểm, bạn chính là một tai nạn chờ chực xảy ra. Hãy bảo vệ mình với bảo hiểm Auto Union."
edu,"At a party you overhear a friend tell her spouse, “I had high blood pressure at the doctor’s office today; I really need to reduce the stress in my job.”",faulty generalization,"Tại một bữa tiệc, bạn nghe thấy một người bạn nói với chồng mình: “Hôm nay ở phòng khám, bác sĩ bảo mình bị cao huyết áp; mình thực sự cần phải giảm bớt căng thẳng trong công việc.”"
edu,"While in math class, the student next to you says “math makes no sense, it can’t be real so I must not need this.” What fallacy did this student commit?",intentional,"Trong giờ toán, đứa ngồi cạnh bạn bảo: “Toán học chẳng có nghĩa lý gì cả, nó không thể là thật nên chắc mình không cần học nó đâu.” Đứa này đã mắc lỗi ngụy biện gì?"
edu,"Atoms are colorless. Cats are made of atoms, so cats are colorless",faulty generalization,"Nguyên tử không có màu sắc. Mèo được cấu tạo từ các nguyên tử, vì vậy mèo không có màu sắc."
edu,"Teachers claim that cell phones distract students, but they only say that because teachers have no lives.",ad hominem,"Các giáo viên cho rằng điện thoại di động làm xao nhãng học sinh, nhưng họ chỉ nói thế vì họ chẳng có đời sống cá nhân gì thôi."
edu,"Look Tom, you could go to the police with your information about our questionable accounting practices here at Bentron. But remember, you have a family to feed. Besides you know how rumors of this kind of disloyalty can spread through the industry. You'll ever work as an accountant in this town again.",appeal to emotion,"Nghe này Tom, cậu có thể báo cảnh sát về những hoạt động kế toán đáng ngờ tại Bentron. Nhưng nhớ là cậu còn gia đình để nuôi đấy. Hơn nữa, cậu thừa biết những tin đồn về sự phản bội như thế này lan nhanh thế nào trong ngành. Cậu sẽ không bao giờ làm kế toán ở cái thị trấn này được nữa đâu."
edu,"Every person who has ever drunk water has died. Therefore, drinking water causes death.",false causality,"Mọi người từng uống nước đều đã qua đời. Vì vậy, uống nước chính là nguyên nhân gây ra cái chết."
edu,Deliberately using a fake issue or argument against someone because it’s easier to prove wrong than the real issue would be,fallacy of extension,Cố tình sử dụng một vấn đề hoặc lập luận giả tạo để chống lại đối phương vì nó dễ bác bỏ hơn là tranh luận vào vấn đề thực sự.
edu,"I did not complete my homework last night? Well, you did not do yours last weak either.",ad hominem,"Tôi không làm bài tập tối qua á? Thế còn bạn, tuần trước bạn cũng có làm đâu."
edu,"Either you love me, or you hate me.",false dilemma,"Hoặc là cậu yêu tớ, hoặc là cậu ghét tớ."
edu,"Although we have proven that the moon is not made of short ribs, we have not proven that its core cannot be filled with them; therefore, the moon’s core is filled with short ribs.",intentional,"Dù chúng ta đã chứng minh mặt trăng không được làm từ sườn non, nhưng ta vẫn chưa chứng minh được lõi của nó không chứa sườn non; vì vậy, lõi mặt trăng chứa đầy sườn non."
edu,"Jack is a good athlete. Jack comes from Canada. Therefore, all Canadians are good athletes.",faulty generalization,"Jack là một vận động viên giỏi. Jack đến từ Canada. Do đó, tất cả người Canada đều là vận động viên giỏi."
edu,a mad scientist builds a rocket to the sun but plans to embark at night to avoid being cremated.,fallacy of logic,Một nhà khoa học điên chế tạo tên lửa bay đến mặt trời nhưng dự định khởi hành vào ban đêm để tránh bị thiêu cháy.
edu,You should fly an American flag off your front porch. It’s the patriotic thing to do.,ad populum,Bạn nên treo cờ Mỹ ở hiên nhà. Đó mới là việc của một người yêu nước.
edu,"Unfair judgement of people based on looks, belief, or ethnic background.",faulty generalization,"Phán xét bất công đối với con người dựa trên vẻ bề ngoài, niềm tin hoặc nguồn gốc sắc tộc."
edu,If I make an exception for you then I'll have to make an exception for everyone,faulty generalization,Nếu tôi làm ngoại lệ cho bạn thì tôi sẽ phải làm ngoại lệ cho tất cả mọi người.
edu,"My new way of obtaining informed consent helps prevent dropouts. I chose the three therapists in our clinic who had the highest dropout rates and taught them my new informed consent procedure. The first month that they started using it, all three had significantly lower dropout rates.",false causality,"Cách lấy ý kiến đồng thuận mới của tôi giúp ngăn chặn việc bỏ cuộc. Tôi đã chọn ba nhà trị liệu có tỷ lệ bỏ cuộc cao nhất trong phòng khám và dạy họ quy trình mới này. Tháng đầu tiên áp dụng, cả ba đều giảm đáng kể tỷ lệ bỏ cuộc."
edu,"We, the people, are going to work together to achieve justice, unity, and integrity.",appeal to emotion,"Chúng ta, những người dân, sẽ cùng nhau làm việc để đạt được công lý, sự thống nhất và chính trực."
edu,"Oh please, what do you know about labor laws? You don't even have a job.",ad hominem,"Thôi đi, ông biết gì về luật lao động cơ chứ? Đến việc làm ông còn chưa có kìa."
edu,"Tim: Boss, you heard my side of the story why I think Bill should be fired and not me.  Now, I am sure Bill is going to come to you with some pathetic attempt to weasel out of this lie that he has created.
",ad hominem,"Tim: Sếp ơi, sếp đã nghe góc nhìn của em về việc tại sao Bill nên bị sa thải thay vì em rồi đấy. Em tin chắc là Bill lát nữa sẽ tìm đến sếp với mấy cái trò lươn lẹo thảm hại để chối bỏ lời nói dối mà chính cậu ta dựng lên thôi."
edu,You can’t give me a C. I’ll lose my scholarship.,appeal to emotion,Thầy không thể cho em điểm C được. Em sẽ mất học bổng đấy.
edu,"My opponent is an untrustworthy liar and an idiot. Therefore, you should believe me.",ad hominem,"Đối thủ của tôi là một kẻ nói dối không đáng tin và là một thằng ngốc. Vì vậy, các bạn nên tin tôi."
edu,"""In the business meeting, she proposed a new advertising plan for the dog food brand, but I found out she actually hates dogs. How can we trust her advertising skills?""",ad hominem,"Trong cuộc họp kinh doanh, cô ấy đề xuất kế hoạch quảng cáo mới cho hãng thức ăn chó, nhưng tôi phát hiện ra cô ấy thực sự ghét chó. Làm sao chúng ta có thể tin tưởng vào kỹ năng quảng cáo của cô ấy được?"
edu,"I guess I should buy my 12 year old daughter an iPhone. Everyone at her school has one, and I want her to fit in with the other kids.",ad populum,"Chắc tôi phải mua cho con gái 12 tuổi của mình một chiếc iPhone thôi. Ở trường đứa nào cũng có, mà tôi thì muốn con bé hòa nhập với bạn bè."
edu,"The book Investing for Dummies really helped me understand my finances better. The book Chess for Dummies was written by the same author, was published by the same press, and costs about the same amount, so it will probably help me understand my finances, too.",fallacy of logic,"Cuốn sách 'Đầu tư cho người mới bắt đầu' đã giúp tôi hiểu rõ hơn về tài chính cá nhân. Cuốn 'Cờ vua cho người mới bắt đầu' cùng tác giả, cùng nhà xuất bản và có giá ngang nhau, nên chắc nó cũng giúp tôi hiểu về tài chính thôi."
edu,"""Right when I sneezed, the power went off. I must've caused the outage."" Bragged Zohaw.",false causality,"Ngay lúc mình hắt hơi thì điện mất. Chắc chắn là do mình gây ra sự cố rồi, Zohaw tự mãn nói."
edu,We can have Sally as our soldier or we can have Brittany be the queen of the kingdom.,false dilemma,Chúng ta có thể chọn Sally làm lính hoặc chọn Brittany làm nữ hoàng của vương quốc.
edu,"If we legalize marijuana, then more people will try heroin",faulty generalization,"Nếu chúng ta hợp pháp hóa cần sa, thì sẽ có thêm nhiều người thử cả heroin nữa."
edu,"In her paper, Aida states ""Filthy, polluting hummers should be banned.""
Name that fallacy:",circular reasoning,"Trong bài báo của mình, Aida tuyên bố: 'Cần cấm mấy chiếc xe Hummer bẩn thỉu, gây ô nhiễm.' Hãy gọi tên lỗi ngụy biện này:"
edu,The secretary claims that mining is doing more harm than good to the environment and to the people. The pro-mining politicians accused her of being anti-poor who values the life of a tree more than the life of miners whose only source of income is mining.,fallacy of extension,"Cô thư ký khẳng định khai thác mỏ gây hại cho môi trường và con người nhiều hơn là mang lại lợi ích. Các chính trị gia ủng hộ khai thác mỏ cáo buộc cô là kẻ chống lại người nghèo, là người coi trọng cái cây hơn cả mạng sống của những công nhân mỏ vốn chỉ trông chờ vào thu nhập từ công việc này."
edu,"Famous actors like Alex Gonzaga and Philip Salvador support Oplan Tokhang, so it must be an effective operation.",fallacy of credibility,"Những diễn viên nổi tiếng như Alex Gonzaga và Philip Salvador ủng hộ Oplan Tokhang, nên chắc chắn đó phải là một chiến dịch hiệu quả."
edu,AttP 8: everyone having strict controls on firearms except the U.S.,ad populum,AttP 8: mọi quốc gia đều áp dụng kiểm soát súng đạn chặt chẽ ngoại trừ Mỹ.
edu,"All stars are exploding balls of gas.
Miley Cyrus is a star.
Therefore, Miley Cyrus is an exploding ball of gas",equivocation,"Mọi ngôi sao đều là những khối khí phát nổ. Miley Cyrus là một ngôi sao. Vậy nên, Miley Cyrus là một khối khí phát nổ."
edu,"Which fallacy literally means ""He did it himself?""",fallacy of credibility,Lỗi ngụy biện nào có nghĩa đen là 'Chính anh ta đã làm điều đó'?
edu,"""Everytime I wash my car it rains; therefore, washing my car makes it rain.""",false causality,"'Mỗi lần tôi rửa xe là trời lại mưa; vì thế, rửa xe chính là nguyên nhân gây ra mưa.'"
edu,"Pamela says that she thinks that the class should do more service projects. Mark says he can't believe that Pamela doesn't support the annual school dance.
Pamela dice que ella piensa que la clase debería hacer más proyectos de servicio. Mark dice que no puede creer que Pamela no apoye el baile escolar anual",fallacy of extension,Pamela nói rằng cô ấy nghĩ lớp nên thực hiện nhiều dự án phục vụ cộng đồng hơn. Mark nói anh không thể tin là Pamela lại không ủng hộ buổi dạ hội của trường.
edu,"Christina's shoes are superior, because they're made from one hundred percent snakeskin, not synthetic materials.",fallacy of credibility,"Giày của Christina là đỉnh nhất, bởi vì chúng được làm từ da rắn thật một trăm phần trăm chứ không phải vật liệu tổng hợp."
edu,"""Do the best for your baby""  is an example of ...",appeal to emotion,'Hãy dành những điều tốt nhất cho con của bạn' là ví dụ của...
edu,"When Squealer/Napoleon calls Snowball a 'traitor', and 'criminal'",ad hominem,Khi Squealer/Napoleon gán mác Snowball là 'kẻ phản bội' và 'tội phạm'
edu,Don't you want the best for your baby?,appeal to emotion,Chẳng phải bạn muốn điều tốt nhất cho con mình sao?
edu,Fatima sneezed and she caused a tsunami in Tokyo.,false causality,Fatima hắt hơi và cô ấy đã gây ra một cơn sóng thần ở Tokyo.
edu,You can either start using plastic straws or continue killing ocean life with plastic pollution.,false dilemma,"Bạn hoặc là bắt đầu dùng ống hút nhựa, hoặc là tiếp tục hủy hoại sinh vật biển bằng rác thải nhựa."
edu,the best money can buy…  (Don’t mention it’s expensive and often needs repair.),intentional,thứ tốt nhất tiền có thể mua được… (Đừng nhắc đến việc nó đắt đỏ và hay hỏng hóc nhé.)
edu,Mr. Casal is a bad teacher because he stinks.,ad hominem,Ông Casal là giáo viên tồi vì ông ấy có mùi hôi.
edu,"Jill and Jane have some concerns that the rules their sorority has set are racist in character. Since Jill is a decent person, she brings her concerns up in the next meeting. The president of the sorority assures her that there is nothing wrong with the rules, since the majority of the sisters like them. Jane accepts this ruling but Jill decides to leave the sorority.",ad populum,"Jill và Jane lo ngại rằng các quy định của hội nữ sinh mang tính phân biệt chủng tộc. Vì Jill là người tử tế, cô ấy nêu vấn đề này trong cuộc họp. Chủ tịch hội khẳng định không có gì sai với các quy định đó vì đa số các thành viên đều tán thành. Jane chấp nhận kết luận này nhưng Jill quyết định rời hội."
edu,"""I had a bad teacher once; therefore, all teachers must be bad.""",faulty generalization,"""Tôi từng gặp một giáo viên tệ, nên tất cả giáo viên đều tệ cả."""
edu,"Kevin's dog scratched his leg, and that night he had a fever. Kevin concluded that his dog must have infected him with something.",false causality,"Chó của Kevin cào vào chân cậu ấy, và tối đó cậu ấy bị sốt. Kevin kết luận rằng con chó chắc chắn đã lây bệnh gì đó cho cậu."
edu,"There are more laws on the books than ever before, and more crimes are being committed than ever before. Therefore, to reduce crime, we must eliminate the laws.",false causality,"Hiện nay có nhiều luật hơn bao giờ hết, và tỷ lệ tội phạm cũng cao hơn bao giờ hết. Do đó, để giảm tội phạm, chúng ta phải loại bỏ bớt các bộ luật."
edu,"Men score better on math than women do. Jerry is a man. Therefore, Jerry is better at math than Sylvia, who is a woman.",faulty generalization,"Nam giới học toán giỏi hơn nữ giới. Jerry là nam. Suy ra, Jerry giỏi toán hơn Sylvia, một người nữ."
edu,Misrepresenting someone’s argument to make it easier to attack,fallacy of extension,Bóp méo lập luận của người khác để dễ bề công kích
edu,"""You know me - I've taught Sunday School at your church for years, babysat your children, and served as a playground director for many summers - so you know I can run your preschool.""?",fallacy of credibility,"Bạn biết tôi mà - tôi đã dạy trường Chủ nhật tại nhà thờ của bạn bao nhiêu năm, trông trẻ cho bạn, rồi làm quản trò suốt bao mùa hè - nên bạn thừa hiểu tôi đủ năng lực để điều hành trường mầm non của bạn chứ?"
edu,men don’t cry,faulty generalization,đàn ông không được khóc
edu,A real estate ad shows a happy family moving in to the home of their dreams.,appeal to emotion,Một quảng cáo bất động sản vẽ ra viễn cảnh gia đình hạnh phúc đang dọn vào căn nhà mơ ước của họ.
edu,"God did not create the world six thousand years ago because matter has always existed, and therefore the world has always existed.",circular reasoning,"Chúa không tạo ra thế giới cách đây sáu nghìn năm vì vật chất vốn dĩ luôn tồn tại, do đó thế giới này đã luôn tồn tại từ trước đến nay."
edu,"It's common sense that if you smack your children, they will stop the bad behavior. So don't tell me not to hit my kids.",intentional,"Chuyện hiển nhiên là nếu ông đánh con, tụi nó sẽ chừa thói hư tật xấu. Nên đừng có mà bảo tôi đừng đánh con mình."
edu,"BILL CLINTON: But when Joe McCarthy went around this country attacking people’s patriotism, he was wrong. He was wrong. And a senator from Connecticut stood up to him named Prescott Bush. Your father was right to stand up to Joe McCarthy, you were wrong to attack my patriotism. I was opposed to the war but I loved my country… Debate 1,
October 11, 1992
St. Louis, Missouri
What logical fallacy did Clinton’s statement employ?",ad hominem,"BILL CLINTON: Nhưng khi Joe McCarthy đi khắp đất nước này để tấn công lòng yêu nước của người khác, ông ta đã sai. Ông ta sai. Và một thượng nghị sĩ từ Connecticut đã đứng lên chống lại ông ta tên là Prescott Bush. Cha của bạn đã đúng khi đứng lên chống lại Joe McCarthy, còn bạn thì sai khi tấn công lòng yêu nước của tôi. Tôi phản đối chiến tranh nhưng tôi vẫn yêu đất nước mình… (Tranh luận 1, 11/10/1992, St. Louis, Missouri. Phát biểu của Clinton mắc lỗi logic gì?)"
edu,"""Every time I go to sleep the sun goes down. Therefore, my sleeping causes the sun to set.""",false causality,"Mỗi lần tôi đi ngủ thì mặt trời lặn. Suy ra, việc tôi ngủ khiến mặt trời lặn."
edu,If I don't get this 5 point assignment done then I will fall behind in my grade and will get backed up so I can't get my other assignment done. Then I will fail the class and turn to a life of crime.,faulty generalization,"Nếu tôi không làm xong bài tập 5 điểm này thì tôi sẽ bị tụt lại phía sau, dẫn đến dồn ứ công việc khiến tôi không thể hoàn thành các bài tập khác. Sau đó tôi sẽ trượt môn rồi sa ngã vào con đường tội lỗi."
edu,Presents only two choices when more options exist,false dilemma,Chỉ đưa ra hai lựa chọn trong khi thực tế còn nhiều phương án khác.
edu,"If we keep kids from enjoying recess, eventually they will never want to preserve nature.",faulty generalization,"Nếu chúng ta không cho trẻ em chơi đùa ngoài trời, dần dần chúng sẽ chẳng bao giờ muốn bảo vệ thiên nhiên nữa."
edu,What’s the point of making drinking illegal under the age of 21?  Kids still manage to get alcohol.,intentional,Quy định cấm rượu dưới 21 tuổi để làm gì cơ chứ? Trẻ con vẫn tìm cách uống được thôi.
edu,"""Cars cause more deaths than firearms do, so if we ban firearms we should also ban cars.""",fallacy of logic,"Ô tô gây ra nhiều cái chết hơn súng đạn, nên nếu chúng ta cấm súng thì cũng nên cấm luôn ô tô."
edu,"""You will never be satisfied in life if you don’t seize this opportunity. Do you want to live the rest of your years yearning to know what would have happened if you just jumped when you had the chance?"" Which appeal is the primary appeal used in this quote?",appeal to emotion,Bạn sẽ không bao giờ thỏa mãn với cuộc đời nếu không chớp lấy cơ hội này. Bạn muốn sống những năm tháng còn lại trong nuối tiếc vì đã không thử khi có cơ hội sao? Đây là kiểu lập luận nào?
edu,SM 3: Polls concerning global warming,ad populum,Diễn giải 3: Các cuộc thăm dò ý kiến về nóng lên toàn cầu.
edu,Everybody loves Raymond because he is so popular. Popular people are loved by everybody.,circular reasoning,Mọi người đều yêu quý Raymond vì anh ấy rất nổi tiếng. Những người nổi tiếng thì ai cũng yêu quý.
edu,Everyone does it.  You should too.,ad populum,"Ai cũng làm thế cả, bạn cũng nên làm vậy đi."
edu,"""She's such a mean teacher and person – that's why she wouldn't raise my grade ONE percent!""",ad hominem,"Cô ấy là một giáo viên và một con người tồi tệ, đó là lý do tại sao cô ấy không chịu nâng cho tôi dù chỉ một phần trăm điểm!"
edu,"The officer told me to freeze but it was too hot out to be freezing, so I was justified in running away.",equivocation,"Viên cảnh sát bảo tôi đứng yên (freeze), nhưng thời tiết lúc đó nóng thế này làm sao mà đóng băng (freeze) được, nên việc tôi bỏ chạy là hoàn toàn có lý."
edu,"All boys are sports fans.
Some bakers are boys.
Therefore, some bakers are not sports fans.",fallacy of logic,"Tất cả con trai đều là fan thể thao. Một vài thợ làm bánh là con trai. Suy ra, một vài thợ làm bánh không phải là fan thể thao."
edu,"You can buy the new Sensitivity perfume, or you can smell bad all day.",false dilemma,"Bạn có thể mua nước hoa Sensitivity mới, hoặc là bạn phải chịu cảnh hôi hám cả ngày."
edu,Appealing to popularity or the fact that many people do something as an attempted form of validation,ad populum,Dựa dẫm vào tính phổ biến hoặc việc nhiều người làm một điều gì đó để coi như một hình thức kiểm chứng.
edu,“Police officers agree that Blackjack Steering Wheel Locks are the most effective deterrent against car theft.”,fallacy of credibility,“Cảnh sát đồng ý rằng khóa vô lăng Blackjack là biện pháp ngăn chặn trộm xe hiệu quả nhất.”
edu,Mr. Casal was very tired because he had no energy.,circular reasoning,Ông Casal rất mệt vì ông ấy không có tí năng lượng nào.
edu,"I like my steak rare. But I don’t care for aardvark steak, even though it’s the rarest steak in the world.",equivocation,"Tôi thích bít tết tái. Nhưng tôi chẳng mặn mà với bít tết thú ăn kiến, mặc dù đó là loại bít tết hiếm nhất thế giới."
edu,Habib didn't remember to take out the trash this morning. It will pile up and the neighbors will complain and the health inspectors will come and take away the kids.,faulty generalization,"Habib đã quên đổ rác sáng nay. Rác sẽ chất đống, hàng xóm sẽ phàn nàn, thanh tra y tế sẽ đến và mang bọn trẻ đi mất."
edu,The music industry must either raise album prices or reduce pay for technicians and producers.,false dilemma,Ngành công nghiệp âm nhạc phải tăng giá album hoặc cắt giảm lương của kỹ thuật viên và nhà sản xuất.
edu,"Primitive people believed in gods to explain natural phenomena. We have science, and are not primitive anymore. Therefore, there is no God.",ad hominem,"Người nguyên thủy tin vào các vị thần để giải thích các hiện tượng tự nhiên. Chúng ta đã có khoa học và không còn là người nguyên thủy nữa. Vì vậy, không có Chúa."
edu,"Either you can save your money to buy a new car for yourself, or you can just take an Uber around for the rest of your life.",false dilemma,"Bạn có thể để dành tiền mua một chiếc xe hơi mới, hoặc bạn cứ đi Uber cả đời đi."
edu,Why did the blond cross the road?  Because she saw a shoe sale!,faulty generalization,Tại sao cô nàng tóc vàng lại băng qua đường? Vì cô ấy thấy một đợt giảm giá giày!
edu,"You cannot blame your friends for a rain delay just because every time they go with you to a ballgame it storms and
play is delayed. Likewise, the fact that a pitcher bought new socks before he pitched a winning game does not mean that new
socks cause a pitcher to throw faster.",false causality,"Bạn không thể đổ lỗi cho bạn bè vì trận đấu bị hoãn do mưa chỉ vì lần nào đi cùng họ trời cũng đổ mưa. Tương tự, việc một cầu thủ ném bóng mua đôi tất mới trước trận thắng không có nghĩa là đôi tất mới giúp anh ta ném bóng nhanh hơn."
edu,"The phrase, ""Almost everyone that was asked said that McDonalds is better than Burger King, so it must be true,"" represents which fallacy?",ad populum,"Cụm từ ""Hầu hết mọi người được hỏi đều nói McDonald's ngon hơn Burger King, nên chắc chắn đó là sự thật"" thuộc loại ngụy biện nào?"
edu,"The school is in bad shape. Either we tear it down and put up a new building, or we continue to risk students’ safety. Obviously, we shouldn’t risk anyone’s safety, so we must tear the building down.”",false dilemma,"Trường học đang trong tình trạng tồi tệ. Hoặc là chúng ta phá bỏ nó để xây tòa nhà mới, hoặc là tiếp tục đặt sự an toàn của học sinh vào vòng nguy hiểm. Rõ ràng là chúng ta không nên mạo hiểm sự an toàn của bất kỳ ai, nên chúng ta bắt buộc phải phá bỏ tòa nhà đó."
edu,"Employees are like nails. Just as nails must be hit in the head in order to make them work, so must employees.",fallacy of logic,"Nhân viên cũng giống như cái đinh vậy. Giống như đinh phải bị đóng vào đầu mới chịu làm việc, nhân viên cũng phải bị ép buộc như thế."
edu,"""Good morning! Have you gotten over the grouchy mood you were in?""",intentional,Chào buổi sáng! Cậu đã hết tâm trạng cáu bẳn hôm qua chưa đấy?
edu,"Dean, the company you work for just filed for bankruptcy! How can I trust you with our money?",faulty generalization,"Dean này, công ty anh vừa tuyên bố phá sản đấy! Sao tôi có thể tin tưởng giao tiền của chúng tôi cho anh được chứ?"
edu,The house is white; therefore it must be big,fallacy of logic,Căn nhà đó có màu trắng; do đó nó hẳn phải là một căn nhà lớn.
edu,This seat belt ad is using which type of persuasive appeal? It has a picture which might make people feel sad.,appeal to emotion,Quảng cáo thắt dây an toàn này đang sử dụng loại hình thuyết phục nào vậy? Nó có một hình ảnh có thể khiến người xem cảm thấy buồn bã.
edu,"Mom: (looking at report card) How do you have an F in English?!
Son: I don’t know.  Did you see that loaded the dishwasher?  I was about to go mow the lawn.  Need me to do anything else?",fallacy of relevance,Mẹ: (nhìn vào bảng điểm) Sao con lại bị điểm F môn Tiếng Anh hả?! Con: Con không biết nữa. Mẹ có thấy con đã xếp bát đĩa vào máy rửa chưa? Con đang định đi cắt cỏ đây. Mẹ có cần con làm gì nữa không?
edu,A smoke screen to cover the truth; a clue that is misleading or distracting.,fallacy of relevance,Một màn khói che đậy sự thật; manh mối gây lạc hướng hoặc xao nhãng.
edu,"President Clinton being a moral man, being married and loving his daughter; talking about the Bible; going to church",intentional,"Tổng thống Clinton là người có đạo đức, yêu thương vợ con; hay nhắc đến Kinh Thánh; thường đi nhà thờ."
edu,Asking a respected scientist to weigh in on matters of economics is what fallacy?,fallacy of credibility,Việc nhờ một nhà khoa học uy tín đưa ra ý kiến về vấn đề kinh tế là loại ngụy biện nào?
edu,We think that Malltime will be a success because all little girls like shopping.,faulty generalization,Chúng tôi tin Malltime sẽ thành công vì mọi cô bé đều thích mua sắm.
edu,Evolution is the idea that humans come from pond scum.,appeal to emotion,Thuyết tiến hóa là ý tưởng cho rằng con người xuất thân từ váng bùn trong ao.
edu,Katie likes to read and would rather do that than play sports. Her friends make fun of her and tell her that reading is for nerds. Katie stops reading so much and starts to play sports more.,ad populum,Katie thích đọc sách hơn là chơi thể thao. Bạn bè trêu chọc cô ấy và bảo rằng đọc sách là dành cho mấy đứa mọt sách. Katie bèn bớt đọc sách lại và bắt đầu chơi thể thao nhiều hơn.
edu,"The research and reasoning that supposedly supports (or that supposedly discredits) this intervention are a joke. The researchers are people who are not methodologically sophisticated and there have been rumors--I have no idea whether they're true or not--that they faked some of the data. The advocates (or opponents) of this intervention are the worst kind of sloppy thinkers. They are fanatical adherents who already have their minds made up; they've become true believers in their cause. They make arguments only a stupid person would accept, and mistakes in reasoning that would make an undergrad psych major blush. These are not the kind of people who deserve to be taken seriously.",ad hominem,"Các nghiên cứu và lập luận hỗ trợ (hoặc bác bỏ) can thiệp này đều là trò cười. Những nhà nghiên cứu đó thiếu trình độ về phương pháp luận, và còn có tin đồn--tôi không rõ thực hư--rằng họ đã làm giả dữ liệu. Những người ủng hộ (hoặc phản đối) can thiệp này là kiểu tư duy cẩu thả nhất. Họ là những kẻ cuồng tín, đầu óc đóng kín; họ đã trở thành tín đồ mù quáng cho lý tưởng của mình. Họ đưa ra những lập luận mà chỉ kẻ ngốc mới tin, cùng những sai lầm trong suy luận khiến sinh viên tâm lý năm nhất cũng phải đỏ mặt. Đây không phải kiểu người đáng để chúng ta bận tâm."
edu,It occurs when someone makes an appeal to emotion of pity instead of addressing the argument.,appeal to emotion,Đây là trường hợp khi một người lợi dụng cảm xúc thương hại thay vì tập trung giải quyết vấn đề chính.
edu,"Person 1: Bicycle infrastructure should be expanded because cycling is a sustainable mode of transportation. 
Person 2: We should not build bike lanes because cyclists run red lights and endanger pedestrians.",fallacy of extension,Người 1: Nên mở rộng cơ sở hạ tầng xe đạp vì đạp xe là phương thức di chuyển bền vững. Người 2: Chúng ta không nên làm làn đường cho xe đạp vì người đi xe đạp hay vượt đèn đỏ và gây nguy hiểm cho người đi bộ.
edu,A commercial featuring starving children in Africa asking for donations to help provide food and clean water to those in need.,appeal to emotion,Một đoạn quảng cáo chiếu hình ảnh những đứa trẻ đói khổ ở châu Phi để kêu gọi quyên góp thực phẩm và nước sạch cho những người đang cần.
edu,"J: Cats are better than dogs.
V: Dogs are better.
J: You are a lazy person. You won't even be able to take care of a dog.",ad hominem,"J: Mèo tốt hơn chó.
V: Chó tốt hơn.
J: Bạn là một kẻ lười biếng. Bạn thậm chí còn chẳng chăm nổi một con chó đâu."
edu,1. “iPhones are the best smartphones on the market because Apple makes the best smartphones.”,circular reasoning,1. “iPhone là điện thoại thông minh tốt nhất trên thị trường vì Apple tạo ra những chiếc điện thoại thông minh tốt nhất.”
edu,"My neighbor told me that the position of the sun, moon, and stars decide our personalities. I believe her because she is a famous violin player.",fallacy of credibility,"Hàng xóm của tôi bảo rằng vị trí của mặt trời, mặt trăng và các ngôi sao quyết định tính cách của chúng ta. Tôi tin cô ấy vì cô ấy là một nghệ sĩ vĩ cầm nổi tiếng."
edu,"Steve: In Sweden, college is free for citizens. How come we can't do that here?

Ed: If you like Sweden so much, move there. The USA would be glad to be rid of your liberal ass!",ad hominem,"Steve: Ở Thụy Điển, công dân được học đại học miễn phí. Tại sao chúng ta không thể làm như vậy ở đây?

Ed: Nếu cậu thích Thụy Điển đến thế thì chuyển sang đó mà sống đi. Nước Mỹ sẽ rất vui khi tống khứ được cái loại người theo phe tự do như cậu!"
edu,"Senator: I will vote to increase the defense budget.

Public: Why don't you care about education?",fallacy of extension,"Thượng nghị sĩ: Tôi sẽ bỏ phiếu tăng ngân sách quốc phòng.

Công chúng: Tại sao ông lại không quan tâm đến giáo dục?"
edu,Delores is a big supporter for equal pay for equal work.  This is the same policy that all those extreme feminist groups support.  Extremists like Delores should not be taken seriously -- at least politically.,faulty generalization,Delores là một người ủng hộ nhiệt thành cho việc trả lương bình đẳng cho công việc ngang nhau. Đây cũng chính là chính sách mà tất cả các nhóm nữ quyền cực đoan đó ủng hộ. Những kẻ cực đoan như Delores thì không nên được coi trọng - ít nhất là trong chính trị.
edu,I've had bad luck for so long that I'm bound to have good luck now.,false causality,Tôi đã gặp vận xui quá lâu rồi nên chắc chắn sắp tới tôi phải gặp vận may thôi.
edu,"""Everyone who likes pizza likes pepperoni"" is an example of",faulty generalization,"""Mọi người thích pizza đều thích pepperoni"" là một ví dụ của"
edu,"If you don’t go to the party, then your friends will have fun without you. If your friends have fun without you, then they will stop inviting you to fun things. If your friends stop inviting you to fun things, you will have no social life. Therefore, if you don’t go to this party, then you will have no social life.",faulty generalization,"Nếu cậu không đi dự tiệc, bạn bè của cậu sẽ vui chơi mà không có cậu. Nếu bạn bè vui chơi mà không có cậu, họ sẽ ngừng rủ cậu đi chơi. Nếu họ ngừng rủ cậu, cậu sẽ chẳng còn đời sống xã hội nào nữa. Do đó, nếu không đi dự tiệc, cậu sẽ chẳng có đời sống xã hội nào cả."
edu,"When your parent asks you why you have a bad grade in math class, and you answer, ""All teachers are the enemy!""",fallacy of relevance,"Khi cha mẹ hỏi tại sao con bị điểm kém môn toán, và bạn đáp: ""Tất cả giáo viên đều là kẻ thù!"""
edu,"""My roommate said her philosophy class was hard, and the one I'm in is hard, too. All philosophy classes must be hard!”",faulty generalization,"Bạn cùng phòng mình bảo lớp triết học của cô ấy khó, mà lớp mình đang học cũng khó thật. Chắc chắn tất cả các lớp triết học đều khó rồi!"
edu,"No animals are insects.
No insects are dogs.
Therefore, no dogs are animals.",fallacy of logic,"Không loài vật nào là côn trùng. Không loài côn trùng nào là chó. Vậy nên, không con chó nào là loài vật cả."
edu,"Claim: You can't give me a C in this course...
Reason: ... Because I am an A student.
Warrant: An A student is someone who can't receive Cs.",circular reasoning,Luận điểm: Thầy không thể cho em điểm C được... Lý do: ... Vì em là sinh viên loại A. Cơ sở: Sinh viên loại A là người không bao giờ nhận điểm C.
edu,an attempt to persuade the reader/audience based on feelings or emotions; emotional response,appeal to emotion,một nỗ lực thuyết phục người đọc/khán giả dựa trên cảm xúc hoặc tình cảm; phản ứng mang tính cảm tính
edu,"The economy continues to grow as the number of ""likes"" on my Instagram account continue to increase. Clearly, the two are linked.",false causality,"Nền kinh tế tiếp tục tăng trưởng tỉ lệ thuận với số lượt ""thả tim"" trên Instagram của mình. Rõ ràng là hai thứ này có liên quan đến nhau."
edu,"All teachers drink coffee and teachers are people; therefore, all people drink coffee.",faulty generalization,"Tất cả giáo viên đều uống cà phê và giáo viên là con người; vậy nên, tất cả mọi người đều uống cà phê."
edu,Parents today would rather their kids suppress their identity rather than just be who they are even if it doesn't go with the norm.,faulty generalization,Cha mẹ ngày nay thà bắt con cái kìm nén bản sắc còn hơn là để chúng được là chính mình nếu điều đó không đi theo số đông.
edu,"Charlie: Illegal posting and sharing of songs online is crippling the music industry.

Bob: You couldn’t be more wrong; the music industry is doing just fine. I can’t believe you think the government should be allowed to regulate what I share with my “friends.” No one wants a world where I can’t loan a book to my girlfriend, let my roommate borrow my iPod, or share a funny meme with my blog followers.",fallacy of extension,"Charlie: Việc đăng tải và chia sẻ nhạc bất hợp pháp trên mạng đang làm kiệt quệ ngành công nghiệp âm nhạc. Bob: Bạn sai hoàn toàn rồi; ngành âm nhạc vẫn đang rất ổn. Tôi không thể tin là bạn lại nghĩ chính phủ nên được phép quản lý những gì tôi chia sẻ với ""bạn bè"" của mình. Chẳng ai muốn một thế giới mà tôi không thể cho bạn gái mượn sách, cho bạn cùng phòng mượn iPod, hay chia sẻ một cái meme hài hước với những người theo dõi blog của tôi cả."
edu,"""I can't trust that doctor's advice on how to raise my child. He has never been a mother.
This is an example of",ad hominem,Tôi không thể tin vào lời khuyên của bác sĩ đó về việc nuôi dạy con cái. Ông ấy chưa bao giờ làm mẹ. Đây là ví dụ về
edu,"in response to the claim that ""Eating fast food is unhealthy"": “But I saw you eat a burger and fries for lunch only a few hours ago!""",ad hominem,"đáp lại luận điểm ""Ăn đồ ăn nhanh không tốt cho sức khỏe"": ""Nhưng tôi vừa thấy bạn ăn burger và khoai tây chiên vào bữa trưa cách đây vài tiếng đấy thôi!"""
edu,"Every time I wash my car, it rains the next day. My car washing definitely affects the weather.",false causality,Cứ mỗi lần tôi rửa xe là hôm sau trời lại đổ mưa. Việc tôi rửa xe chắc chắn là nguyên nhân ảnh hưởng đến thời tiết rồi.
edu,"Barbara believes the marketing agency's office is haunted. The cleaning crew once said they heard a other-worldly noise late at night. Since no one could prove that it wasn't a ghost, the office must be haunted.",intentional,"Barbara tin rằng văn phòng của công ty quảng cáo bị ma ám. Đội ngũ dọn dẹp từng kể họ nghe thấy tiếng động lạ vào đêm khuya. Vì không ai chứng minh được đó không phải là ma, nên văn phòng chắc chắn là bị ma ám."
edu,"Everyone loves Rebecca, because she is so popular.",faulty generalization,"Ai cũng yêu quý Rebecca, vì cô ấy rất nổi tiếng."
edu,"Victor, the company you work for just filed for bankruptcy! How can I trust you with our money?",faulty generalization,"Victor này, công ty anh vừa nộp đơn phá sản đấy! Làm sao tôi có thể tin tưởng giao tiền cho anh được?"
edu,America:  love it or leave it. Either you’re for us or against us.,false dilemma,"Nước Mỹ: yêu lấy nó hoặc rời đi. Hoặc là bạn đứng về phía chúng tôi, hoặc bạn là kẻ thù."
edu,“You should always do what you are being told because following the rules is important.”,circular reasoning,Bạn luôn phải làm những gì được bảo vì tuân thủ luật lệ là điều quan trọng.
edu,"""Avoid Latam Airlines. Their planes are always late"" is what kind of fallacy?",faulty generalization,"Câu ""Tránh xa hãng hàng không Latam ra, máy bay của họ lúc nào cũng trễ chuyến"" thuộc loại ngụy biện nào?"
edu,"Since many of the students at St. Cloud State University get A's, St. Cloud State must  be a top-rated school.",faulty generalization,"Vì nhiều sinh viên tại Đại học St. Cloud State đạt điểm A, nên St. Cloud State chắc chắn phải là một ngôi trường hàng đầu."
edu,He can't be a great athlete; he cheated on his wife.,ad hominem,Anh ta không thể là một vận động viên giỏi được; anh ta từng ngoại tình với vợ mình mà.
edu,"Marco cusses a lot, so you can't listen to a thing he says. He's not a good guy.",ad hominem,"Marco hay văng tục lắm, nên bạn đừng nghe bất cứ lời nào của hắn. Hắn không phải người tử tế đâu."
edu,"My cousin Bob works as a mechanic at Oil Changers and he says that renewable energy sources, such as solar and wind power, aren't going to provide any help in fixing our nation's energy crisis.",fallacy of credibility,Ông anh họ Bob của tôi làm thợ máy ở Oil Changers và ổng bảo năng lượng tái tạo như điện mặt trời hay điện gió chẳng giải quyết được tí gì cuộc khủng hoảng năng lượng của quốc gia này cả.
edu,"Morris: Oh youthful spirit, you have so much to learn.  I know for a fact that there are multiple dimensions that beings occupy.
Clifton: How can you possibly *know* that for a fact?
Morris: (raises one eyebrow, stares deeply into the eyes of Clifton and says nothing)
Clifton: Wow. You convinced me!
",fallacy of relevance,"Morris: Ôi tuổi trẻ, cậu còn phải học nhiều lắm. Tôi biết chắc là có nhiều chiều không gian mà các sinh vật đang tồn tại ở đó.
Clifton: Làm sao mà ông có thể ""biết chắc"" điều đó được?
Morris: (nhướn một bên mày, nhìn xoáy vào mắt Clifton rồi im lặng)
Clifton: Wow. Ông thuyết phục được tôi rồi đấy!
"
edu,"You need to go to the party with me, otherwise you’ll just be bored at home.",false dilemma,"Cậu phải đi tiệc với tôi, nếu không thì ở nhà chỉ có chán chết thôi."
edu,Free trade will be good for this country. The reason is patently clear. Isn't it obvious that unrestricted commercial relations will bestow on all sections of this nation the benefits which result when there is an unimpeded flow of goods between countries?,circular reasoning,Thương mại tự do sẽ tốt cho đất nước này. Lý do quá rõ ràng rồi. Chẳng phải là hiển nhiên sao khi các mối quan hệ thương mại không hạn chế sẽ mang lại lợi ích cho mọi tầng lớp thông qua việc lưu thông hàng hóa không rào cản giữa các quốc gia?
edu,"Animals tread softly upon the earth without shoes, so all other living beings should follow suit.",fallacy of credibility,"Động vật đi lại trên mặt đất không cần giày dép, vì vậy mọi sinh vật khác cũng nên làm theo như thế."
edu,The Volkswagen Beetle is an evil car because it was originally designed by Hitler’s army.,ad hominem,Chiếc Volkswagen Beetle là một chiếc xe tà ác vì nó được thiết kế bởi quân đội của Hitler ngay từ đầu.
edu,"Recognising that Amanda had committed a fallacy in arguing that we should eat healthy food because a nutritionist said it was popular, Alyse said we should therefore eat bacon double cheeseburgers every day.",fallacy of logic,"Nhận thấy Amanda đã ngụy biện khi cho rằng chúng ta nên ăn thực phẩm tốt cho sức khỏe chỉ vì một chuyên gia dinh dưỡng nói nó đang là xu hướng, Alyse kết luận rằng vì thế chúng ta nên ăn burger phô mai thịt xông khói mỗi ngày."
edu,Valencia bought a different brand of detergent at the store. She developed a rash after wearing clothes washed in the new detergent. She concluded that she was allergic to the new soap. What type of reasoning is this?,false causality,Valencia mua một loại bột giặt mới ở cửa hàng. Cô ấy bị phát ban sau khi mặc quần áo giặt bằng loại bột giặt đó. Cô ấy kết luận rằng mình bị dị ứng với loại xà phòng mới này. Đây là loại lập luận gì vậy?
edu,"surgeons have X-rays to guide them during an operation, lawyers have briefs to guide them during a trial, carpenters have blueprints to guide them when they are building a house. Why, then, shouldn’t students be allowed to look at their textbooks during an examination?",fallacy of logic,"Phẫu thuật viên có phim X-quang để hỗ trợ khi mổ, luật sư có hồ sơ để tra cứu khi tranh tụng, thợ mộc có bản vẽ kỹ thuật để xây nhà. Vậy tại sao sinh viên lại không được phép xem sách giáo khoa trong lúc làm bài kiểm tra?"
climate,"In June last year , a severe heatwave claimed over 1,000 lives in Karachi , Pakistan . Severe drought caused food shortages for millions of people in Ethiopia , with a lack of rainfall resulting in “ intense and widespread ” forest fires in Indonesia that belched out a vast quantity of greenhouse gas .",intentional,"Tháng 6 năm ngoái, một đợt nắng nóng gay gắt đã cướp đi sinh mạng của hơn 1.000 người ở Karachi, Pakistan. Hạn hán nghiêm trọng gây thiếu hụt lương thực cho hàng triệu người ở Ethiopia, cùng với việc thiếu mưa dẫn đến những đám cháy rừng ""dữ dội và lan rộng"" ở Indonesia, thải ra một lượng lớn khí nhà kính."
climate,"Diminishing sea ice is causing major walrus herds to haul themselves out on to land . Arctic marine species , such as snailfish and polar cod , are being pushed out of the region by species coming from further south , attracted to the warming waters . A huge algal bloom off the west coast of North America harmed marine life and fisheries .",intentional,Việc băng biển tan chảy đang khiến các đàn hải mã lớn phải dạt lên đất liền. Các loài sinh vật biển ở Bắc Cực như cá ốc và cá tuyết Bắc Cực đang bị các loài từ phương nam tràn lên chiếm chỗ do nước ấm lên. Một đợt tảo nở hoa khổng lồ ngoài khơi bờ biển phía Tây Bắc Mỹ đã gây hại cho đời sống sinh vật biển và ngành thủy sản.
climate,A landmark report from the United Nations ’ scientific panel on climate change paints a far more dire picture of the immediate consequences of climate change than previously thought and says that avoiding the damage requires transforming the world economy at a speed and scale that has “ no documented historic precedent . ”,fallacy of credibility,"Một báo cáo mang tính bước ngoặt từ ủy ban khoa học của Liên Hợp Quốc về biến đổi khí hậu đã vẽ nên một viễn cảnh tồi tệ hơn nhiều về các hậu quả trước mắt so với những gì chúng ta từng nghĩ, đồng thời khẳng định việc ngăn chặn thiệt hại đòi hỏi phải chuyển đổi nền kinh tế toàn cầu với tốc độ và quy mô 'chưa từng có tiền lệ trong lịch sử'."
climate,"The report “ is quite a shock , and quite concerning , ” said Bill Hare , an author of previous I.P.C.C . reports and a physicist with Climate Analytics , a nonprofit organization . “ We were not aware of this just a few years ago. ”",fallacy of credibility,"Báo cáo này 'thực sự gây sốc và đáng lo ngại', Bill Hare, tác giả của các báo cáo IPCC trước đây và là nhà vật lý tại tổ chức phi lợi nhuận Climate Analytics cho biết. 'Chúng ta thậm chí còn chưa biết về điều này chỉ vài năm trước đây thôi.'"
climate,The World Coal Association disputed the conclusion that stopping global warming calls for an end of coal use .,false dilemma,Hiệp hội Than Thế giới đã bác bỏ kết luận cho rằng muốn ngăn chặn tình trạng nóng lên toàn cầu thì phải chấm dứt sử dụng than đá.
climate,"In a statement , Katie Warrick , its interim chief executive , noted that forecasts from the International Energy Agency , a global analysis organization , “ continue to see a role for coal for the foreseeable future . ”",fallacy of credibility,"Trong một tuyên bố, Katie Warrick, giám đốc điều hành lâm thời của hiệp hội này, nhấn mạnh rằng các dự báo từ Cơ quan Năng lượng Quốc tế vẫn 'tiếp tục nhìn thấy vai trò của than đá trong tương lai gần'."
climate,Refusing to approve the document would place the United States at odds with many nations and show it rejecting established academic science on the world stage .,appeal to emotion,Việc từ chối phê chuẩn tài liệu này sẽ đẩy Hoa Kỳ vào thế đối đầu với nhiều quốc gia khác và cho thấy nước này đang bác bỏ nền tảng khoa học học thuật đã được công nhận trên trường quốc tế.
climate,"“ Carbon taxes are political poison because they increase gas prices and electric rates , ” said Myron Ebell , who heads the energy program at the Competitive Enterprise Institute , an industry-funded Washington research organization , and who led the Trump administration ’ s transition at the Environmental Protection Agency .",intentional,"'Thuế carbon là thuốc độc chính trị vì nó làm tăng giá xăng dầu và giá điện,' Myron Ebell, người đứng đầu chương trình năng lượng tại Competitive Enterprise Institute - một tổ chức nghiên cứu ở Washington được các doanh nghiệp tài trợ, và cũng là người dẫn đầu quá trình chuyển giao của chính quyền Trump tại Cơ quan Bảo vệ Môi trường - nhận định."
climate,"In addition , it said , the United States along with Bangladesh , China , Egypt , India , Indonesia , Japan , the Philippines and Vietnam are home to 50 million people who will be exposed to the effects of increased coastal flooding by 2040 , if 2.7 degrees of warming occur .",equivocation,"Ngoài ra, báo cáo cho biết Hoa Kỳ cùng với Bangladesh, Trung Quốc, Ai Cập, Ấn Độ, Indonesia, Nhật Bản, Philippines và Việt Nam là nơi sinh sống của 50 triệu người sẽ phải đối mặt với tình trạng ngập lụt ven biển gia tăng vào năm 2040 nếu nhiệt độ trái đất tăng thêm 2,7 độ C."
climate,"At 3.6 degrees of warming , the report predicts a “ disproportionately rapid evacuation ” of people from the tropics . “ In some parts of the world , national borders will become irrelevant , ” said Aromar Revi , director of the Indian Institute for Human Settlements and an author of the report . “ You can set up a wall to try to contain 10,000 and 20,000 and one million people , but not 10 million . ”",faulty generalization,"Ở mức tăng 3,6 độ C, báo cáo dự đoán một cuộc 'di cư ồ ạt và nhanh chóng' của người dân từ các vùng nhiệt đới. Aromar Revi, giám đốc Viện Định cư Con người Ấn Độ và là một trong các tác giả báo cáo, cho biết: 'Ở một số nơi trên thế giới, biên giới quốc gia sẽ trở nên vô nghĩa. Bạn có thể dựng tường để ngăn chặn 10.000, 20.000 hay một triệu người, nhưng không thể ngăn nổi 10 triệu người'."
climate,“ Welcome to climate chaos .,faulty generalization,Chào mừng đến với kỷ nguyên hỗn loạn khí hậu.
climate,“ Welcome to climate chaos .,intentional,Chào mừng đến với kỷ nguyên hỗn loạn khí hậu.
climate,"Scribbler and Beckwith said the anomalies were most likely precipitated by man-made climate change , which caused the jet stream to slow down and create larger waves .",faulty generalization,"Scribbler và Beckwith cho rằng những bất thường này khả năng cao là do biến đổi khí hậu nhân tạo, thứ khiến dòng phản lực chậm lại và tạo ra các con sóng lớn hơn."
climate,Something that would absolutely not happen in a normal world .,fallacy of relevance,Một điều chắc chắn sẽ không bao giờ xảy ra trong một thế giới bình thường.
climate,"Meanwhile , Mr Beckwith confirmed the changes would usher in a sustained period of “ climate system mayhem ” which could prove difficult to resolve .",appeal to emotion,"Trong khi đó, ông Beckwith xác nhận những thay đổi này sẽ mở ra một thời kỳ 'hỗn loạn hệ thống khí hậu' kéo dài, thứ mà chúng ta sẽ rất khó để giải quyết."
climate,“ Welcome to climate chaos .,appeal to emotion,Chào mừng đến với kỷ nguyên hỗn loạn khí hậu.
climate,We must declare a global climate emergency .,appeal to emotion,Chúng ta phải tuyên bố tình trạng khẩn cấp về khí hậu toàn cầu.
climate,There ’ s very strange things going on on planet Earth right now . ”,fallacy of logic,Đang có những điều vô cùng kỳ lạ xảy ra trên hành tinh này ngay lúc này.
climate,"`` When I tell people what to expect , I say , 'Well , imagine the opening scene of The Sound of Music was filmed outside of Reno , Nevada , ' `` he says . ``",appeal to emotion,"Ông ấy nói: 'Khi tôi bảo mọi người về những gì sắp tới, tôi thường nói: Hãy tưởng tượng cảnh mở đầu của phim The Sound of Music được quay ở ngoại ô Reno, Nevada xem'."
climate,"Some plants and wildlife , taking their thermal cue , have been able to adapt in kind . Some are thriving . Others are being left behind .",appeal to emotion,"Một vài loài thực vật và động vật, dựa vào tín hiệu nhiệt độ, đã có thể thích nghi kịp thời. Một số đang phát triển mạnh. Số khác thì đang bị bỏ lại phía sau."
climate,"`` You can see it visually , '' says Rebecca Irwin , an ecologist from North Carolina State University . `` We have less flowers . ''",fallacy of relevance,"Rebecca Irwin, một nhà sinh thái học từ Đại học Bang North Carolina cho biết: 'Bạn có thể thấy rõ điều đó qua thị giác. Chúng ta đang có ít hoa hơn hẳn'."
climate,"`` When I tell people what to expect , I say , 'Well , imagine the opening scene of The Sound of Music was filmed outside of Reno , Nevada , ' `` he says . ``",faulty generalization,"Khi tôi mô tả cho mọi người biết điều gì sẽ xảy ra, tôi thường nói: 'Hãy tưởng tượng cảnh mở đầu của bộ phim The Sound of Music được quay tại vùng ngoại ô Reno, Nevada'."
climate,"`` We are projecting that all of these meadows are going to look like that , '' Harte says , pointing to the gnarled plant . `` We are homogenizing the planet . ''",fallacy of relevance,Harte chỉ vào đám cây cằn cỗi và nhận định: 'Chúng tôi dự báo tất cả những đồng cỏ này rồi sẽ trông như thế. Chúng ta đang làm cho hành tinh này trở nên đơn điệu và đồng nhất'.
climate,"But in other parts of Antarctica , similar shelves are holding back enormous amounts of ice , and scientists fear that their future collapse could dump enough ice into the ocean to raise the sea level by many feet .",appeal to emotion,"Tuy nhiên, ở những khu vực khác của Nam Cực, các thềm băng tương tự đang kìm giữ một lượng băng khổng lồ, và các nhà khoa học lo ngại rằng sự sụp đổ của chúng trong tương lai có thể đổ lượng băng đủ lớn xuống đại dương, làm mực nước biển dâng cao thêm vài mét."
climate,"He says `` contrary to what your political leader , professor , and newspaper tell you , global warming is dominated by natural factors .",ad populum,"Ông ấy khẳng định: 'Trái ngược với những gì các nhà lãnh đạo chính trị, giáo sư và báo chí nhồi nhét vào đầu bạn, sự nóng lên toàn cầu chủ yếu bị chi phối bởi các yếu tố tự nhiên'."
climate,"Osaka city authorities are investing in other infrastructure to mitigate the effects of flooding , but public education is also vital , according to Toshikazu Nakaaki of the Osaka municipal government ’ s environment bureau .",fallacy of relevance,"Theo ông Toshikazu Nakaaki từ Cục Môi trường chính quyền thành phố Osaka, chính quyền thành phố đang đầu tư vào cơ sở hạ tầng để giảm thiểu tác động của ngập lụt, nhưng giáo dục công cộng cũng là một yếu tố sống còn."
climate,But the same coastline that draws locals to its scenic vistas is threatening to slowly engulf the historic city as sea levels rise due to global warming .,appeal to emotion,Nhưng chính bờ biển từng thu hút người dân địa phương đến ngắm nhìn cảnh sắc hùng vĩ giờ đây lại đang đe dọa nuốt chửng thành phố lịch sử này khi mực nước biển dâng cao do tình trạng nóng lên toàn cầu.
climate,"Image modelling shows that swaths of Osaka – the commercial heart of a region whose GDP is almost as big as that of the Netherlands – would disappear beneath the water in a 3C world , threatening the local economy and almost a third of the wider region ’ s 19 million residents .",ad populum,"Các mô hình hình ảnh cho thấy những mảng lớn của Osaka – trái tim thương mại của một khu vực có GDP gần bằng Hà Lan – sẽ biến mất dưới mực nước biển trong kịch bản nhiệt độ tăng 3 độ C, đe dọa nền kinh tế địa phương và gần một phần ba trong tổng số 19 triệu cư dân của khu vực này."
climate,"As a result of global sea-level rise , storm surges and other factors , economists project that coastal flooding could put almost $ 1tn of Osaka ’ s assets at risk by the 2070s , according to the Union of Concerned Scientists .",ad populum,"Theo Liên minh các Nhà khoa học Quan tâm, do hậu quả của mực nước biển dâng toàn cầu, triều cường và các yếu tố khác, các nhà kinh tế dự báo lũ lụt ven biển có thể đặt gần 1 nghìn tỷ đô la tài sản của Osaka vào tình trạng rủi ro trước những năm 2070."
climate,"“ [ We ] still find ourselves in a situation where we are not doing nearly enough to save hundreds of millions of people from a miserable future , ” said Erik Solheim , the UN environment chief , ahead of the upcoming Bonn conference .",appeal to emotion,"Ông Erik Solheim, người đứng đầu chương trình môi trường của Liên Hợp Quốc, phát biểu trước thềm hội nghị Bonn rằng: 'Chúng ta vẫn đang ở trong tình thế không làm đủ để cứu hàng trăm triệu người khỏi một tương lai bi đát'."
climate,"A domino-like cascade of melting ice , warming seas , shifting currents and dying forests could tilt the Earth into a “ hothouse ” state beyond which human efforts to reduce emissions will be increasingly futile , a group of leading climate scientists has warned .",faulty generalization,"Một nhóm các nhà khoa học khí hậu hàng đầu cảnh báo rằng, hiệu ứng domino của việc băng tan, nước biển ấm lên, các dòng hải lưu thay đổi và rừng chết có thể đẩy Trái Đất vào trạng thái 'nhà kính', nơi mà mọi nỗ lực cắt giảm khí thải của con người sẽ trở nên ngày càng vô ích."
climate,"This grim prospect is sketched out in a journal paper that considers the combined consequences of 10 climate change processes , including the release of methane trapped in Siberian permafrost and the impact of melting ice in Greenland on the Antarctic .",appeal to emotion,"Viễn cảnh ảm đạm này được phác họa trong một bài báo khoa học, nơi cân nhắc hệ quả tổng hợp của 10 quá trình biến đổi khí hậu, bao gồm việc giải phóng khí methane bị giam hãm trong tầng đất đóng băng vĩnh cửu ở Siberia và tác động từ việc băng tan tại Greenland đối với Nam Cực."
climate,Another climate scientist – who was not involved in the paper – emphasised the document aimed to raise questions rather than prove a theory . “,fallacy of credibility,Một nhà khoa học khí hậu khác – người không tham gia vào bài báo – đã nhấn mạnh rằng tài liệu này nhằm đặt ra các câu hỏi thay vì cố gắng chứng minh một học thuyết.
climate,"Dr. Broecker , who died in 2019 , famously warned : “ The climate system is an angry beast and we are poking it with sticks . ”",fallacy of logic,"Tiến sĩ Broecker, người đã qua đời năm 2019, từng đưa ra lời cảnh báo nổi tiếng: “Hệ thống khí hậu giống như một con quái vật hung dữ, và chúng ta đang chọc gậy vào nó.”"
climate,"He points out that , in IPCC jargon , “ very unlikely ” translates to a probability of less than 10 percent . But if a nuclear reactor in your neighborhood had a less-than-10-percent likelihood of blowing up , he asked , “ would you be reassured ? ” “ We still don ’ t know how far away this threshold is where it could break down altogether , ” he said .",fallacy of logic,"Ông chỉ ra rằng, theo thuật ngữ của IPCC, “rất khó xảy ra” đồng nghĩa với xác suất dưới 10%. Nhưng nếu một lò phản ứng hạt nhân ngay gần nhà bạn có xác suất phát nổ dưới 10%, ông đặt câu hỏi: “Liệu bạn có cảm thấy an tâm không?” “Chúng ta vẫn chưa biết ngưỡng giới hạn mà tại đó mọi thứ có thể sụp đổ hoàn toàn còn cách bao xa,” ông nói."
climate,"A rapid disintegration of Antarctica might , in the worst case , cause the sea to rise so fast that tens of millions of coastal refugees would have to flee inland , potentially straining societies to the breaking point .",ad populum,"Sự tan rã nhanh chóng của Nam Cực có thể, trong kịch bản tồi tệ nhất, khiến mực nước biển dâng nhanh đến mức hàng chục triệu người dân vùng ven biển phải di cư vào đất liền, gây áp lực khủng khiếp có thể làm tan rã các xã hội."
climate,"Because the collapse of vulnerable parts of the ice sheet could raise the sea level dramatically , the continued existence of the world ’ s great coastal cities — Miami , New York , Shanghai and many more — is tied to Antarctica ’ s fate .",appeal to emotion,"Vì sự sụp đổ của các phần dễ tổn thương trên thềm băng có thể làm mực nước biển dâng cao đột ngột, sự tồn tại lâu dài của những thành phố ven biển vĩ đại nhất thế giới — Miami, New York, Thượng Hải và nhiều nơi khác — đều gắn liền với vận mệnh của Nam Cực."
climate,"Recent computer forecasts suggest that if greenhouse gas emissions continue at a high level , parts of Antarctica could break up rapidly , causing the ocean to rise six feet or more by the end of this century . That is double the maximum increase that an international climate panel projected only four years ago .",ad populum,"Các dự báo máy tính gần đây cho thấy nếu lượng khí thải nhà kính tiếp tục ở mức cao, các phần của Nam Cực có thể tan rã nhanh chóng, khiến đại dương dâng cao từ sáu feet (gần 2 mét) trở lên vào cuối thế kỷ này. Con số đó gấp đôi mức tăng tối đa mà một hội đồng khí hậu quốc tế đã dự đoán chỉ bốn năm trước."
climate,"Extremely hot days , when temperatures soar to 95 degrees Fahrenheit or higher , can be miserable .",appeal to emotion,"Những ngày cực kỳ nóng nực, khi nhiệt độ vọt lên mức 95 độ Fahrenheit (35 độ C) hoặc cao hơn, thực sự là một sự hành xác."
climate,"By 2100 , Washington could swelter in 95-degree weather for fully one-fifth of the year — around 74 days , on average .",intentional,"Đến năm 2100, Washington có thể phải chịu đựng thời tiết 95 độ trong suốt một phần năm của năm — trung bình khoảng 74 ngày."
climate,Forget what global warming activists would lead you to believe – 2015 was not even close to the hottest year on record .,fallacy of logic,Hãy quên đi những gì các nhà hoạt động vì khí hậu cố thuyết phục bạn – năm 2015 thậm chí còn chẳng phải là năm nóng nhất từng được ghi nhận.
climate,"18 years after 1998 , global warming still has not created the runaway warming we were told to expect .",ad populum,"18 năm sau năm 1998, sự nóng lên toàn cầu vẫn chưa gây ra hiện tượng nóng lên mất kiểm soát như những gì chúng ta được cảnh báo."
climate,"As I recently reported at Forbes.com , a study presented last month at the American Geophysical Union found that well-sited and well-maintained stations report significantly less warming than the surface station network as a whole . Government overseers collect the raw temperature data from the full network of surface stations and then produce temperature summaries for public distribution .",fallacy of credibility,"Như tôi đã đưa tin gần đây trên Forbes.com, một nghiên cứu được trình bày tháng trước tại Liên đoàn Địa vật lý Mỹ cho thấy các trạm được đặt và bảo trì tốt báo cáo mức nhiệt tăng thấp hơn đáng kể so với toàn bộ mạng lưới trạm bề mặt. Các cơ quan chính phủ thu thập dữ liệu nhiệt độ thô từ toàn bộ mạng lưới và sau đó tạo ra các bản tóm tắt nhiệt độ để công bố rộng rãi."
climate,Forget what global warming activists would lead you to believe – 2015 was not even close to the hottest year on record .,fallacy of relevance,"Hãy quên đi những gì các nhà hoạt động vì khí hậu muốn bạn tin, 2015 thậm chí còn chẳng phải là năm nóng kỷ lục."
climate,A record El Nino resulting in less-than-record temperatures is another sign that global warming is not all that activists crack it up to be .,false causality,Một đợt El Nino kỷ lục nhưng lại không đi kèm với nhiệt độ kỷ lục là minh chứng rõ ràng rằng sự nóng lên toàn cầu không ghê gớm như cách các nhà hoạt động vẫn rêu rao.
climate,"With a record El Nino , we should have experienced record high temperatures . Yet we didn ’ t .",faulty generalization,"Với một đợt El Nino kỷ lục, lẽ ra chúng ta phải trải qua mức nhiệt cao kỷ lục. Nhưng chúng ta đã không làm thế."
climate,"Global warming activists do not extend “ the record ” back any further , they say , because it has only been since the late 1800s that we have had a global network of mercury thermometers .",faulty generalization,Các nhà hoạt động vì khí hậu không mở rộng mốc “kỷ lục” xa hơn nữa vì họ cho rằng chỉ từ cuối thế kỷ 19 chúng ta mới có mạng lưới nhiệt kế thủy ngân toàn cầu.
climate,"Update Jan. 25 , 2016 : As I predicted in this article , global warming activists have indeed made a full-blown public relations effort to claim 2015 was the warmest year on record .",ad hominem,"Cập nhật ngày 25/01/2016: Đúng như dự đoán của tôi trong bài viết này, các nhà hoạt động vì khí hậu quả thực đã thực hiện một chiến dịch truyền thông rầm rộ để tuyên bố 2015 là năm nóng kỷ lục."
climate,"Instead , and remarkably , government overseers adjust the data to add more recent warming than is being reported in the raw temperature readings .",faulty generalization,"Thay vào đó, một cách đáng kinh ngạc, các cơ quan quản lý chính phủ lại điều chỉnh dữ liệu để thêm vào mức tăng nhiệt gần đây cao hơn so với dữ liệu thô được báo cáo."
climate,Only after government overseers make these highly suspect adjustments are temperature “ records ” capable of showing anything approaching record warmth .,ad hominem,Chỉ sau khi các cơ quan chính phủ thực hiện những điều chỉnh đầy nghi vấn này thì các “kỷ lục” nhiệt độ mới có khả năng hiển thị bất cứ thứ gì tiệm cận với mức nóng kỷ lục.
climate,"If that ’ s not enough , it has the distinction of being the largest living structure on the planet .",faulty generalization,"Nếu điều đó vẫn chưa đủ, thì nó còn có sự khác biệt là cấu trúc sống lớn nhất trên hành tinh này."
climate,"Unfortunately , because of back to back mass bleaching events , scientists are telling us that the massive , impressive Australian Great Barrier Reef is now at a ‘ terminal stage ’ —with large portions having no hope of recovery .",faulty generalization,"Thật đáng buồn, do các sự kiện tẩy trắng san hô liên tiếp xảy ra, giới khoa học đang cảnh báo chúng ta rằng Rạn san hô Great Barrier vĩ đại của Úc hiện đã ở ‘giai đoạn cuối’—với những vùng rộng lớn không còn hy vọng phục hồi."
climate,"Unfortunately , because of back to back mass bleaching events , scientists are telling us that the massive , impressive Australian Great Barrier Reef is now at a ‘ terminal stage ’ —with large portions having no hope of recovery .",intentional,"Thật đáng buồn, do các sự kiện tẩy trắng san hô liên tiếp xảy ra, giới khoa học đang cảnh báo chúng ta rằng Rạn san hô Great Barrier vĩ đại của Úc hiện đã ở ‘giai đoạn cuối’—với những vùng rộng lớn không còn hy vọng phục hồi."
climate,"Throughout history , there have only been four instances of this occurrence , and after such an event , it will take decades to recover .",intentional,"Trong suốt chiều dài lịch sử, hiện tượng này mới chỉ xảy ra vỏn vẹn bốn lần, và sau mỗi lần như vậy, phải mất hàng thập kỷ mới có thể phục hồi lại được."
climate,"In an interview with The Guardian , scientists note just how dire the situation is . “ We ’ ve given up , ” said Jon Brodie , a James Cook University water quality expert , who was referring to inaction on the part of the Australian government . “",intentional,"Trong một cuộc phỏng vấn với tờ The Guardian, các nhà khoa học đã nhấn mạnh tình hình nghiêm trọng đến mức nào. Jon Brodie, chuyên gia chất lượng nước tại Đại học James Cook, khi đề cập đến sự thờ ơ của chính phủ Úc, đã phải thốt lên rằng: “Chúng tôi đã bỏ cuộc rồi”."
climate,"It ’ s been my life managing water quality , we ’ ve failed . ”",intentional,"Đó là cả cuộc đời tôi dành để quản lý chất lượng nước, và chúng ta đã thất bại hoàn toàn rồi."
climate,"Unfortunately , because of back to back mass bleaching events , scientists are telling us that the massive , impressive Australian Great Barrier Reef is now at a ‘ terminal stage ’ —with large portions having no hope of recovery .",appeal to emotion,"Thật đáng buồn, do các sự kiện tẩy trắng san hô liên tiếp xảy ra, giới khoa học đang cảnh báo chúng ta rằng Rạn san hô Great Barrier vĩ đại của Úc hiện đã ở ‘giai đoạn cuối’—với những vùng rộng lớn không còn hy vọng phục hồi."
climate,Mahowald was n't apart of the study but told the AP that `` the new study makes sense and conveys the urgency of the man-made climate change differently than past research . '',fallacy of credibility,Mahowald không trực tiếp tham gia nghiên cứu này nhưng đã chia sẻ với hãng tin AP rằng “nghiên cứu mới này rất logic và truyền tải tính cấp bách của biến đổi khí hậu do con người gây ra theo một cách khác biệt so với các nghiên cứu trước đây”.
climate,"In the next 50 years , somewhere between 1 to 3 billion people are expected to be inflicted with unbearable heat , according to the study .",intentional,"Theo nghiên cứu này, trong 50 năm tới, dự kiến sẽ có từ 1 đến 3 tỷ người phải hứng chịu mức nhiệt độ không thể chịu đựng nổi."
climate,"Not only would this have devastating direct effects , it leaves societies less able to cope with future crises like new pandemics .",faulty generalization,"Điều này không chỉ gây ra những tác động trực tiếp tàn khốc mà còn khiến các xã hội mất đi khả năng chống chọi với các cuộc khủng hoảng trong tương lai, như các đại dịch mới."
climate,"By 2070 , that could be about a third of the overall global population at that time .",intentional,"Đến năm 2070, con số đó có thể chiếm khoảng một phần ba tổng dân số toàn cầu tại thời điểm đó."
climate,"Greenhouse gas emissions have to be reduced so average annual temperatures do n't rise beyond the approximately 52 to 59 degrees Fahrenheit yearly average that humans have been able to thrive in for the past 6,000 years , USA Today reported .",fallacy of credibility,"Cần phải cắt giảm khí thải nhà kính để nhiệt độ trung bình hàng năm không vượt quá ngưỡng khoảng 52 đến 59 độ F, mức nhiệt mà con người đã phát triển mạnh mẽ trong suốt 6.000 năm qua, theo báo cáo của USA Today."
climate,"Not only would this have devastating direct effects , it leaves societies less able to cope with future crises like new pandemics .",appeal to emotion,Điều này không chỉ gây ra những hậu quả trực tiếp tàn khốc mà còn khiến các xã hội trở nên kém khả năng đối phó với những cuộc khủng hoảng trong tương lai như đại dịch mới.
climate,"Not only would this have devastating direct effects , it leaves societies less able to cope with future crises like new pandemics .",intentional,Điều này không chỉ gây ra những hậu quả trực tiếp tàn khốc mà còn khiến các xã hội trở nên kém khả năng đối phó với những cuộc khủng hoảng trong tương lai như đại dịch mới.
climate,The latest study from the United Nations Intergovernmental Panel on Climate Change found that in the previous 15 years temperatures had risen 0.09 degrees Fahrenheit . The average of all models expected 0.8 degrees . So we ’ re seeing about 90 % less temperature rise than expected .,ad populum,"Nghiên cứu mới nhất từ Ủy ban Liên chính phủ về Biến đổi Khí hậu của Liên Hợp Quốc cho thấy trong 15 năm qua, nhiệt độ chỉ tăng 0,09 độ F. Trong khi các mô hình dự báo mức tăng trung bình là 0,8 độ. Vậy là chúng ta đang chứng kiến mức tăng nhiệt thấp hơn 90% so với dự kiến."
climate,"We are often being told that we ’ re seeing more and more droughts , but a study published last March in the journal Nature actually shows a decrease in the world ’ s surface that has been afflicted by droughts since 1982 .",intentional,"Chúng ta thường được nghe rằng tình trạng hạn hán đang ngày càng gia tăng, nhưng một nghiên cứu công bố tháng 3 vừa qua trên tạp chí Nature thực tế lại cho thấy diện tích bề mặt thế giới bị ảnh hưởng bởi hạn hán đã giảm kể từ năm 1982."
climate,"Yet the trend for landfalling typhoons around the Philippines has actually declined since 1950 , according to a study published in 2012 by the American Meteorological Society ’ s Journal of Climate .",fallacy of credibility,"Tuy nhiên, xu hướng các cơn bão đổ bộ vào Philippines thực tế đã giảm kể từ năm 1950, theo một nghiên cứu được công bố năm 2012 bởi Tạp chí Khí hậu của Hiệp hội Khí tượng Hoa Kỳ."
climate,"Yes , sea levels are rising , but the rise is not accelerating—if anything , two recent papers , one by Chinese scientists published in the January 2014 issue of Global and Planetary Change , and the other by U.S. scientists published in the May 2013 issue of Coastal Engineering , have shown a small decline in the rate of sea-level increase .",fallacy of credibility,"Đúng là mực nước biển đang dâng cao, nhưng tốc độ dâng không hề tăng nhanh—nếu có thì hai bài báo gần đây, một của các nhà khoa học Trung Quốc trên ấn phẩm tháng 1 năm 2014 của tạp chí Global and Planetary Change, và một của các nhà khoa học Mỹ trên ấn phẩm tháng 5 năm 2013 của tạp chí Coastal Engineering, đã cho thấy tốc độ dâng của mực nước biển có sự sụt giảm nhẹ."
climate,"If we adjust for population and wealth , hurricane damage during the period 1900-2013 decreased slightly .",ad populum,"Nếu điều chỉnh theo yếu tố dân số và sự giàu có, thiệt hại do bão trong giai đoạn 1900-2013 thực chất đã giảm nhẹ."
climate,Climate projections also assume that planet Earth is not dynamic and that a temporary terrestrial vertebrate on an evolving planet can change major planetary and extraterrestrial systems .,fallacy of relevance,Các dự báo khí hậu còn giả định rằng Trái đất là một hành tinh tĩnh tại và rằng một loài động vật có xương sống tạm thời trên một hành tinh đang tiến hóa có thể làm thay đổi các hệ thống hành tinh và ngoài hành tinh quan trọng.
climate,"Even in our own lifetimes , there is no relationship between temperature and carbon dioxide emissions by ­humans , yet there is a very close relationship between solar activity and temperature .",faulty generalization,"Ngay trong chính cuộc đời chúng ta, không có mối liên hệ nào giữa nhiệt độ và lượng khí thải carbon dioxide do con người tạo ra, trong khi lại có mối liên hệ rất chặt chẽ giữa hoạt động mặt trời và nhiệt độ."
climate,"Even in our own lifetimes , there is no relationship between temperature and carbon dioxide emissions by ­humans , yet there is a very close relationship between solar activity and temperature .",false dilemma,"Ngay trong chính thời đại chúng ta, chẳng có mối liên hệ nào giữa nhiệt độ và lượng khí thải CO2 từ con người cả, trong khi hoạt động của mặt trời lại ảnh hưởng sát sao đến nhiệt độ đấy thôi."
climate,"Do we really believe that one bellowing fan in a crowd of 85,000 at the MCG can completely change the course of a game ?",fallacy of relevance,Chúng ta có thực sự tin rằng một gã cổ động viên gào thét trong đám đông 85.000 người tại sân MCG có thể xoay chuyển hoàn toàn cục diện cả một trận đấu không?
climate,"Do we really believe that one bellowing fan in a crowd of 85,000 at the MCG can completely change the course of a game ?",fallacy of logic,Chúng ta có thực sự tin rằng một gã cổ động viên gào thét trong đám đông 85.000 người tại sân MCG có thể xoay chuyển hoàn toàn cục diện cả một trận đấu không?
climate,"Since the beginning of time , water vapour has been the main greenhouse gas and carbon dioxide has had a minuscule effect on global climate .",fallacy of credibility,"Từ thuở khai thiên lập địa, hơi nước đã là khí nhà kính chủ đạo rồi, còn CO2 chỉ có tác động nhỏ nhoi lên khí hậu toàn cầu thôi."
climate,"In the past , the atmospheric carbon dioxide content has been orders of magnitude higher than now , yet there were ice ages .",false causality,"Trong quá khứ, hàm lượng CO2 trong khí quyển từng cao hơn bây giờ gấp nhiều lần, thế mà các kỷ băng hà vẫn cứ xảy ra đấy thôi."
climate,"In the past , the atmospheric carbon dioxide content has been orders of magnitude higher than now , yet there were ice ages .",fallacy of logic,"Trong quá khứ, hàm lượng CO2 trong khí quyển từng cao hơn bây giờ gấp nhiều lần, thế mà các kỷ băng hà vẫn cứ xảy ra đấy thôi."
climate,Horticulturalists pump warm carbon dioxide into glasshouses to stimulate growth .,fallacy of relevance,Những người làm vườn vẫn bơm CO2 ấm vào nhà kính để kích thích cây cối tăng trưởng còn gì.
climate,"Without carbon dioxide , there would be no complex life on earth .",fallacy of relevance,Không có CO2 thì làm sao có sự sống phức tạp trên Trái Đất được.
climate,"It is neither pollution nor a poison , and in the past the atmospheric carbon dioxide content has varied enormously .",fallacy of credibility,"Nó chẳng phải là chất ô nhiễm cũng chẳng phải chất độc, hơn nữa hàm lượng CO2 trong khí quyển xưa nay vẫn biến động khôn lường."
climate,"As soon as the word emissions entered the language and became part of a religious ideology , electricity prices skyrocketed , electricity supply became more unreliable , subsidies for wind and solar energy went through the roof and employers and consumers had massive cost increases .",ad hominem,"Ngay khi thuật ngữ 'khí thải' xuất hiện và trở thành một phần của hệ tư tưởng giáo điều, giá điện liền tăng vọt, nguồn cung điện trở nên bấp bênh, các khoản trợ cấp cho năng lượng gió và mặt trời tăng chóng mặt, khiến người lao động và người tiêu dùng phải gánh chịu chi phí khổng lồ."
climate,"As soon as the word emissions entered the language and became part of a religious ideology , electricity prices skyrocketed , electricity supply became more unreliable , subsidies for wind and solar energy went through the roof and employers and consumers had massive cost increases .",false causality,"Ngay khi từ 'khí thải' xuất hiện và trở thành một phần của hệ tư tưởng tôn giáo, giá điện đã tăng vọt, nguồn cung trở nên bất ổn, trợ cấp cho năng lượng gió và mặt trời tăng chóng mặt, kéo theo chi phí khổng lồ cho người tiêu dùng và doanh nghiệp."
climate,"Even if human-induced global warming could be shown , a reduction in Australian emissions , comprising 1.3 per cent of global annual emissions , is dwarfed by annual increases of 2 per cent globally and 4 per cent by China . Australia ’ s symbolic suicidal climate policy just makes everybody poorer .",intentional,"Dù cho sự nóng lên toàn cầu do con người gây ra có được chứng minh đi chăng nữa, thì việc cắt giảm lượng khí thải của Úc — vốn chỉ chiếm 1,3% lượng khí thải toàn cầu hàng năm — cũng trở nên vô nghĩa trước mức tăng 2% của thế giới và 4% của Trung Quốc mỗi năm. Chính sách khí hậu mang tính tự sát và hình thức của Úc chỉ đang khiến mọi người nghèo đi."
climate,Australia ’ s symbolic suicidal climate policy just makes everybody poorer .,appeal to emotion,Chính sách khí hậu mang tính tự sát và hình thức của Úc chỉ đang khiến mọi người nghèo đi.
climate,"For most of time , Earth has been a warm , wet volcanic planet with no polar ice .",fallacy of credibility,"Trong phần lớn lịch sử, Trái đất vốn là một hành tinh núi lửa nóng ẩm, không hề có băng ở hai cực."
climate,We are the envy of the world .,appeal to emotion,Chúng ta là niềm ao ước của cả thế giới.
climate,"This is recognised by the major carbon dioxide emitters such as China , India and the US , which don ’ t comply . No EU state has met its target .",ad populum,"Điều này đã được công nhận bởi các quốc gia phát thải carbon dioxide lớn như Trung Quốc, Ấn Độ và Mỹ, những bên không hề tuân thủ các cam kết. Thậm chí chẳng có quốc gia EU nào đạt được mục tiêu của mình cả."
climate,It has yet to be shown that human emissions of carbon dioxide drive climate change .,intentional,Vẫn chưa có bằng chứng nào cho thấy khí thải carbon dioxide do con người tạo ra là tác nhân gây ra biến đổi khí hậu.
climate,"More than 100 climate models over the past 30 years did not predict what actually happened because it was assumed carbon dioxide had the pivotal role in driving climate change and that the effects of clouds , back-radiation and the sun were trivial .",intentional,"Hơn 100 mô hình khí hậu trong suốt 30 năm qua đã không dự đoán đúng thực tế vì chúng mặc định rằng carbon dioxide đóng vai trò then chốt trong biến đổi khí hậu, trong khi lại coi nhẹ tác động của mây, bức xạ ngược và mặt trời."
climate,"Even in our own lifetimes , there is no relationship between temperature and carbon dioxide emissions by ­humans , yet there is a very close relationship between solar activity and temperature .",intentional,"Ngay trong chính cuộc đời chúng ta, chẳng có mối liên hệ nào giữa nhiệt độ và lượng khí thải carbon dioxide do con người tạo ra cả, trong khi mối tương quan giữa hoạt động mặt trời và nhiệt độ lại vô cùng rõ rệt."
climate,"Since the beginning of time , water vapour has been the main greenhouse gas and carbon dioxide has had a minuscule effect on global climate .",fallacy of logic,"Kể từ thuở sơ khai, hơi nước đã là khí nhà kính chủ đạo và carbon dioxide chỉ có tác động vô cùng nhỏ bé đối với khí hậu toàn cầu."
climate,"If the atmosphere comprised 85,000 molecules , the total carbon dioxide emissions added annually would be 33 molecules , of which only one molecule would be from human emissions and the other 32 from natural emissions .",faulty generalization,"Nếu khí quyển chỉ có 85.000 phân tử, thì tổng lượng khí thải carbon dioxide thêm vào mỗi năm sẽ là 33 phân tử, trong đó chỉ có một phân tử là từ hoạt động của con người và 32 phân tử còn lại là từ tự nhiên."
climate,Why is it that human emissions of carbon dioxide drive global warming yet natural emissions do not ?,intentional,Tại sao chúng ta lại tin rằng khí thải CO2 của con người gây ra sự nóng lên toàn cầu trong khi khí thải tự nhiên thì không?
climate,Carbon dioxide is plant food .,fallacy of logic,Carbon dioxide chính là thức ăn của thực vật.
climate,Climate projections also assume that planet Earth is not dynamic and that a temporary terrestrial vertebrate on an evolving planet can change major planetary and extraterrestrial systems .,intentional,"Các dự báo khí hậu còn giả định rằng Trái đất là một thực thể tĩnh, và rằng một sinh vật có xương sống tạm thời trên một hành tinh đang tiến hóa có thể làm thay đổi các hệ thống hành tinh và ngoài hành tinh quy mô lớn."
climate,We are expected to believe that emission of traces of a trace gas into the atmosphere is a major planetary driving force .,faulty generalization,Chúng ta bị ép phải tin rằng việc phát thải một lượng nhỏ của một loại khí vi lượng vào khí quyển lại là động lực chính của cả hành tinh.
climate,"Do we really believe that one bellowing fan in a crowd of 85,000 at the MCG can completely change the course of a game ?",faulty generalization,Liệu chúng ta có thực sự tin rằng một người hâm mộ gào thét trong đám đông 85.000 người tại sân MCG có thể làm thay đổi hoàn toàn cục diện của trận đấu?
climate,"For the past 4567 million years , the sun and the Earth ’ s orbit have driven climate change cycles .",intentional,"Trong suốt 4,567 tỷ năm qua, mặt trời và quỹ đạo của Trái đất mới là tác nhân thúc đẩy các chu kỳ biến đổi khí hậu."
climate,"If human emissions of carbon dioxide drive global warming , why have there been slight warmings and coolings since the Industrial Revolution ?",intentional,"Nếu khí thải CO2 của con người là nguyên nhân gây nóng lên toàn cầu, thì tại sao lại có những giai đoạn ấm lên và lạnh đi kể từ Cách mạng Công nghiệp?"
climate,"Over the past 30 years , planet Earth has greened due to a slight increase in atmospheric carbon dioxide .",intentional,"Trong 30 năm qua, Trái đất đã xanh hơn nhờ vào sự gia tăng nhẹ của carbon dioxide trong khí quyển."
climate,"In addition , when it was warm , life expanded , whereas when it was cold , life contracted . Over historical times , when it was cold there was human depopulation . When it was warm , economies thrived .",false causality,"Thêm vào đó, khi thời tiết ấm áp, sự sống phát triển mạnh mẽ, còn khi lạnh giá, sự sống lại co cụm. Trong lịch sử, khi trời lạnh, dân số giảm sút, còn khi trời ấm, nền kinh tế lại thịnh vượng."
climate,"As soon as the word emissions entered the language and became part of a religious ideology , electricity prices skyrocketed , electricity supply became more unreliable , subsidies for wind and solar energy went through the roof and employers and consumers had massive cost increases .",faulty generalization,"Ngay khi thuật ngữ 'khí thải' được đưa vào ngôn ngữ và trở thành một phần của hệ tư tưởng tôn giáo, giá điện đã tăng vọt, nguồn cung điện trở nên bấp bênh hơn, các khoản trợ cấp cho năng lượng gió và mặt trời tăng chóng mặt, kéo theo chi phí tăng khủng khiếp cho cả người sử dụng lao động lẫn người tiêu dùng."
climate,"Trump ’ s other nominees , such as State Department nominee Rex Tillerson and Interior Department nominee Ryan Zinke , have been less dismissive of climate change in their confirmation hearings , acknowledging at least some human contribution to the phenomenon but also raising questions either about the extent to which it is human-caused or about our capacity to predict the consequences .",faulty generalization,"Các ứng viên khác của ông Trump, như Rex Tillerson cho Bộ Ngoại giao và Ryan Zinke cho Bộ Nội vụ, đã thể hiện quan điểm bớt cứng rắn hơn về biến đổi khí hậu trong các phiên điều trần, ít nhất là thừa nhận có sự đóng góp của con người nhưng cũng đặt câu hỏi về mức độ ảnh hưởng của nhân loại hoặc khả năng dự báo hậu quả của chúng ta."
climate,"The record comes two days before Donald Trump , who has tweeted that global warming is a “ hoax , ” assumes the presidency and , with it , control over the two science agencies that announced these records .",fallacy of extension,Bản ghi chép này xuất hiện hai ngày trước khi Donald Trump – người từng tweet rằng hiện tượng nóng lên toàn cầu là một 'trò lừa bịp' – nhậm chức tổng thống và nắm quyền kiểm soát hai cơ quan khoa học đã công bố các số liệu này.
climate,"To the extent that the cost of weather disasters has risen over time , that is well known to be the result of modern society building more infrastructure in areas that are prone to damage from weather—which is almost everywhere .",intentional,Việc chi phí cho các thảm họa thời tiết tăng lên theo thời gian vốn đã được biết đến rộng rãi là kết quả của việc xã hội hiện đại xây dựng thêm cơ sở hạ tầng ở những khu vực dễ chịu tổn thương do thời tiết—tức là hầu như ở khắp mọi nơi.
climate,"This is because even if the countries of the world agree to do what they promised on climate change , and that climate change is entirely our fault , and that climate change really will ultimately get bad , the promised actions will have no measurable effect on future global temperatures .",fallacy of extension,"Điều này là bởi ngay cả khi các quốc gia trên thế giới đồng ý thực hiện những gì đã cam kết về biến đổi khí hậu, rằng biến đổi khí hậu hoàn toàn là lỗi của chúng ta, và rằng biến đổi khí hậu cuối cùng sẽ trở nên tồi tệ thật sự, thì những hành động được hứa hẹn đó cũng chẳng tạo ra tác động đo lường được nào đến nhiệt độ toàn cầu trong tương lai."
climate,"So , until people actually experience climate change , and new energy technologies are developed , any claims by politicians that we are in a “ climate crisis ” will fall on deaf ears .",intentional,"Vì vậy, cho đến khi con người thực sự trải nghiệm biến đổi khí hậu và các công nghệ năng lượng mới được phát triển, bất kỳ tuyên bố nào của các chính trị gia về việc chúng ta đang ở trong 'cuộc khủng hoảng khí hậu' đều sẽ chỉ như nước đổ lá khoai."
climate,"You see , many of those countries that have signed on to the Paris Agreement aren ’ t signing up to reduce carbon dioxide emissions . They are signing up for wealth transfers from the minority of advanced countries to the majority of poor countries .",appeal to emotion,"Bạn thấy đấy, nhiều quốc gia đã ký vào Thỏa thuận Paris không hề cam kết giảm phát thải khí carbon dioxide. Họ ký kết vì mục đích chuyển giao tài sản từ thiểu số các nước phát triển sang đa số các nước nghèo."
climate,"Even the modern godfather of global warming , ex-NASA Goddard Institute for Space Studies director James Hansen , has admitted that the Paris climate agreement is “ a fraud really , a fake. ”",fallacy of credibility,"Ngay cả 'cha đẻ' của phong trào chống nóng lên toàn cầu hiện đại, cựu giám đốc Viện Nghiên cứu Không gian Goddard của NASA là James Hansen, cũng đã thừa nhận rằng thỏa thuận khí hậu Paris 'thực sự là một sự lừa đảo, một thứ giả tạo'."
climate,"The amount of energy necessary for humans to do everything we do is simply too large . As that demand for energy grows , the amount of renewable energy also has to grow , just to maintain only a 15-20 % fraction of the total .",ad populum,"Lượng năng lượng cần thiết để con người duy trì mọi hoạt động là quá lớn. Khi nhu cầu năng lượng tăng lên, lượng năng lượng tái tạo cũng phải tăng theo, chỉ để duy trì được vỏn vẹn 15-20% tổng tỷ trọng."
climate,"And since the biggest risk to humanity is poverty , if we allow policymakers to have their way , the resulting energy poverty will indeed cause the deaths of some of our children and grandchildren .",appeal to emotion,"Và vì rủi ro lớn nhất đối với nhân loại chính là sự nghèo đói, nên nếu chúng ta để các nhà hoạch định chính sách làm theo ý họ, tình trạng thiếu hụt năng lượng kéo theo chắc chắn sẽ gây ra cái chết cho con cháu chúng ta."
climate,Hillary Clinton and Al Gore spoke at Miami-Dade College on October 11 about the “ climate crisis ” that Gore has been trying to convince us about for 20 years .,intentional,Hillary Clinton và Al Gore đã phát biểu tại trường Cao đẳng Miami-Dade vào ngày 11 tháng 10 về cái gọi là 'khủng hoảng khí hậu' mà Gore đã cố gắng nhồi nhét vào đầu chúng ta suốt 20 năm qua.
climate,"Just as in Gore ’ s movie An Inconvenient Truth , weather disasters that have always occurred have been repurposed to support the climate change narrative , with the claim those disasters are getting worse .",intentional,"Cũng giống như trong bộ phim 'An Inconvenient Truth' của Gore, những thảm họa thời tiết vốn vẫn luôn xảy ra nay lại bị xào xáo để phục vụ cho luận điệu biến đổi khí hậu, với những khẳng định vô căn cứ rằng các thảm họa này đang ngày càng tồi tệ hơn."
climate,But the observed warming as monitored by satellites ( our only truly global monitoring system ) has been only about half of what computerized climate models say should be happening .,ad populum,"Nhưng thực tế, mức độ nóng lên được quan sát bởi vệ tinh (hệ thống giám sát toàn cầu duy nhất đáng tin cậy của chúng ta) chỉ bằng một nửa so với những gì mà các mô hình khí hậu máy tính dự báo."
climate,"It has now , even after Hurricane Matthew , been over 4,000 days since a major hurricane ( Category 3 or stronger ) has made landfall in the U.S . Sea level rise , which was occurring long before humans could be blamed , has not accelerated and still amounts to only 1 inch every ten years .",ad populum,"Kể cả sau cơn bão Matthew, đã hơn 4.000 ngày trôi qua kể từ khi một cơn bão lớn (cấp 3 trở lên) đổ bộ vào Mỹ. Mực nước biển dâng, vốn đã diễn ra từ rất lâu trước khi con người bị đổ lỗi cho mọi thứ, vẫn chẳng hề tăng tốc và chỉ dừng ở mức 1 inch mỗi mười năm."
climate,"Sea level rise , which was occurring long before humans could be blamed , has not accelerated and still amounts to only 1 inch every ten years .",ad populum,"Mực nước biển dâng, vốn đã diễn ra từ rất lâu trước khi con người bị đổ lỗi cho mọi thứ, vẫn chẳng hề tăng tốc và chỉ dừng ở mức 1 inch mỗi mười năm."
climate,"Meanwhile , Chapman University has released a survey of the top ten issues Americans fear the most . Guess what ? Climate change didn ’ t make the list .",fallacy of credibility,"Trong khi đó, Đại học Chapman vừa công bố một khảo sát về mười vấn đề mà người Mỹ sợ hãi nhất. Đoán xem nào? Biến đổi khí hậu thậm chí còn chẳng lọt được vào danh sách đó."
climate,"Global warming and climate change , even if it is 100 % caused by humans , is so slow that it can not be observed by anyone in their lifetime .",intentional,"Sự nóng lên toàn cầu và biến đổi khí hậu, ngay cả khi nó có 100% do con người gây ra đi chăng nữa, thì nó cũng diễn ra chậm đến mức chẳng ai có thể cảm nhận được trong suốt cuộc đời mình."
climate,"Hurricanes , tornadoes , floods , droughts and other natural disasters have yet to show any obvious long-term change .",intentional,"Các cơn bão, lốc xoáy, lũ lụt, hạn hán và những thảm họa thiên nhiên khác vẫn chưa cho thấy bất kỳ sự thay đổi dài hạn rõ rệt nào cả."
climate,"This means that in order for politicians to advance policy goals ( such as forcing expensive solar energy on the masses or creating a carbon tax ) , they have to turn normal weather disasters into “ evidence ” of climate change .",intentional,"Điều này có nghĩa là để thúc đẩy các mục tiêu chính sách (như ép người dân dùng năng lượng mặt trời đắt đỏ hay áp thuế carbon), các chính trị gia buộc phải biến những thảm họa thời tiết thông thường thành 'bằng chứng' cho biến đổi khí hậu."
climate,"Furthermore , the overall increases in such things as hurricanes and tornadoes have not materialized . Drought in the western U.S. pales in comparison to the mega-droughts tree rings tell us existed in centuries past . Lake-bottom sediments in Florida tell us that recent major hurricane activity in the Gulf of Mexico has been less frequent than in centuries past . Strong Sandy-type storms occur every year in all the major ocean basins… they just don ’ t happen to hit major metropolitan areas .",intentional,"Hơn nữa, sự gia tăng tổng thể về số lượng bão và lốc xoáy hoàn toàn không xảy ra. Hạn hán ở miền Tây nước Mỹ chẳng thấm tháp gì so với những siêu hạn hán trong quá khứ mà các vòng cây đã chứng minh. Trầm tích dưới đáy hồ ở Florida cho thấy hoạt động bão lớn ở Vịnh Mexico gần đây còn ít thường xuyên hơn nhiều thế kỷ trước. Những cơn bão mạnh kiểu Sandy vẫn xảy ra hàng năm ở khắp các lưu vực đại dương lớn… chỉ là chúng không may mắn đánh trúng các khu đô thị lớn mà thôi."
climate,"If a major hurricane is approaching with a predicted storm surge of 10-14 feet , are you really going to worry about a sea level rise of 1 inch per decade ?",fallacy of relevance,"Nếu một siêu bão đang tiến đến với dự báo nước dâng cao từ 10-14 feet, liệu bạn có thực sự bận tâm về mực nước biển dâng 1 inch mỗi thập kỷ không?"
climate,"So , to keep the masses alarmed , politicians must claim that what is normal is actually abnormal—and getting worse . And , furthermore , that only they can fix it … and thereby save your children and grandchildren .",ad hominem,"Vậy nên, để giữ cho công chúng luôn hoảng sợ, các chính trị gia phải khẳng định những thứ vốn bình thường lại là bất thường—và đang ngày càng tệ đi. Hơn nữa, họ còn tuyên bố chỉ có họ mới sửa được... và nhờ đó cứu lấy con cháu các bạn."
climate,"Climate change didn ’ t make the list . Instead , corruption of politicians was the No . 1 worry .",false dilemma,"Biến đổi khí hậu thậm chí chẳng nằm trong danh sách. Thay vào đó, tham nhũng của các chính trị gia mới là mối lo ngại số 1."
climate,Strong Sandy-type storms occur every year in all the major ocean basins… they just don ’ t happen to hit major metropolitan areas .,fallacy of logic,Những cơn bão mạnh kiểu Sandy xảy ra hàng năm ở tất cả các đại dương lớn... chỉ là chúng không vô tình đổ bộ vào các khu vực đô thị lớn mà thôi.
climate,"Sea level rise , which was occurring long before humans could be blamed , has not accelerated and still amounts to only 1 inch every ten years .",fallacy of relevance,"Mực nước biển dâng, vốn đã xảy ra từ lâu trước khi con người có thể bị đổ lỗi, không hề tăng tốc và vẫn chỉ ở mức 1 inch mỗi mười năm."
climate,"If Hillary would have fact-checked her example of sea level rise in Norfolk , Virginia , she would have found out that the experts already know this is mostly due to the land there sinking .",ad hominem,"Nếu Hillary chịu kiểm chứng thông tin về ví dụ mực nước biển dâng ở Norfolk, Virginia, bà ấy sẽ nhận ra rằng các chuyên gia đều biết điều đó chủ yếu là do đất ở đó bị sụt lún."
climate,"To the extent that the cost of weather disasters has risen over time , that is well known to be the result of modern society building more infrastructure in areas that are prone to damage from weather—which is almost everywhere .",false dilemma,"Trong chừng mực chi phí thiệt hại do thiên tai tăng lên theo thời gian, ai cũng biết đó là kết quả của việc xã hội hiện đại xây dựng cơ sở hạ tầng nhiều hơn ở những nơi dễ bị tổn thương bởi thời tiết—vốn là hầu khắp mọi nơi."
climate,"You see , many of those countries that have signed on to the Paris Agreement aren ’ t signing up to reduce carbon dioxide emissions . They are signing up for wealth transfers from the minority of advanced countries to the majority of poor countries .",equivocation,"Bạn thấy đấy, nhiều quốc gia ký vào Hiệp định Paris không phải để cam kết giảm phát thải carbon dioxide. Họ ký kết để nhận chuyển giao tài sản từ nhóm thiểu số các quốc gia phát triển sang đa số các quốc gia nghèo."
climate,"So , until people actually experience climate change , and new energy technologies are developed , any claims by politicians that we are in a “ climate crisis ” will fall on deaf ears .",faulty generalization,"Vì vậy, cho đến khi con người thực sự trải nghiệm biến đổi khí hậu và các công nghệ năng lượng mới được phát triển, bất kỳ tuyên bố nào của các chính trị gia rằng chúng ta đang trong một 'cuộc khủng hoảng khí hậu' đều sẽ bị bỏ ngoài tai."
climate,"Greenland 's ice sheet has melted to a point of no return , and efforts to slow global warming will not stop it from disintegrating .",false dilemma,"Dải băng ở Greenland đã tan đến điểm không thể quay đầu, và mọi nỗ lực làm chậm sự nóng lên toàn cầu cũng không thể ngăn nó tan rã."
climate,"Ice melting in Greenland contributes more than a millimeter rise to sea level every year , and that 's likely to get worse .",false causality,"Mỗi năm, băng tan ở Greenland góp phần làm mực nước biển dâng lên hơn một milimet và tình hình có khả năng sẽ còn tồi tệ hơn."
climate,"Greenland 's ice sheet has melted to a point of no return , and efforts to slow global warming will not stop it from disintegrating . That 's according to a new study by researchers at Ohio State University .
``",fallacy of credibility,"Dải băng ở Greenland đã tan đến điểm không thể quay đầu, và các nỗ lực làm chậm quá trình nóng lên toàn cầu cũng chẳng thể ngăn nó tan rã. Đó là kết quả từ một nghiên cứu mới của các nhà khoa học tại Đại học Bang Ohio."
climate,"Sea levels are projected to rise by more than 3 feet by the end of the century , wiping away beaches and coastal properties .",faulty generalization,"Mực nước biển được dự báo sẽ dâng cao hơn 3 feet vào cuối thế kỷ này, xóa sổ các bãi biển và bất động sản ven biển."
climate,"Coastal states like Florida , and low-lying island nations are particularly vulnerable . Just 3 feet of sea level rise could put large areas of coastline underwater . Forty percent of the US population resides in coastal areas that are vulnerable to sea level rise .
``",equivocation,Các bang ven biển như Florida và các quốc đảo thấp trũng đặc biệt dễ bị tổn thương. Chỉ cần mực nước biển dâng 3 feet cũng đủ nhấn chìm nhiều khu vực rộng lớn ven biển. Bốn mươi phần trăm dân số Mỹ hiện đang sinh sống tại các khu vực ven biển vốn rất dễ bị ảnh hưởng bởi nước biển dâng.
climate,"The study also found that the ice sheet is retreating in rapid bursts , leading to a sudden and unpredictable rise in sea levels , making it difficult to prepare for the effects .",faulty generalization,"Nghiên cứu cũng phát hiện ra rằng dải băng đang rút lui theo từng đợt nhanh chóng, dẫn đến tình trạng nước biển dâng đột ngột và khó đoán, gây khó khăn cho việc chuẩn bị ứng phó."
climate,"As global warming pushes temperatures up , more people will die in heat waves ; a point emphasized by campaigners like UN climate chief , Christiana Figueres . What we don ’ t hear from her is that fewer people will die from cold .",fallacy of relevance,"Khi hiện tượng nóng lên toàn cầu đẩy nhiệt độ lên cao, sẽ có nhiều người chết hơn trong các đợt nắng nóng; đây là quan điểm được nhấn mạnh bởi các nhà vận động như bà Christiana Figueres, người đứng đầu cơ quan khí hậu của Liên Hợp Quốc. Nhưng điều chúng ta không nghe thấy từ bà ấy là số người chết vì lạnh cũng sẽ giảm đi."
climate,"As the world develops , it has become much less vulnerable : a hurricane hitting Florida kills few people while a similar event in Guatemala kills tens of thousands .",ad populum,"Khi thế giới phát triển, chúng ta trở nên ít bị tổn thương hơn: một cơn bão đổ bộ vào Florida chỉ giết chết vài người, trong khi một sự kiện tương tự ở Guatemala lại cướp đi sinh mạng của hàng chục nghìn người."
climate,"A recent Nature study expecting more severe hurricanes from global warming still found that damages would halve from 0.04 per cent to 0.02 per cent of global GDP , because the increased ferocity would be more than made up by increased prosperity and resilience .",ad populum,"Một nghiên cứu gần đây trên tạp chí Nature dù dự đoán các cơn bão sẽ dữ dội hơn do nóng lên toàn cầu, nhưng vẫn kết luận rằng thiệt hại sẽ giảm một nửa, từ 0,04% xuống 0,02% GDP toàn cầu, vì sự gia tăng về độ khốc liệt sẽ được bù đắp bởi sự thịnh vượng và khả năng phục hồi cao hơn."
climate,"Yet , a new study of 60 climate models and scenarios shows this warning fails to take into account the fact that global warming will mean precipitation increases . Indeed , water flow will actually increase over this century , which is likely beneficial in increasing “ water availability in the Indus Basin irrigation scheme during the spring growing seasons . ” If our climate conversation managed to include the good along with the bad , we would have a much better understanding of our options .",intentional,"Tuy nhiên, một nghiên cứu mới dựa trên 60 mô hình và kịch bản khí hậu cho thấy cảnh báo này đã không tính đến việc nóng lên toàn cầu đồng nghĩa với lượng mưa tăng lên. Thực tế, dòng chảy nước sẽ thực sự tăng trong thế kỷ này, điều này có khả năng mang lại lợi ích trong việc tăng cường “nguồn nước sẵn có cho hệ thống tưới tiêu lưu vực sông Ấn trong các mùa vụ mùa xuân.” Nếu các cuộc thảo luận về khí hậu của chúng ta có thể cân bằng cả mặt lợi và mặt hại, chúng ta sẽ có cái nhìn thấu đáo hơn về các lựa chọn của mình."
climate,A climate economics approach finds that today – contrary to the alarmists ’ massive insistence on negatives-only stories – global warming causes about as much damage as benefits .,fallacy of relevance,Phương pháp kinh tế học khí hậu cho thấy ngày nay – trái ngược với sự khăng khăng nhấn mạnh vào các câu chuyện tiêu cực của phe báo động – hiện tượng nóng lên toàn cầu gây ra thiệt hại ngang bằng với những lợi ích mà nó mang lại.
climate,"Over time , climate becomes a net problem : by the 2070s , the UN Climate Panel finds that global warming will likely cause damage equivalent to 0.2 per cent to 2 per cent of global GDP . This is certainly not a trivial cost , but nor is it the end of the world . It is perhaps half the social cost of alcohol today .",ad populum,"Theo thời gian, khí hậu trở thành một vấn đề đáng kể: Liên Hợp Quốc dự báo đến những năm 2070, sự nóng lên toàn cầu có khả năng gây thiệt hại tương đương 0,2% đến 2% GDP toàn cầu. Đây chắc chắn không phải là con số nhỏ, nhưng cũng chẳng phải là ngày tận thế. Nó có lẽ chỉ bằng một nửa chi phí xã hội mà rượu bia gây ra hiện nay."
climate,The Paris climate treaty will cost around 2 per cent of global GDP and fix much less than a tenth of the problem .,ad populum,Hiệp định khí hậu Paris sẽ tiêu tốn khoảng 2% GDP toàn cầu nhưng lại giải quyết được chưa đầy một phần mười vấn đề.
climate,Electric cars provide perhaps a thousandth in climate benefit of their substantial public subsidies .,ad populum,Lợi ích về khí hậu mà xe điện mang lại có lẽ chỉ bằng một phần nghìn so với khoản trợ cấp khổng lồ từ công quỹ.
climate,Less effective but more ambitious climate policies cost at least 6 per cent of global GDP per year and likely much more .,ad populum,Các chính sách khí hậu kém hiệu quả nhưng đầy tham vọng lại tiêu tốn ít nhất 6% GDP toàn cầu mỗi năm và con số thực tế có khả năng còn cao hơn nhiều.
climate,"Last week , a study in the prestigious journal Nature revealed just how much CO₂ increases have greened the Earth over the past three decades . Because CO₂ acts as a fertilizer , as much as half of all vegetated land is persistently greener today .",fallacy of credibility,"Tuần trước, một nghiên cứu trên tạp chí danh giá Nature đã tiết lộ mức độ gia tăng CO₂ đã làm Trái đất xanh tươi hơn trong ba thập kỷ qua như thế nào. Vì CO₂ đóng vai trò như phân bón, nên gần một nửa diện tích đất có thảm thực vật hiện nay đang xanh tươi hơn hẳn."
climate,"Similarly , we know that many more people die from cold than from heat .",fallacy of relevance,"Tương tự, chúng ta đều biết rằng số người chết vì lạnh nhiều hơn nhiều so với số người chết vì nóng."
climate,"Because CO₂ acts as a fertilizer , as much as half of all vegetated land is persistently greener today . This ought to be a cause for great joy .",fallacy of logic,"Vì CO₂ đóng vai trò như phân bón, nên gần một nửa diện tích đất có thảm thực vật hiện nay đang xanh tươi hơn hẳn. Đây đáng lẽ phải là một niềm vui lớn."
climate,Many other major news outlets did not even report on the study .,ad populum,Nhiều hãng tin lớn khác thậm chí còn chẳng buồn đưa tin về nghiên cứu này.
climate,Only mentioning the negatives distorts and degrades the political conversation .,faulty generalization,Việc chỉ nhắc đến những mặt tiêu cực đã làm sai lệch và hạ thấp chất lượng của các cuộc thảo luận chính trị.
climate,"Yet , a new study of 60 climate models and scenarios shows this warning fails to take into account the fact that global warming will mean precipitation increases .",fallacy of relevance,"Tuy nhiên, một nghiên cứu mới trên 60 mô hình và kịch bản khí hậu cho thấy cảnh báo này đã không tính đến thực tế rằng sự nóng lên toàn cầu sẽ làm tăng lượng mưa."
climate,"The methodology widely used to understand sea temperatures in the scientific community may be based on a mistake , the new study suggests , and so our understanding of climate change might be fundamentally flawed .",fallacy of credibility,"Nghiên cứu mới cho thấy phương pháp đo nhiệt độ biển vốn được cộng đồng khoa học tin dùng có thể đã sai lầm, dẫn đến việc hiểu biết của chúng ta về biến đổi khí hậu đang đứng trước nguy cơ sai lệch hoàn toàn."
climate,"The new research suggests that the oceans hundreds of millions of years ago were much cooler than we thought . If true , that means that the global warming we are currently undergoing is unparallelled within the last 100 million years , and far worse than we had previously calculated .",fallacy of credibility,"Nghiên cứu mới gợi ý rằng đại dương hàng trăm triệu năm trước lạnh hơn chúng ta tưởng rất nhiều. Nếu giả thuyết này đúng, thì sự nóng lên toàn cầu hiện nay là chưa từng có trong vòng 100 triệu năm qua và tồi tệ hơn nhiều so với những gì chúng ta từng tính toán."
climate,"The research challenges the ways that researchers have worked out sea temperatures until now , meaning that they may be increasing quicker than previously suggested .",false causality,"Nghiên cứu này thách thức phương pháp xác định nhiệt độ biển trước đây, đồng nghĩa với việc tốc độ nóng lên có thể đang diễn ra nhanh hơn dự báo."
climate,"If true , that means that the global warming we are currently undergoing is unparallelled within the last 100 million years , and far worse than we had previously calculated .",fallacy of extension,"Nếu điều này là thật, thì sự nóng lên toàn cầu hiện nay là chưa từng có trong vòng 100 triệu năm qua và nghiêm trọng hơn nhiều so với các tính toán trước đó."
climate,"Thawing permafrost can release not just CO2 , but also methane , a much stronger heat-trapping gas .",intentional,"Lớp băng vĩnh cửu tan chảy không chỉ giải phóng CO2 mà còn cả methane, một loại khí gây hiệu ứng nhà kính mạnh hơn nhiều."
climate,Since CO2 is the primary heat-trapping greenhouse gas — and since the permafrost contains twice as much carbon as the atmosphere does today — this means a vicious cycle has begun that will speed up global warming .,appeal to emotion,"Vì CO2 là loại khí gây hiệu ứng nhà kính chính, và lượng carbon trong băng vĩnh cửu gấp đôi lượng carbon hiện có trong khí quyển, nên một vòng lặp luẩn quẩn đã bắt đầu và nó chắc chắn sẽ đẩy nhanh tốc độ nóng lên toàn cầu."
climate,But it has little to do with what recent headlines have been saying about the hottest year ever . It is called business as usual .,intentional,Nhưng điều đó chẳng liên quan gì đến những tiêu đề giật gân về năm nóng nhất lịch sử. Đó chỉ là chuyện 'bình thường như cân đường hộp sữa' thôi.
climate,"Until last June , most scientists acknowledged that warming reached a peak in the late 1990s , and since then had plateaued in a “ hiatus. ”",fallacy of credibility,"Cho đến tháng 6 năm ngoái, phần lớn các nhà khoa học đều thừa nhận rằng nhiệt độ đã đạt đỉnh vào cuối thập niên 90 và sau đó đi ngang trong một 'khoảng lặng'."
climate,"NOAA ’ s alteration of its measurement standard and other changes produced a result that could have been predicted : a marginally significant warming trend in the data over the past several years , erasing the temperature plateau that vexed climate alarmists have found difficult to explain .",ad populum,"Việc NOAA thay đổi tiêu chuẩn đo lường và các điều chỉnh khác đã tạo ra một kết quả có thể đoán trước: một xu hướng nóng lên có ý nghĩa thống kê biên trong dữ liệu vài năm qua, qua đó xóa sổ giai đoạn nhiệt độ đi ngang khiến những kẻ cuồng tín về khí hậu không thể giải thích nổi."
climate,But it has little to do with what recent headlines have been saying about the hottest year ever . It is called business as usual .,equivocation,Nhưng điều đó chẳng liên quan gì đến những tiêu đề giật gân về năm nóng nhất lịch sử. Đó chỉ là chuyện 'bình thường như cân đường hộp sữa' thôi.
climate,"NOAA ’ s alteration of its measurement standard and other changes produced a result that could have been predicted : a marginally significant warming trend in the data over the past several years , erasing the temperature plateau that vexed climate alarmists have found difficult to explain .",ad hominem,"Việc NOAA thay đổi tiêu chuẩn đo lường và thực hiện các điều chỉnh khác đã dẫn đến kết quả hoàn toàn có thể dự đoán được: một xu hướng nóng lên chỉ ở mức biên trong vài năm qua, qua đó xóa sổ giai đoạn nhiệt độ đi ngang mà những kẻ báo động khí hậu vốn rất khó giải thích."
climate,Whether temperatures have warmed much since then depends on what you look at .,intentional,Việc nhiệt độ có thực sự tăng lên nhiều hay không phụ thuộc vào dữ liệu bạn chọn để nhìn vào.
climate,"If it ’ s science , it isn ’ t consensus .",false dilemma,"Nếu đó là khoa học, thì nó không phải là sự đồng thuận."
climate,Humans have had no detectable impact on hurricanes over the past century . . . . Greenland ’ s ice sheet isn ’ t shrinking any more rapidly today than it was eighty years ago . . . .,intentional,Con người hoàn toàn không có tác động đáng kể nào đến các cơn bão trong thế kỷ qua... Dải băng ở Greenland ngày nay cũng không tan nhanh hơn so với tám mươi năm trước...
climate,The extent of global fires has been trending significantly downward .,intentional,Quy mô các vụ cháy rừng trên toàn cầu đang có xu hướng giảm đáng kể.
climate,"Global crop yields are rising , not falling .",intentional,"Sản lượng cây trồng toàn cầu đang tăng, chứ không phải giảm."
climate,"Humans have had no detectable impact on hurricanes over the past century . . . . Greenland ’ s ice sheet isn ’ t shrinking any more rapidly today than it was eighty years ago . . . . The net economic impact of human-induced climate change will be minimal through at least the end of this century . ”
But Mr. Koonin is no “ climate denier , ” to use the concocted phrase used to shut down debate .",intentional,"Con người hoàn toàn không có tác động đáng kể nào đến các cơn bão trong thế kỷ qua... Dải băng ở Greenland ngày nay cũng không tan nhanh hơn so với tám mươi năm trước... Tác động kinh tế ròng của biến đổi khí hậu do con người gây ra sẽ ở mức tối thiểu ít nhất cho đến cuối thế kỷ này. Nhưng ông Koonin không phải là một 'kẻ phủ nhận khí hậu', nếu dùng cụm từ được thêu dệt ra để bịt miệng mọi cuộc tranh luận."
climate,"It ’ s a big problem , he says , when models can ’ t retroactively “ predict ” events that have already happened .",intentional,"Theo ông ấy, đó là một vấn đề lớn khi các mô hình dự báo không thể 'dự đoán' ngược lại những sự kiện đã xảy ra."
climate,The rate of sea-level rise has not accelerated .,intentional,Tốc độ mực nước biển dâng không hề tăng nhanh.
climate,"As Mr Koonin illustrates , tornado frequency and severity are also not trending up ; nor are the number and severity of droughts .",intentional,"Như ông Koonin đã minh họa, tần suất và mức độ nghiêm trọng của lốc xoáy cũng không có xu hướng tăng; số lượng và mức độ nghiêm trọng của các đợt hạn hán cũng vậy."
climate,"As Mr Koonin illustrates , tornado frequency and severity are also not trending up ; nor are the number and severity of droughts .",fallacy of extension,"Như ông Koonin đã chỉ ra, tần suất và mức độ nghiêm trọng của lốc xoáy không hề có xu hướng tăng; số lượng và mức độ nghiêm trọng của các đợt hạn hán cũng vậy."
climate,"And while global atmospheric CO2 levels are obviously higher now than two centuries ago , they ’ re not at any record planetary high—they ’ re at a low that has only been seen once before in the past 500 million years .",intentional,"Và trong khi mức CO2 trong khí quyển toàn cầu hiện nay rõ ràng cao hơn so với hai thế kỷ trước, chúng không hề đạt mức cao kỷ lục của hành tinh—thực tế đây là mức thấp mà chỉ mới xuất hiện một lần trong 500 triệu năm qua."
climate,"But science itself is not conducted by polls , regardless of how often we are urged to heed a “ scientific consensus ” on climate .",intentional,"Nhưng bản thân khoa học không được thực hiện bằng cách bỏ phiếu, bất kể chúng ta thường xuyên bị thúc ép phải chú ý đến một 'sự đồng thuận khoa học' về khí hậu như thế nào."
climate,The word “ denier ” is of course meant to associate skeptics of climate alarmism with Holocaust deniers .,fallacy of extension,Từ 'kẻ phủ nhận' tất nhiên có ý đồ gắn ghép những người hoài nghi về sự báo động khí hậu với những kẻ phủ nhận sự kiện Holocaust.
climate,"Mr. Koonin finds this label particularly abhorrent , since “ the Nazis killed more than two hundred of my relatives in Eastern Europe. ”",fallacy of relevance,"Ông Koonin cảm thấy nhãn dán này đặc biệt ghê tởm, vì 'Đức Quốc xã đã giết hơn hai trăm người họ hàng của tôi ở Đông Âu.'"
climate,"And while global atmospheric CO2 levels are obviously higher now than two centuries ago , they ’ re not at any record planetary high—they ’ re at a low that has only been seen once before in the past 500 million years .",fallacy of credibility,"Và trong khi mức CO2 trong khí quyển toàn cầu hiện nay rõ ràng cao hơn so với hai thế kỷ trước, chúng không hề đạt mức cao kỷ lục của hành tinh—thực tế đây là mức thấp mà chỉ mới xuất hiện một lần trong 500 triệu năm qua."
climate,Mr. Koonin laments the sloppiness of those using local weather “ events ” to make claims about long-cycle planetary phenomena . He chastises not so much local news media as journalists with prestigious national media who should know better .,ad hominem,"Ông Koonin than phiền về sự cẩu thả của những người sử dụng các 'sự kiện' thời tiết địa phương để đưa ra khẳng định về các hiện tượng hành tinh theo chu kỳ dài. Ông chỉ trích không hẳn là các phương tiện truyền thông địa phương, mà là các nhà báo tại các cơ quan truyền thông quốc gia uy tín, những người lẽ ra phải hiểu biết hơn thế."
climate,"This attribution error evokes one of Mr. Koonin ’ s rare rebukes : “ Pointing to hurricanes as an example of the ravages of human-caused climate change is at best unconvincing , and at worst plainly dishonest . ”",fallacy of extension,"Lỗi quy chụp này gợi lại một trong những lời khiển trách hiếm hoi của ông Koonin: 'Chỉ ra các cơn bão như một ví dụ về sự tàn phá của biến đổi khí hậu do con người gây ra thì tốt nhất là không thuyết phục, còn tệ nhất là hoàn toàn không trung thực.'"
climate,"He should know , having written one of the first textbooks on using computers to model physics phenomena .",fallacy of credibility,"Ông ấy hoàn toàn có đủ chuyên môn để biết điều đó, khi từng viết một trong những cuốn giáo trình đầu tiên về việc sử dụng máy tính để mô hình hóa các hiện tượng vật lý."
climate,"Mr. Koonin ’ s science credentials are impeccable—unlike , say , those of one well-known Swedish teenager to whom the media affords great attention on climate matters .",ad hominem,"Bằng cấp khoa học của ông Koonin là không thể chê vào đâu được—không giống như, ví dụ, bằng cấp của một thiếu niên Thụy Điển nổi tiếng mà truyền thông dành cho rất nhiều sự chú ý về các vấn đề khí hậu."
climate,"Mr. Koonin ’ s science credentials are impeccable—unlike , say , those of one well-known Swedish teenager to whom the media affords great attention on climate matters .",fallacy of credibility,Học vấn về khoa học của ông Koonin là không thể chê vào đâu được—khác hẳn với một cô bé người Thụy Điển nổi tiếng nào đó mà truyền thông đang tung hô thái quá về vấn đề khí hậu.
climate,"Since all the data that Mr. Koonin uses are available to others , he poses the obvious question : “ Why haven ’ t you heard these facts before ? ”",intentional,"Vì tất cả dữ liệu mà ông Koonin sử dụng đều công khai cho mọi người, nên ông ấy đặt ra một câu hỏi hiển nhiên: “Tại sao bạn chưa từng nghe thấy những sự thật này trước đây?”"
climate,We ’ ll see if that happens in a world in which politicians assert the science is settled and plan astronomical levels of spending to replace the nation ’ s massive infrastructures with “ green ” alternatives .,intentional,Chúng ta sẽ xem điều đó có xảy ra hay không trong một thế giới mà các chính trị gia khẳng định rằng khoa học đã ngã ngũ và lên kế hoạch chi tiêu tốn kém để thay thế cơ sở hạ tầng khổng lồ của quốc gia bằng các lựa chọn thay thế “xanh”.
climate,He begins with a kind of trigger warning for readers who may be shocked by the book ’ s contradiction of four points of climate orthodoxy : “ Heat waves in the US are now no more common than they were in 1900 ” and “ the warmest temperatures in the US have not risen in the past fifty years . . . .,ad hominem,Ông ấy bắt đầu bằng một kiểu cảnh báo trước cho những độc giả có thể bị sốc bởi việc cuốn sách phản bác lại bốn điểm trong giáo điều khí hậu: “Các đợt nắng nóng ở Mỹ hiện nay không phổ biến hơn so với năm 1900” và “nhiệt độ cao nhất ở Mỹ đã không tăng trong năm mươi năm qua. . . .
climate,So no — I would not agree that it ’ s a primary contributor to the global warming that we see . But we don ’ t know that yet . We need to continue the debate and continue the review and the analysis . ”,fallacy of extension,Vậy nên không — tôi không đồng ý rằng nó là tác nhân chính gây ra tình trạng nóng lên toàn cầu mà chúng ta đang thấy. Nhưng chúng ta vẫn chưa biết chắc điều đó. Chúng ta cần tiếp tục tranh luận và tiếp tục xem xét cũng như phân tích.”
climate,"Yet for all the hyperventilating , Pruitt ’ s answer to the question he was asked — whether carbon dioxide is the climate ’ s “ primary control knob ” — was entirely sound . “ We don ’ t know that yet , ” he said .",ad hominem,"Tuy nhiên, bất chấp mọi sự kích động, câu trả lời của Pruitt cho câu hỏi được đặt ra — liệu carbon dioxide có phải là “nút điều khiển chính” của khí hậu hay không — là hoàn toàn hợp lý. “Chúng ta vẫn chưa biết điều đó,” ông ấy nói."
climate,"CO2 is certainly a heat-trapping greenhouse gas , but hardly the primary one : Water vapor accounts for about 95 percent of greenhouse gases .",false dilemma,"CO2 chắc chắn là một loại khí nhà kính giữ nhiệt, nhưng khó mà là loại chính được: Hơi nước chiếm khoảng 95 phần trăm các loại khí nhà kính."
climate,Adding more CO2 molecules to the atmosphere is like painting over a red wall with white paint — the first coat does most of the work of concealing the red .,fallacy of extension,Việc thêm nhiều phân tử CO2 vào khí quyển cũng giống như sơn đè lên một bức tường đỏ bằng sơn trắng — lớp sơn đầu tiên đã làm hầu hết công việc che phủ màu đỏ rồi.
climate,"The more variables there are in any system or train of events , the lower the probability of all of them coming to pass .",fallacy of credibility,Hệ thống hoặc chuỗi sự kiện càng có nhiều biến số thì xác suất để tất cả chúng cùng xảy ra càng thấp.
climate,"But for the sake of argument , say there are merely 15 variables involved in predicting global climate change , and assume that climatologists have mastered each one to a near-perfect accuracy of 95 percent .",fallacy of extension,"Nhưng chỉ để tranh luận thôi nhé, giả sử có 15 biến số liên quan đến việc dự đoán biến đổi khí hậu toàn cầu, và giả định rằng các nhà khí hậu học đã nắm vững từng biến số đó với độ chính xác gần như hoàn hảo là 95 phần trăm."
climate,"CO2 is certainly a heat-trapping greenhouse gas , but hardly the primary one : Water vapor accounts for about 95 percent of greenhouse gases . By contrast , carbon dioxide is only a trace component in the atmosphere : about 400 ppm ( parts per million ) , or 0.04 percent .",ad populum,"CO2 chắc chắn là một loại khí nhà kính giữ nhiệt, nhưng không phải là khí chính: Hơi nước chiếm tới 95% lượng khí nhà kính. Ngược lại, CO2 chỉ là một thành phần cực nhỏ trong bầu khí quyển: khoảng 400 ppm, tương đương 0,04%."
climate,Adding more CO2 molecules to the atmosphere is like painting over a red wall with white paint — the first coat does most of the work of concealing the red .,faulty generalization,Việc thêm CO2 vào bầu khí quyển cũng giống như lấy sơn trắng đè lên một bức tường đỏ vậy — lớp sơn đầu tiên đã làm hầu hết việc che phủ màu đỏ rồi.
climate,"There is a popular theory that atmospheric CO2 amplifies the creation of water vapor , thereby increasing warming through a “ positive feedback loop. ” But that theory so far is mostly speculative ; climate projections using models based on it have consistently failed , nearly always predicting far more warming than has occurred .",fallacy of logic,"Có một lý thuyết phổ biến cho rằng CO2 trong khí quyển khuếch đại việc tạo ra hơi nước, từ đó gây ấm lên thông qua một ""vòng lặp phản hồi dương"". Nhưng lý thuyết đó hiện vẫn chỉ là suy đoán; các dự báo khí hậu dựa trên mô hình này liên tục thất bại, gần như lúc nào cũng dự báo mức tăng nhiệt cao hơn nhiều so với thực tế."
climate,"It should go without saying that if scientists can not yet make accurate predictions about future climate change , then their understanding of climate science remains highly incomplete .",circular reasoning,"Chẳng cần phải nói thì ai cũng hiểu, nếu các nhà khoa học còn chưa đưa ra được những dự đoán chính xác về biến đổi khí hậu tương lai, thì hiểu biết của họ về khoa học khí hậu vẫn còn rất thiếu sót."
climate,"It is affected by innumerable interacting variables , atmospheric CO2 levels being just one . The more variables there are in any system or train of events , the lower the probability of all of them coming to pass .",ad populum,"Hệ thống này bị ảnh hưởng bởi vô số biến số tương tác, nồng độ CO2 chỉ là một trong số đó. Càng nhiều biến số trong bất kỳ hệ thống hay chuỗi sự kiện nào, xác suất để tất cả chúng xảy ra như dự tính càng thấp."
climate,"Your odds of correctly guessing the outcome of a flipped coin are 1 in 2 , but your odds of guessing correctly twice in a row are only 1 in 4 — i.e. , ½ x ½ Extending your winning streak to a third guess is even less probable : just 1 in 8 . Apply that approach to climate change , and it becomes clear why the best response to the alarmists ’ frantic predictions is a healthy skepticism .",faulty generalization,"Xác suất bạn đoán đúng kết quả tung đồng xu là 1/2, nhưng để đoán đúng hai lần liên tiếp thì chỉ là 1/4 — tức là 1/2 nhân 1/2. Chuỗi thắng liên tiếp đến lần thứ ba lại càng khó xảy ra hơn: chỉ còn 1/8. Hãy áp dụng cách tính đó vào biến đổi khí hậu, bạn sẽ thấy rõ vì sao phản ứng tốt nhất trước những lời dự báo đầy hoảng loạn của phe báo động chính là một thái độ hoài nghi có cơ sở."
climate,"A comprehensive list would run to hundreds , if not thousands , of elements , none of which scientists would claim to understand with absolute precision .",ad populum,"Một danh sách đầy đủ các yếu tố sẽ lên tới hàng trăm, thậm chí hàng nghìn, mà chẳng nhà khoa học nào dám khẳng định mình hiểu rõ với độ chính xác tuyệt đối."
climate,"But for the sake of argument , say there are merely 15 variables involved in predicting global climate change , and assume that climatologists have mastered each one to a near-perfect accuracy of 95 percent . What are the odds that a climate model built on a system that simple would be reliable ? Less than 50/50 . ( Multiplying .95 by itself 15 times yields 46.3 percent . )",faulty generalization,"Nhưng hãy cứ cho là chỉ có 15 biến số tham gia vào việc dự đoán khí hậu toàn cầu, và giả sử các nhà khí hậu học đã nắm vững từng biến số đó với độ chính xác gần như hoàn hảo là 95%. Xác suất để một mô hình khí hậu xây dựng trên hệ thống đơn giản đó đáng tin cậy là bao nhiêu? Dưới 50/50. (Phép tính 0,95 nhân với chính nó 15 lần chỉ cho ra kết quả 46,3%)."
climate,Is it any surprise that climate-change predictions in the real world — where the complexities are exponentially greater and the exactitude of knowledge much less — have such a poor track record ?,faulty generalization,"Chẳng có gì ngạc nhiên khi các dự báo biến đổi khí hậu trong thế giới thực — nơi sự phức tạp lớn hơn gấp bội và mức độ chính xác của kiến thức thấp hơn nhiều — lại có kết quả kém cỏi đến vậy, phải không?"
climate,The science is far from settled .,false dilemma,Khoa học vẫn còn xa mới đi đến hồi kết.
climate,"The rate of warming is also remarkable : “ The changes we see today are much faster than anything encountered in Earth ’ s history . In terms of rate of change , we are in uncharted waters , ” said study co-author Katrin Meissner of the University of New South Wales in Australia .",fallacy of relevance,"Tốc độ nóng lên hiện nay thực sự đáng kinh ngạc: 'Những thay đổi chúng ta thấy ngày nay nhanh hơn bất kỳ thời điểm nào trong lịch sử Trái đất. Về tốc độ thay đổi, chúng ta đang dấn thân vào những vùng nước chưa từng được khai phá', Katrin Meissner, đồng tác giả nghiên cứu tại Đại học New South Wales, Úc cho biết."
climate,"“ Even with just 2 degrees of warming – and potentially just 1.5 degrees – significant impacts on the Earth system are profound , ” said study co-author Alan Mix , a scientist from Oregon State University .",fallacy of credibility,"Đồng tác giả nghiên cứu Alan Mix, một nhà khoa học tại Đại học bang Oregon, nhận định: 'Ngay cả khi chỉ nóng lên 2 độ - hoặc thậm chí là 1.5 độ - thì những tác động đáng kể lên hệ thống Trái đất cũng đã cực kỳ nghiêm trọng rồi'."
climate,"In one instance , the administration relied on an assumption that the planet will warm a disastrous seven degrees Fahrenheit , or about four degrees Celsius , by the end of the century in arguing that a proposal to ease vehicle fuel-efficiency standards would have only minor climate impacts .",intentional,"Trong một trường hợp, chính quyền đã dựa vào giả định rằng hành tinh sẽ nóng lên tới 7 độ F, tương đương khoảng 4 độ C vào cuối thế kỷ này, để lập luận rằng đề xuất nới lỏng tiêu chuẩn tiết kiệm nhiên liệu cho xe cộ sẽ chỉ gây ra những tác động khí hậu nhỏ."
climate,"That we could get confirmation from atmospheric gases of ocean heat content is extraordinary , ” said Joellen Russell , a professor and oceanographer at the University of Arizona . “ You ’ ve got the A team here on this paper . ”",fallacy of credibility,"Việc chúng ta có thể nhận được sự xác nhận về hàm lượng nhiệt đại dương từ các loại khí trong khí quyển thật sự rất phi thường. Nhóm thực hiện bài nghiên cứu này đúng là những chuyên gia hàng đầu trong ngành, Joellen Russell, giáo sư kiêm nhà hải dương học tại Đại học Arizona khẳng định."
climate,"'If we do nothing to reduce our greenhouse gas emissions , the kind of extreme heat we saw this past summer will be the norm when my young son is a grown man . '",appeal to emotion,"Nếu chúng ta không làm gì để cắt giảm lượng khí thải nhà kính, thì kiểu nắng nóng cực đoan mà chúng ta thấy mùa hè vừa qua sẽ trở thành chuyện thường ngày khi con trai tôi trưởng thành."
climate,"It happened in four years between 1980-2010 , but has now occurred in four out of the last five winters . ”",ad populum,"Điều đó từng xảy ra trong vòng bốn năm trong khoảng thời gian từ 1980 đến 2010, nhưng giờ đây nó đã xảy ra trong bốn trên tổng số năm mùa đông gần nhất."
climate,"The rise in Arctic temperatures is probably also tied to a sudden warming of the stratosphere , the atmospheric layer about 30,000 feet high — above where most weather happens — that occurred several weeks ago , Moore said .",false causality,"Theo ông Moore, sự gia tăng nhiệt độ ở Bắc Cực có lẽ cũng gắn liền với hiện tượng nóng lên đột ngột của tầng bình lưu - lớp khí quyển nằm ở độ cao khoảng 30.000 feet, phía trên nơi diễn ra hầu hết các hiện tượng thời tiết - vốn đã xảy ra vài tuần trước đó."
climate,"Whether a blip or indicative of a new normal , scientists have uniformly expressed disbelief at the current Arctic temperatures and the state of the sea ice .",fallacy of credibility,"Dù chỉ là một biến động nhất thời hay là dấu hiệu của một trạng thái bình thường mới, các nhà khoa học đều đồng loạt bày tỏ sự kinh ngạc trước nhiệt độ hiện tại ở Bắc Cực cũng như tình trạng của băng biển."
climate,"The impact of humans on Earth is unparalleled , with scientists arguing our actions have tipped the planet into a new era - the Anthropocene - with fallout from nuclear bombs now written into the rocks beneath our feet , and species facing extinction at 1,000 times the usual rate .",faulty generalization,"Tác động của con người lên Trái đất là vô tiền khoáng hậu, khi các nhà khoa học lập luận rằng hành động của chúng ta đã đẩy hành tinh sang một kỷ nguyên mới - kỷ Anthropocene - với dấu vết từ bom hạt nhân hiện đã in sâu vào lớp đá dưới chân chúng ta, và các loài đang đối mặt với nguy cơ tuyệt chủng cao gấp 1.000 lần so với mức thông thường."
climate,"The impact of humans on Earth is unparalleled , with scientists arguing our actions have tipped the planet into a new era - the Anthropocene - with fallout from nuclear bombs now written into the rocks beneath our feet , and species facing extinction at 1,000 times the usual rate .",intentional,"Tác động của con người lên Trái đất là vô tiền khoáng hậu, khi các nhà khoa học lập luận rằng hành động của chúng ta đã đẩy hành tinh sang một kỷ nguyên mới - kỷ Anthropocene - với dấu vết từ bom hạt nhân hiện đã in sâu vào lớp đá dưới chân chúng ta, và các loài đang đối mặt với nguy cơ tuyệt chủng cao gấp 1.000 lần so với mức thông thường."
climate,However the warming trend is slower than most climate models have forecast .,intentional,"Tuy nhiên, xu hướng nóng lên thực tế lại chậm hơn so với dự báo của hầu hết các mô hình khí hậu."
climate,"Yet , some scientists argue that the gas is not capable of producing the extreme temperature rises seen in recent decades .",intentional,"Thế nhưng, một số nhà khoa học lập luận rằng loại khí này không đủ khả năng gây ra mức tăng nhiệt độ cực đoan như chúng ta thấy trong những thập kỷ gần đây."
climate,"In its 5th assessment report in 2013 , the IPCC estimated that human emissions are probably responsible for more than half of the observed increase in global average temperature from 1951 to 2010 .",intentional,"Trong báo cáo đánh giá lần thứ 5 vào năm 2013, IPCC ước tính rằng khí thải do con người gây ra có khả năng chịu trách nhiệm cho hơn một nửa mức tăng nhiệt độ trung bình toàn cầu quan sát được từ năm 1951 đến 2010."
climate,"Yet , some scientists argue that the gas is not capable of producing the extreme temperature rises seen in recent decades .",fallacy of credibility,"Thế nhưng, một số nhà khoa học lập luận rằng loại khí này không đủ khả năng gây ra mức tăng nhiệt độ cực đoan như chúng ta thấy trong những thập kỷ gần đây."
climate,"However , some experts argue that carbon dioxide is only a minor player in this atmospheric hothouse effect .",intentional,"Tuy nhiên, một số chuyên gia cho rằng carbon dioxide chỉ đóng vai trò thứ yếu trong hiệu ứng nhà kính này."
climate,"CO2 is not powerful in that sense , the only thing it does in the system is make the planet greener . Carbon Dioxide is playing a minor role in the total greenhouse effect . ”",intentional,"CO2 không mạnh mẽ đến mức đó, công dụng duy nhất của nó trong hệ thống là làm hành tinh xanh hơn thôi. Carbon Dioxide chỉ đóng vai trò nhỏ trong tổng hiệu ứng nhà kính."
climate,Yet other scientists claim this is a red herring because of the positive feedback loop created by water vapour .,faulty generalization,"Tuy nhiên, các nhà khoa học khác lại cho rằng đây là một cách đánh lạc hướng vì vòng lặp phản hồi dương được tạo ra bởi hơi nước."
climate,Even the BBC has admitted to Ofcom that the corporation is now biased on the matter because it no longer thinks there is a counter-argument .,ad hominem,Ngay cả BBC cũng đã thừa nhận với Ofcom rằng tập đoàn này hiện đang thiên vị trong vấn đề này vì họ không còn cho rằng có lập luận phản bác nào khác nữa.
climate,"The MWP lasted from about 950 to 1250AD , and temperature records appear to show it was even hotter than today , allowing grain crops to flourish , the global population to soar and wine grapes to be planted in England for the first time in hundreds of years .",faulty generalization,"Thời kỳ ấm áp trung cổ (MWP) kéo dài từ khoảng năm 950 đến 1250 sau Công nguyên, và các ghi chép nhiệt độ cho thấy thời đó thậm chí còn nóng hơn cả ngày nay, cho phép cây lương thực phát triển mạnh, dân số toàn cầu tăng vọt và nho làm rượu vang lần đầu tiên được trồng ở Anh sau hàng trăm năm."
climate,"Skeptics claim such anomalies prove that Earth can quickly warm and cool even in the absence of carbon dioxide , and any warming today may be caused by similar natural events .",faulty generalization,"Những người hoài nghi cho rằng các điểm bất thường như vậy chứng minh Trái đất có thể nóng lên và nguội đi nhanh chóng ngay cả khi không có carbon dioxide, và bất kỳ sự nóng lên nào ngày nay cũng có thể do các sự kiện tự nhiên tương tự gây ra."
climate,The IPCC no longer includes the ‘ Hockey stick ’ chart in its reports .,intentional,Ủy ban Liên chính phủ về Biến đổi Khí hậu (IPCC) đã không còn đưa biểu đồ 'cây gậy khúc côn cầu' vào các báo cáo của họ nữa.
climate,"As we have already seen , during this time , the Northern Hemisphere experienced ‘ The Little Ice Age ’ where crops failed and plague wiped out tens of millions of people showing a clear correlation between solar activity and temperature on Earth . Likewise , there was also high solar activity during the Medieval Warm Period .",faulty generalization,"Như chúng ta đã thấy, trong giai đoạn đó, Bắc bán cầu đã trải qua 'Kỷ băng hà nhỏ', khi mùa màng thất bát và dịch bệnh cướp đi sinh mạng của hàng chục triệu người, điều này cho thấy mối tương quan rõ rệt giữa hoạt động của mặt trời và nhiệt độ trên Trái đất. Tương tự, hoạt động của mặt trời cũng ở mức cao trong Thời kỳ Ấm áp Trung cổ."
climate,"Some scientists believe that solar activity is more likely to influence today ’ s climate than carbon dioxide , and Dr Soon has compiled data showing temperature in America , Canada and Mexico rises and falls in line with solar activity .",faulty generalization,"Một số nhà khoa học tin rằng hoạt động của mặt trời có khả năng ảnh hưởng đến khí hậu ngày nay nhiều hơn là khí carbon dioxide, và Tiến sĩ Soon đã tổng hợp dữ liệu cho thấy nhiệt độ tại Mỹ, Canada và Mexico tăng giảm đồng bộ với hoạt động của mặt trời."
climate,"Contents of the emails suggested scientists had been hiding or manipulating data , preventing people accessing their figures and working to stop papers critical of their findings from being published .",ad hominem,"Nội dung các email cho thấy các nhà khoa học đã che giấu hoặc thao túng dữ liệu, ngăn cản mọi người tiếp cận số liệu của họ và tìm cách ngăn chặn việc công bố các bài báo chỉ trích những phát hiện của mình."
climate,"Just like Dr Mann ’ s ‘ hockey stick ’ graph he had cut off the tree-ring data just at the point where it stopped showing an upward trend and swapped in thermometer temperatures for recent decades , making them look much warmer .",intentional,"Cũng giống như biểu đồ 'cây gậy khúc côn cầu' của Tiến sĩ Mann, ông ta đã cắt bỏ dữ liệu vòng cây đúng tại thời điểm nó không còn cho thấy xu hướng tăng, rồi thay thế bằng nhiệt độ từ nhiệt kế trong những thập kỷ gần đây, khiến chúng trông có vẻ nóng hơn nhiều."
climate,"In an interview with the BBC after the scandal broke , Dr Jones admitted there had been ‘ no statistically significant global warming since 1995.",intentional,"Trong một cuộc phỏng vấn với BBC sau khi bê bối nổ ra, Tiến sĩ Jones thừa nhận rằng 'không có sự nóng lên toàn cầu nào đáng kể về mặt thống kê kể từ năm 1995'."
climate,"The figure traditionally cited that suggests 97 per cent of climate scientists agree that global warming is man-made was also found to be flawed . A survey which claimed to have questioned 10,257 academics , was found to have winnowed down the sample to just 77 .",intentional,"Con số thường được trích dẫn cho rằng 97% các nhà khoa học khí hậu đồng ý rằng sự nóng lên toàn cầu là do con người gây ra cũng được cho là có lỗ hổng. Một cuộc khảo sát tuyên bố đã hỏi ý kiến 10.257 học giả, nhưng thực tế đã bị thu hẹp mẫu xuống chỉ còn 77 người."
climate,A poll of 1854 members of the American Meteorological Society found the number who believe climate change to be man-made to be 52 per cent .,fallacy of credibility,Một cuộc thăm dò ý kiến đối với 1.854 thành viên của Hiệp hội Khí tượng Mỹ cho thấy tỷ lệ người tin rằng biến đổi khí hậu do con người gây ra chỉ ở mức 52%.
climate,"Climate skeptics argue temperature records have been adjusted in recent years to make the past appear cooler and the present warmer , although the Carbon Brief showed that NOAA has actually made the past warmer , evening out the difference .",intentional,"Những người hoài nghi về khí hậu lập luận rằng các bản ghi nhiệt độ đã bị điều chỉnh trong những năm gần đây để làm cho quá khứ có vẻ mát mẻ hơn và hiện tại nóng hơn, mặc dù Carbon Brief đã chỉ ra rằng NOAA thực tế đã điều chỉnh để quá khứ nóng hơn, làm cân bằng sự khác biệt."
climate,The difference between recorded temperatures and reported temperatures has been slowly rising in recent years .,intentional,Sự khác biệt giữa nhiệt độ được ghi lại và nhiệt độ được báo cáo đã tăng dần trong những năm gần đây.
climate,It is projected to rise another one to four by 2100 .,intentional,Dự báo là nó sẽ còn tăng thêm từ một đến bốn độ nữa vào năm 2100.
climate,"A survey which claimed to have questioned 10,257 academics , was found to have winnowed down the sample to just 77 .",intentional,"Một cuộc khảo sát tuyên bố đã phỏng vấn 10.257 học giả, nhưng hóa ra họ đã lược bỏ mẫu khảo sát xuống chỉ còn đúng 77 người."
climate,Some of Dr Soon ’ s work is paid for by oil companies who clearly have a vested interest in making the blame for global warming fall elsewhere .,intentional,"Một phần công trình của Tiến sĩ Soon được tài trợ bởi các công ty dầu mỏ, những bên rõ ràng có lợi ích nhóm trong việc đổ lỗi cho nguyên nhân khác thay vì sự nóng lên toàn cầu."
climate,"The figure traditionally cited that suggests 97 per cent of climate scientists agree that global warming is man-made was also found to be flawed . A survey which claimed to have questioned 10,257 academics , was found to have winnowed down the sample to just 77 . A poll of 1854 members of the American Meteorological Society found the number who believe climate change to be man-made to be 52 per cent .",ad populum,"Con số 97% các nhà khoa học khí hậu đồng thuận rằng sự nóng lên toàn cầu do con người gây ra vốn thường được trích dẫn cũng bị phát hiện là có sai sót. Một cuộc khảo sát tuyên bố đã phỏng vấn 10.257 học giả, nhưng thực chất đã bị thu hẹp xuống chỉ còn 77 người. Một cuộc thăm dò ý kiến của 1.854 thành viên thuộc Hiệp hội Khí tượng Mỹ cho thấy tỷ lệ người tin rằng biến đổi khí hậu do con người gây ra chỉ ở mức 52%."
climate,"However , some experts argue that carbon dioxide is only a minor player in this atmospheric hothouse effect .",equivocation,"Tuy nhiên, một vài chuyên gia lập luận rằng carbon dioxide chỉ đóng vai trò thứ yếu trong hiệu ứng nhà kính này."
climate,"As we have already seen , during this time , the Northern Hemisphere experienced ‘ The Little Ice Age ’ where crops failed and plague wiped out tens of millions of people showing a clear correlation between solar activity and temperature on Earth . Likewise , there was also high solar activity during the Medieval Warm Period . Some scientists believe that solar activity is more likely to influence today ’ s climate than carbon dioxide , and Dr Soon has compiled data showing temperature in America , Canada and Mexico rises and falls in line with solar activity .",false causality,"Như chúng ta đã thấy, trong khoảng thời gian đó, Bắc Bán cầu từng trải qua 'Thời kỳ Băng hà Nhỏ', nơi mùa màng thất bát và dịch bệnh quét sạch hàng chục triệu người, cho thấy mối tương quan rõ rệt giữa hoạt động mặt trời và nhiệt độ Trái đất. Tương tự, hoạt động mặt trời cũng rất cao trong Thời kỳ Ấm áp Trung cổ. Một số nhà khoa học tin rằng hoạt động mặt trời có khả năng ảnh hưởng đến khí hậu ngày nay hơn là carbon dioxide, và Tiến sĩ Soon đã tổng hợp dữ liệu cho thấy nhiệt độ ở Mỹ, Canada và Mexico tăng giảm đồng nhất với hoạt động mặt trời."
climate,"And , can today ’ s climate models be trusted when scientists have misrepresented the data in the past ?",intentional,"Hơn nữa, liệu các mô hình khí hậu ngày nay có đáng tin không khi chính các nhà khoa học đã từng trình bày sai lệch dữ liệu trong quá khứ?"
climate,"CLIMATE change in Antarctica may be linked to a never-before-seen island emerging from the ocean , experts have said . The uncharted island is actually big enough to spot from space but may have gone unnoticed due to previously being hidden beneath a lot of ice , a Nature report suggests .",false causality,"Các chuyên gia cho rằng biến đổi khí hậu ở Nam Cực có thể liên quan đến việc một hòn đảo chưa từng thấy xuất hiện từ đại dương. Hòn đảo chưa được lập bản đồ này thực sự đủ lớn để quan sát từ vũ trụ nhưng có thể đã không bị phát hiện do trước đây bị che lấp bởi lớp băng dày, theo một báo cáo trên tạp chí Nature."
climate,"Extreme melting and changes to the climate may have released pressure on to the continent , allowing the ground to rise up , a Nature report claims .",false causality,"Một báo cáo trên Nature cho rằng việc tan băng cực đoan và những thay đổi về khí hậu có thể đã giải phóng áp lực lên lục địa, khiến mặt đất nâng lên."
climate,"Rebounding ground can accelerate the ice cracking and falling away , which may be what happened with this new island that potentially emerged off the coast of Antarctica around 2010 .",false causality,"Mặt đất phản hồi có thể làm tăng tốc độ nứt vỡ và bong tróc của băng, đây có thể chính là nguyên nhân dẫn đến sự xuất hiện của hòn đảo mới ngoài khơi Nam Cực vào khoảng năm 2010."
climate,"According to Nature News , experts are n't sure how long the island has been visible but they think climate change may be behind its appearance .",false causality,"Theo Nature News, các chuyên gia vẫn chưa rõ hòn đảo đã lộ diện bao lâu, nhưng họ cho rằng biến đổi khí hậu có thể là nguyên nhân đằng sau sự xuất hiện này."
climate,"Extreme melting and changes to the climate may have released pressure on to the continent , allowing the ground to rise up , a Nature report claims .",fallacy of credibility,"Một báo cáo từ Nature cho rằng việc băng tan cực đoan và những thay đổi của khí hậu có thể đã làm giảm áp lực lên lục địa, từ đó khiến mặt đất trồi lên."
climate,"The slowdown in warming was , she added , real , and all the evidence suggested that since 1998 , the rate of global warming has been much slower than predicted by computer models – about 1C per century .",fallacy of logic,"Bà ấy bổ sung rằng sự chậm lại của quá trình nóng lên toàn cầu là có thật, và mọi bằng chứng đều chỉ ra rằng kể từ năm 1998, tốc độ nóng lên toàn cầu chậm hơn nhiều so với dự đoán của các mô hình máy tính – chỉ khoảng 1 độ C mỗi thế kỷ."
climate,Global average temperatures over land have plummeted by more than 1C since the middle of this year – their biggest and steepest fall on record .,intentional,Nhiệt độ trung bình toàn cầu trên đất liền đã giảm mạnh hơn 1 độ C kể từ giữa năm nay – đây là đợt sụt giảm lớn nhất và nhanh nhất từng được ghi nhận.
climate,"But it is almost certain that next year , large falls will also be measured over the oceans , and by weather station thermometers on the surface of the planet – exactly as happened after the end of the last very strong El Nino in 1998 .",faulty generalization,"Nhưng gần như chắc chắn là năm tới, những đợt sụt giảm lớn cũng sẽ được đo lường trên các đại dương và bởi các trạm khí tượng trên bề mặt hành tinh – y hệt như những gì đã xảy ra sau khi hiện tượng El Nino cực mạnh kết thúc vào năm 1998."
climate,Global average temperatures over land have plummeted by more than 1C since the middle of this year – their biggest and steepest fall on record .,intentional,Nhiệt độ trung bình toàn cầu trên đất liền đã giảm mạnh hơn 1 độ C kể từ giữa năm nay – đây là đợt sụt giảm lớn nhất và nhanh nhất từng được ghi nhận.
climate,The news comes amid mounting evidence that the recent run of world record high temperatures is about to end .,intentional,Thông tin này xuất hiện trong bối cảnh ngày càng có nhiều bằng chứng cho thấy chuỗi kỷ lục nhiệt độ cao trên thế giới sắp chấm dứt.
climate,The news comes amid mounting evidence that the recent run of world record high temperatures is about to end .,intentional,Thông tin này xuất hiện trong bối cảnh ngày càng có nhiều bằng chứng cho thấy chuỗi kỷ lục nhiệt độ cao trên thế giới sắp chấm dứt.
climate,"Others have argued that the records were caused by El Nino , a complex natural phenomenon that takes place every few years , and has nothing to do with greenhouse gas emissions by humans .",fallacy of relevance,"Nhiều người lập luận rằng các kỷ lục này là do El Nino gây ra, một hiện tượng tự nhiên phức tạp diễn ra vài năm một lần và hoàn toàn không liên quan đến lượng khí thải nhà kính do con người tạo ra."
climate,Dr Schmidt also denied that there was any ‘ pause ’ or ‘ hiatus ’ in global warming between the 1998 and 2015 El Ninos .,intentional,Tiến sĩ Schmidt cũng phủ nhận việc có bất kỳ sự 'tạm dừng' hay 'gián đoạn' nào trong quá trình nóng lên toàn cầu giữa hai đợt El Nino năm 1998 và 2015.
climate,"Whitehouse , a scientist who works with Lord Lawson ’ s sceptic Global Warming Policy Foundation , said the massive fall in temperatures following the end of El Nino meant the warming hiatus or slowdown may be coming back .",faulty generalization,"Whitehouse, một nhà khoa học thuộc tổ chức hoài nghi biến đổi khí hậu của Lord Lawson, cho rằng việc nhiệt độ giảm mạnh sau khi El Nino kết thúc đồng nghĩa với việc giai đoạn chững lại của tình trạng ấm lên toàn cầu có thể đang quay trở lại."
climate,"Others have argued that the records were caused by El Nino , a complex natural phenomenon that takes place every few years , and has nothing to do with greenhouse gas emissions by humans .",intentional,"Nhiều ý kiến khác lập luận rằng các kỷ lục nhiệt độ là do El Nino - một hiện tượng tự nhiên phức tạp xảy ra vài năm một lần - gây ra, chứ chẳng liên quan gì đến lượng khí thải nhà kính từ con người."
climate,"Others have argued that the records were caused by El Nino , a complex natural phenomenon that takes place every few years , and has nothing to do with greenhouse gas emissions by humans .",faulty generalization,"Nhiều ý kiến khác lập luận rằng các kỷ lục nhiệt độ là do El Nino - một hiện tượng tự nhiên phức tạp xảy ra vài năm một lần - gây ra, chứ chẳng liên quan gì đến lượng khí thải nhà kính từ con người."
climate,"This also has worldwide impacts , driving temperatures down rather than up .",intentional,"Hiện tượng này cũng gây tác động toàn cầu, kéo nhiệt độ đi xuống thay vì làm nó tăng lên."
climate,"‘ According to the satellites , the late 2016 temperatures are returning to the levels they were at after the 1998 El Nino .",intentional,"Theo dữ liệu vệ tinh, nhiệt độ cuối năm 2016 đang quay trở về mức sau đợt El Nino năm 1998."
climate,"“ We indicated 23 years ago — in our 1994 Nature article — that climate models had the atmosphere ’ s sensitivity to CO2 much too high , ” Christy said in a statement . “ This recent paper bolsters that conclusion . ”",fallacy of credibility,Christy phát biểu trong một tuyên bố: Chúng tôi đã chỉ ra từ 23 năm trước - trong bài báo đăng trên tạp chí Nature năm 1994 - rằng các mô hình khí hậu đã đánh giá quá cao độ nhạy của khí quyển đối với CO2. Bài nghiên cứu gần đây đã củng cố thêm kết luận đó.
climate,"Those eruptions meant there was more subsequent warming in the following years , making the rate of warming appear to be rising as a result of man-made emissions or other factors , Christy said .",equivocation,"Christy cho rằng chính các vụ phun trào núi lửa đã khiến nhiệt độ tăng mạnh hơn trong những năm sau đó, làm cho tốc độ nóng lên trông như là hệ quả của khí thải do con người hoặc các yếu tố khác."
climate,"While many scientists have acknowledged the mismatch between model predictions and actual temperature observations , few have really challenged the validity of the models themselves .",fallacy of logic,"Mặc dù nhiều nhà khoa học đã thừa nhận sự sai lệch giữa dự báo từ các mô hình và quan sát nhiệt độ thực tế, nhưng rất ít người thực sự thách thức tính đúng đắn của chính các mô hình đó."
climate,"Americans receive a daily barrage from the fake news media and climate “ experts ” reporting that each and every day , week , month or year is the hottest on record due to global warming .",ad hominem,"Người Mỹ hằng ngày phải hứng chịu hàng loạt thông tin từ truyền thông tin giả và các ""chuyên gia"" khí hậu, những người luôn rêu rao rằng mỗi ngày, mỗi tuần, mỗi tháng hay mỗi năm đều là kỷ lục nóng nhất do sự nóng lên toàn cầu."
climate,"Sadly , these supposed experts use mathematical equations that do not jive with reality over the past 140 years .",ad hominem,"Đáng buồn thay, những chuyên gia được gọi là chuyên gia này lại sử dụng các phương trình toán học chẳng hề ăn khớp với thực tế trong suốt 140 năm qua."
climate,"The highest record temperature ever reported was 136 degrees Fahrenheit in Libya in 1922 . The record high temperature for the United States was 134 degrees Fahrenheit in Death Valley , California in 1913 . Fossil fuel emissions in 1913 and 1922 were negligible compared to today .",false dilemma,"Nhiệt độ cao nhất từng được ghi nhận là 136 độ F tại Libya vào năm 1922. Kỷ lục nhiệt độ cao nhất của Mỹ là 134 độ F tại Thung lũng Chết, California vào năm 1913. Lượng khí thải nhiên liệu hóa thạch vào các năm 1913 và 1922 là không đáng kể so với ngày nay."
climate,"We hope these examples , right out of the weather record books , compiled by C.C . Burt in his book Extreme Weather Changes , will help you to understand the scams alarmists are trying to pull .",appeal to emotion,Chúng tôi hy vọng những ví dụ từ sách kỷ lục thời tiết do C.C. Burt tổng hợp trong cuốn Extreme Weather Changes sẽ giúp bạn hiểu rõ những chiêu trò lừa bịp mà phe báo động đang cố thực hiện.
climate,"Once again , the data does not support the claim that the United States is hotter than ever as a result of rising Carbon dioxide levels .",fallacy of relevance,"Một lần nữa, dữ liệu thực tế không ủng hộ khẳng định rằng nước Mỹ đang nóng hơn bao giờ hết do nồng độ CO2 gia tăng."
climate,"However , since 1998 , little warming has occurred while carbon dioxide emissions continue to increase .",fallacy of relevance,"Tuy nhiên, kể từ năm 1998, gần như không có sự nóng lên nào xảy ra trong khi lượng phát thải CO2 vẫn tiếp tục tăng."
climate,"Once again , the data does not support the claim that the United States is hotter than ever as a result of rising Carbon dioxide levels .",fallacy of relevance,"Một lần nữa, dữ liệu thực tế không ủng hộ khẳng định rằng nước Mỹ đang nóng hơn bao giờ hết do nồng độ CO2 gia tăng."
climate,The idea that climate change is producing heat records across the Earth is among the most egregious manipulations of data in the absurd global warming debate .,fallacy of logic,Ý tưởng cho rằng biến đổi khí hậu đang tạo ra các kỷ lục nhiệt độ trên toàn cầu là một trong những hành vi thao túng dữ liệu lố bịch nhất trong cuộc tranh luận về nóng lên toàn cầu.
climate,"Americans receive a daily barrage from the fake news media and climate “ experts ” reporting that each and every day , week , month or year is the hottest on record due to global warming .",fallacy of extension,"Người Mỹ hằng ngày phải hứng chịu sự nhồi sọ từ các phương tiện truyền thông giả tạo và các “chuyên gia” khí hậu, những kẻ luôn báo cáo rằng ngày nào, tuần nào, tháng nào hay năm nào cũng là nóng kỷ lục do nóng lên toàn cầu."
climate,"Sadly , these supposed experts use mathematical equations that do not jive with reality over the past 140 years .",fallacy of logic,"Đáng buồn thay, những kẻ được gọi là chuyên gia này lại dùng các phương trình toán học chẳng hề ăn khớp với thực tế suốt 140 năm qua."
climate,Many of these fear mongers also say we should stop burning fossil fuels that are causing this mayhem .,ad hominem,Nhiều kẻ gieo rắc nỗi sợ hãi này còn đòi chúng ta phải ngừng đốt nhiên liệu hóa thạch vốn được cho là gây ra mớ hỗn độn này.
climate,Is the Earth truly experiencing the hottest weather on record ? Absolutely not .,fallacy of logic,Liệu Trái Đất có thực sự đang trải qua thời tiết nóng kỷ lục không? Chắc chắn là không.
climate,"These zealots would like you to believe that due to fossil fuel emissions , summers are now longer and hotter while winters are shorter and milder .",ad hominem,"Đám người cuồng tín đó muốn bạn tin rằng do khí thải nhiên liệu hóa thạch mà mùa hè giờ đây dài hơn, nóng hơn, còn mùa đông thì ngắn hơn và dịu hơn."
climate,"The highest record temperature ever reported was 136 degrees Fahrenheit in Libya in 1922 . The record high temperature for the United States was 134 degrees Fahrenheit in Death Valley , California in 1913 . Fossil fuel emissions in 1913 and 1922 were negligible compared to today .",ad populum,"Nhiệt độ cao kỷ lục từng được ghi nhận là 136 độ F tại Libya vào năm 1922. Kỷ lục nhiệt độ cao nhất tại Mỹ là 134 độ F ở Thung lũng Chết, California vào năm 1913. Lượng khí thải nhiên liệu hóa thạch vào năm 1913 và 1922 là không đáng kể so với ngày nay."
climate,"The coldest temperature ever reported was minus 129 degrees Fahrenheit in Vostok , Antarctica , in 1983 when Carbon dioxide emissions were five times higher than in 1913 . The coldest temperature in the lower 48 states ( excluding Alaska ) of minus 64 degrees Fahrenheit was recorded in 1996 in Embarrass , Minnesota .",ad populum,"Nhiệt độ thấp kỷ lục từng được ghi nhận là âm 129 độ F tại Vostok, Nam Cực vào năm 1983, khi lượng khí thải CO2 cao gấp năm lần năm 1913. Nhiệt độ thấp nhất tại 48 bang (không tính Alaska) là âm 64 độ F, được ghi nhận năm 1996 ở Embarrass, Minnesota."
climate,"We hope these examples , right out of the weather record books , compiled by C.C . Burt in his book Extreme Weather Changes , will help you to understand the scams alarmists are trying to pull .",fallacy of credibility,Chúng tôi hy vọng những ví dụ lấy trực tiếp từ sách kỷ lục thời tiết do C.C. Burt biên soạn trong cuốn 'Những thay đổi thời tiết cực đoan' sẽ giúp bạn hiểu rõ những trò lừa đảo mà đám người làm quá đang cố thực hiện.
climate,These examples all illustrate that cherry-picking record high temperatures in isolated locations tells absolutely nothing about the Earth ’ s climate .,intentional,Tất cả những ví dụ này chứng minh rằng việc chọn lọc những mức nhiệt độ cao kỷ lục tại các địa điểm biệt lập chẳng nói lên điều gì về khí hậu Trái Đất cả.
climate,"The strongest heat wave ever recorded occurred in July 1936 , generating high temperatures in half of America ’ s 50 states . In 1935 , fossil fuel emissions were 25 times lower than today .",false causality,"Đợt nắng nóng dữ dội nhất từng được ghi nhận xảy ra vào tháng 7 năm 1936, gây ra mức nhiệt cao ở một nửa số bang của Mỹ. Vào năm 1935, lượng khí thải nhiên liệu hóa thạch thấp gấp 25 lần so với ngày nay."
climate,"Interesting that the figure above shows the most severe historic cold wave during the past century took place in 1936 , which was the same year when the strongest heat wave took place .",false causality,"Thật thú vị khi số liệu trên cho thấy đợt rét đậm lịch sử nhất trong thế kỷ qua lại diễn ra vào năm 1936, cũng chính là năm xảy ra đợt nắng nóng gay gắt nhất."
climate,"However , since 1998 , little warming has occurred while carbon dioxide emissions continue to increase . This is totally consistent with variations in the amount of heat the Earth receives from the Sun .",false causality,"Tuy nhiên, kể từ năm 1998, rất ít sự nóng lên xảy ra trong khi khí thải CO2 vẫn tiếp tục tăng. Điều này hoàn toàn nhất quán với những biến thiên trong lượng nhiệt mà Trái Đất nhận được từ Mặt Trời."
climate,"These facts are completely supported by 4,000 ocean floats which measure ocean temperatures at a variety of depths .",fallacy of relevance,"Những dữ kiện này được minh chứng hoàn toàn bởi 4.000 thiết bị đo đạc đại dương, vốn đo nhiệt độ nước biển ở nhiều độ sâu khác nhau."
climate,Isn ’ t it time to start ignoring the calamitous annual claims that this is the hottest year on record ?,fallacy of credibility,Đã đến lúc chúng ta ngừng tin vào những tuyên bố thảm họa thường niên rằng năm nay là năm nóng nhất lịch sử chưa?
climate,"However , since 1998 , little warming has occurred while carbon dioxide emissions continue to increase .",fallacy of logic,"Tuy nhiên, kể từ năm 1998, rất ít hiện tượng nóng lên xảy ra trong khi lượng khí thải CO2 vẫn tiếp tục tăng."
climate,"The highest record temperature ever reported was 136 degrees Fahrenheit in Libya in 1922 . The record high temperature for the United States was 134 degrees Fahrenheit in Death Valley , California in 1913 . Fossil fuel emissions in 1913 and 1922 were negligible compared to today .",intentional,"Kỷ lục nhiệt độ cao nhất từng được ghi nhận là 136 độ F tại Libya vào năm 1922. Kỷ lục nhiệt độ cao nhất tại Mỹ là 134 độ F ở Thung lũng Chết, California vào năm 1913. Lượng khí thải nhiên liệu hóa thạch vào các năm 1913 và 1922 là không đáng kể so với ngày nay."
climate,"Did the Earth experience its hottest temperature ever this year ? The answer is no . The highest record temperature ever reported was 136 degrees Fahrenheit in Libya in 1922 . The record high temperature for the United States was 134 degrees Fahrenheit in Death Valley , California in 1913 . Fossil fuel emissions in 1913 and 1922 were negligible compared to today .",intentional,"Liệu Trái đất có trải qua mức nhiệt độ nóng nhất từ trước đến nay trong năm nay không? Câu trả lời là không. Kỷ lục nhiệt độ cao nhất từng được ghi nhận là 136 độ F tại Libya vào năm 1922. Kỷ lục nhiệt độ cao nhất tại Mỹ là 134 độ F ở Thung lũng Chết, California vào năm 1913. Lượng khí thải nhiên liệu hóa thạch vào các năm 1913 và 1922 là không đáng kể so với ngày nay."
climate,"In 2007 , with the aid of scientists such as Wieslaw Maslowski and Peter Wadhams , the BBC and others were telling us that the Arctic would be totally “ ice free by 2013 ” ( the Independent even cleared its front page to announce that the ice could all have disappeared within weeks ) . By 2011 , the BBC ’ s science editor Richard Black was telling us that the ice would “ probably be gone within this decade ” . In 2012 , his colleague Roger Harrabin was reporting that the sea ice was now melting so fast that more had vanished that summer than “ at any time since satellite records began ” .",intentional,"Năm 2007, với sự hỗ trợ từ các nhà khoa học như Wieslaw Maslowski và Peter Wadhams, BBC và nhiều đơn vị khác đã khẳng định rằng Bắc Cực sẽ hoàn toàn “sạch bóng băng vào năm 2013” (thậm chí tờ Independent còn dành hẳn trang nhất để thông báo rằng băng có thể biến mất trong vài tuần). Đến năm 2011, biên tập viên khoa học của BBC là Richard Black lại cho rằng băng “có thể sẽ biến mất trong thập kỷ này”. Năm 2012, đồng nghiệp của ông là Roger Harrabin đưa tin rằng băng biển đang tan nhanh đến mức lượng băng tan trong mùa hè đó nhiều hơn “bất kỳ thời điểm nào kể từ khi có số liệu vệ tinh”."
climate,"Al Gore , set out to paddle a kayak to the North Pole – only to have to abort his trip after a few days because “ the ice was too thick ” . In 2009 , the three-man Caitlin expedition , sponsored by a “ climate risk ” insurance company , and backed by the BBC and the Prince of Wales , set out to walk to the North Pole . Their intention was to measure the thickness of the vanishing ice with an electronic instrument , but it froze so hard that they had to resort to a tape measure . Again , after a few weeks , they had to be airlifted back to a rescue ship because the constantly shifting ice was “ too thick ” .",intentional,"Al Gore từng lên kế hoạch chèo thuyền kayak đến Bắc Cực nhưng phải hủy chuyến đi chỉ sau vài ngày vì “băng quá dày”. Năm 2009, đoàn thám hiểm Caitlin gồm ba người, được một công ty bảo hiểm “rủi ro khí hậu” tài trợ và có sự hậu thuẫn từ BBC cùng Hoàng tử xứ Wales, đã lên đường đi bộ đến Bắc Cực. Mục đích của họ là đo độ dày của lớp băng đang biến mất bằng thiết bị điện tử, nhưng trời lạnh đến mức thiết bị bị đóng băng khiến họ phải dùng thước dây. Một lần nữa, sau vài tuần, họ phải nhờ trực thăng giải cứu đưa về tàu cứu hộ vì lớp băng liên tục thay đổi này “quá dày”."
climate,But wasn ’ t the whole point of this warming that it was meant to be “ global ” ?,intentional,Nhưng chẳng phải mấu chốt của hiện tượng nóng lên này là nó phải mang tính “toàn cầu” hay sao?
climate,Two events last week brought yet further twists to one of the longest-running farces of our modern world .,ad hominem,Hai sự kiện tuần trước đã tạo ra những cú ngoặt mới cho một trong những trò hề dài tập nhất của thế giới hiện đại.
climate,"One was the revelation by the European Space Agency that in 2013 and 2014 , after years when the volume of Arctic ice had been diminishing , it increased again by as much as 33 per cent . The other was that Canadian scientists studying the effect of climate change on Arctic ice from an icebreaker had to suspend their research , when their vessel was called to the aid of other ships trapped in the thickest summer ice seen in Hudson Bay for 20 years .",intentional,"Một là tiết lộ từ Cơ quan Vũ trụ Châu Âu rằng vào năm 2013 và 2014, sau nhiều năm khối lượng băng Bắc Cực suy giảm, nó đã tăng trở lại tới 33%. Hai là việc các nhà khoa học Canada đang nghiên cứu tác động của biến đổi khí hậu lên băng Bắc Cực từ tàu phá băng đã phải tạm dừng nghiên cứu khi tàu của họ được điều đến hỗ trợ các tàu khác bị mắc kẹt trong lớp băng mùa hè dày nhất từng thấy ở Vịnh Hudson trong 20 năm qua."
climate,"In 2012 , his colleague Roger Harrabin was reporting that the sea ice was now melting so fast that more had vanished that summer than “ at any time since satellite records began ” .",intentional,"Năm 2012, đồng nghiệp của ông là Roger Harrabin đưa tin rằng băng biển đang tan nhanh đến mức lượng băng tan trong mùa hè đó nhiều hơn “bất kỳ thời điểm nào kể từ khi có số liệu vệ tinh”."
climate,"In December 2013 , the world followed agog the plight of yet another “ scientific expedition ” , when 52 climate activists , accompanied by reporters from the BBC and the Guardian , sailed into the Antarctic to measure the effects of global warming on its sea-ice . By Christmas their ship was so dangerously trapped by thick , multi-year ice that they had to be helicoptered to a Chinese ship 10 miles away , which itself then got so trapped in ice that they had to be airlifted again to two other ships even further away .",intentional,"Vào tháng 12 năm 2013, cả thế giới theo dõi trong ngỡ ngàng hoàn cảnh của một “chuyến thám hiểm khoa học” khác, khi 52 nhà hoạt động khí hậu cùng các phóng viên từ BBC và The Guardian đi thuyền đến Nam Cực để đo lường tác động của sự nóng lên toàn cầu đối với băng biển. Đến Giáng sinh, con tàu của họ bị mắc kẹt nguy hiểm trong lớp băng lâu năm dày đặc đến nỗi họ phải được trực thăng đưa sang một con tàu Trung Quốc cách đó 10 dặm, mà bản thân con tàu đó sau đó cũng bị kẹt trong băng khiến họ phải tiếp tục được không vận sang hai con tàu khác ở xa hơn."
climate,"By Christmas their ship was so dangerously trapped by thick , multi-year ice that they had to be helicoptered to a Chinese ship 10 miles away , which itself then got so trapped in ice that they had to be airlifted again to two other ships even further away .",intentional,"Đến tận Giáng sinh, con tàu của họ đã bị kẹt trong lớp băng dày nhiều năm nguy hiểm đến mức phải dùng trực thăng di tản sang một con tàu Trung Quốc cách đó 10 dặm, nhưng chính con tàu đó cũng bị kẹt cứng trong băng, buộc họ phải tiếp tục được giải cứu bằng đường hàng không sang hai con tàu khác xa hơn."
climate,"But , alas , it just isn ’ t happening .",intentional,"Nhưng mà, hỡi ôi, điều đó chẳng hề xảy ra."
climate,In recent years there has been more polar ice in the world than at any time since satellite records began in 1979 .,intentional,"Trong những năm gần đây, lượng băng ở hai cực trên thế giới còn nhiều hơn bất kỳ thời điểm nào kể từ khi chúng ta bắt đầu ghi chép bằng vệ tinh vào năm 1979."
climate,"In the very year they had forecast that the Arctic would be “ ice free ” , its thickness increased by a third . Polar bear numbers are rising , not falling . Temperatures in Greenland have shown no increase for decades .",intentional,"Ngay trong chính năm mà họ dự báo Bắc Cực sẽ 'không còn băng', độ dày của băng lại tăng lên một phần ba. Số lượng gấu Bắc Cực đang tăng chứ không giảm. Nhiệt độ tại Greenland cũng không hề tăng trong suốt nhiều thập kỷ qua."
climate,The greatest scare story of all simply isn ’ t turning out as their computer models predicted .,intentional,Câu chuyện đáng sợ nhất trong tất cả hóa ra lại chẳng diễn ra đúng như những gì các mô hình máy tính của họ đã dự đoán.
climate,A synthesis of more than 350 publications on the effects of ocean acidification - which will be given to climate delegates at next month 's summit - reveals that almost half of the marine animal species tested reacted negatively to already moderate increases in seawater CO2 concentrations .,faulty generalization,Một bản tổng hợp từ hơn 350 ấn phẩm về tác động của axit hóa đại dương - sẽ được trình lên các đại biểu khí hậu tại hội nghị thượng đỉnh tháng tới - cho thấy gần một nửa số loài động vật biển được thử nghiệm đã phản ứng tiêu cực với những mức tăng CO2 trong nước biển vốn chỉ ở mức vừa phải.
climate,"For the past 500 million years , the atmospheric carbon dioxide content has been decreasing and if we halved today ’ s atmospheric carbon dioxide content , all life would die .",false dilemma,"Trong 500 triệu năm qua, hàm lượng carbon dioxide trong khí quyển vẫn liên tục giảm, và nếu chúng ta giảm một nửa lượng khí này hiện nay, toàn bộ sự sống sẽ diệt vong."
climate,"In the past decade China has increased its carbon dioxide emissions by 53 per cent , 12 times Australia ’ s total carbon dioxide output of 1.3 per cent of the global total .",fallacy of relevance,"Trong thập kỷ qua, Trung Quốc đã tăng lượng khí thải carbon dioxide thêm 53%, gấp 12 lần tổng lượng phát thải 1,3% toàn cầu của Úc."
climate,"If we were so passionately concerned about our carbon footprint , then the best thing to do is to expire .",false dilemma,"Nếu chúng ta thực sự quan tâm đến dấu chân carbon của mình đến vậy, thì cách tốt nhất là hãy cứ ngừng thở đi."
climate,"In our lifetime , there has been no correlation between carbon dioxide emissions and temperature .",false causality,"Trong suốt cuộc đời chúng ta, chẳng có bất kỳ mối tương quan nào giữa lượng khí thải carbon dioxide và nhiệt độ cả."
climate,"On a larger scale , the ice caps show that after a natural orbitally driven warming , atmospheric carbon dioxide content increases 800 years later . Rather than atmos­pheric carbon dioxide driving temperature , it is the opposite .",false causality,"Xét trên quy mô lớn, các chỏm băng cho thấy sau một đợt ấm lên tự nhiên do quỹ đạo, hàm lượng carbon dioxide trong khí quyển tăng lên 800 năm sau đó. Thay vì carbon dioxide thúc đẩy nhiệt độ, thì thực tế lại ngược lại."
climate,Geology shows us again there is no correlation between atmospheric carbon dioxide and temperature . Each of the six major past ice ages began when the atmospheric carbon dioxide content was far higher than at present .,false causality,Địa chất học một lần nữa chứng minh rằng chẳng có mối tương quan nào giữa carbon dioxide trong khí quyển và nhiệt độ cả. Mỗi lần trong sáu kỷ băng hà lớn trước đây đều bắt đầu khi nồng độ carbon dioxide trong khí quyển cao hơn nhiều so với hiện tại.
climate,"The attack on emissions of the gas of life is an irrational attack on industry , our modern way of life , freedoms and prosperity .",appeal to emotion,"Việc tấn công vào khí thải của 'loài khí mang lại sự sống' là một hành vi phi lý nhằm vào công nghiệp, lối sống hiện đại, tự do và sự thịnh vượng của chúng ta."
climate,"By ignoring history and geology , any claim of unusual weather can be made sensational .",intentional,"Chỉ cần phớt lờ lịch sử và địa chất, thì bất kỳ tuyên bố nào về thời tiết bất thường cũng đều có thể bị thổi phồng lên đầy giật gân."
climate,The geological history of the planet shows major planetary climate changes have never been driven by a trace gas . Just because we are alive today does not mean we change major planetary systems that operated for billions of years .,fallacy of credibility,Lịch sử địa chất của hành tinh cho thấy những thay đổi khí hậu lớn chưa bao giờ bị thúc đẩy bởi một loại khí vết (trace gas). Chỉ vì chúng ta đang tồn tại hôm nay không có nghĩa là chúng ta có thể thay đổi các hệ thống hành tinh vốn đã vận hành hàng tỷ năm qua.
climate,"These processes involve a transfer of energy , and water vapour makes the atmosphere behave like a giant airconditioner .",fallacy of logic,"Các quá trình này liên quan đến sự chuyển đổi năng lượng, và hơi nước khiến khí quyển vận hành như một chiếc máy điều hòa khổng lồ."
climate,Water is 12 times more effective than carbon dioxide with respect to all incoming and outgoing radiation .,ad populum,"Xét về toàn bộ bức xạ đến và đi, nước có hiệu quả gấp 12 lần so với carbon dioxide."
climate,"In the past , warming has never been a threat to life on Earth . Why should it be now ?",fallacy of credibility,"Trong quá khứ, sự ấm lên chưa bao giờ là mối đe dọa đối với sự sống trên Trái đất. Tại sao bây giờ lại phải là mối đe dọa?"
climate,We are not living in a period of catastrophic climate change . The past tells us it ’ s business as usual .,fallacy of credibility,Chúng ta không hề sống trong thời kỳ biến đổi khí hậu thảm khốc. Quá khứ cho thấy mọi thứ vẫn diễn ra như thường lệ.
climate,It has never been shown that human emissions of carbon dioxide drive global warming .,intentional,Chưa từng có bằng chứng nào cho thấy khí thải carbon dioxide do con người tạo ra là nguyên nhân gây ra sự nóng lên toàn cầu.
climate,"Carbon dioxide is plant food . It is neither a pollutant nor a toxin . Without carbon dioxide , all life on Earth would die .",fallacy of extension,"Carbon dioxide là thức ăn của thực vật. Nó không phải là chất gây ô nhiễm hay độc hại. Thiếu nó, mọi sự sống trên Trái Đất đều sẽ tiêu tùng."
climate,The fossil record shows that a thriving and diversification of plant and animal life occurs every time the atmosphere had a very high carbon dioxide content .,false causality,Hồ sơ hóa thạch cho thấy cứ mỗi khi hàm lượng CO2 trong khí quyển tăng cao là thực vật và động vật lại sinh sôi nảy nở mạnh mẽ.
climate,The role of the sun and clouds was not considered important by modellers . They are the major drivers for the climate on our planet .,fallacy of relevance,"Các nhà mô hình hóa chẳng coi trọng vai trò của mặt trời và mây, trong khi đó mới là những nhân tố chính chi phối khí hậu hành tinh chúng ta."
climate,"When there is a low atmospheric carbon dioxide content , especially during very cold times , life struggles .",equivocation,"Khi hàm lượng CO2 trong khí quyển thấp, đặc biệt là trong những thời kỳ cực lạnh, sự sống trở nên vô cùng chật vật."
climate,"As soon as the words carbon footprint , emissions , pollution , and decarbonisation , climate emergency , extreme weather , unprecedented and extinction are used , I know I am being conned by ignorant activ­ists , populist scaremonger­ing , vote-chasing politicians and rent seekers .",ad hominem,"Ngay khi nghe các từ khóa như dấu chân carbon, khí thải, ô nhiễm, phi carbon hóa, tình trạng khẩn cấp khí hậu, thời tiết cực đoan, chưa từng có tiền lệ và tuyệt chủng, là tôi biết ngay mình đang bị mấy tay nhà hoạt động thiếu hiểu biết, lũ dân túy gieo rắc nỗi sợ, mấy chính trị gia mị dân và bọn trục lợi dắt mũi."
climate,"There are no carbon emissions . If there were , we could not see because most carbon is black .",fallacy of logic,Làm gì có chuyện phát thải carbon. Nếu có thì chúng ta đã chẳng nhìn thấy gì rồi vì hầu hết carbon đều có màu đen.
climate,We ’ ve had reefs on planet Earth for 3500 million years . They came and went many times .,equivocation,"Các rạn san hô đã tồn tại trên Trái Đất 3,5 tỷ năm nay. Chúng xuất hiện rồi biến mất bao nhiêu lần rồi."
climate,Just because we are alive today does not mean we change major planetary systems that operated for billions of years .,false dilemma,Chỉ vì chúng ta đang sống ở hiện tại không có nghĩa là chúng ta có khả năng thay đổi các hệ thống hành tinh vốn đã vận hành hàng tỷ năm nay.
climate,Carbon dioxide is plant food . It is neither a pollutant nor a toxin .,false dilemma,Carbon dioxide là thức ăn của thực vật. Nó không phải là chất gây ô nhiễm hay độc hại.
climate,"In the past , warming has never been a threat to life on Earth . Why should it be now ?",faulty generalization,"Trong quá khứ, nóng lên chưa bao giờ là mối đe dọa với sự sống trên Trái Đất. Tại sao bây giờ lại phải là vấn đề?"
climate,"If we were so passionately concerned about our carbon footprint , then the best thing to do is to expire .",fallacy of logic,"Nếu chúng ta thực sự quan tâm đến dấu chân carbon một cách thái quá như vậy, thì cách tốt nhất là đi tự sát đi cho xong."
climate,"The attack on emissions of the gas of life is an irrational attack on industry , our modern way of life , freedoms and prosperity .",fallacy of extension,"Việc tấn công vào khí thải của 'khí sự sống' chính là hành động phi lý nhằm vào công nghiệp, lối sống hiện đại, sự tự do và thịnh vượng của chúng ta."
climate,"The study was “ very nicely done , ” she said , but the tendency of wet soils to produce methane could be counteracted by several factors .",fallacy of credibility,"Bà ấy nói nghiên cứu này được thực hiện 'rất tốt', nhưng xu hướng tạo ra khí methane của đất ẩm có thể bị triệt tiêu bởi nhiều yếu tố khác."
climate,Now even that silver lining is in doubt .,appeal to emotion,"Giờ đây, ngay cả tia hy vọng le lói đó cũng đang bị nghi ngờ."
climate,"Some experts , such as UN climate scientist Dr. Indur Goklany , have defended rising CO2 levels as a good thing for humanity . Goklany has argued that the rising level of carbon dioxide in the earth ’ s atmosphere “ is currently net beneficial for both humanity and the biosphere generally . ”",fallacy of credibility,"Một số chuyên gia, như nhà khoa học khí hậu của Liên Hợp Quốc là Tiến sĩ Indur Goklany, đã bảo vệ việc nồng độ CO2 tăng cao như một điều tốt cho nhân loại. Goklany cho rằng mức độ carbon dioxide tăng lên trong khí quyển Trái đất 'hiện đang mang lại lợi ích ròng cho cả nhân loại và sinh quyển nói chung'."
climate,"Despite recent attempts to paint the United States as a major global polluter , according to the World Health Organization ( WHO ) , the U.S. is among the cleanest nations on the planet . In the most recent WHO report on air pollution , the United States was listed as one of the countries with the cleanest air in the world , significantly cleaner in fact than the air in Germany , Italy , Switzerland , the UK , Japan , Austria and France . While France and other G7 countries lamented the U.S. exit from the Paris climate accord , America ’ s air is already cleaner than that of any other country in the G7 , except Canada with its scant population .",fallacy of credibility,"Bất chấp những nỗ lực gần đây nhằm bôi nhọ Hoa Kỳ là quốc gia gây ô nhiễm lớn trên toàn cầu, theo Tổ chức Y tế Thế giới (WHO), Mỹ thực tế nằm trong số những quốc gia sạch nhất hành tinh. Trong báo cáo gần đây nhất của WHO về ô nhiễm không khí, Hoa Kỳ được liệt kê là một trong những nước có bầu không khí sạch nhất thế giới, thậm chí sạch hơn nhiều so với Đức, Ý, Thụy Sĩ, Anh, Nhật Bản, Áo và Pháp. Trong khi Pháp và các nước G7 khác than phiền về việc Mỹ rút khỏi hiệp định khí hậu Paris, thì không khí của Mỹ vốn dĩ đã sạch hơn bất kỳ nước nào khác trong nhóm G7, ngoại trừ Canada với mật độ dân số thưa thớt."
climate,"With such relatively clean air throughout America , how can even reputable news agencies like Reuters continue spreading the well-worn lie that the United States is one of the “ biggest polluters ” in the world ? Rather than follow the time-tested practice used by the World Health Organization , which measures levels of disease-causing pollutants that get into people ’ s lungs , some have played a shell game , swapping a new measure of “ pollution ” based solely on emissions of carbon dioxide .",intentional,"Với bầu không khí tương đối sạch như vậy trên khắp nước Mỹ, tại sao những hãng tin uy tín như Reuters vẫn tiếp tục lan truyền lời nói dối cũ rích rằng Hoa Kỳ là một trong những 'kẻ gây ô nhiễm lớn nhất' thế giới? Thay vì tuân theo phương pháp đã được kiểm chứng của WHO là đo lường các chất gây ô nhiễm trực tiếp gây bệnh vào phổi người, một số kẻ lại chơi trò tráo bài, tráo đổi sang thước đo 'ô nhiễm' mới chỉ dựa thuần túy trên lượng khí thải carbon dioxide."
climate,The problem with this ploy is that carbon dioxide is not a pollutant and it is dishonest to say it is .,fallacy of logic,"Vấn đề của chiêu trò này là carbon dioxide không phải là chất gây ô nhiễm, nên việc gọi nó như vậy là hoàn toàn không trung thực."
climate,"Without human intervention , the concentration of CO2 has climbed as high as 7,000 parts per million ( ppm ) in prior eras , whereas at present the concentration is just over 400 ppm .",ad populum,"Nếu không có sự can thiệp của con người, nồng độ CO2 trong các thời đại trước đã từng lên tới 7.000 phần triệu (ppm), trong khi hiện tại nồng độ này chỉ mới hơn 400 ppm."
climate,"CO2 is colorless , odorless and completely non-toxic . Plants depend on it to live and grow , and human beings draw some into their lungs with every breath they take to no ill effect whatsoever .",fallacy of relevance,"CO2 là khí không màu, không mùi và hoàn toàn không độc hại. Thực vật cần nó để tồn tại và phát triển, còn con người hít nó vào phổi trong mỗi hơi thở mà chẳng hề hấn gì cả."
climate,"At the very low end of the spectrum , the United States has a concentration of just 8 , while China has a concentration more than seven times higher at 59 , India at 66 , Egypt at 101 and Saudi Arabia with the worst air pollution at 127 .",fallacy of relevance,"Xét ở mức thấp nhất của bảng xếp hạng, nồng độ ô nhiễm của Mỹ chỉ là 8, trong khi Trung Quốc cao gấp hơn 7 lần với 59, Ấn Độ 66, Ai Cập 101 và Ả Rập Xê Út đứng đầu với mức ô nhiễm tệ nhất là 127."
climate,"In a recent list of the 25 cleanest cities in the world , the only country to boast three cities among the cleanest on the planet was the United States of America , with Chicago coming in second place , Honolulu coming in fourth , and Portland , OR , coming in sixteenth . Unsurprisingly , no cities from China , Russia or India made the list at all . Similarly , another list of the 15 most polluted cities in the world featured three cities from China , three cities from Saudi Arabia , and a whopping seven cities from India .",fallacy of relevance,"Trong danh sách 25 thành phố sạch nhất thế giới gần đây, Mỹ là quốc gia duy nhất có tới 3 đại diện, với Chicago đứng thứ 2, Honolulu thứ 4 và Portland, Oregon thứ 16. Chẳng có gì ngạc nhiên khi Trung Quốc, Nga hay Ấn Độ không góp mặt thành phố nào. Ngược lại, danh sách 15 thành phố ô nhiễm nhất thế giới lại có tới 3 đại diện từ Trung Quốc, 3 từ Ả Rập Xê Út và con số gây sốc là 7 thành phố từ Ấn Độ."
climate,"Similarly , another list of the 15 most polluted cities in the world featured three cities from China , three cities from Saudi Arabia , and a whopping seven cities from India .",ad hominem,"Tương tự, một danh sách khác về 15 thành phố ô nhiễm nhất hành tinh có sự góp mặt của 3 thành phố Trung Quốc, 3 từ Ả Rập Xê Út và tới 7 thành phố từ Ấn Độ."
climate,"Similarly , another list of the 15 most polluted cities in the world featured three cities from China , three cities from Saudi Arabia , and a whopping seven cities from India .",ad hominem,"Tương tự, một danh sách khác về 15 thành phố ô nhiễm nhất hành tinh có sự góp mặt của 3 thành phố Trung Quốc, 3 từ Ả Rập Xê Út và tới 7 thành phố từ Ấn Độ."
climate,The list of the most polluted cities in the world was led by two cities from China followed by two more cities from India .,ad hominem,"Danh sách các thành phố ô nhiễm nhất thế giới bị dẫn đầu bởi hai thành phố từ Trung Quốc, theo sau là hai thành phố khác từ Ấn Độ."
climate,"With such relatively clean air throughout America , how can even reputable news agencies like Reuters continue spreading the well-worn lie that the United States is one of the “ biggest polluters ” in the world ? Rather than follow the time-tested practice used by the World Health Organization , which measures levels of disease-causing pollutants that get into people ’ s lungs , some have played a shell game , swapping a new measure of “ pollution ” based solely on emissions of carbon dioxide .",false dilemma,"Với bầu không khí tương đối sạch như vậy trên khắp nước Mỹ, làm sao các hãng tin uy tín như Reuters vẫn có thể tiếp tục lan truyền lời nói dối đã cũ rích rằng Mỹ là một trong những ""kẻ gây ô nhiễm lớn nhất"" thế giới? Thay vì tuân theo tiêu chuẩn đã được kiểm chứng của Tổ chức Y tế Thế giới (WHO) là đo lường các chất gây ô nhiễm trực tiếp ảnh hưởng đến phổi, họ lại dùng chiêu trò đánh tráo khái niệm, chuyển sang thước đo ""ô nhiễm"" chỉ dựa trên lượng khí thải carbon dioxide."
climate,"Rather than follow the time-tested practice used by the World Health Organization , which measures levels of disease-causing pollutants that get into people ’ s lungs , some have played a shell game , swapping a new measure of “ pollution ” based solely on emissions of carbon dioxide .",ad hominem,"Thay vì tuân theo tiêu chuẩn đã được kiểm chứng của Tổ chức Y tế Thế giới (WHO) là đo lường các chất gây ô nhiễm trực tiếp ảnh hưởng đến phổi, họ lại dùng chiêu trò đánh tráo khái niệm, chuyển sang thước đo ""ô nhiễm"" chỉ dựa trên lượng khí thải carbon dioxide."
climate,The problem with this ploy is that carbon dioxide is not a pollutant and it is dishonest to say it is .,intentional,"Vấn đề của chiêu trò này là carbon dioxide vốn không phải chất gây ô nhiễm, nên việc gọi nó như vậy là hoàn toàn thiếu trung thực."
climate,"CO2 is colorless , odorless and completely non-toxic . Plants depend on it to live and grow , and human beings draw some into their lungs with every breath they take to no ill effect whatsoever .",fallacy of logic,"CO2 không màu, không mùi và hoàn toàn không độc hại. Thực vật cần nó để sinh trưởng, và con người vẫn hít vào mỗi ngày mà chẳng hề hấn gì."
climate,"In the most recent WHO report on air pollution , the United States was listed as one of the countries with the cleanest air in the world , significantly cleaner in fact than the air in Germany , Italy , Switzerland , the UK , Japan , Austria and France . While France and other G7 countries lamented the U.S. exit from the Paris climate accord , America ’ s air is already cleaner than that of any other country in the G7 , except Canada with its scant population .",fallacy of relevance,"Trong báo cáo gần đây nhất của WHO về ô nhiễm không khí, Mỹ được liệt kê là một trong những quốc gia có bầu không khí sạch nhất thế giới, sạch hơn đáng kể so với Đức, Ý, Thụy Sĩ, Anh, Nhật Bản, Áo và Pháp. Trong khi Pháp và các nước G7 khác than phiền về việc Mỹ rút khỏi hiệp định khí hậu Paris, thực tế là không khí của Mỹ vốn đã sạch hơn bất kỳ quốc gia G7 nào khác, ngoại trừ Canada với dân số thưa thớt."
climate,"Also , it is increasingly clear that the planet was significantly warmer than today several times during the past 10,000 years .",intentional,"Hơn nữa, ngày càng rõ ràng rằng trong 10.000 năm qua, hành tinh của chúng ta đã từng ấm hơn hiện tại rất nhiều lần."
climate,"Also , it is increasingly clear that the planet was significantly warmer than today several times during the past 10,000 years .",fallacy of relevance,"Hơn nữa, ngày càng rõ ràng rằng trong 10.000 năm qua, hành tinh của chúng ta đã từng ấm hơn hiện tại rất nhiều lần."
climate,"On a global scale , as scientists keep confirming , there has been no increase in frequency or intensity of storms , floods or droughts , while deaths attributed to such natural disasters have never been fewer , thanks to modern technology and infrastructure .",fallacy of relevance,"Trên quy mô toàn cầu, như các nhà khoa học vẫn luôn khẳng định, tần suất hay cường độ của bão, lũ lụt hay hạn hán không hề gia tăng, trong khi số người chết vì thiên tai đang ở mức thấp kỷ lục nhờ vào công nghệ và cơ sở hạ tầng hiện đại."
climate,"On a global scale , as scientists keep confirming , there has been no increase in frequency or intensity of storms , floods or droughts , while deaths attributed to such natural disasters have never been fewer , thanks to modern technology and infrastructure .",intentional,"Trên quy mô toàn cầu, như các nhà khoa học vẫn luôn khẳng định, tần suất hay cường độ của bão, lũ lụt hay hạn hán không hề gia tăng, trong khi số người chết vì thiên tai đang ở mức thấp kỷ lục nhờ vào công nghệ và cơ sở hạ tầng hiện đại."
climate,"It can not be what is happening to world temperatures , because they have gone up only very slowly , less than half as fast as the scientific consensus predicted in 1990 when the global-warming scare began in earnest .",intentional,"Điều đó không thể xuất phát từ biến đổi nhiệt độ toàn cầu được, vì chúng chỉ tăng rất chậm, chưa bằng một nửa tốc độ mà các nhà khoa học dự báo vào năm 1990 khi cơn sốt nóng lên toàn cầu bắt đầu bùng phát."
climate,"Even with this year ’ s El Niño-boosted warmth threatening to break records , the world is barely half a degree Celsius ( 0.9 degrees Fahrenheit ) warmer than it was about 35 years ago .",intentional,"Ngay cả khi hiện tượng El Niño năm nay đẩy nhiệt độ lên mức kỷ lục, thì thế giới cũng chỉ ấm hơn khoảng nửa độ C so với 35 năm trước."
climate,Sea level continues its centuries-long slow rise—about a foot a century—with no sign of recent acceleration .,intentional,Mực nước biển vẫn tiếp tục dâng chậm như hàng thế kỷ qua—khoảng một foot mỗi thế kỷ—và chẳng có dấu hiệu nào cho thấy sự tăng tốc trong thời gian gần đây.
climate,"In February President Obama said , a little carelessly , that climate change is a greater threat than terrorism .",intentional,"Vào tháng Hai, Tổng thống Obama đã có phát ngôn có phần thiếu thận trọng rằng biến đổi khí hậu là mối đe dọa lớn hơn cả khủng bố."
climate,"What precisely makes these world leaders so convinced that climate change is a more urgent and massive threat than the incessant rampages of Islamist violence ? It can not be what is happening to world temperatures , because they have gone up only very slowly , less than half as fast as the scientific consensus predicted in 1990 when the global-warming scare began in earnest .",intentional,"Điều gì thực sự khiến các nhà lãnh đạo thế giới tin chắc rằng biến đổi khí hậu là mối đe dọa khẩn cấp và to lớn hơn sự tàn bạo không ngừng của bạo lực Hồi giáo cực đoan? Chắc chắn không phải do nhiệt độ thế giới, vì chúng tăng rất chậm, chưa bằng một nửa tốc độ mà giới khoa học đã dự đoán vào năm 1990 khi cơn sốt nóng lên toàn cầu bắt đầu."
climate,"Next week he will be in Paris , a city terrorized yet again by mass murderers , for a summit with other world leaders on climate change , not terrorism . What precisely makes these world leaders so convinced that climate change is a more urgent and massive threat than the incessant rampages of Islamist violence ? It can not be what is happening to world temperatures , because they have gone up only very slowly , less than half as fast as the scientific consensus predicted in 1990 when the global-warming scare began in earnest .",false dilemma,"Tuần tới, ông ấy sẽ đến Paris, thành phố vừa bị những kẻ sát nhân tấn công, để họp thượng đỉnh với các nhà lãnh đạo khác về biến đổi khí hậu thay vì khủng bố. Điều gì thực sự khiến các nhà lãnh đạo này tin rằng biến đổi khí hậu là mối đe dọa cấp bách hơn sự tàn bạo không ngừng của bạo lực Hồi giáo cực đoan? Chắc chắn không phải do nhiệt độ thế giới, vì chúng chỉ tăng rất chậm, chưa bằng một nửa tốc độ mà giới khoa học đã dự đoán vào năm 1990 khi cơn sốt nóng lên toàn cầu bắt đầu."
climate,"Next week he will be in Paris , a city terrorized yet again by mass murderers , for a summit with other world leaders on climate change , not terrorism .",fallacy of relevance,"Tuần tới ông ta sẽ đến Paris, một thành phố lại vừa bị khủng bố tấn công, để họp thượng đỉnh về biến đổi khí hậu chứ không phải về khủng bố với các nhà lãnh đạo thế giới khác."
climate,"Also , it is increasingly clear that the planet was significantly warmer than today several times during the past 10,000 years .",fallacy of credibility,"Hơn nữa, ngày càng rõ ràng rằng hành tinh này đã từng nóng hơn đáng kể so với hiện nay nhiều lần trong suốt 10.000 năm qua."
climate,"They say there is great uncertainty , and they reflected this uncertainty in their fifth and latest assessment for the United Nations Intergovernmental Panel on Climate Change ( IPCC ) .",equivocation,"Họ nói rằng có sự bất định lớn, và họ đã phản ánh sự bất định này trong bản đánh giá thứ năm và mới nhất dành cho Ủy ban Liên chính phủ về Biến đổi Khí hậu (IPCC) của Liên Hợp Quốc."
climate,"An important factor in the fires of the past week was that people are building homes in areas that are naturally prone to wildfires , or where naturally dry conditions mean that the kinds of building materials and vegetation that people prefer to use in cities and suburbs are a fire hazard .",intentional,"Một yếu tố quan trọng trong các vụ cháy tuần qua là việc người dân xây nhà ở những khu vực vốn dễ xảy ra cháy rừng, hoặc nơi có điều kiện khô hạn tự nhiên khiến các loại vật liệu xây dựng và cây cối mà con người ưa dùng ở thành phố và ngoại ô trở thành mối nguy hỏa hoạn."
climate,"However , climate scientists are more skeptical , noting that climate change could be one of a variety of factors .",intentional,"Tuy nhiên, các nhà khoa học khí hậu tỏ ra hoài nghi hơn, họ lưu ý rằng biến đổi khí hậu có thể chỉ là một trong nhiều yếu tố tác động."
climate,"And last month , Brown told a conference at the Vatican that the world needed “ brain washing ” on climate change .",intentional,"Và tháng trước, Brown đã phát biểu tại một hội nghị ở Vatican rằng thế giới cần được 'tẩy não' về vấn đề biến đổi khí hậu."
climate,California Governor Jerry Brown blamed climate change for the California fires that have devastated the state this fall during a visit to assess the damage in Ventura County on Saturday .,false causality,"Thống đốc California Jerry Brown đã đổ lỗi cho biến đổi khí hậu về các vụ cháy ở California gây thiệt hại nặng nề cho bang này vào mùa thu năm nay, trong chuyến thăm kiểm tra thiệt hại tại hạt Ventura vào thứ Bảy."
climate,"We have to have the resources to combat the fires , and also have to invest in managing our vegetation and forests and all the ways we dwell in this very wonderful place — but a place that ’ s getting hotter . ”",appeal to emotion,"Chúng ta phải có nguồn lực để chống lại các vụ cháy, đồng thời phải đầu tư vào việc quản lý thảm thực vật, rừng và thay đổi cách chúng ta sinh sống tại nơi tuyệt vời này — nhưng là một nơi đang ngày càng nóng lên."
climate,"And last month , Brown told a conference at the Vatican that the world needed “ brain washing ” on climate change .",fallacy of relevance,"Và tháng trước, Brown đã phát biểu tại một hội nghị ở Vatican rằng thế giới cần được 'tẩy não' về vấn đề biến đổi khí hậu."
climate,"Once a year or so , journalists from major news outlets travel to the Marshall Islands , a remote chain of volcanic islands and coral atolls in the Pacific Ocean , to report in panicked tones that the island nation is vanishing because of climate change .",intentional,"Khoảng một năm một lần, các nhà báo từ các hãng tin lớn lại hành quân đến quần đảo Marshall, một chuỗi đảo núi lửa và rạn san hô hẻo lánh ở Thái Bình Dương, để đưa tin với giọng điệu hoảng loạn rằng quốc đảo này đang biến mất vì biến đổi khí hậu."
climate,"Once a year or so , journalists from major news outlets travel to the Marshall Islands , a remote chain of volcanic islands and coral atolls in the Pacific Ocean , to report in panicked tones that the island nation is vanishing because of climate change .",fallacy of extension,"Khoảng mỗi năm một lần, các nhà báo từ những hãng tin lớn lại đổ xô đến quần đảo Marshall, một chuỗi đảo núi lửa và san hô hẻo lánh giữa Thái Bình Dương, để đưa tin với giọng điệu đầy hoảng loạn rằng quốc gia này đang biến mất vì biến đổi khí hậu."
climate,"Acknowledging this doesn ’ t mean that global warming isn ’ t real , or that world leaders and scientists shouldn ’ t tackle the adverse effects of climate change , but hype and exaggeration serve no one .",fallacy of extension,"Thừa nhận điều này không có nghĩa là sự nóng lên toàn cầu không có thật, hay các nhà lãnh đạo và các nhà khoa học không nên giải quyết những tác động tiêu cực của biến đổi khí hậu, nhưng việc thổi phồng và cường điệu hóa chẳng giúp ích được cho ai cả."
climate,"Research shows that this process is overpowering the erosion from sea-level rise , leading to net land-area gain .",fallacy of credibility,"Các nghiên cứu chỉ ra rằng quá trình này đang lấn át sự xói mòn do mực nước biển dâng, dẫn đến việc tổng diện tích đất thực tế lại tăng lên."
climate,"In its 2015 human-rights report on the island nation , the U.S. State Department said that significant problems include “ chronic government corruption , and chronic domestic violence , ” along with “ child abuse , sex trafficking , and lack of legal provisions protecting worker ’ s rights. ”",ad hominem,"Trong báo cáo nhân quyền năm 2015 về quốc gia này, Bộ Ngoại giao Hoa Kỳ cho biết các vấn đề nghiêm trọng bao gồm “tham nhũng chính phủ kinh niên và bạo lực gia đình tràn lan”, cùng với “lạm dụng trẻ em, buôn bán tình dục và thiếu các điều khoản pháp lý bảo vệ quyền lợi người lao động.”"
climate,"Some 52.7 % of the Marshall Islands population lives below the poverty line , according to the Asian Development Bank . Only 39.3 % of the population age 15 years and above is employed .",ad hominem,"Theo Ngân hàng Phát triển Châu Á, khoảng 52,7% dân số quần đảo Marshall đang sống dưới mức nghèo khổ. Chỉ có 39,3% dân số từ 15 tuổi trở lên có việc làm."
climate,It will slow the world ’ s economic growth to force a shift to inefficient green energy sources .,fallacy of extension,Việc ép buộc chuyển dịch sang các nguồn năng lượng xanh kém hiệu quả sẽ làm chậm tốc độ tăng trưởng kinh tế toàn cầu.
climate,"My peer-reviewed research , published last November in the journal Global Policy , shows that even if every nation were to fulfill all their carbon-cutting promises by 2030 and stick to them all the way through the century—at a cost of more than $ 100 trillion in lost GDP—global temperature rise would be reduced by a tiny 0.3°F ( 0.17°C ) .",ad populum,"Nghiên cứu có phản biện của tôi, được công bố vào tháng 11 năm ngoái trên tạp chí Global Policy, cho thấy rằng ngay cả khi mọi quốc gia thực hiện đầy đủ các cam kết cắt giảm carbon trước năm 2030 và duy trì chúng trong suốt cả thế kỷ—với chi phí mất mát hơn 100 nghìn tỷ đô la GDP—thì mức tăng nhiệt độ toàn cầu cũng chỉ giảm được con số ít ỏi 0,3°F (0,17°C)."
climate,"Instead of simply mandating less carbon output , we need more R & D spending on green energy , including more efficient fission and fusion , cheaper solar and wind , and improved storage . New technology is crucial if green energy is to out-compete fossil fuels .",intentional,"Thay vì chỉ đơn thuần ra lệnh cắt giảm lượng khí thải carbon, chúng ta cần chi tiêu nhiều hơn cho nghiên cứu và phát triển (R&D) năng lượng xanh, bao gồm năng lượng phân hạch và nhiệt hạch hiệu quả hơn, năng lượng mặt trời và gió rẻ hơn, cũng như cải tiến công nghệ lưu trữ. Công nghệ mới là chìa khóa then chốt nếu muốn năng lượng xanh cạnh tranh được với nhiên liệu hóa thạch."
climate,"Tackling issues like poverty , health care , corruption and domestic violence would do even more .",fallacy of relevance,"Việc giải quyết các vấn đề như nghèo đói, y tế, tham nhũng và bạo lực gia đình thậm chí còn mang lại hiệu quả cao hơn nhiều."
climate,"At a cost of between $ 1 trillion and $ 2 trillion annually , the Paris climate agreement , recently ratified by China , is likely to be history ’ s most expensive treaty .",appeal to emotion,"Với chi phí từ 1 đến 2 nghìn tỷ đô la mỗi năm, thỏa thuận khí hậu Paris, vốn vừa được Trung Quốc phê chuẩn, có khả năng trở thành hiệp ước đắt đỏ nhất trong lịch sử."
climate,It is understandable why Marshall Island leaders might prefer to talk about global warming .,ad hominem,Dễ hiểu vì sao các nhà lãnh đạo quần đảo Marshall lại muốn tập trung thảo luận về vấn đề nóng lên toàn cầu.
climate,"Telling viewers in the U.S. starkly that they ’ re “ making this island disappear , ” as a report from CNN ’ s John Sutter did in June 2015 , makes for good , blame-laden television .",appeal to emotion,"Việc nói thẳng với khán giả Mỹ rằng họ đang 'khiến hòn đảo này biến mất', như cách báo cáo của John Sutter trên CNN vào tháng 6 năm 2015 đã làm, đúng là một chiêu bài truyền hình đầy tính quy chụp."
climate,"The polar bear ’ s resilience should have meant the end of its use as a cherished icon of global warming doom , but it didn ’ t . The alarmism is not going away without a struggle .",intentional,"Sức sống mãnh liệt của loài gấu Bắc Cực lẽ ra đã chấm dứt việc dùng chúng làm biểu tượng cho ngày tàn do nóng lên toàn cầu, nhưng thực tế lại không như vậy. Sự thổi phồng này sẽ không biến mất dễ dàng đâu."
climate,My close examination of recent research has revealed that serious inconsistencies exist within the polar bear literature and between that literature and public statements made by some researchers .,fallacy of credibility,"Sau khi xem xét kỹ lưỡng các nghiên cứu gần đây, tôi phát hiện ra những mâu thuẫn nghiêm trọng trong các tài liệu về gấu Bắc Cực, cũng như giữa các tài liệu đó và những tuyên bố công khai của một số nhà nghiên cứu."
climate,"More food for seals in summer means more fat seal pups for polar bears to eat the following spring , a result that ’ s probably true throughout the Arctic . As long as polar bears have lots of baby seals to eat in spring , they get fat enough to survive even a longer-than-usual summer fast .",faulty generalization,"Nhiều thức ăn cho hải cẩu vào mùa hè đồng nghĩa với việc gấu Bắc Cực sẽ có những chú hải cẩu con béo mầm để ăn vào mùa xuân năm sau; kết quả này có lẽ đúng trên toàn bộ khu vực Bắc Cực. Chỉ cần gấu Bắc Cực có đủ hải cẩu con để ăn vào mùa xuân, chúng sẽ đủ béo để sống sót qua cả những đợt nhịn ăn mùa hè kéo dài hơn bình thường."
climate,"And while it ’ s true that studies in some regions show polar bears are lighter in weight than they were in the 1980s , there is no evidence that more individuals are starving to death or becoming too thin to reproduce because of less summer ice .",intentional,"Mặc dù đúng là một số nghiên cứu ở vài khu vực cho thấy gấu Bắc Cực nhẹ cân hơn so với những năm 1980, nhưng chẳng có bằng chứng nào khẳng định nhiều cá thể đang chết đói hoặc không thể sinh sản do băng tan vào mùa hè cả."
climate,Some cancers induce a muscle-wasting syndrome that leads to faster-than-usual weight loss . This is likely what happened to the emaciated Baffin Island bear captured on video in July 2017 and promoted by National Geographic late last year .,faulty generalization,Một số loại ung thư gây ra hội chứng suy mòn cơ bắp dẫn đến sụt cân nhanh bất thường. Đây rất có khả năng là nguyên nhân khiến chú gấu ốm đói ở đảo Baffin xuất hiện trong video vào tháng 7 năm 2017 và được National Geographic quảng bá hồi cuối năm ngoái.
climate,"The videographers claimed it showed what starvation due to sea-ice loss looked like — an implausible conclusion given the time of year , the isolated nature of the incident , and the fact that sea ice that year was no more reduced than previously .",fallacy of relevance,"Những người quay phim cho rằng đó là hình ảnh của sự chết đói do băng biển tan — một kết luận vô lý nếu xét đến thời điểm trong năm, tính chất đơn lẻ của vụ việc và thực tế là băng biển năm đó không hề suy giảm nhiều hơn so với trước đây."
climate,The failure of the 2007 polar bear survival model is a simple fact that explodes the myth that polar bears are on their way to extinction .,fallacy of logic,"Việc mô hình dự báo sự sống còn của gấu Bắc Cực năm 2007 thất bại là một thực tế hiển nhiên, đập tan huyền thoại cho rằng loài gấu này đang trên đà tuyệt chủng."
climate,My close examination of recent research has revealed that serious inconsistencies exist within the polar bear literature and between that literature and public statements made by some researchers .,fallacy of relevance,"Sau khi xem xét kỹ lưỡng các nghiên cứu gần đây, tôi phát hiện ra những mâu thuẫn nghiêm trọng trong các tài liệu về gấu Bắc Cực, cũng như giữa các tài liệu đó và những tuyên bố công khai của một số nhà nghiên cứu."
climate,"More food for seals in summer means more fat seal pups for polar bears to eat the following spring , a result that ’ s probably true throughout the Arctic . As long as polar bears have lots of baby seals to eat in spring , they get fat enough to survive even a longer-than-usual summer fast .",false causality,"Mùa hè càng có nhiều thức ăn cho hải cẩu thì mùa xuân năm sau gấu Bắc Cực càng có nhiều hải cẩu con béo mầm để ăn, một kết quả có lẽ đúng trên toàn Bắc Cực. Chừng nào gấu Bắc Cực còn nhiều hải cẩu con để ăn vào mùa xuân, chúng sẽ đủ béo để sống sót ngay cả khi phải nhịn ăn suốt mùa hè dài hơn bình thường."
climate,This is likely what happened to the emaciated Baffin Island bear captured on video in July 2017 and promoted by National Geographic late last year .,faulty generalization,Đây có khả năng là chuyện đã xảy ra với con gấu gầy trơ xương ở Đảo Baffin xuất hiện trong đoạn video quay vào tháng 7 năm 2017 và được National Geographic quảng bá cuối năm ngoái.
climate,"Although the extent of the summer sea ice after 2006 dropped abruptly to levels not expected until 2050 , the predicted 67-per-cent decline in polar bear numbers simply didn ’ t happen .",fallacy of extension,"Mặc dù diện tích băng biển mùa hè sau năm 2006 sụt giảm đột ngột xuống mức đáng lẽ phải đến năm 2050 mới xảy ra, nhưng dự báo về việc số lượng gấu Bắc Cực sụt giảm 67% đã hoàn toàn không thành hiện thực."
climate,"One reason that the 2007 predictions of future polar bear survival were so far off base is that the model developed by American biologist Steven Amstrup ( now at Polar Bears International , an NGO ) assumed any polar bear population decline would be caused by less summer ice , despite the Beaufort Sea experience .",fallacy of credibility,"Một lý do khiến các dự báo năm 2007 về sự sinh tồn của gấu Bắc Cực trong tương lai sai lệch hoàn toàn là vì mô hình do nhà sinh học người Mỹ Steven Amstrup (hiện đang làm việc tại tổ chức phi chính phủ Polar Bears International) phát triển đã mặc định rằng bất kỳ sự sụt giảm quần thể gấu Bắc Cực nào cũng sẽ do băng mùa hè ít đi, bất chấp những gì đã xảy ra tại biển Beaufort."
climate,"This increase may not be statistically significant , but it is decidedly not the 67-per-cent decline that was predicted given the ice conditions that prevailed .",fallacy of relevance,"Sự gia tăng này có thể không đáng kể về mặt thống kê, nhưng chắc chắn nó không phải là mức sụt giảm 67% đã được dự báo dựa trên điều kiện băng tan thời điểm đó."
climate,"Prof Tim Benton at the University of Leeds , who was not part of the research team , said : “ Ultimately , we live on a finite planet , with finite resources .",fallacy of credibility,"Giáo sư Tim Benton tại Đại học Leeds, người không thuộc nhóm nghiên cứu, cho biết: “Xét cho cùng, chúng ta đang sống trên một hành tinh hữu hạn, với nguồn tài nguyên hữu hạn."
climate,"Prof Peter Smith at the University of Aberdeen , who was also not part of the research team , said : “ We know food choices are very personal , and that behaviour change can be difficult to encourage , but the evidence is now unequivocal – we need to change our diets if we are to have a sustainable future .",fallacy of credibility,"Giáo sư Peter Smith tại Đại học Aberdeen, người cũng không tham gia nhóm nghiên cứu, phát biểu: “Chúng ta biết rằng lựa chọn thực phẩm là vấn đề rất cá nhân và việc thay đổi hành vi không hề dễ dàng, nhưng bằng chứng hiện đã quá rõ ràng – chúng ta cần thay đổi chế độ ăn uống nếu muốn có một tương lai bền vững."
climate,The research also finds that enormous changes to farming are needed to avoid destroying the planet ’ s ability to feed the 10 billion people expected to be on the planet in a few decades .,appeal to emotion,Nghiên cứu cũng chỉ ra rằng cần phải thay đổi căn bản trong canh tác nông nghiệp để tránh làm mất khả năng của hành tinh trong việc nuôi sống 10 tỷ người dự kiến sẽ sinh sống trên trái đất trong vài thập kỷ tới.
climate,The research also finds that enormous changes to farming are needed to avoid destroying the planet ’ s ability to feed the 10 billion people expected to be on the planet in a few decades .,intentional,Nghiên cứu cũng chỉ ra rằng cần phải thay đổi căn bản trong canh tác nông nghiệp để tránh làm mất khả năng của hành tinh trong việc nuôi sống 10 tỷ người dự kiến sẽ sinh sống trên trái đất trong vài thập kỷ tới.
climate,"This trajectory would smash critical environmental limits beyond which humanity will struggle to live , the new research indicates . “",faulty generalization,"Nghiên cứu mới chỉ ra rằng quỹ đạo này sẽ phá vỡ các giới hạn môi trường quan trọng, vượt ngưỡng mà nhân loại sẽ phải vật lộn để tồn tại."
climate,"Huge reductions in meat-eating are essential to avoid dangerous climate change , according to the most comprehensive analysis yet of the food system ’ s impact on the environment .",appeal to emotion,"Theo phân tích toàn diện nhất từ trước đến nay về tác động của hệ thống thực phẩm lên môi trường, việc cắt giảm mạnh tiêu thụ thịt là điều kiện tiên quyết để ngăn chặn biến đổi khí hậu nguy hiểm."
climate,"It ’ s a big enough deal that yesterday President Obama even tweeted about it , including a map showing the maximum heat index in some parts of the Midwest and Southeast reaching 110 or 115 degrees on Saturday .",fallacy of credibility,"Vấn đề nghiêm trọng đến mức hôm qua Tổng thống Obama đã phải đăng tweet, kèm theo bản đồ cho thấy chỉ số nhiệt độ tối đa tại một số khu vực ở Trung Tây và Đông Nam nước Mỹ chạm ngưỡng 110 đến 115 độ F vào thứ Bảy."
climate,"Well the answer is , it ’ s both , ” said Texas Tech University climate scientist Katharine Hayhoe on a press call Thursday . “ We get heat waves naturally , but climate change is amping them up , it ’ s giving them that extra energy , to make them even more serious , and have even greater impacts . ”",false dilemma,"Câu trả lời là cả hai,” nhà khoa học khí hậu Katharine Hayhoe từ Đại học Texas Tech đã phát biểu trong một buổi họp báo hôm thứ Năm. “Chúng ta có những đợt nắng nóng tự nhiên, nhưng biến đổi khí hậu đang khuếch đại chúng, cung cấp thêm năng lượng để khiến chúng trở nên trầm trọng và gây ra tác động lớn hơn nhiều."
climate,A new National Academies study suggests that ‘ heat waves ’ may be one of the primary climate change markers like home runs were in baseball . ”,faulty generalization,"Một nghiên cứu mới từ Viện Hàn lâm Quốc gia gợi ý rằng 'các đợt nắng nóng' có thể là một trong những chỉ dấu chính của biến đổi khí hậu, tương tự như các cú homerun trong bóng chày vậy."
climate,"They may not have science on their side , but those who claim either that climate change is n't real or say it 's not a big problem have a lot of money and media platforms .",faulty generalization,"Dù không có bằng chứng khoa học đứng về phía mình, những kẻ phủ nhận biến đổi khí hậu hoặc cho rằng đó không phải vấn đề lớn lại có rất nhiều tiền và các nền tảng truyền thông trong tay."
climate,"That combination is deadly : thanks to sea-level rise due to climate change , flooding is going to get much worse .",appeal to emotion,Sự kết hợp đó thật chết chóc: mực nước biển dâng do biến đổi khí hậu sẽ khiến tình trạng ngập lụt trở nên tồi tệ hơn nhiều.
climate,"In other words , record-breaking temperatures this year are specifically from El Niño , but the general increase in global temperatures is part of the trend due to climate change .",fallacy of logic,"Nói cách khác, những kỷ lục nhiệt độ trong năm nay chủ yếu là do hiện tượng El Niño, nhưng xu hướng tăng nhiệt độ toàn cầu chung lại là hệ quả trực tiếp từ biến đổi khí hậu."
climate,"Climatology Professor David Legates adds , “ In twelve years it ’ ll be 12 more years . ”",fallacy of relevance,Giáo sư Khí hậu học David Legates bồi thêm: “Mười hai năm nữa thì cũng chỉ là cộng thêm 12 năm thôi.”
climate,“ You acknowledge though the water is rising ? ” asks Stossel .,equivocation,“Nhưng ông có thừa nhận rằng mực nước đang dâng lên không?” Stossel chất vấn.
climate,"So many years ago , the Dutch built dikes to prevent flooding .",fallacy of relevance,"Vậy nên từ nhiều năm trước, người Hà Lan đã xây dựng các con đê để ngăn chặn lũ lụt."
climate,"Pat Michaels , former president of the American Association of State Climatologists , says , “ It 's warmed up around one degree Celsius since 1900 , and life expectancy DOUBLED … yet [ if ] that temperature ticks up another half a degree … the entire system crashes ? That 's the most absurd belief . ''",fallacy of logic,"Pat Michaels, cựu chủ tịch Hiệp hội Khí hậu học Bang Hoa Kỳ nói rằng: 'Từ năm 1900, nhiệt độ chỉ tăng khoảng 1 độ C mà tuổi thọ con người đã tăng gấp đôi… vậy mà chỉ cần nhiệt độ nhích thêm nửa độ nữa là cả hệ thống sụp đổ sao? Đó là một niềm tin vô lý nhất mà tôi từng nghe.'"
climate,"The 3 scientists argue that even if the planet warms by 5 degrees , humans can adjust .",false dilemma,"Ba nhà khoa học đó cho rằng ngay cả khi hành tinh nóng lên 5 độ, con người vẫn có thể thích nghi được."
climate,It wouldn ’ t stop global warming but : “ You ’ ll sure have an impoverished dark country.,equivocation,"Việc này chẳng ngăn được sự nóng lên toàn cầu đâu, nhưng chắc chắn là bạn sẽ nhận lại một đất nước nghèo đói và chìm trong bóng tối."
climate,It ’ s hard to believe they are when so many serious people are so worried . I wish there were a real debate !,ad hominem,Thật khó để tin họ nói đúng khi có quá nhiều người nghiêm túc đang lo lắng đến vậy. Ước gì chúng ta có một cuộc tranh luận thực sự!
climate,"Legates interjects , “ Yes , the water has been rising for approximately 20,000 years . ”",equivocation,"Legates chen vào: 'Đúng vậy, mực nước biển đã dâng cao suốt khoảng 20.000 năm nay rồi.'"
climate,"Well , not a debate … because climate alarmists who were invited didn ’ t show .",ad hominem,"À, không phải một cuộc tranh luận đâu… vì phe báo động khí hậu được mời đã có mặt đâu."
climate,"Pat Michaels , former president of the American Association of State Climatologists , says , “ It 's warmed up around one degree Celsius since 1900 , and life expectancy DOUBLED … yet [ if ] that temperature ticks up another half a degree … the entire system crashes ? That 's the most absurd belief . ''",intentional,"Pat Michaels, cựu chủ tịch Hiệp hội Khí hậu học Bang Hoa Kỳ nói rằng: 'Từ năm 1900, nhiệt độ chỉ tăng khoảng 1 độ C mà tuổi thọ con người đã tăng gấp đôi… vậy mà chỉ cần nhiệt độ nhích thêm nửa độ nữa là cả hệ thống sụp đổ sao? Đó là một niềm tin vô lý nhất mà tôi từng nghe.'"
climate,It wouldn ’ t stop global warming but : “ You ’ ll sure have an impoverished dark country. ” he continues .,false dilemma,"Ông ấy nói tiếp: 'Việc này chẳng ngăn được sự nóng lên toàn cầu đâu, nhưng chắc chắn là bạn sẽ nhận lại một đất nước nghèo đói và chìm trong bóng tối.'"
climate,I wish there were a real debate !,intentional,Ước gì chúng ta có một cuộc tranh luận thực sự!
climate,This means that thousands of people—and perhaps tens of thousands of people—are facing a terrifying and all-too-real struggle to survive right now .,appeal to emotion,"Điều này đồng nghĩa với việc hàng nghìn, thậm chí là hàng chục nghìn người đang phải đối mặt với cuộc đấu tranh sinh tồn đáng sợ và vô cùng thực tế ngay lúc này."
climate,"In the past 30 years of records , no storms west of Florida have intensified in the last 12 hours before landfall .",ad populum,"Trong 30 năm ghi chép gần đây, không có cơn bão nào ở phía tây Florida mạnh lên trong vòng 12 giờ trước khi đổ bộ."
climate,"Interstates are under feet of water , local authorities have asked boat owners to join rescue efforts , and most of the streams and rivers near the city are in flood stage .",appeal to emotion,"Các tuyến đường liên bang ngập sâu dưới hàng mét nước, chính quyền địa phương đã phải huy động cả thuyền của người dân để cứu hộ, và hầu hết các con sông, con suối quanh thành phố đều đã ở mức báo động lũ."
climate,"The earth is 15 years from a period of low solar activity similar to that last seen during the `` mini ice-age '' of the 17th century , when the Thames froze .",intentional,"Trái Đất chỉ còn 15 năm nữa là bước vào chu kỳ hoạt động mặt trời thấp, tương tự như thời kỳ 'tiểu kỷ băng hà' hồi thế kỷ 17, khi mà sông Thames từng bị đóng băng."
climate,"• Fiddling with temperature data is biggest science scandal ever ( 31,000 comments )",intentional,Việc chỉnh sửa dữ liệu nhiệt độ chính là vụ bê bối khoa học lớn nhất từ trước đến nay (với 31.000 bình luận).
climate,"In England during this `` Little Ice Age '' , River",intentional,"Tại Anh trong thời kỳ 'Tiểu kỷ băng hà' này, dòng sông"
climate,"In the winter of 1683-84 the Thames froze over for seven weeks , during which it was `` passable by foot '' , according to historical records .",fallacy of relevance,"Theo các ghi chép lịch sử, vào mùa đông năm 1683-84, sông Thames đã đóng băng suốt bảy tuần và người ta có thể đi bộ qua được."
climate,"The earth is 15 years from a period of low solar activity similar to that last seen during the `` mini ice-age '' of the 17th century , when the Thames froze .",intentional,"Trái Đất chỉ còn 15 năm nữa là bước vào chu kỳ hoạt động mặt trời thấp, tương tự như thời kỳ 'tiểu kỷ băng hà' hồi thế kỷ 17, khi mà sông Thames từng bị đóng băng."
climate,"The earth is 15 years from a period of low solar activity similar to that last seen during the `` mini ice-age '' of the 17th century , when the Thames froze .",false causality,"Trái Đất chỉ còn 15 năm nữa là bước vào chu kỳ hoạt động mặt trời thấp, tương tự như thời kỳ 'tiểu kỷ băng hà' hồi thế kỷ 17, khi mà sông Thames từng bị đóng băng."
climate,"Maunder minimum , indicating low sunspot activity , was the name given to the period between 1645 and 1715 , when Europe and North America experienced very cold winters .",false causality,"Cực tiểu Maunder, thuật ngữ chỉ thời kỳ hoạt động của vết đen mặt trời giảm mạnh từ năm 1645 đến 1715, là lúc châu Âu và Bắc Mỹ phải hứng chịu những mùa đông vô cùng khắc nghiệt."
climate,"In 2012 , Mr. Trump wrote on Twitter , “ The concept of global warming was created by and for the Chinese in order to make U.S. manufacturing noncompetitive . ”",false causality,"Năm 2012, ông Trump đã viết trên Twitter rằng: 'Khái niệm về sự nóng lên toàn cầu được chính người Trung Quốc tạo ra nhằm mục đích làm giảm khả năng cạnh tranh của ngành sản xuất tại Mỹ'."
climate,Temperatures are heading toward levels that many experts believe will pose a profound threat to both the natural world and to human civilization .,fallacy of credibility,Nhiệt độ đang tiến đến mức mà nhiều chuyên gia tin rằng sẽ gây ra mối đe dọa sâu sắc cho cả thế giới tự nhiên và nền văn minh nhân loại.
climate,"The U.S. government is at it again , hyping meaningless records in a parameter that does not exist in order to frighten us about something that doesn ’ t matter .",fallacy of extension,"Chính phủ Mỹ lại bắt đầu giở trò cũ, thổi phồng những kỷ lục vô nghĩa về một thông số vốn chẳng tồn tại nhằm gieo rắc nỗi sợ hãi về một thứ chẳng quan trọng."
climate,"NOAA claims an uncertainty of 14 one-hundredths of a degree in its temperature averages , or near twice the amount by which they say the record was set .",ad populum,"NOAA tuyên bố độ sai số là 0,14 độ trong mức trung bình nhiệt độ của họ, tức là gần gấp đôi con số mà họ cho là đã thiết lập kỷ lục."
climate,Such misrepresentations are now commonplace in NOAA and NASA announcements . They are regularly proclaiming monthly and yearly records set by less than the uncertainties in the measurements .,intentional,Những sự xuyên tạc như vậy giờ đây đã trở thành chuyện thường ngày trong các thông báo của NOAA và NASA. Họ liên tục công bố các kỷ lục tháng và năm dựa trên những con số còn nhỏ hơn cả biên độ sai số của thiết bị đo.
climate,"Temperature , like viscosity and density , and of course phone numbers , is not something that can be meaningfully averaged . “ Global temperature ” does not exist .",intentional,"Nhiệt độ, giống như độ nhớt, mật độ và tất nhiên là cả số điện thoại, không phải là thứ có thể tính trung bình một cách có ý nghĩa. 'Nhiệt độ toàn cầu' là thứ không hề tồn tại."
climate,"There is no super-sized being straddling the planet , feeling global averages in temperature . Global warming does not matter .",fallacy of relevance,Chẳng có một thực thể khổng lồ nào đứng bao trùm lấy hành tinh này để cảm nhận mức nhiệt độ trung bình toàn cầu cả. Nóng lên toàn cầu chẳng có ý nghĩa gì cả.
climate,"Future generations are bound to ask why America closed its coal-fueled generating stations , its cheapest , most plentiful source of electric power , and wasted billions of dollars trying to stop insignificant changes in imaginary phenomena .",appeal to emotion,"Các thế hệ tương lai chắc chắn sẽ đặt câu hỏi tại sao nước Mỹ lại đóng cửa các nhà máy điện than, nguồn năng lượng rẻ và dồi dào nhất của mình, rồi lãng phí hàng tỷ đô la chỉ để ngăn chặn những thay đổi không đáng kể của các hiện tượng tưởng tượng."
climate,"As Jay Lehr , science director of the Chicago-based Heartland Institute said , “ It is a scam that dwarfs all others that have come before . ”",fallacy of credibility,"Như Jay Lehr, giám đốc khoa học của Viện Heartland tại Chicago đã nói: 'Đây là một vụ lừa đảo làm lu mờ tất cả những vụ lừa đảo từng xảy ra trước đó.'"
climate,"The U.S. government is at it again , hyping meaningless records in a parameter that does not exist in order to frighten us about something that doesn ’ t matter .",intentional,"Chính phủ Mỹ lại bắt đầu giở trò cũ, thổi phồng những kỷ lục vô nghĩa về một thông số vốn chẳng tồn tại nhằm gieo rắc nỗi sợ hãi về một thứ chẳng quan trọng."
climate,"So , the new temperature records are meaningless .",fallacy of extension,"Vậy nên, các kỷ lục nhiệt độ mới chẳng có nghĩa lý gì cả."
climate,"In the final analysis , it is no more meaningful to calculate an average temperature for a whole planet than it is to calculate the average telephone number in the Washington D.C. phone book .",fallacy of extension,"Xét cho cùng, việc tính nhiệt độ trung bình cho cả hành tinh cũng vô nghĩa chẳng khác gì việc đi tính số điện thoại trung bình trong danh bạ của Washington D.C. cả."
climate,"No one and nothing would experience it directly since we all live in regions , not the globe .",equivocation,"Chẳng ai hay bất cứ thứ gì có thể cảm nhận được nó trực tiếp cả vì tất cả chúng ta đều sống ở từng vùng cụ thể chứ đâu có sống trên cái gọi là ""toàn cầu""."
climate,"Future generations are bound to ask why America closed its coal-fueled generating stations , its cheapest , most plentiful source of electric power , and wasted billions of dollars trying to stop insignificant changes in imaginary phenomena .",appeal to emotion,Các thế hệ mai sau chắc chắn sẽ tự hỏi tại sao nước Mỹ lại đóng cửa các nhà máy điện chạy bằng than - nguồn điện rẻ nhất và dồi dào nhất của mình - rồi lãng phí hàng tỷ đô la chỉ để ngăn chặn những thay đổi không đáng kể của các hiện tượng tưởng tượng.
climate,"Even if enough accurate surface temperature measurements existed to ensure reasonable planetary coverage ( it doesn ’ t ) and to calculate some sort of global temperature statistic , interpreting its significance would be challenging .",circular reasoning,"Ngay cả khi có đủ số liệu đo đạc nhiệt độ bề mặt chính xác để bao phủ toàn bộ hành tinh (thực tế là không có) và để tính toán ra một loại chỉ số nhiệt độ toàn cầu nào đó, thì việc diễn giải ý nghĩa của nó vẫn là một thách thức lớn."
climate,"For some groups of close temperature measures ( and NASA and NOAA are dealing with thousands of very close temperatures ) , one method of calculating an average can lead to a determination of warming while another can lead to a conclusion of cooling .",equivocation,"Đối với một số nhóm dữ liệu nhiệt độ sát nút (và NASA hay NOAA đang phải xử lý hàng nghìn dữ liệu như vậy), thì chỉ cần dùng phương pháp tính trung bình khác nhau thôi là một cách có thể dẫn đến kết luận nóng lên, còn cách kia lại cho ra kết luận là mát đi."
climate,It gives you that nagging feeling that maybe global warming is real after all .,appeal to emotion,Nó làm dấy lên cái cảm giác khó chịu rằng có lẽ sự nóng lên toàn cầu là có thật.
climate,There 's something about a warm February day that reminds you that something just is n't right .,appeal to emotion,Có cái gì đó trong một ngày tháng Hai ấm áp khiến bạn nhận ra rằng hình như có điều gì đó không ổn.
climate,"A Republican congressman from Colorado , Ken Buck , recently called one military proposal part of a “ radical climate change agenda . ”",ad hominem,"Một nghị sĩ Cộng hòa từ Colorado, Ken Buck, gần đây đã gọi một đề xuất quân sự là một phần của ""chương trình nghị sự về biến đổi khí hậu cực đoan""."
climate,"“ We ’ re putting enough heat in the ocean to send water over us , no question , ” Dr. Stoddard said . “ Ultimately , we give up and we leave .",appeal to emotion,"Tiến sĩ Stoddard nói: ""Chúng ta đang xả đủ nhiệt lượng xuống đại dương để làm nước dâng lên nhấn chìm chúng ta, không còn nghi ngờ gì nữa. Cuối cùng thì chúng ta cũng phải bỏ cuộc và rời đi thôi."""
climate,The sea has crept up to the point that a high tide and a brisk wind are all it takes to send water pouring into streets and homes .,faulty generalization,Nước biển đã dâng cao đến mức chỉ cần một đợt triều cường cộng với một cơn gió mạnh là đủ để nước tràn vào đường phố và nhà cửa.
climate,"“ I ’ m a Republican , but I also realize , by any objective analysis , the sea level is rising , ” said Jason Buelterman , the mayor of tiny Tybee Island , one of the first Georgia communities to adopt a detailed climate plan .",fallacy of credibility,"“Tôi là đảng viên Cộng hòa, nhưng tôi cũng nhận ra, theo mọi phân tích khách quan, mực nước biển đang dâng cao,” Jason Buelterman, thị trưởng của đảo Tybee nhỏ bé, một trong những cộng đồng đầu tiên ở Georgia áp dụng kế hoạch ứng phó biến đổi khí hậu chi tiết, cho biết."
climate,"They are pleading with state and federal governments for guidance and help , including billions to pay for flood walls , pumps and road improvements that would buy them time . Yet Congress has largely ignored these pleas , and has even tried to block plans by the military to head off future problems at the numerous bases imperiled by a rising sea .",appeal to emotion,"Họ đang khẩn thiết kêu gọi chính quyền tiểu bang và liên bang hướng dẫn và hỗ trợ, bao gồm hàng tỷ đô la để chi trả cho tường chắn lũ, máy bơm và cải tạo đường sá nhằm kéo dài thời gian. Tuy nhiên, Quốc hội phần lớn đã phớt lờ những lời kêu gọi này, thậm chí còn cố gắng chặn các kế hoạch của quân đội nhằm ngăn chặn các vấn đề trong tương lai tại nhiều căn cứ đang bị đe dọa bởi mực nước biển dâng."
climate,"A Republican congressman from Colorado , Ken Buck , recently called one military proposal part of a “ radical climate change agenda . ”",fallacy of credibility,"Dân biểu Đảng Cộng hòa từ Colorado, Ken Buck, gần đây đã gọi một đề xuất quân sự là một phần của “chương trình nghị sự biến đổi khí hậu cực đoan”."
climate,"As the problem worsens , experts are warning that national security is on the line . Naval bases , in particular , are threatened ; they can hardly be moved away from the ocean , yet much of their land is at risk of disappearing within this century .",fallacy of relevance,"Khi vấn đề ngày càng tồi tệ, các chuyên gia cảnh báo rằng an ninh quốc gia đang bị đe dọa. Đặc biệt, các căn cứ hải quân đang gặp nguy hiểm; chúng khó có thể di dời khỏi đại dương, trong khi phần lớn diện tích đất của chúng có nguy cơ biến mất trong thế kỷ này."
climate,"It ’ s a slow , gradual attack , but it threatens the safety and security of the United States . ”",faulty generalization,"Đó là một cuộc tấn công chậm chạp, dần dần, nhưng nó đe dọa đến sự an toàn và an ninh của Hoa Kỳ."
climate,"It ’ s a slow , gradual attack , but it threatens the safety and security of the United States . ”",faulty generalization,"Đó là một cuộc tấn công chậm chạp, dần dần, nhưng nó đe dọa đến sự an toàn và an ninh của Hoa Kỳ."
climate,"“ I believe it because we ’ re living it , ” Ms. Speights said as she sat on her sofa , nodding toward the nearby tidal marsh that sent water into her living room . “ The water has to be rising if we never flooded , and all of a sudden we ’ ve flooded three times in eight years . ”",fallacy of relevance,"“Tôi tin vào điều đó vì chính chúng tôi đang phải sống chung với nó,” bà Speights nói khi ngồi trên ghế sofa, gật đầu về phía đầm lầy thủy triều gần đó, nơi nước đã tràn vào phòng khách của bà. “Nước chắc chắn phải dâng lên nếu trước đây chúng tôi chưa bao giờ bị ngập, mà giờ đây đột nhiên chúng tôi đã bị ngập ba lần trong tám năm.”"
climate,"As the national response lags , experts warn that the flooding is putting the country ’ s defense at risk .",appeal to emotion,"Trong khi phản ứng quốc gia còn chậm trễ, các chuyên gia cảnh báo rằng tình trạng ngập lụt đang đặt quốc phòng của đất nước vào thế nguy hiểm."
climate,"“ When we distract our military with a radical climate change agenda , we detract from their main purpose of defending America from enemies ” like the Islamic State , said Mr. Buck of Colorado , the Republican congressman who sponsored the measure .",faulty generalization,"“Khi chúng ta làm quân đội xao nhãng bằng một chương trình nghị sự biến đổi khí hậu cực đoan, chúng ta đang làm giảm đi mục đích chính của họ là bảo vệ nước Mỹ khỏi những kẻ thù” như Nhà nước Hồi giáo, ông Buck, dân biểu Đảng Cộng hòa từ Colorado, người bảo trợ cho biện pháp này, cho biết."
climate,"“ When we distract our military with a radical climate change agenda , we detract from their main purpose of defending America from enemies ” like the Islamic State , said Mr. Buck of Colorado , the Republican congressman who sponsored the measure .",fallacy of relevance,"“Khi chúng ta làm quân đội xao nhãng bằng một chương trình nghị sự biến đổi khí hậu cực đoan, chúng ta đang làm giảm đi mục đích chính của họ là bảo vệ nước Mỹ khỏi những kẻ thù” như Nhà nước Hồi giáo, ông Buck, dân biểu Đảng Cộng hòa từ Colorado, người bảo trợ cho biện pháp này, cho biết."
climate,"A rise that large over a span of decades would be an unparalleled national catastrophe , driving millions of people from their homes and most likely requiring the abandonment of entire cities .",faulty generalization,"Mức tăng lớn như vậy trong hàng thập kỷ sẽ là một thảm họa quốc gia chưa từng có, khiến hàng triệu người mất nhà cửa và khả năng cao là phải bỏ hoang cả những thành phố lớn."
climate,"Will they be held legally responsible when floods do occur ? A strict policy could force some people from their homes . Conversely , should public money be spent to do the work , even if it largely benefits private property ?",false dilemma,"Liệu họ có phải chịu trách nhiệm pháp lý khi lũ lụt xảy ra không? Một chính sách cứng rắn có thể ép buộc người dân rời bỏ nhà cửa. Ngược lại, liệu có nên dùng tiền công để thực hiện các công trình này ngay cả khi nó chủ yếu mang lại lợi ích cho tài sản tư nhân?"
climate,"“ When you look at the historical record , there ’ s no trend saying the flooding is going down , ” said Dr. Sweet , the NOAA expert . “ The trends are all very clear . They ’ re going up , and they ’ re going up in many of these areas in an accelerating fashion . ”",ad populum,"“Khi nhìn vào dữ liệu lịch sử, không có xu hướng nào cho thấy tình trạng ngập lụt đang giảm,” Tiến sĩ Sweet, chuyên gia của NOAA cho biết. “Các xu hướng đều rất rõ ràng. Chúng đang tăng, và ở nhiều khu vực, tốc độ tăng còn đang ngày càng nhanh hơn.”"
climate,"“ The predictions of what ’ s going to happen over the next 20 , 30 , 40 years — it ’ s real , ” said Mr. Tuckman , the founder of a company offering creative services to the retail industry .",fallacy of credibility,"“Những dự đoán về những gì sẽ xảy ra trong 20, 30, 40 năm tới — đó là điều có thật,” ông Tuckman, nhà sáng lập một công ty cung cấp dịch vụ sáng tạo cho ngành bán lẻ, khẳng định."
climate,"Moreover , if the rise of the sea accelerates as much as some scientists fear , it is doubtful the cities will be able to keep up .",appeal to emotion,"Hơn nữa, nếu mực nước biển dâng nhanh như những gì một số nhà khoa học lo ngại, thật đáng nghi ngờ liệu các thành phố có đủ khả năng để ứng phó kịp hay không."
climate,"“ You can play it really badly and let unpleasant things happen earlier , ” he said . “ Or you can push them off by doing some infrastructure repairs and some thoughtful planning . ”",false dilemma,"“Bạn có thể xử lý rất tệ và để những hậu quả tồi tệ xảy đến sớm hơn,” ông nói. “Hoặc bạn có thể trì hoãn chúng bằng cách sửa chữa cơ sở hạ tầng và quy hoạch có tính toán.”"
climate,Ever since December temperatures in the Arctic have consistently been lower than minus 20 C.,intentional,"Kể từ tháng 12, nhiệt độ tại Bắc Cực luôn duy trì ở mức dưới âm 20 độ C."
climate,This means the global temperature trend has now shown no further warming for 19 years .,intentional,Điều này có nghĩa là xu hướng nhiệt độ toàn cầu đã không còn nóng lên trong suốt 19 năm qua.
climate,"And we are still stuck with that insanely damaging Climate Change Act , which in this election will scarcely get a mention .",appeal to emotion,"Và chúng ta vẫn đang mắc kẹt với Đạo luật Biến đổi Khí hậu đầy tai hại kia, một vấn đề mà trong cuộc bầu cử này hầu như chẳng ai thèm nhắc đến."
climate,"Furthermore , whereas in 2008 most of the ice was extremely thin , this year most has been at least two metres thick .",intentional,"Hơn nữa, trong khi vào năm 2008 hầu hết băng đều cực kỳ mỏng, thì năm nay phần lớn lớp băng đã dày ít nhất hai mét."
climate,Scientists are also expecting a “ huge reduction ” in solar activity for 33 years between 2020 and 2053 that will cause thermometers to crash .,intentional,"Các nhà khoa học cũng đang dự báo một ""sự sụt giảm khủng khiếp"" trong hoạt động mặt trời kéo dài 33 năm từ 2020 đến 2053, điều này sẽ khiến nhiệt độ giảm sâu."
climate,This is the `` hottest [ pick a season ] ever '' ; the ice caps are at a record low ; we 'll all be dead in 10 years .,intentional,Đây là mùa [tùy chọn] nóng nhất từ trước đến nay; các chỏm băng đang ở mức thấp kỷ lục; tất cả chúng ta sẽ chết trong 10 năm nữa thôi.
climate,This is the `` hottest [ pick a season ] ever '' ; the ice caps are at a record low ; we 'll all be dead in 10 years .,appeal to emotion,Đây là mùa [tùy chọn] nóng nhất từ trước đến nay; các chỏm băng đang ở mức thấp kỷ lục; tất cả chúng ta sẽ chết trong 10 năm nữa thôi.
climate,Ever since December temperatures in the Arctic have consistently been lower than minus 20 C.,intentional,"Kể từ tháng 12, nhiệt độ tại Bắc Cực liên tục duy trì ở mức thấp hơn âm 20 độ C."
climate,"Furthermore , whereas in 2008 most of the ice was extremely thin , this year most has been at least two metres thick .",intentional,"Hơn nữa, trong khi năm 2008 phần lớn băng cực kỳ mỏng, thì năm nay hầu hết băng đã dày ít nhất hai mét."
climate,This means the global temperature trend has now shown no further warming for 19 years .,intentional,Điều này có nghĩa là xu hướng nhiệt độ toàn cầu đã không còn ấm lên trong 19 năm qua.
climate,He said : “ Cooling from 2019 into about 2020 to 2021 will bring world temperatures back to where they were in the 1940s through the 1960s .,intentional,"Ông ấy nói: ""Sự làm mát từ năm 2019 đến khoảng 2020-2021 sẽ đưa nhiệt độ thế giới trở về mức của những năm 1940 đến 1960."""
climate,"We are bombarded with `` facts '' every day : This is the `` hottest [ pick a season ] ever '' ; the ice caps are at a record low ; we 'll all be dead in 10 years . For former president Barack Obama , the ever-changing and often contradictory `` facts '' about global warming ( which liberals now call climate change because the globe stopped warming ) was simply `` settled science . '' But now it turns out the Arctic sea ice is thicker than ever and , oh yeah , the global temperature trend has not warmed for 19 years .",intentional,"Chúng ta bị bủa vây bởi các ""sự thật"" mỗi ngày: Đây là mùa [tùy chọn] nóng nhất từ trước đến nay; các chỏm băng đang ở mức thấp kỷ lục; tất cả chúng ta sẽ chết trong 10 năm nữa. Với cựu tổng thống Barack Obama, những ""sự thật"" luôn thay đổi và đầy mâu thuẫn về sự nóng lên toàn cầu (điều mà phe cánh tả bây giờ gọi là biến đổi khí hậu vì trái đất đã ngừng ấm lên) đơn giản chỉ là ""khoa học đã được xác định"". Nhưng giờ thì hóa ra băng biển Bắc Cực lại dày hơn bao giờ hết và, ồ vâng, xu hướng nhiệt độ toàn cầu đã không hề ấm lên trong 19 năm qua."
climate,"But now it turns out the Arctic sea ice is thicker than ever and , oh yeah , the global temperature trend has not warmed for 19 years .",faulty generalization,"Nhưng giờ thì hóa ra băng biển Bắc Cực lại dày hơn bao giờ hết và, ồ vâng, xu hướng nhiệt độ toàn cầu đã không hề ấm lên trong 19 năm qua."
climate,Ever since December temperatures in the Arctic have consistently been lower than minus 20 C.,intentional,"Kể từ tháng 12, nhiệt độ tại Bắc Cực liên tục duy trì ở mức thấp hơn âm 20 độ C."
climate,"The liberal media might take issue with a U.S. think tank funding a study that says global warming does n't exist -- or at least has n't for 19 years -- but they 'll accept the findings from little ol ' Denmark , wo n't they ?",fallacy of credibility,"Truyền thông cánh tả có thể hạch sách chuyện một viện nghiên cứu Mỹ tài trợ cho một báo cáo bảo rằng biến đổi khí hậu không tồn tại -- hoặc ít nhất là không diễn ra trong 19 năm qua -- nhưng họ lại sẵn sàng tin sái cổ kết quả từ Đan Mạch bé nhỏ, đúng không nào?"
climate,"As for those record temperatures brought in 2016 by an exceptionally strong El Niño , the satellites now show that in recent months global temperatures have plummeted by more that 0.6 degrees : just as happened 17 years ago after a similarly strong El Niño had also made 1998 the “ hottest year on record ” .",fallacy of credibility,"Còn về mức nhiệt kỷ lục năm 2016 do hiện tượng El Niño cực mạnh gây ra, các vệ tinh giờ đây cho thấy nhiệt độ toàn cầu đã giảm sâu hơn 0,6 độ trong những tháng gần đây: y hệt như những gì xảy ra 17 năm trước sau khi một đợt El Niño mạnh tương tự biến năm 1998 thành 'năm nóng kỷ lục'."
climate,"As for those record temperatures brought in 2016 by an exceptionally strong El Niño , the satellites now show that in recent months global temperatures have plummeted by more that 0.6 degrees : just as happened 17 years ago after a similarly strong El Niño had also made 1998 the “ hottest year on record ” .",intentional,"Còn về mức nhiệt kỷ lục năm 2016 do hiện tượng El Niño cực mạnh gây ra, các vệ tinh giờ đây cho thấy nhiệt độ toàn cầu đã giảm sâu hơn 0,6 độ trong những tháng gần đây: y hệt như những gì xảy ra 17 năm trước sau khi một đợt El Niño mạnh tương tự biến năm 1998 thành 'năm nóng kỷ lục'."
climate,“ The last global warming cycle ended in 1790 and the year 2020 is 230 following this – thus I have been talking about rapid cooling beginning in 2019 . ”,fallacy of credibility,'Chu kỳ nóng lên toàn cầu cuối cùng đã kết thúc vào năm 1790 và năm 2020 cách đó 230 năm – vì vậy tôi đã nói về việc trái đất hạ nhiệt nhanh chóng từ năm 2019 rồi'.
climate,"But now it turns out the Arctic sea ice is thicker than ever and , oh yeah , the global temperature trend has not warmed for 19 years .",fallacy of logic,"Nhưng giờ thì hóa ra băng biển Bắc Cực lại dày hơn bao giờ hết và, ồ này, xu hướng nhiệt độ toàn cầu thực tế chẳng hề tăng trong 19 năm qua."
climate,"But now it turns out the Arctic sea ice is thicker than ever and , oh yeah , the global temperature trend has not warmed for 19 years .",fallacy of extension,"Nhưng giờ thì hóa ra băng biển Bắc Cực lại dày hơn bao giờ hết và, ồ này, xu hướng nhiệt độ toàn cầu thực tế chẳng hề tăng trong 19 năm qua."
climate,President Trump has claimed that scientists stopped referring to global warming and started calling it climate change because “ the weather has been so cold ” in winter .,fallacy of relevance,Tổng thống Trump từng tuyên bố rằng các nhà khoa học đã ngừng dùng từ 'nóng lên toàn cầu' và chuyển sang 'biến đổi khí hậu' vì 'thời tiết quá lạnh' vào mùa đông.
climate,President Trump has claimed that scientists stopped referring to global warming and started calling it climate change because “ the weather has been so cold ” in winter .,intentional,Tổng thống Trump từng tuyên bố rằng các nhà khoa học đã ngừng dùng từ 'nóng lên toàn cầu' và chuyển sang 'biến đổi khí hậu' vì 'thời tiết quá lạnh' vào mùa đông.
climate,"The climate denialists ’ arguments have become so strained that even oil and coal companies have distanced themselves publicly , though some still help to finance the campaigns of politicians who espouse such views .",ad hominem,"Lập luận của những kẻ phủ nhận biến đổi khí hậu đã trở nên gượng ép đến mức ngay cả các tập đoàn dầu khí và than đá cũng phải công khai giữ khoảng cách, mặc dù một số vẫn âm thầm tài trợ cho chiến dịch của các chính trị gia ủng hộ quan điểm này."
climate,"The climate denialists ’ arguments have become so strained that even oil and coal companies have distanced themselves publicly , though some still help to finance the campaigns of politicians who espouse such views .",ad hominem,"Lập luận của những kẻ phủ nhận biến đổi khí hậu đã trở nên gượng ép đến mức ngay cả các tập đoàn dầu khí và than đá cũng phải công khai giữ khoảng cách, mặc dù một số vẫn âm thầm tài trợ cho chiến dịch của các chính trị gia ủng hộ quan điểm này."
climate,"The climate denialists ’ arguments have become so strained that even oil and coal companies have distanced themselves publicly , though some still help to finance the campaigns of politicians who espouse such views .",intentional,"Lập luận của những kẻ phủ nhận biến đổi khí hậu đã trở nên gượng ép đến mức ngay cả các công ty dầu mỏ và than đá cũng phải công khai giữ khoảng cách, mặc dù một số vẫn âm thầm tài trợ cho các chính trị gia ủng hộ quan điểm đó."
climate,"Instead of negotiating over climate change policies and trying to make them more market-oriented , some political conservatives have taken the approach of blocking them by trying to undermine the science .",circular reasoning,"Thay vì đàm phán về chính sách khí hậu và cố gắng định hướng chúng theo thị trường, một số chính trị gia bảo thủ lại chọn cách chặn đứng mọi thứ bằng việc phủ nhận cơ sở khoa học."
climate,Big trouble .,appeal to emotion,Rắc rối to rồi.
climate,Tens of thousands of people are already dying in heat waves made worse by global warming .,fallacy of logic,Hàng chục ngàn người đã và đang chết trong các đợt nắng nóng ngày càng tồi tệ hơn do sự nóng lên toàn cầu.
climate,"Longer term , if emissions rise unchecked , scientists fear climate effects so severe that they might destabilize governments , produce waves of refugees , precipitate the sixth mass extinction of plants and animals in the Earth ’ s history , and melt the polar ice caps , causing the seas to rise high enough to flood most of the world ’ s coastal cities . The emissions that create those risks are happening now , raising deep moral questions for our generation .",faulty generalization,"Về lâu dài, nếu lượng khí thải tiếp tục tăng không kiểm soát, các nhà khoa học lo ngại về những tác động khí hậu thảm khốc đến mức có thể làm bất ổn chính phủ, gây ra làn sóng tị nạn, dẫn đến cuộc đại tuyệt chủng lần thứ sáu trong lịch sử Trái Đất, và làm tan chảy các chỏm băng địa cực, khiến mực nước biển dâng cao nhấn chìm hầu hết các thành phố ven biển trên thế giới. Những khí thải gây ra rủi ro đó vẫn đang tiếp diễn, đặt ra những câu hỏi đạo đức sâu sắc cho thế hệ chúng ta."
climate,"Longer term , if emissions rise unchecked , scientists fear climate effects so severe that they might destabilize governments , produce waves of refugees , precipitate the sixth mass extinction of plants and animals in the Earth ’ s history , and melt the polar ice caps , causing the seas to rise high enough to flood most of the world ’ s coastal cities .",appeal to emotion,"Về lâu dài, nếu lượng khí thải tiếp tục tăng không kiểm soát, các nhà khoa học lo ngại về những tác động khí hậu thảm khốc đến mức có thể làm bất ổn chính phủ, gây ra làn sóng tị nạn, dẫn đến cuộc đại tuyệt chủng lần thứ sáu trong lịch sử Trái Đất, và làm tan chảy các chỏm băng địa cực, khiến mực nước biển dâng cao nhấn chìm hầu hết các thành phố ven biển trên thế giới."
climate,"As the river dries , crews from the United States Fish and Wildlife Service spring into action , working to rescue the Rio Grande silvery minnow , a federally protected endangered species that used to thrive along the full length of the river but now is found only in the upper reaches .",appeal to emotion,"Khi dòng sông khô cạn, đội ngũ từ Cục Cá và Động vật hoang dã Hoa Kỳ phải bắt tay vào hành động để giải cứu loài cá tuế bạc Rio Grande, một loài có nguy cơ tuyệt chủng được liên bang bảo vệ, vốn từng phát triển mạnh dọc theo con sông nhưng giờ chỉ còn sót lại ở những khu vực thượng nguồn."
climate,"Thirty years later , they are still ignoring it , ” said Zybach , who spent more than 20 years as a reforestation contractor .",ad hominem,"Ba mươi năm trôi qua mà họ vẫn phớt lờ nó, Zybach, người đã có hơn 20 năm làm nhà thầu tái trồng rừng, cho biết."
climate,"Shortly before leaving office , Clinton introduced the Roadless Rule that restricted the use of existing roads and construction of new roads on 49 million acres of National Forest , making it difficult for officials to scan the land for the kind of kindling that fuels massive conflagrations .",intentional,"Ngay trước khi rời nhiệm sở, Clinton đã ban hành 'Quy định Không đường' hạn chế sử dụng và xây dựng đường mới trên 49 triệu mẫu Anh đất rừng quốc gia, khiến các quan chức khó có thể tiếp cận để xử lý những vật liệu dễ cháy vốn là nguyên nhân gây ra các vụ đại hỏa hoạn."
climate,"The former president ’ s decision created a ticking time bomb , Zybach argues .
“",ad hominem,"Quyết định của cựu tổng thống đã tạo ra một quả bom nổ chậm, Zybach lập luận."
climate,"Years of keeping these areas in their natural state result in dead trees and dried organic material settling on the forest floor , turning such material into matchsticks soaked in jet fuel during dry seasons , he said .",appeal to emotion,"Ông ấy cho rằng việc giữ các khu vực này ở trạng thái tự nhiên trong nhiều năm khiến cây chết và xác thực vật khô tích tụ dưới sàn rừng, biến chúng thành những que diêm tẩm xăng máy bay trong mùa khô."
climate,"That ’ s an 80 % decline .
“ They ’ ve gone and left hundreds of thousands of acres of burnt timber , a fire bomb waiting to happen , standing in place because the black back woodpecker prefers that habitat , ” Zybach said . “",false dilemma,"Đó là mức giảm 80%. Zybach nói: Họ đã để lại hàng trăm ngàn mẫu gỗ cháy, một quả bom lửa chực chờ phát nổ, vì loài chim gõ kiến lưng đen ưa thích môi trường sống đó."
climate,"The Clinton administration ’ s plan to turn forests in the West into pristine land free of human interference risked fueling “ wildfires reminiscent of the Tillamook burn , the 1910 fires and the Yellowstone fire , ” Zybach , who is based in Oregon , told Evergreen magazine in 1994 , when the NWFP came into effect .",fallacy of credibility,"Theo Zybach, một chuyên gia có trụ sở tại Oregon, kế hoạch của chính quyền Clinton nhằm biến các khu rừng ở miền Tây thành vùng đất hoang sơ không có sự can thiệp của con người đã gây nguy cơ làm bùng phát những trận cháy rừng kinh hoàng giống như vụ Tillamook, các vụ cháy năm 1910 và Yellowstone."
climate,"Former President Bill Clinton made a significant change to federal land management nearly 30 years ago that created the conditions necessary for massive wildfires to consume portions of the West Coast , according to one fire expert who predicted the problem years ago .",fallacy of credibility,"Cựu Tổng thống Bill Clinton đã thực hiện một thay đổi đáng kể đối với việc quản lý đất đai liên bang cách đây gần 30 năm, tạo ra các điều kiện cần thiết để các đám cháy rừng quy mô lớn thiêu rụi các phần của Bờ Tây, theo một chuyên gia về hỏa hoạn đã dự báo vấn đề này từ nhiều năm trước."
climate,"The former president ’ s decision created a ticking time bomb , Zybach argues .
“",fallacy of credibility,Zybach lập luận rằng quyết định của cựu Tổng thống đã tạo ra một quả bom hẹn giờ.
climate,"Shortly before leaving office in 2001 , Clinton limited the ability of the United States Forest Service to thin out a dense thicket of foliage and downed trees on federal land to bring the West into a pristine state , Bob Zybach , an experienced forester with a PhD in environmental science , told the Daily Caller News Foundation .",fallacy of credibility,"Bob Zybach, một chuyên gia lâm nghiệp có bằng Tiến sĩ về khoa học môi trường, chia sẻ với Daily Caller News Foundation rằng ngay trước khi rời nhiệm sở vào năm 2001, Clinton đã hạn chế khả năng của Cục Kiểm lâm Hoa Kỳ trong việc tỉa bớt các bụi rậm và cây đổ trên đất liên bang nhằm mục đích đưa miền Tây trở về trạng thái nguyên sơ."
climate,"Years of keeping these areas in their natural state result in dead trees and dried organic material settling on the forest floor , turning such material into matchsticks soaked in jet fuel during dry seasons , he said .",fallacy of logic,"Ông ấy cho rằng việc giữ các khu vực này ở trạng thái tự nhiên trong nhiều năm khiến cây chết và xác thực vật khô tích tụ dưới sàn rừng, biến chúng thành những que diêm tẩm xăng máy bay trong mùa khô."
climate,"Years of keeping these areas in their natural state result in dead trees and dried organic material settling on the forest floor , turning such material into matchsticks soaked in jet fuel during dry seasons , he said .",faulty generalization,"Ông ấy cho rằng việc giữ các khu vực này ở trạng thái tự nhiên trong nhiều năm khiến cây chết và xác thực vật khô tích tụ dưới sàn rừng, biến chúng thành những que diêm tẩm xăng máy bay trong mùa khô."
climate,"Fires have killed 26 people in West Coast states since August , including 19 people in California , and have culminated in more than half-a-million people evacuating Oregon , a number representing roughly 10 % of the state ’ s overall population .",appeal to emotion,"Các đám cháy đã giết chết 26 người ở các bang Bờ Tây kể từ tháng 8, bao gồm 19 người ở California, và khiến hơn nửa triệu người phải sơ tán khỏi Oregon, một con số chiếm khoảng 10% tổng dân số của bang này."
climate,"Roughly 100 massive fires are blazing Saturday in the West , including 12 in Idaho and nine in Montana , the National Interagency Fire Center said Saturday . All told , the wildfires have churned through more than 4.5 million acres in 12 states . ( RELATED : Wildfires , Blackouts And High Gas Prices : Californians Fight Familiar Foes Amid Pandemic )",ad populum,"Trung tâm Phòng chống Cháy rừng Quốc gia cho biết hôm thứ Bảy rằng có khoảng 100 đám cháy lớn đang bùng phát ở miền Tây, trong đó có 12 đám ở Idaho và 9 đám ở Montana. Tổng cộng, các đám cháy rừng đã càn quét hơn 4,5 triệu mẫu Anh trên 12 tiểu bang. (LIÊN QUAN: Cháy rừng, mất điện và giá xăng tăng cao: Người dân California đối mặt với những kẻ thù quen thuộc giữa đại dịch)"
climate,"That ’ s an 80 % decline .
“ They ’ ve gone and left hundreds of thousands of acres of burnt timber , a fire bomb waiting to happen , standing in place because the black back woodpecker prefers that habitat , ” Zybach said . “",intentional,"Đó là mức giảm 80%. Zybach cho rằng: 'Họ bỏ mặc hàng trăm ngàn mẫu rừng bị cháy, biến nó thành một quả bom nổ chậm chỉ vì loài chim gõ kiến đen thích môi trường đó'."
climate,"It ’ s great for lawyers , but it ’ s bad for people who breathe air or work in the woods . ”
“ The prescribed burns are an ancient form of management for keeping the fuels down so these events don ’ t happen , ” Zybach added , referring to Native American Indians who used controlled burns to ward away pests and prevent wildfires from licking their homes . The Clinton administration ’ s plan to turn forests in the West into pristine land free of human interference risked fueling “ wildfires reminiscent of the Tillamook burn , the 1910 fires and the Yellowstone fire , ” Zybach , who is based in Oregon , told Evergreen magazine in 1994 , when the NWFP came into effect .",fallacy of credibility,"Việc này thì có lợi cho luật sư, nhưng lại hại cho những người hít thở không khí hay làm việc trong rừng. Các vụ đốt có kiểm soát là phương thức quản lý cổ xưa để giảm nhiên liệu tích tụ, ngăn chặn các sự kiện như vậy xảy ra. Zybach viện dẫn việc người Mỹ bản địa dùng lửa để kiểm soát sâu bệnh và ngăn cháy rừng. Năm 1994, khi NWFP có hiệu lực, Zybach từ Oregon đã cảnh báo trên tạp chí Evergreen rằng kế hoạch của chính quyền Clinton biến rừng phía Tây thành vùng đất nguyên sơ không có sự can thiệp của con người sẽ làm gia tăng nguy cơ cháy rừng khủng khiếp như Tillamook, 1910 hay Yellowstone."
climate,"The Clinton administration ’ s plan to turn forests in the West into pristine land free of human interference risked fueling “ wildfires reminiscent of the Tillamook burn , the 1910 fires and the Yellowstone fire , ” Zybach , who is based in Oregon , told Evergreen magazine in 1994 , when the NWFP came into effect . Western Oregon had one major fire above 10,000 acres between 1952 and 1987 , reports show . The Silver Complex Fire of 1987 snapped that streak after torching more than 100,000 acres in the Kalmiopsis Wilderness area , killing rare plants and trees the federal government sought to protect from human activities .",appeal to emotion,"Zybach cảnh báo rằng kế hoạch của chính quyền Clinton về việc giữ rừng nguyên sơ không có tác động của con người sẽ dẫn đến những vụ cháy rừng kinh hoàng. Thực tế, dữ liệu cho thấy từ năm 1952 đến 1987, phía Tây Oregon chỉ có một vụ cháy lớn trên 10.000 mẫu Anh. Tuy nhiên, vụ cháy Silver Complex năm 1987 đã phá vỡ chuỗi ổn định đó khi thiêu rụi hơn 100.000 mẫu Anh tại khu vực hoang dã Kalmiopsis, tiêu diệt cả những loài thực vật quý hiếm mà chính phủ từng muốn bảo vệ bằng cách ngăn cản hoạt động của con người."
climate,"The solution is “ to get good fire on the ground and whittle down some of that fuel load , ” he told ProPublica in August .
“ It ’ s just … well … it ’ s horrible .",fallacy of credibility,"Giải pháp là phải đưa lửa vào rừng một cách chủ động để cắt giảm khối lượng nhiên liệu tích tụ. Thật sự mà nói, tình cảnh này thật kinh khủng."
climate,"I suffer from Cassandra syndrome , ” Ingalsbee said , referring to the Cassandra Syndrome , a Greek metaphor people use when they believe their valid warnings are not heeded .
“ Every year I warn people : Disaster ’ s coming . We got to change . And no one listens . And then it happens . ”",false causality,"Tôi đang mắc hội chứng Cassandra, Ingalsbee nói, ám chỉ một điển tích Hy Lạp về những người luôn đưa ra cảnh báo xác đáng nhưng không ai chịu lắng nghe. Mỗi năm tôi đều cảnh báo mọi người rằng thảm họa đang đến, chúng ta phải thay đổi, nhưng chẳng ai tin, và rồi nó cứ thế xảy ra."
climate,"The solution might be easier said than done . Nearly 20 million acres in California , or an area about the size of Maine , will need to experience controlled burns to limit catastrophic wildfires , a January study from Nature Sustainability found .",fallacy of credibility,"Giải pháp này nói dễ hơn làm. Theo một nghiên cứu của Nature Sustainability vào tháng Giêng, cần thực hiện đốt có kiểm soát trên gần 20 triệu mẫu Anh ở California, tương đương diện tích bang Maine, để hạn chế các vụ cháy rừng thảm khốc."
climate,Other researchers share his skepticism .,fallacy of credibility,Các nhà nghiên cứu khác cũng chia sẻ sự hoài nghi của ông ấy.
climate,"Zybach is not convinced . “ The lack of active land management is almost 100 percent the cause , ” he told the DCNF , noting that climate change has almost nothing to do with fire kindling gathering across the forest floors .",fallacy of credibility,"Zybach vẫn không bị thuyết phục. Ông khẳng định với DCNF rằng việc thiếu quản lý đất đai chủ động là nguyên nhân gần như 100%, và biến đổi khí hậu hầu như không liên quan gì đến việc vật liệu cháy tích tụ dưới sàn rừng."
climate,"Mass ’ s critique came as Mendocino Complex Fire was spreading across California on its way to becoming the largest wildfire in the state , engulfing more than 283,000 acres .",appeal to emotion,"Lời chỉ trích của Mass đưa ra đúng lúc đám cháy Mendocino Complex đang lan rộng khắp California, trên đà trở thành vụ cháy rừng lớn nhất lịch sử bang với hơn 283.000 mẫu Anh bị thiêu rụi."
climate,"The solution is “ to get good fire on the ground and whittle down some of that fuel load , ” he told ProPublica in August .
“ It ’ s just … well … it ’ s horrible . Horrible to see this happening when the science is so clear and has been clear for years . I suffer from Cassandra syndrome , ” Ingalsbee said , referring to the Cassandra Syndrome , a Greek metaphor people use when they believe their valid warnings are not heeded .
“ Every year I warn people : Disaster ’ s coming .",intentional,"Giải pháp là phải đưa lửa vào rừng để giảm bớt nhiên liệu tích tụ. Thật kinh khủng khi phải chứng kiến cảnh tượng này trong khi khoa học đã làm rõ mọi thứ từ nhiều năm nay. Tôi đang mắc hội chứng Cassandra, Ingalsbee chia sẻ về việc những cảnh báo của mình luôn bị phớt lờ. Mỗi năm tôi đều cảnh báo mọi người: Thảm họa đang đến."
climate,The latest Democratic Party platform compares the fight against global warming to World War II .,intentional,Cương lĩnh mới nhất của Đảng Dân chủ so sánh cuộc chiến chống biến đổi khí hậu với Thế chiến thứ II.
climate,"Until civility returns , our side can ask whether the critics are acting like the Gestapo of global warming .",ad hominem,"Chừng nào sự lịch thiệp chưa quay trở lại, phe chúng ta có quyền đặt câu hỏi liệu những kẻ chỉ trích có đang hành xử như Gestapo của phong trào chống biến đổi khí hậu hay không."
climate,There is some levity in all this charade .,intentional,Có chút buồn cười trong cái trò hề này.
climate,"And the great middle can be excused for realizing that obsessing about climate change is avoiding a frank discussion about the here-and-now problems of budget deficits , the federal debt , school choice , entitlement reform , and so on .",false dilemma,"Và những người ở phe trung lập hoàn toàn có lý khi nhận ra rằng việc cứ ám ảnh về biến đổi khí hậu chỉ là cách né tránh thảo luận thẳng thắn về những vấn đề cấp bách hiện nay như thâm hụt ngân sách, nợ công, quyền chọn trường học, cải cách phúc lợi, v.v."
climate,"Sensitivity estimates—defined as the temperature effect from the enhanced greenhouse effect—have been coming down in the peer-reviewed literature , even to the point when climate economists see a positive externality , not a negative one , from the human influence on climate . ( In technical lingo , the so-called social cost of carbon would be negative . )",intentional,"Các ước tính về độ nhạy cảm - được định nghĩa là ảnh hưởng nhiệt độ từ hiệu ứng nhà kính tăng cường - đang giảm dần trong các tài liệu chuyên môn được bình duyệt, thậm chí đến mức các nhà kinh tế khí hậu bắt đầu nhìn nhận ảnh hưởng của con người đối với khí hậu như một yếu tố ngoại lai tích cực thay vì tiêu cực. (Theo thuật ngữ chuyên môn, cái gọi là chi phí xã hội của carbon sẽ là số âm.)"
climate,"And the great middle can be excused for realizing that obsessing about climate change is avoiding a frank discussion about the here-and-now problems of budget deficits , the federal debt , school choice , entitlement reform , and so on .",false dilemma,"Và những người ở phe trung lập hoàn toàn có lý khi nhận ra rằng việc cứ ám ảnh về biến đổi khí hậu chỉ là cách né tránh thảo luận thẳng thắn về những vấn đề cấp bách hiện nay như thâm hụt ngân sách, nợ công, quyền chọn trường học, cải cách phúc lợi, v.v."
climate,"But fifty days and years later , and the earth still spins .",intentional,"Nhưng năm mươi ngày rồi nhiều năm nữa trôi qua, trái đất vẫn cứ quay thôi."
climate,Green activists are at war with the greatest American foe since the Axis Powers—or so they say .,ad hominem,Các nhà hoạt động môi trường đang tuyên chiến với kẻ thù lớn nhất của nước Mỹ kể từ thời phe Trục - hoặc ít nhất họ nói vậy.
climate,"Using terms such as `` battlefield , '' `` siege , '' and `` front , '' those opposed this `` war effort '' have been labeled anything from Nazis to Holocaust deniers . ( I personally have been called a sociopath by climate activist Joe Romm of the Center for American Progress , another story . )",ad hominem,"Sử dụng những từ ngữ như ""chiến trường"", ""vây hãm"" và ""mặt trận"", những người phản đối ""nỗ lực chiến tranh"" này đã bị gán cho đủ loại danh xưng từ Phát xít cho đến kẻ phủ nhận thảm họa Holocaust. (Cá nhân tôi còn từng bị nhà hoạt động khí hậu Joe Romm của Trung tâm Tiến bộ Mỹ gọi là kẻ chống đối xã hội, đó lại là một câu chuyện khác.)"
climate,"Equating the Third Reich with the free society ’ s fossil-fuel reliance , and charging Republicans with climate destruction , is from the theater of the absurd .",intentional,"Việc đánh đồng Đệ tam Đế chế với sự phụ thuộc vào nhiên liệu hóa thạch của một xã hội tự do, rồi buộc tội đảng Cộng hòa về sự hủy hoại khí hậu, đúng là đến từ rạp xiếc của những điều phi lý."
climate,"Using terms such as `` battlefield , '' `` siege , '' and `` front , '' those opposed this `` war effort '' have been labeled anything from Nazis to Holocaust deniers . ( I personally have been called a sociopath by climate activist Joe Romm of the Center for American Progress , another story . )",fallacy of relevance,"Việc sử dụng các thuật ngữ như 'chiến trường', 'bao vây' và 'tiền tuyến' nhắm vào những người phản đối 'nỗ lực chiến tranh' này đã khiến họ bị gán mác đủ loại, từ Đức Quốc xã cho đến những kẻ phủ nhận thảm họa Holocaust. (Bản thân tôi cũng từng bị nhà hoạt động khí hậu Joe Romm từ Trung tâm Tiến bộ Mỹ gọi là kẻ chống đối xã hội, nhưng đó là chuyện khác)."
climate,"Using terms such as `` battlefield , '' `` siege , '' and `` front , '' those opposed this `` war effort '' have been labeled anything from Nazis to Holocaust deniers . ( I personally have been called a sociopath by climate activist Joe Romm of the Center for American Progress , another story . )",ad hominem,"Việc sử dụng các thuật ngữ như 'chiến trường', 'bao vây' và 'tiền tuyến' nhắm vào những người phản đối 'nỗ lực chiến tranh' này đã khiến họ bị gán mác đủ loại, từ Đức Quốc xã cho đến những kẻ phủ nhận thảm họa Holocaust. (Bản thân tôi cũng từng bị nhà hoạt động khí hậu Joe Romm từ Trung tâm Tiến bộ Mỹ gọi là kẻ chống đối xã hội, nhưng đó là chuyện khác)."
climate,"Using terms such as `` battlefield , '' `` siege , '' and `` front , '' those opposed this `` war effort '' have been labeled anything from Nazis to Holocaust deniers . ( I personally have been called a sociopath by climate activist Joe Romm of the Center for American Progress , another story . )",intentional,"Việc sử dụng các thuật ngữ như 'chiến trường', 'bao vây' và 'tiền tuyến' nhắm vào những người phản đối 'nỗ lực chiến tranh' này đã khiến họ bị gán mác đủ loại, từ Đức Quốc xã cho đến những kẻ phủ nhận thảm họa Holocaust. (Bản thân tôi cũng từng bị nhà hoạt động khí hậu Joe Romm từ Trung tâm Tiến bộ Mỹ gọi là kẻ chống đối xã hội, nhưng đó là chuyện khác)."
climate,Don ’ t “ vote for climate catastrophe ” warned a Washington Post editorialist . “,intentional,"Đừng 'bỏ phiếu cho thảm họa khí hậu', một biên tập viên của tờ Washington Post đã cảnh báo."
climate,Americans care greatly about the future ; to say otherwise is to deny their very humanity .,false dilemma,Người Mỹ rất quan tâm đến tương lai; nói ngược lại chính là phủ nhận nhân tính của họ.
climate,"Equating the Third Reich with the free society ’ s fossil-fuel reliance , and charging Republicans with climate destruction , is from the theater of the absurd .",ad hominem,"Việc đánh đồng Đế chế thứ ba với sự phụ thuộc vào nhiên liệu hóa thạch của xã hội tự do, và cáo buộc Đảng Cộng hòa hủy hoại khí hậu, đúng là trò lố bịch."
climate,"Equating the Third Reich with the free society ’ s fossil-fuel reliance , and charging Republicans with climate destruction , is from the theater of the absurd .",fallacy of extension,"Việc đánh đồng Đế chế thứ ba với sự phụ thuộc vào nhiên liệu hóa thạch của xã hội tự do, và cáo buộc Đảng Cộng hòa hủy hoại khí hậu, đúng là trò lố bịch."
climate,"And the great middle can be excused for realizing that obsessing about climate change is avoiding a frank discussion about the here-and-now problems of budget deficits , the federal debt , school choice , entitlement reform , and so on .",fallacy of logic,"Và cũng dễ hiểu khi tầng lớp trung lưu nhận ra rằng việc cứ ám ảnh về biến đổi khí hậu chỉ là cách né tránh thảo luận thẳng thắn về những vấn đề cấp bách hiện tại như thâm hụt ngân sách, nợ công, quyền lựa chọn trường học, cải cách phúc lợi, v.v."
climate,Perhaps there is good news in the ugliness of desperate activists who are trying to get their issue out front .,ad hominem,Có lẽ sự xấu xí của những nhà hoạt động đang tuyệt vọng tìm cách đẩy vấn đề của họ lên hàng đầu lại chính là tin tốt.
climate,"Not only do polls suggest the public is unmoved at home and in abroad , serial exaggeration at this point is arguably backfiring , confirming the perils of climate exaggeration .",ad populum,"Không chỉ các cuộc thăm dò cho thấy công chúng chẳng mảy may lay chuyển cả ở trong nước lẫn quốc tế, mà việc phóng đại liên tục vào lúc này đang phản tác dụng, minh chứng cho những rủi ro của việc cường điệu hóa vấn đề khí hậu."
climate,"Yet their dismal track record seems to lead to only more drama and hyperbole , not humility and open-mindedness .",ad hominem,"Dù hồ sơ thành tích tệ hại như vậy, họ dường như chỉ nhận lại thêm những kịch tính và phóng đại, chứ chẳng hề có chút khiêm tốn hay cởi mở nào."
climate,"Back in 2006 , Al Gore prophesied that unless the world dramatically reduced greenhouse gasses , we would hit a `` point of no return . '' And in his book review of Gore ’ s book and movie from that year , An Inconvenient Truth , scientist James Hansen unequivocally stated : “ We have at most ten years—not ten years to decide upon action , but ten years to alter fundamentally the trajectory of global greenhouse emissions . ” Time is up on Gore ’ s “ point of no return ” and Hansen ’ s “ critical tipping point. ”",intentional,"Quay lại năm 2006, Al Gore từng tiên tri rằng trừ khi thế giới giảm mạnh khí nhà kính, nếu không chúng ta sẽ chạm đến ""điểm không thể quay đầu"". Trong bài đánh giá về cuốn sách và bộ phim ""An Inconvenient Truth"" của Gore năm đó, nhà khoa học James Hansen cũng tuyên bố chắc nịch: ""Chúng ta chỉ còn tối đa mười năm—không phải mười năm để cân nhắc hành động, mà là mười năm để thay đổi hoàn toàn quỹ đạo phát thải khí nhà kính toàn cầu"". Thời hạn cho ""điểm không thể quay đầu"" của Gore và ""điểm tới hạn nguy cấp"" của Hansen đã hết rồi."
climate,Time is up on Gore ’ s “ point of no return ” and Hansen ’ s “ critical tipping point. ”,fallacy of logic,"Thời hạn cho ""điểm không thể quay đầu"" của Gore và ""điểm tới hạn nguy cấp"" của Hansen đã hết rồi."
climate,"Rajendra Pachauri , while head of a United Nations climate panel , pleaded that without drastic action before 2012 , it would be too late to save the planet . Back in the late 1980s , the UN claimed that if global warming were not checked by 2000 , rising sea levels would wash entire counties away . Four years ago , Peter Wadhams , professor of ocean physics at the University of Cambridge , predicted “ global disaster ” from the demise of Arctic sea ice—in four years . He too , is eating crow . There is some levity in all this charade . In 2009 , then-British Prime Minister Gordon Brown predicted that the world had only 50 days to save the planet from global warming . But fifty days and years later , and the earth still spins .",intentional,"Rajendra Pachauri, khi còn đứng đầu hội đồng khí hậu của Liên Hợp Quốc, đã khẩn thiết rằng nếu không hành động quyết liệt trước năm 2012 thì sẽ quá muộn để cứu lấy hành tinh. Từ cuối những năm 1980, LHQ đã khẳng định nếu không kiểm soát sự nóng lên toàn cầu trước năm 2000, mực nước biển dâng sẽ cuốn trôi cả những quốc gia. Bốn năm trước, Peter Wadhams, giáo sư vật lý đại dương tại Đại học Cambridge, đã tiên đoán về một ""thảm họa toàn cầu"" do sự biến mất của băng biển Bắc Cực—trong vòng bốn năm. Giờ thì ông ta cũng phải muối mặt thừa nhận mình sai rồi. Có chút hài hước trong trò hề này: năm 2009, Thủ tướng Anh khi đó là Gordon Brown tuyên bố thế giới chỉ còn 50 ngày để cứu lấy hành tinh khỏi sự nóng lên toàn cầu. Nhưng năm mươi ngày, rồi nhiều năm trôi qua, trái đất vẫn xoay tròn như thế."
climate,"He too , is eating crow .",ad hominem,Giờ thì ông ta cũng phải muối mặt thừa nhận mình sai rồi.
climate,Physical science has turned into profit-maximizing political science .,ad hominem,Khoa học vật lý đã biến chất thành khoa học chính trị nhằm tối đa hóa lợi nhuận.
climate,"Can climate research get back on track ? Can the “ uncertainty monster ” in climate research , and particularly climate modeling , be acknowledged ? Can such study overcome the Malthusian bias ( change is bad ; mankind is at fault ) to achieve impartiality ? Can the federal role in climate research be scaled back to improve incentives and quality ?",intentional,"Liệu nghiên cứu khí hậu có thể quay lại đúng quỹ đạo? Liệu ""con quái vật bất định"" trong nghiên cứu khí hậu, đặc biệt là trong các mô hình khí hậu, có thể được thừa nhận? Liệu các nghiên cứu như thế có thể vượt qua định kiến Malthusian (rằng thay đổi là xấu; loài người có lỗi) để đạt tới sự khách quan? Liệu vai trò của chính phủ trong nghiên cứu khí hậu có thể được thu hẹp để cải thiện động lực và chất lượng hay không?"
climate,"Sensitivity estimates—defined as the temperature effect from the enhanced greenhouse effect—have been coming down in the peer-reviewed literature , even to the point when climate economists see a positive externality , not a negative one , from the human influence on climate . ( In technical lingo , the so-called social cost of carbon would be negative . )",faulty generalization,"Các ước tính về độ nhạy cảm—được định nghĩa là tác động nhiệt độ từ hiệu ứng nhà kính gia tăng—đang ngày càng giảm trong các tài liệu bình duyệt, thậm chí đến mức các nhà kinh tế học khí hậu nhìn thấy một ngoại ứng tích cực, chứ không phải tiêu cực, từ ảnh hưởng của con người đối với khí hậu. (Trong thuật ngữ chuyên môn, cái gọi là chi phí xã hội của carbon sẽ là số âm.)"
climate,"“ Fossil fuels don ’ t take a clean environment and make it dirty , ” noted Alex Epstein , `` they take a dirty environment and make it clean. ” Fossil fuels , he adds , “ don ’ t take a safe climate and make it dangerous , they take a dangerous climate and make it safe . ”",circular reasoning,"Alex Epstein từng lưu ý: ""Nhiên liệu hóa thạch không làm môi trường sạch trở nên bẩn thỉu, chúng lấy một môi trường bẩn thỉu và làm cho nó sạch hơn"". Ông ấy nói thêm, nhiên liệu hóa thạch ""không biến một khí hậu an toàn trở nên nguy hiểm, chúng lấy một khí hậu nguy hiểm và làm cho nó an toàn hơn""."
climate,"The new research shows that without meat and dairy consumption , global farmland use could be reduced by more than 75 % – an area equivalent to the US , China , European Union and Australia combined – and still feed the world .",intentional,"Nghiên cứu mới cho thấy nếu không tiêu thụ thịt và các sản phẩm từ sữa, diện tích đất nông nghiệp toàn cầu có thể giảm hơn 75%—tương đương với tổng diện tích của Mỹ, Trung Quốc, Liên minh Châu Âu và Úc cộng lại—mà vẫn đủ để nuôi sống cả thế giới."
climate,"Avoiding meat and dairy products is the single biggest way to reduce your environmental impact on the planet , according to the scientists behind the most comprehensive analysis to date of the damage farming does to the planet .",fallacy of credibility,"Theo phân tích toàn diện nhất từ trước đến nay về tác động của nông nghiệp lên hành tinh, cắt giảm thịt và các sản phẩm từ sữa là cách hiệu quả nhất để giảm thiểu dấu chân sinh thái của mỗi cá nhân."
climate,The solution requires political courage .,appeal to emotion,Giải pháp này đòi hỏi sự dũng cảm về mặt chính trị.
climate,Global human emissions are only 3 per cent of total annual emissions . It has never been shown that human emissions of carbon dioxide drive global warming .,faulty generalization,Lượng khí thải từ con người chỉ chiếm 3% tổng lượng khí thải hàng năm. Chưa từng có bằng chứng nào cho thấy khí CO2 do con người tạo ra là nguyên nhân gây ra sự nóng lên toàn cầu.
climate,Global human emissions are only 3 per cent of total annual emissions . It has never been shown that human emissions of carbon dioxide drive global warming .,fallacy of logic,Lượng khí thải từ con người chỉ chiếm 3% tổng lượng khí thải hàng năm. Chưa từng có bằng chứng nào cho thấy khí CO2 do con người tạo ra là nguyên nhân gây ra sự nóng lên toàn cầu.
climate,"If it were shown , it would also have to be shown that the 97 per cent of emissions from natural processes such as ocean degassing , volcanoes , natural chemical reactions and exhalation don ’ t drive global warming .",fallacy of logic,"Nếu điều đó được chứng minh, thì cũng phải chứng minh được rằng 97% lượng khí thải từ các quá trình tự nhiên như giải phóng khí từ đại dương, núi lửa, các phản ứng hóa học tự nhiên và hơi thở sinh vật không gây ra sự nóng lên toàn cầu."
climate,"In the geological past , Earth ’ s atmosphere had hundreds of times the CO2 content of the modern atmosphere yet there were no carbon dioxide-driven catastrophes .",fallacy of credibility,"Trong quá khứ địa chất, khí quyển Trái Đất có hàm lượng CO2 cao gấp hàng trăm lần hiện nay nhưng chẳng hề xảy ra thảm họa nào do CO2 gây ra cả."
climate,"Without correlation , there can be no causation .",fallacy of logic,Không có tương quan thì làm sao có quan hệ nhân quả được.
climate,You couldn ’ t make it up if you tried .,intentional,Bạn có muốn bịa đặt cũng không thể làm cho nó hợp lý hơn được.
climate,"In the geological past , Earth ’ s atmosphere had hundreds of times the CO2 content of the modern atmosphere yet there were no carbon dioxide-driven catastrophes .",equivocation,"Trong quá khứ địa chất, khí quyển Trái Đất có hàm lượng CO2 cao gấp hàng trăm lần hiện nay nhưng chẳng hề xảy ra thảm họa nào do CO2 gây ra cả."
climate,"Ice core drilling shows that 800 years after natural warming , the atmosphere increases in carbon dioxide . The zenith of the Little Ice Age was 300 years ago and since then we have slightly warmed and cooled during a long-term warming trend . Instrumental temperature measurements over the past 150 years show no correlation between human emissions of CO2 and ­temperature . On all timescales it can be shown that there is no correlation between CO2 emissions and global warming .",intentional,"Dữ liệu khoan lõi băng cho thấy 800 năm sau khi trái đất ấm lên tự nhiên, nồng độ CO2 trong khí quyển mới tăng theo. Đỉnh điểm của Kỷ băng hà nhỏ là 300 năm trước, kể từ đó chúng ta đã trải qua các đợt nóng lên và lạnh đi nhẹ trong một xu hướng nóng lên dài hạn. Các số liệu đo đạc nhiệt độ trong 150 năm qua cho thấy không có sự tương quan nào giữa khí thải CO2 của con người và nhiệt độ. Xét trên mọi thang thời gian, có thể thấy rõ ràng là không có sự tương quan nào giữa khí thải CO2 và sự nóng lên toàn cầu."
climate,"No genuine environmentalist could honestly support subsidised wind turbines that despoil the scenery , slice and dice birds and bats , damage human health and spread toxins .",intentional,"Chẳng có nhà bảo vệ môi trường chân chính nào lại đi ủng hộ các dự án tua-bin gió được trợ giá, vốn đang phá hoại cảnh quan, cắt nát chim chóc và dơi, gây hại cho sức khỏe con người và phát tán chất độc."
climate,"No genuine environmentalist could honestly support subsidised wind turbines that despoil the scenery , slice and dice birds and bats , damage human health and spread toxins .",appeal to emotion,"Chẳng có nhà bảo vệ môi trường chân chính nào lại đi ủng hộ các dự án tua-bin gió được trợ giá, vốn đang phá hoại cảnh quan, cắt nát chim chóc và dơi, gây hại cho sức khỏe con người và phát tán chất độc."
climate,"Unless the laws of physics are changed , solar power can not be made more efficient .",intentional,"Trừ khi định luật vật lý thay đổi, nếu không thì năng lượng mặt trời không thể nào hiệu quả hơn được nữa."
climate,"Ice core drilling shows that 800 years after natural warming , the atmosphere increases in carbon dioxide . The zenith of the Little Ice Age was 300 years ago and since then we have slightly warmed and cooled during a long-term warming trend . Instrumental temperature measurements over the past 150 years show no correlation between human emissions of CO2 and ­temperature . On all timescales it can be shown that there is no correlation between CO2 emissions and global warming .",fallacy of logic,"Các mẫu lõi băng cho thấy 800 năm sau khi quá trình ấm lên tự nhiên diễn ra, nồng độ CO2 trong khí quyển mới tăng lên. Đỉnh điểm của Kỷ băng hà nhỏ là 300 năm trước, và từ đó đến nay chúng ta đã trải qua những đợt nóng lạnh xen kẽ trong một xu hướng ấm lên dài hạn. Các số liệu đo đạc nhiệt độ trong 150 năm qua cho thấy không có sự tương quan nào giữa khí thải CO2 do con người gây ra và nhiệt độ. Trên mọi thang thời gian, có thể thấy rõ chẳng có mối liên hệ nào giữa khí thải CO2 và hiện tượng nóng lên toàn cầu."
climate,"In the corporate world , if a loss is “ homo­genised ” to a profit , it is fraud .",fallacy of logic,"Trong thế giới doanh nghiệp, nếu một khoản lỗ được 'xào nấu' thành lợi nhuận thì đó chính là lừa đảo."
climate,This is not environmentalism .,intentional,Đây không phải là bảo vệ môi trường.
climate,"It is power over people by unelected activists , often ­funded from outside Australia .",fallacy of relevance,"Đây là việc các nhà hoạt động không qua bầu cử, thường được tài trợ từ bên ngoài nước Úc, đang cố gắng nắm quyền kiểm soát người dân."
climate,Solar facilities result in the clearing and environmental degradation of huge acreages and depositing of toxins .,fallacy of logic,"Các cơ sở năng lượng mặt trời dẫn đến việc san phẳng, hủy hoại môi trường trên diện tích rộng lớn và tích tụ chất độc."
climate,No wonder Spain went broke .,false causality,Chẳng trách tại sao Tây Ban Nha lại khánh kiệt.
climate,"The subsidies for wind and solar power and the must-take mandate have attracted all sorts of dodgy enterprises , lickspittles and carpetbaggers to the renewable energy honey pot .",ad hominem,"Các khoản trợ giá cho năng lượng gió và mặt trời cùng các yêu cầu bắt buộc thu mua đã thu hút đủ loại doanh nghiệp gian dối, lũ nịnh hót và kẻ cơ hội đổ xô vào hũ mật năng lượng tái tạo."
climate,"The National Energy Market was the nail in the coffin and , after 40 years of falling electricity costs and a reliable grid , Australia now has energy poverty and destruction of businesses . Electricity is not a luxury ; it is a necessity for any civilised society .",false causality,"Thị trường Năng lượng Quốc gia chính là dấu chấm hết, sau 40 năm giá điện giảm và lưới điện ổn định, nước Úc giờ đây đối mặt với tình trạng nghèo năng lượng và sự lụi bại của các doanh nghiệp. Điện không phải là hàng xa xỉ, đó là nhu cầu thiết yếu cho bất kỳ xã hội văn minh nào."
climate,Electricity is not a luxury ; it is a necessity for any civilised society .,fallacy of relevance,"Điện không phải là hàng xa xỉ, đó là nhu cầu thiết yếu cho bất kỳ xã hội văn minh nào."
climate,"As soon as the words emissions , climate change and Paris are used , you know you are being conned and that the world ’ s biggest scam will continue .",intentional,"Ngay khi những từ như khí thải, biến đổi khí hậu hay Hiệp định Paris được thốt ra, bạn biết thừa mình đang bị lừa và cú lừa lớn nhất thế giới này sẽ vẫn tiếp diễn."
climate,"As soon as the words emissions , climate change and Paris are used , you know you are being conned and that the world ’ s biggest scam will continue .",ad hominem,"Ngay khi những từ như khí thải, biến đổi khí hậu hay Hiệp định Paris được thốt ra, bạn biết thừa mình đang bị lừa và cú lừa lớn nhất thế giới này sẽ vẫn tiếp diễn."
climate,"I fear there will be years of ­increasing pain before there is enough political courage to bring Australia to what it had in the past : cheap , reliable employment-generating electricity .",fallacy of credibility,"Tôi e rằng sẽ còn nhiều năm chịu đựng nỗi đau tăng dần trước khi có đủ bản lĩnh chính trị để đưa nước Úc trở về thời kỳ huy hoàng trong quá khứ: nguồn điện giá rẻ, ổn định và tạo ra việc làm."
climate,Global human emissions are only 3 per cent of total annual emissions .,intentional,Lượng khí thải của con người trên toàn cầu chỉ chiếm vỏn vẹn 3% tổng lượng khí thải hàng năm.
climate,It has never been shown that human emissions of carbon dioxide drive global warming .,intentional,Chưa bao giờ có bằng chứng cho thấy khí thải carbon dioxide do con người tạo ra là nguyên nhân gây ra sự nóng lên toàn cầu.
climate,"In the geological past , Earth ’ s atmosphere had hundreds of times the CO2 content of the modern atmosphere yet there were no carbon dioxide-driven catastrophes .",fallacy of relevance,"Trong quá khứ địa chất, bầu khí quyển Trái đất từng có nồng độ CO2 cao gấp hàng trăm lần so với hiện tại nhưng chẳng có thảm họa nào do carbon dioxide gây ra cả."
climate,"In the geological past , Earth ’ s atmosphere had hundreds of times the CO2 content of the modern atmosphere yet there were no carbon dioxide-driven catastrophes .",intentional,"Trong quá khứ địa chất, bầu khí quyển Trái đất từng có nồng độ CO2 cao gấp hàng trăm lần so với hiện tại nhưng chẳng có thảm họa nào do carbon dioxide gây ra cả."
climate,"The past shows that climate change is normal , that warmer times and more atmospheric carbon dioxide have driven biodiversity and that cold times kill .",fallacy of credibility,"Lịch sử cho thấy biến đổi khí hậu là điều bình thường, những thời kỳ ấm áp và nhiều carbon dioxide hơn đã thúc đẩy đa dạng sinh học, trong khi thời kỳ lạnh giá chỉ mang lại sự chết chóc."
climate,"The past shows that climate change is normal , that warmer times and more atmospheric carbon dioxide have driven biodiversity and that cold times kill .",intentional,"Lịch sử cho thấy biến đổi khí hậu là chuyện bình thường, rằng thời tiết ấm hơn và nồng độ CO2 cao hơn từng thúc đẩy đa dạng sinh học, còn các thời kỳ lạnh giá chỉ mang lại sự diệt vong."
climate,Instrumental temperature measurements over the past 150 years show no correlation between human emissions of CO2 and ­temperature . On all timescales it can be shown that there is no correlation between CO2 emissions and global warming .,intentional,"Các số liệu đo đạc nhiệt độ trong 150 năm qua cho thấy chẳng có mối liên hệ nào giữa lượng khí thải CO2 của con người và nhiệt độ cả. Ở mọi thang đo thời gian, đều có thể chứng minh rằng không có tương quan giữa khí thải CO2 và sự nóng lên toàn cầu."
climate,On all timescales it can be shown that there is no correlation between CO2 emissions and global warming .,intentional,"Ở mọi thang đo thời gian, đều có thể chứng minh rằng không có tương quan giữa khí thải CO2 và sự nóng lên toàn cầu."
climate,"Without correlation , there can be no causation .",intentional,Không có tương quan thì làm sao có thể có nhân quả được.
climate,"Australia remains the only G20 country with no nuclear power yet has 30 per cent of the planet ’ s in-ground uranium , mainly in South Australia .",intentional,"Úc là quốc gia G20 duy nhất không sử dụng năng lượng hạt nhân, dù sở hữu tới 30% trữ lượng urani trong lòng đất của cả hành tinh, tập trung chủ yếu ở Nam Úc."
climate,Construction and maintenance of wind and solar facilities ­release far more carbon dioxide than they are meant to save over their working lives and they need to be sup­ported 24/7 by coal-fired generators .,intentional,"Việc xây dựng và bảo trì các cơ sở năng lượng gió và mặt trời thải ra lượng CO2 lớn hơn nhiều so với lượng mà chúng tiết kiệm được trong suốt vòng đời, chưa kể chúng luôn cần các nhà máy nhiệt điện than hỗ trợ 24/7."
climate,"Australia ’ s signed a suicide note yet didn ’ t seem to notice that China , India , Indonesia and the US did not commit to reducing their large carbon dioxide emissions .",intentional,"Úc đã tự ký vào án tử của mình mà không hề nhận ra rằng Trung Quốc, Ấn Độ, Indonesia và Mỹ đều chẳng cam kết cắt giảm lượng khí thải CO2 khổng lồ của họ."
climate,Australia ’ s energy policy is based on the fallacious assumption that human emissions of CO2 drive global warming .,intentional,Chính sách năng lượng của Úc dựa trên một giả định sai lầm rằng khí thải CO2 của con người chính là nguyên nhân gây ra sự nóng lên toàn cầu.
climate,"The grasslands , crops , forests and territorial waters of Australia absorb more carbon dioxide than Australia emits . Australia should demand the Paris Accord shell out some of the billions sloshing around in the climate business .",intentional,"Đồng cỏ, cây trồng, rừng và lãnh hải của Úc hấp thụ lượng CO2 nhiều hơn cả mức Úc thải ra. Úc nên đòi hỏi Hiệp định Paris phải chi trả một phần trong số hàng tỷ đô đang luân chuyển trong cái ngành kinh doanh khí hậu này."
climate,Cooling trends have been “ homogenised ” to warming trends .,intentional,Các xu hướng làm mát đã bị “đồng nhất hóa” thành các xu hướng làm ấm.
climate,"No genuine environmentalist could honestly support subsidised wind turbines that despoil the scenery , slice and dice birds and bats , damage human health and spread toxins .",fallacy of extension,"Không một nhà bảo vệ môi trường chân chính nào có thể thật lòng ủng hộ điện gió được trợ giá, thứ vốn đang tàn phá cảnh quan, cắt vụn chim chóc và dơi, gây hại cho sức khỏe con người và phát tán độc tố."
climate,"As soon as the words emissions , climate change and Paris are used , you know you are being conned and that the world ’ s biggest scam will continue .",ad hominem,"Ngay khi những từ như khí thải, biến đổi khí hậu và Hiệp định Paris được nhắc tới, bạn biết thừa là mình đang bị lừa và cú lừa lớn nhất thế giới này sẽ còn tiếp diễn."
climate,"Unless the laws of physics are changed , solar power can not be made more efficient .",fallacy of extension,"Trừ khi các định luật vật lý thay đổi, còn không thì năng lượng mặt trời chẳng thể nào hiệu quả hơn được đâu."
climate,"Worst-case global heating scenarios may need to be revised upwards in light of a better understanding of the role of clouds , scientists have said .",fallacy of credibility,"Các nhà khoa học cho biết, các kịch bản nóng lên toàn cầu tồi tệ nhất có thể cần được điều chỉnh tăng lên khi chúng ta hiểu rõ hơn về vai trò của những đám mây."
climate,"Recent modelling data suggests the climate is considerably more sensitive to carbon emissions than previously believed , and experts said the projections had the potential to be “ incredibly alarming ” , though they stressed further research would be needed to validate the new numbers .",faulty generalization,"Dữ liệu mô hình gần đây cho thấy khí hậu nhạy cảm với khí thải carbon hơn nhiều so với dự đoán trước đó, và các chuyên gia nhận định rằng những dự báo này có khả năng gây ra sự báo động đáng kinh ngạc, mặc dù họ cũng nhấn mạnh cần nghiên cứu thêm để kiểm chứng những con số mới này."
climate,"Compared with the last assessment in 2014 , 25 % of them show a sharp upward shift from 3C to 5C in climate sensitivity – the amount of warming projected from a doubling of atmospheric carbon dioxide from the preindustrial level of 280 parts per million .",intentional,"So với đánh giá gần nhất vào năm 2014, 25% các mô hình cho thấy bước nhảy vọt từ 3 độ C lên 5 độ C về độ nhạy cảm khí hậu – tức mức tăng nhiệt dự kiến khi nồng độ carbon dioxide trong khí quyển tăng gấp đôi so với mức 280 phần triệu thời tiền công nghiệp."
climate,"Now , we are suddenly starting to see big climate models on the best supercomputers showing things could be worse than we thought . ”",faulty generalization,"Hiện tại, chúng ta bắt đầu thấy những mô hình khí hậu lớn trên các siêu máy tính hiện đại nhất cho thấy mọi thứ có thể tồi tệ hơn chúng ta tưởng."
climate,"Compared with the last assessment in 2014 , 25 % of them show a sharp upward shift from 3C to 5C in climate sensitivity – the amount of warming projected from a doubling of atmospheric carbon dioxide from the preindustrial level of 280 parts per million .",intentional,"So với đánh giá gần nhất vào năm 2014, 25% các mô hình cho thấy bước nhảy vọt từ 3 độ C lên 5 độ C về độ nhạy cảm khí hậu – tức mức tăng nhiệt dự kiến khi nồng độ carbon dioxide trong khí quyển tăng gấp đôi so với mức 280 phần triệu thời tiền công nghiệp."
climate,"“ Clouds will determine humanity ’ s fate – whether climate is an existential threat or an inconvenience that we will learn to live with , ” said Palmer . “ Most recent models suggest clouds will make matters worse . ”",faulty generalization,Palmer cho biết: Mây sẽ định đoạt vận mệnh nhân loại – liệu biến đổi khí hậu là mối đe dọa sống còn hay chỉ là một sự bất tiện mà chúng ta sẽ học cách sống chung. Hầu hết các mô hình gần đây đều cho thấy mây sẽ làm mọi thứ tồi tệ hơn.
climate,"Recent modelling data suggests the climate is considerably more sensitive to carbon emissions than previously believed , and experts said the projections had the potential to be “ incredibly alarming ” , though they stressed further research would be needed to validate the new numbers .",intentional,"Dữ liệu mô hình gần đây cho thấy khí hậu nhạy cảm với khí thải carbon hơn nhiều so với dự đoán trước đó, và các chuyên gia nhận định rằng những dự báo này có khả năng gây ra sự báo động đáng kinh ngạc, mặc dù họ cũng nhấn mạnh cần nghiên cứu thêm để kiểm chứng những con số mới này."
climate,"Worst-case projections in excess of 5C have been generated by several of the world ’ s leading climate research bodies , including the UK Met Office ’ s Hadley Centre and the EU ’ s Community Earth System Model .",intentional,"Các kịch bản tồi tệ nhất với mức tăng trên 5 độ C đã được đưa ra bởi nhiều cơ quan nghiên cứu khí hậu hàng đầu thế giới, bao gồm Trung tâm Hadley của Văn phòng Khí tượng Anh và Mô hình Hệ thống Trái đất Cộng đồng của EU."
climate,"People asked whether there was a bug in the code , ” he said . “ But it boiled down to relatively small changes in the way clouds are represented in the models . ”",appeal to emotion,Ông ấy nói: 'Mọi người đã tự hỏi liệu có lỗi trong mã lập trình hay không. Nhưng hóa ra tất cả chỉ nằm ở những thay đổi tương đối nhỏ trong cách thể hiện các đám mây trong mô hình'.
climate,"“ The more we learn , the more fragile the Earth system seems to be and the faster we need to move , ” he said . “",fallacy of logic,Ông ấy nói: 'Chúng ta càng tìm hiểu thì hệ thống Trái đất càng trở nên mong manh và chúng ta càng cần phải hành động nhanh chóng hơn'.
climate,You can say this for bleeding-heart liberals : They certainly have a flair for the ironic .,ad hominem,Bạn phải thừa nhận điều này ở những kẻ cánh tả ủy mị: Họ quả thực có khiếu mỉa mai.
climate,An expedition designed to gather evidence of global warming and “ climate change ” in the Arctic was canceled last month after a humiliating discovery was made :,intentional,Một chuyến thám hiểm nhằm thu thập bằng chứng về sự nóng lên toàn cầu và 'biến đổi khí hậu' tại Bắc Cực đã bị hủy vào tháng trước sau một phát hiện muối mặt:
climate,There was so much ice in the Arctic that the icebreaker it was going to use was needed elsewhere .,false dilemma,Có quá nhiều băng ở Bắc Cực đến mức con tàu phá băng dự định sử dụng cho chuyến đi lại cần phải điều động đi nơi khác.
climate,"It ’ s the return of left-leaning scientists ’ famous nemesis , “ Reality. ”",ad hominem,Sự trở lại của kẻ thù không đội trời chung nổi tiếng của các nhà khoa học cánh tả: 'Thực tế'.
climate,"“ There was the Ship of Fools expedition in which an Australian climate researcher called Chris Turkey had to call an expedition to the melting Antarctic after his ship got stuck in the ice , ” recalled Breitbart News contributor James Delingpole .",equivocation,"James Delingpole, cộng tác viên của Breitbart News, nhớ lại: 'Đã có chuyến thám hiểm Ship of Fools, nơi một nhà nghiên cứu khí hậu người Úc tên là Chris Turkey phải hủy chuyến đi đến Nam Cực đang tan băng sau khi tàu của ông ta bị mắc kẹt trong băng'."
climate,"“ The Caitlin Expedition – supported by the Prince of Wales – in which Pen Haddow and his team had to abandon their trip to the North Pole because it was colder than they ’ d expected , ” he continued .",ad hominem,Ông ấy tiếp tục: 'Rồi chuyến thám hiểm Caitlin – được Thái tử xứ Wales ủng hộ – nơi Pen Haddow và đội của ông ta phải bỏ dở chuyến đi đến Bắc Cực vì trời lạnh hơn dự kiến'.
climate,Have you noticed a trend ?,ad hominem,Bạn đã nhận ra xu hướng này chưa?
climate,"Recognizing that skepticism and asking challenging questions are part of good science , yet climate change radicals have made their politically fueled narrative more important than the truth .",fallacy of extension,"Dù thừa nhận hoài nghi và đặt câu hỏi phản biện là một phần của khoa học chân chính, nhưng những kẻ cực đoan về biến đổi khí hậu đã đặt cái lý lẽ chính trị hóa của họ lên trên cả sự thật."
climate,"The problem with the proponents of man-made climate change theories isn ’ t that they might be wrong . The real issue is the arrogance and zealotry found in people who see science not as an ongoing process , but as a religion .",fallacy of extension,"Vấn đề của những người ủng hộ lý thuyết biến đổi khí hậu do con người gây ra không nằm ở chỗ họ có thể sai. Vấn đề thực sự nằm ở sự kiêu ngạo và cuồng tín của những kẻ coi khoa học không phải là một quá trình liên tục, mà là một tôn giáo."
climate,You can say this for bleeding-heart liberals : They certainly have a flair for the ironic .,ad hominem,Bạn phải công nhận điểm này ở đám cánh tả ủy mị: Họ cực kỳ có khiếu trong việc tạo ra những tình huống trớ trêu.
climate,An expedition designed to gather evidence of global warming and “ climate change ” in the Arctic was canceled last month after a humiliating discovery was made : There was so much ice in the Arctic that the icebreaker it was going to use was needed elsewhere .,fallacy of extension,"Một chuyến thám hiểm nhằm thu thập bằng chứng về sự nóng lên toàn cầu và ""biến đổi khí hậu"" ở Bắc Cực đã phải hủy bỏ vào tháng trước sau một phát hiện muối mặt: Bắc Cực nhiều băng đến mức con tàu phá băng dự định sử dụng phải được điều động đi nơi khác."
climate,"It ’ s the return of left-leaning scientists ’ famous nemesis , “ Reality. ”",fallacy of relevance,"Sự trở lại của một ""kẻ thù"" không đội trời chung với các nhà khoa học cánh tả, đó chính là ""Thực tế""."
climate,"“ There was the Ship of Fools expedition in which an Australian climate researcher called Chris Turkey had to call an expedition to the melting Antarctic after his ship got stuck in the ice , ” recalled Breitbart News contributor James Delingpole .",fallacy of logic,"Cây bút James Delingpole của Breitbart News từng nhắc lại: ""Đã có chuyến thám hiểm 'Con tàu của những kẻ khờ' nơi một nhà nghiên cứu khí hậu người Úc tên Chris Turkey phải gọi cứu viện cho chuyến thám hiểm đến Nam Cực đang tan chảy sau khi tàu của ông ta bị kẹt cứng trong băng."""
climate,"The real issue is the arrogance and zealotry found in people who see science not as an ongoing process , but as a religion .",ad hominem,"Vấn đề thực sự nằm ở sự kiêu ngạo và cuồng tín của những kẻ coi khoa học không phải là một quá trình liên tục, mà là một tôn giáo."
climate,"The simple fact is , humans know very little about the climate cycles of our world .",fallacy of logic,"Sự thật đơn giản là, con người hiểu biết rất ít về các chu kỳ khí hậu của thế giới chúng ta."
climate,"Recognizing that skepticism and asking challenging questions are part of good science , yet climate change radicals have made their politically fueled narrative more important than the truth .",ad hominem,"Dù thừa nhận hoài nghi và đặt câu hỏi phản biện là một phần của khoa học chân chính, nhưng những kẻ cực đoan về biến đổi khí hậu đã đặt cái lý lẽ chính trị hóa của họ lên trên cả sự thật."
climate,It looks like the Arctic Ocean missed the memo and isn ’ t playing along with the liberal talking points .,circular reasoning,"Có vẻ như Bắc Băng Dương đã không nhận được ""bản ghi nhớ"" và chẳng thèm chơi theo kịch bản của phe cánh tả."
climate,It looks like the Arctic Ocean missed the memo and isn ’ t playing along with the liberal talking points .,ad hominem,Có vẻ như Bắc Băng Dương không nhận được thông báo nên chẳng thèm hùa theo mấy luận điệu của phe cấp tiến đâu.
climate,"If your anxiety about global warming is dominated by fears of sea-level rise , you are barely scratching the surface of what terrors are possible , even within the lifetime of a teenager today .",appeal to emotion,"Nếu nỗi lo của bạn về sự nóng lên toàn cầu chỉ dừng lại ở mực nước biển dâng, thì bạn mới chỉ chạm tới bề nổi của những viễn cảnh kinh hoàng có thể xảy ra ngay trong cuộc đời của một thanh thiếu niên hiện nay thôi."
climate,"When it thaws and is released , that carbon may evaporate as methane , which is 34 times as powerful a greenhouse-gas warming blanket as carbon dioxide when judged on the timescale of a century ; when judged on the timescale of two decades , it is 86 times as powerful .",false dilemma,"Khi băng tan và giải phóng ra ngoài, carbon đó có thể bay hơi dưới dạng methane, loại khí có khả năng giữ nhiệt mạnh gấp 34 lần so với carbon dioxide trong thang đo một thế kỷ; còn nếu xét trong hai thập kỷ, nó mạnh gấp 86 lần."
climate,"Over the past decades , our culture has gone apocalyptic with zombie movies and Mad Max dystopias , perhaps the collective result of displaced climate anxiety , and yet when it comes to contemplating real-world warming dangers , we suffer from an incredible failure of imagination .",ad populum,"Suốt nhiều thập kỷ qua, văn hóa của chúng ta đã trở nên đầy rẫy những chủ đề tận thế với phim zombie và viễn cảnh loạn lạc kiểu Mad Max, có lẽ là kết quả chung của nỗi lo biến đổi khí hậu bị đè nén, thế nhưng khi phải đối mặt với những nguy cơ nóng lên thực tế, chúng ta lại mắc phải một sự thiếu hụt trí tưởng tượng đáng kinh ngạc."
climate,"Most people talk as if Miami and Bangladesh still have a chance of surviving ; most of the scientists I spoke with assume we ’ ll lose them within the century , even if we stop burning fossil fuel in the next decade .",faulty generalization,"Hầu hết mọi người vẫn nói như thể Miami và Bangladesh còn cơ hội sống sót; trong khi phần lớn các nhà khoa học tôi trao đổi đều mặc định rằng chúng ta sẽ mất những nơi đó trong thế kỷ này, ngay cả khi chúng ta ngừng đốt nhiên liệu hóa thạch trong mười năm tới."
climate,"But the many sober-minded scientists I interviewed over the past several months — the most credentialed and tenured in the field , few of them inclined to alarmism and many advisers to the IPCC who nevertheless criticize its conservatism — have quietly reached an apocalyptic conclusion , too :",fallacy of credibility,"Nhưng nhiều nhà khoa học điềm đạm mà tôi đã phỏng vấn trong vài tháng qua — những người có bằng cấp cao và thâm niên nhất trong lĩnh vực này, vốn ít có khuynh hướng báo động và là cố vấn cho IPCC nhưng vẫn chỉ trích sự bảo thủ của tổ chức này — cũng đã lặng lẽ đi đến một kết luận tận thế:"
climate,"At four degrees , the deadly European heat wave of 2003 , which killed as many as 2,000 people a day , will be a normal summer .",appeal to emotion,"Ở mức bốn độ C, đợt nắng nóng chết chóc tại châu Âu năm 2003, vốn đã cướp đi sinh mạng của 2.000 người mỗi ngày, sẽ trở thành một mùa hè bình thường."
climate,"Of course , heat stress promises to pummel us in places other than our kidneys , too .",appeal to emotion,"Tất nhiên, sốc nhiệt hứa hẹn sẽ tấn công chúng ta ở những nơi khác ngoài thận nữa."
climate,"As the BBC reported in May , scientists suspect smallpox and the bubonic plague are trapped in Siberian ice , too — an abridged history of devastating human sickness , left out like egg salad in the Arctic sun .",fallacy of relevance,"Như BBC đã đưa tin vào tháng 5, các nhà khoa học nghi ngờ bệnh đậu mùa và dịch hạch cũng đang bị kẹt trong băng ở Siberia — một cuốn lịch sử tóm tắt về những căn bệnh khủng khiếp của nhân loại, bị bỏ quên như món salad trứng dưới ánh mặt trời Bắc Cực vậy."
climate,"You don ’ t worry much about dengue or malaria if you are living in Maine or France . But as the tropics creep northward and mosquitoes migrate with them , you will .",appeal to emotion,"Bạn sẽ chẳng lo lắng gì về sốt xuất huyết hay sốt rét nếu đang sống ở Maine hay Pháp đâu. Nhưng khi vùng nhiệt đới dần mở rộng về phía bắc và lũ muỗi di cư theo đó, lúc ấy bạn sẽ lo."
climate,A planet five degrees warmer would have at least half again as many wars as we do today .,false causality,Một hành tinh nóng hơn năm độ sẽ có ít nhất gấp rưỡi số lượng chiến tranh so với hiện tại.
climate,"The scale of that economic devastation is hard to comprehend , but you can start by imagining what the world would look like today with an economy half as big , which would produce only half as much value , generating only half as much to offer the workers of the world .",fallacy of extension,"Quy mô của sự tàn phá kinh tế đó thật khó để hình dung, nhưng bạn cứ thử tưởng tượng một thế giới với nền kinh tế chỉ bằng một nửa, tạo ra giá trị chỉ bằng một nửa, và chỉ có một nửa tài nguyên để chi trả cho người lao động xem."
climate,"Ocean acidification will fry fish populations directly , too , though scientists aren ’ t yet sure how to predict the effects on the stuff we haul out of the ocean to eat ; they do know that in acid waters , oysters and mussels will struggle to grow their shells , and that when the pH of human blood drops as much as the oceans ’ pH has over the past generation , it induces seizures , comas , and sudden death .",false causality,"Sự axit hóa đại dương cũng sẽ trực tiếp thiêu rụi các quần thể cá, mặc dù các nhà khoa học chưa chắc chắn cách dự đoán tác động lên nguồn hải sản chúng ta đánh bắt; nhưng họ biết rằng trong môi trường nước axit, hàu và vẹm sẽ khó lòng phát triển được vỏ, và khi độ pH trong máu người giảm tương đương mức giảm của đại dương trong thế hệ qua, nó sẽ gây ra co giật, hôn mê và tử vong đột ngột."
climate,"Carbon absorption can initiate a feedback loop in which underoxygenated waters breed different kinds of microbes that turn the water still more “ anoxic , ” first in deep ocean “ dead zones , ” then gradually up toward the surface .",false causality,"Khả năng hấp thụ carbon có thể khởi phát một vòng lặp phản hồi, nơi các vùng nước thiếu oxy nuôi dưỡng những loại vi khuẩn làm nước trở nên “thiếu oxy” hơn nữa, bắt đầu từ các “vùng chết” dưới đáy đại dương rồi dần lan lên bề mặt."
climate,"This process , in which dead zones grow like cancers , choking off marine life and wiping out fisheries , is already quite advanced in parts of the Gulf of Mexico and just off Namibia , where hydrogen sulfide is bubbling out of the sea along a thousand-mile stretch of land known as the “ Skeleton Coast. ”",appeal to emotion,"Quá trình các vùng chết lan rộng như bệnh ung thư này, bóp nghẹt sinh vật biển và xóa sổ các ngư trường, hiện đã tiến triển khá nghiêm trọng tại một số khu vực ở Vịnh Mexico và ngoài khơi Namibia, nơi khí hydro sunfua đang sủi bọt từ đáy biển dọc theo dải đất dài cả ngàn dặm được gọi là “Bờ biển Bộ xương”."
climate,"The strongest hurricanes will come more often , and we ’ ll have to invent new categories with which to describe them ; tornadoes will grow longer and wider and strike much more frequently , and hail rocks will quadruple in size .",appeal to emotion,"Những cơn bão mạnh nhất sẽ xuất hiện thường xuyên hơn, buộc chúng ta phải tạo ra các thang đo mới để mô tả chúng; lốc xoáy sẽ kéo dài hơn, rộng hơn và tấn công với tần suất dày đặc hơn, còn kích thước những viên đá mưa đá sẽ tăng gấp bốn lần."
climate,"The strongest hurricanes will come more often , and we ’ ll have to invent new categories with which to describe them ; tornadoes will grow longer and wider and strike much more frequently , and hail rocks will quadruple in size .",appeal to emotion,"Những cơn bão mạnh nhất sẽ xuất hiện thường xuyên hơn, buộc chúng ta phải tạo ra các thang đo mới để mô tả chúng; lốc xoáy sẽ kéo dài hơn, rộng hơn và tấn công với tần suất dày đặc hơn, còn kích thước những viên đá mưa đá sẽ tăng gấp bốn lần."
climate,"And yet the swelling seas — and the cities they will drown — have so dominated the picture of global warming , and so overwhelmed our capacity for climate panic , that they have occluded our perception of other threats , many much closer at hand .",appeal to emotion,"Thế nhưng, mực nước biển dâng cao – và những thành phố bị nhấn chìm – đã chiếm lĩnh quá lớn bức tranh toàn cảnh về sự nóng lên toàn cầu, khiến khả năng hoảng loạn vì khí hậu của chúng ta bị quá tải, đến mức làm lu mờ nhận thức về những mối đe dọa khác, vốn đã cận kề hơn nhiều."
climate,"Rising oceans are bad , in fact very bad ; but fleeing the coastline will not be enough .",fallacy of logic,"Đại dương dâng cao là điều tồi tệ, thực sự rất tồi tệ; nhưng chỉ rút chạy khỏi đường bờ biển là không đủ."
climate,"Indeed , absent a significant adjustment to how billions of humans conduct their lives , parts of the Earth will likely become close to uninhabitable , and other parts horrifically inhospitable , as soon as the end of this century . Even when we train our eyes on climate change , we are unable to comprehend its scope .",fallacy of logic,"Quả thực, nếu không có những điều chỉnh đáng kể trong cách hàng tỷ con người đang sống, nhiều phần của Trái Đất có khả năng sẽ trở nên gần như không thể sinh sống được, và những phần khác sẽ trở nên vô cùng khắc nghiệt, ngay khi thế kỷ này kết thúc. Ngay cả khi đã tập trung nhìn vào biến đổi khí hậu, chúng ta vẫn không thể nào hiểu thấu được quy mô của nó."
climate,"This past winter , a string of days 60 and 70 degrees warmer than normal baked the North Pole , melting the permafrost that encased Norway ’ s Svalbard seed vault — a global food bank nicknamed “ Doomsday , ” designed to ensure that our agriculture survives any catastrophe , and which appeared to have been flooded by climate change less than ten years after being built .",fallacy of relevance,"Mùa đông vừa rồi, một đợt nắng nóng kỷ lục với nhiệt độ cao hơn mức bình thường từ 60 đến 70 độ đã nướng chín Bắc Cực, làm tan chảy lớp băng vĩnh cửu bao bọc hầm hạt giống Svalbard của Na Uy — một ngân hàng thực phẩm toàn cầu được mệnh danh là ""Ngày tận thế"", vốn được thiết kế để đảm bảo nền nông nghiệp của chúng ta sống sót qua bất kỳ thảm họa nào, thế mà lại bị ngập lụt bởi biến đổi khí hậu chỉ chưa đầy mười năm sau khi xây dựng."
climate,"In other words , we have , trapped in Arctic permafrost , twice as much carbon as is currently wrecking the atmosphere of the planet , all of it scheduled to be released at a date that keeps getting moved up , partially in the form of a gas that multiplies its warming power 86 times over .",ad populum,"Nói cách khác, chúng ta đang giam cầm trong lớp băng vĩnh cửu ở Bắc Cực lượng carbon nhiều gấp đôi lượng đang hủy hoại bầu khí quyển hiện nay, và tất cả số đó đang chực chờ giải phóng vào một thời điểm ngày càng đến gần, một phần dưới dạng khí gas có khả năng gây hiệu ứng nhà kính mạnh gấp 86 lần."
climate,"Or the news from Antarctica this past May , when a crack in an ice shelf grew 11 miles in six days , then kept going ; the break now has just three miles to go — by the time you read this , it may already have met the open water , where it will drop into the sea one of the biggest icebergs ever , a process known poetically as “ calving . ”",faulty generalization,"Hay tin tức từ Nam Cực hồi tháng 5 vừa qua, khi một vết nứt trên thềm băng dài ra 11 dặm chỉ trong sáu ngày và vẫn tiếp tục mở rộng; giờ đây vết nứt chỉ còn cách biển mở ba dặm — đến lúc bạn đọc được những dòng này, có lẽ nó đã tách ra và tạo nên một trong những tảng băng trôi lớn nhất lịch sử, một quá trình được gọi đầy chất thơ là ""tách băng""."
climate,"It is unlikely that all of these warming scenarios will be fully realized , largely because the devastation along the way will shake our complacency .",appeal to emotion,"Khó có khả năng tất cả các kịch bản nóng lên này sẽ xảy ra toàn bộ, chủ yếu là vì những tàn phá dọc đường sẽ đánh thức chúng ta khỏi sự tự mãn hiện tại."
climate,This article is the result of dozens of interviews and exchanges with climatologists and researchers in related fields and reflects hundreds of scientific papers on the subject of climate change .,fallacy of credibility,"Bài viết này là kết quả từ hàng chục cuộc phỏng vấn và trao đổi với các nhà khí hậu học cùng các nhà nghiên cứu trong lĩnh vực liên quan, phản ánh hàng trăm công trình khoa học về chủ đề biến đổi khí hậu."
climate,"Most people talk as if Miami and Bangladesh still have a chance of surviving ; most of the scientists I spoke with assume we ’ ll lose them within the century , even if we stop burning fossil fuel in the next decade .",fallacy of credibility,"Hầu hết mọi người vẫn nói như thể Miami và Bangladesh còn cơ hội sống sót; phần lớn các nhà khoa học mà tôi trao đổi đều cho rằng chúng ta sẽ mất sạch những nơi này trong vòng một thế kỷ tới, ngay cả khi chúng ta ngừng đốt nhiên liệu hóa thạch trong thập kỷ tới."
climate,"The IPCC reports also don ’ t fully account for the albedo effect ( less ice means less reflected and more absorbed sunlight , hence more warming ) ; more cloud cover ( which traps heat ) ; or the dieback of forests and other flora ( which extract carbon from the atmosphere ) .",intentional,"Các báo cáo của IPCC cũng không tính toán đầy đủ đến hiệu ứng albedo (ít băng hơn đồng nghĩa với ít phản xạ và hấp thụ nhiều ánh sáng mặt trời hơn, từ đó làm Trái Đất nóng lên); sự gia tăng độ che phủ của mây (thứ giữ nhiệt); hay sự suy thoái của rừng và thảm thực vật (vốn giúp loại bỏ carbon khỏi bầu khí quyển)."
climate,"The last time the planet was even four degrees warmer , Peter Brannen points out in The Ends of the World , his new history of the planet ’ s major extinction events , the oceans were hundreds of feet higher . * The Earth has experienced five mass extinctions before the one we are living through now , each so complete a slate-wiping of the evolutionary record it functioned as a resetting of the planetary clock , and many climate scientists will tell you they are the best analog for the ecological future we are diving headlong into .",ad populum,"Lần gần nhất hành tinh nóng hơn bốn độ, như Peter Brannen đã chỉ ra trong cuốn ""The Ends of the World"" về lịch sử các sự kiện tuyệt chủng lớn của hành tinh, mực nước biển đã cao hơn hàng trăm feet. Trái Đất đã trải qua năm lần đại tuyệt chủng trước khi chúng ta sống trong lần thứ sáu này, mỗi lần đều là một sự xóa sổ hoàn toàn hồ sơ tiến hóa đến mức nó đóng vai trò như một sự thiết lập lại đồng hồ hành tinh, và nhiều nhà khoa học khí hậu sẽ nói với bạn rằng đó là mô hình tốt nhất để so sánh với tương lai sinh thái mà chúng ta đang lao đầu vào."
climate,"The Earth has experienced five mass extinctions before the one we are living through now , each so complete a slate-wiping of the evolutionary record it functioned as a resetting of the planetary clock , and many climate scientists will tell you they are the best analog for the ecological future we are diving headlong into .",faulty generalization,"Trái Đất đã trải qua năm lần đại tuyệt chủng trước khi chúng ta sống trong lần thứ sáu này, mỗi lần đều là một sự xóa sổ hoàn toàn hồ sơ tiến hóa đến mức nó đóng vai trò như một sự thiết lập lại đồng hồ hành tinh, và nhiều nhà khoa học khí hậu sẽ nói với bạn rằng đó là mô hình tốt nhất để so sánh với tương lai sinh thái mà chúng ta đang lao đầu vào."
climate,"That is what Wallace Smith Broecker , the avuncular oceanographer who coined the term “ global warming , ” means when he calls the planet an “ angry beast. ” You could also go with “ war machine. ” Each day we arm it more .",faulty generalization,"Đó là điều mà Wallace Smith Broecker, nhà hải dương học đầy kinh nghiệm, người đã đặt ra thuật ngữ ""nóng lên toàn cầu"", muốn ám chỉ khi gọi hành tinh này là một ""con quái vật giận dữ"". Bạn cũng có thể gọi nó là một ""cỗ máy chiến tranh"". Mỗi ngày trôi qua, chúng ta lại tiếp thêm vũ khí cho nó."
climate,"At seven degrees of warming , that would become impossible for large portions of the planet ’ s equatorial band , and especially the tropics , where humidity adds to the problem ; in the jungles of Costa Rica , for instance , where humidity routinely tops 90 percent , simply moving around outside when it ’ s over 105 degrees Fahrenheit would be lethal .",faulty generalization,"Nếu nhiệt độ tăng thêm 7 độ, viễn cảnh này sẽ trở thành bất khả thi đối với phần lớn vành đai xích đạo, đặc biệt là các vùng nhiệt đới, nơi độ ẩm vốn đã làm tình hình trầm trọng hơn; đơn cử như tại các khu rừng ở Costa Rica, với độ ẩm thường xuyên trên 90 phần trăm, thì chỉ cần di chuyển ngoài trời khi nhiệt độ vượt quá 105 độ F cũng đủ để lấy mạng con người."
climate,"Peter Ward , a charismatic paleontologist among those responsible for discovering that the planet ’ s mass extinctions were caused by greenhouse gas , calls this the “ Great Filter ” : “ Civilizations rise , but there ’ s an environmental filter that causes them to die off again and disappear fairly quickly , ” he told me . “ If you look at planet Earth , the filtering we ’ ve had in the past has been in these mass extinctions. ”",intentional,"Peter Ward, một nhà cổ sinh vật học đầy sức hút, người góp phần phát hiện ra các đợt tuyệt chủng hàng loạt trên hành tinh là do khí nhà kính, gọi đây là “Bộ lọc vĩ đại”: “Các nền văn minh trỗi dậy, nhưng có một bộ lọc môi trường khiến chúng phải lụi tàn và biến mất khá nhanh chóng,” ông chia sẻ với tôi. “Nếu nhìn vào Trái Đất, bộ lọc mà chúng ta từng trải qua trong quá khứ chính là những đợt tuyệt chủng hàng loạt này.”"
climate,"The Earth has experienced five mass extinctions before the one we are living through now , each so complete a slate-wiping of the evolutionary record it functioned as a resetting of the planetary clock , and many climate scientists will tell you they are the best analog for the ecological future we are diving headlong into .",fallacy of credibility,"Trái Đất đã trải qua năm đợt tuyệt chủng hàng loạt trước thời đại của chúng ta, mỗi đợt đều xóa sổ hoàn toàn hồ sơ tiến hóa như một cách đặt lại đồng hồ của hành tinh, và nhiều nhà khoa học khí hậu sẽ khẳng định với bạn rằng đó là mô hình tương tự tốt nhất cho tương lai sinh thái mà chúng ta đang lao đầu vào."
climate,"This is what Stephen Hawking had in mind when he said , this spring , that the species needs to colonize other planets in the next century to survive , and what drove Elon Musk , last month , to unveil his plans to build a Mars habitat in 40 to 100 years .",fallacy of credibility,"Đây chính là điều Stephen Hawking đã nghĩ đến khi phát biểu vào mùa xuân này rằng nhân loại cần định cư trên các hành tinh khác trong thế kỷ tới để tồn tại, và cũng là động lực khiến Elon Musk vào tháng trước công bố kế hoạch xây dựng môi trường sống trên Sao Hỏa trong vòng 40 đến 100 năm tới."
climate,No plausible program of emissions reductions alone can prevent climate disaster .,fallacy of logic,Không một chương trình cắt giảm khí thải hợp lý nào có thể ngăn chặn được thảm họa khí hậu.
climate,"And however sanguine you might be about the proposition that we have already ravaged the natural world , which we surely have , it is another thing entirely to consider the possibility that we have only provoked it , engineering first in ignorance and then in denial a climate system that will now go to war with us for many centuries , perhaps until it destroys us .",appeal to emotion,"Và dù bạn có lạc quan thế nào về quan điểm rằng chúng ta đã tàn phá thế giới tự nhiên - điều mà chúng ta chắc chắn đã làm - thì việc cân nhắc khả năng rằng chúng ta chỉ mới châm ngòi cho nó lại là một chuyện hoàn toàn khác; chúng ta đã thiết kế, trước tiên là do thiếu hiểu biết và sau đó là chối bỏ, một hệ thống khí hậu giờ đây sẽ tuyên chiến với chúng ta trong nhiều thế kỷ, có lẽ cho đến khi nó tiêu diệt chúng ta."
climate,"At 11 or 12 degrees of warming , more than half the world ’ s population , as distributed today , would die of direct heat .",ad populum,"Nếu nhiệt độ tăng 11 hoặc 12 độ, hơn một nửa dân số thế giới hiện nay sẽ chết vì sốc nhiệt trực tiếp."
climate,"Things almost certainly won ’ t get that hot this century , though models of unabated emissions do bring us that far eventually .",fallacy of logic,"Hầu như chắc chắn là nhiệt độ sẽ không tăng cao đến mức đó trong thế kỷ này, mặc dù các mô hình về lượng khí thải không được kiểm soát cuối cùng cũng sẽ đẩy chúng ta đến mức đó."
climate,"Since 1980 , the planet has experienced a 50-fold increase in the number of places experiencing dangerous or extreme heat ; a bigger increase is to come .",faulty generalization,"Kể từ năm 1980, số lượng các khu vực hứng chịu nắng nóng nguy hiểm hoặc cực đoan trên hành tinh đã tăng gấp 50 lần; và mức tăng này sẽ còn lớn hơn nữa."
climate,"The five warmest summers in Europe since 1500 have all occurred since 2002 , and soon , the IPCC warns , simply being outdoors that time of year will be unhealthy for much of the globe . Even if we meet the Paris goals of two degrees warming , cities like Karachi and Kolkata will become close to uninhabitable , annually encountering deadly heat waves like those that crippled them in 2015 .",fallacy of logic,"Năm mùa hè nóng nhất ở châu Âu kể từ năm 1500 đều rơi vào thời điểm sau năm 2002, và IPCC cảnh báo rằng chẳng bao lâu nữa, việc đơn giản là đi lại ngoài trời vào mùa hè sẽ trở nên nguy hại cho phần lớn địa cầu. Ngay cả khi chúng ta đạt được mục tiêu 2 độ C của Hiệp định Paris, các thành phố như Karachi và Kolkata vẫn sẽ gần như không thể sinh sống được, khi phải đối mặt hàng năm với những đợt nắng nóng chết người như đợt đã tê liệt chúng vào năm 2015."
climate,"Even if we meet the Paris goals of two degrees warming , cities like Karachi and Kolkata will become close to uninhabitable , annually encountering deadly heat waves like those that crippled them in 2015 .",appeal to emotion,"Ngay cả khi chúng ta đạt được mục tiêu Paris là giới hạn mức tăng nhiệt độ ở hai độ C, các thành phố như Karachi và Kolkata vẫn sẽ gần như không thể sinh sống được, khi phải đối mặt hàng năm với những đợt nắng nóng chết người như năm 2015 đã từng làm tê liệt chúng."
climate,"At four degrees , the deadly European heat wave of 2003 , which killed as many as 2,000 people a day , will be a normal summer .",faulty generalization,"Ở mức bốn độ C, đợt nắng nóng chết người tại châu Âu năm 2003, vốn đã cướp đi sinh mạng của 2.000 người mỗi ngày, sẽ trở thành một mùa hè bình thường."
climate,"At six , according to an assessment focused only on effects within the U.S. from the National Oceanic and Atmospheric Administration , summer labor of any kind would become impossible in the lower Mississippi Valley , and everybody in the country east of the Rockies would be under more heat stress than anyone , anywhere , in the world today . As Joseph Romm has put it in his authoritative primer Climate Change : What Everyone Needs to Know , heat stress in New York City would exceed that of present-day Bahrain , one of the planet ’ s hottest spots , and the temperature in Bahrain “ would induce hyperthermia in even sleeping humans. ”",fallacy of logic,"Ở mức sáu độ C, theo đánh giá từ Cơ quan Quản lý Khí quyển và Đại dương Quốc gia (NOAA) chỉ tập trung vào các tác động tại Mỹ, mọi hình thức lao động ngoài trời tại thung lũng Mississippi sẽ trở nên bất khả thi, và tất cả mọi người ở khu vực phía đông dãy Rockies sẽ chịu áp lực nhiệt cao hơn bất kỳ nơi nào trên thế giới hiện nay. Như Joseph Romm đã khẳng định trong cuốn sách chuyên khảo đầy uy tín của ông, áp lực nhiệt tại New York sẽ vượt qua cả Bahrain hiện tại – một trong những nơi nóng nhất hành tinh – và nhiệt độ ở Bahrain khi đó 'sẽ gây sốc nhiệt ngay cả với người đang ngủ'."
climate,"As soon as several decades from now , the hajj will become physically impossible for the 2 million Muslims who make the pilgrimage each year .",false dilemma,"Chỉ trong vài thập kỷ tới, lễ hành hương Hajj sẽ trở nên bất khả thi về mặt thể chất đối với 2 triệu tín đồ Hồi giáo thực hiện chuyến đi này mỗi năm."
climate,"As soon as several decades from now , the hajj will become physically impossible for the 2 million Muslims who make the pilgrimage each year .",faulty generalization,"Chỉ trong vài thập kỷ tới, lễ hành hương Hajj sẽ trở nên bất khả thi về mặt thể chất đối với 2 triệu tín đồ Hồi giáo thực hiện chuyến đi này mỗi năm."
climate,"With dialysis , which is expensive , those with kidney failure can expect to live five years ; without it , life expectancy is in the weeks . Of course , heat stress promises to pummel us in places other than our kidneys , too .",fallacy of logic,"Với phương pháp chạy thận nhân tạo đắt đỏ, người suy thận có thể sống thêm năm năm; nếu không có nó, tuổi thọ chỉ tính bằng tuần. Tất nhiên, áp lực nhiệt không chỉ tàn phá thận của chúng ta mà còn nhiều thứ khác nữa."
climate,"But as the pathbreaking work by Rosamond Naylor and David Battisti has shown , the tropics are already too hot to efficiently grow grain , and those places where grain is produced today are already at optimal growing temperature — which means even a small warming will push them down the slope of declining productivity .",faulty generalization,"Tuy nhiên, như công trình đột phá của Rosamond Naylor và David Battisti đã chỉ ra, vùng nhiệt đới hiện đã quá nóng để trồng ngũ cốc hiệu quả, và những nơi đang sản xuất ngũ cốc hiện nay vốn đã ở mức nhiệt tối ưu – nghĩa là chỉ cần một sự nóng lên nhỏ cũng sẽ đẩy chúng vào đà suy giảm năng suất."
climate,"The droughts in the American plains and Southwest would not just be worse than in the 1930s , a 2015 NASA study predicted , but worse than any droughts in a thousand years — and that includes those that struck between 1100 and 1300 , which “ dried up all the rivers East of the Sierra Nevada mountains ” and may have been responsible for the death of the Anasazi civilization .",fallacy of credibility,"Các đợt hạn hán ở đồng bằng và Tây Nam nước Mỹ sẽ không chỉ tồi tệ hơn những năm 1930, theo dự báo từ một nghiên cứu của NASA năm 2015, mà còn kinh khủng hơn bất kỳ đợt hạn hán nào trong một nghìn năm qua – bao gồm cả những đợt hạn hán từ năm 1100 đến 1300, vốn đã 'làm khô cạn mọi dòng sông phía đông dãy núi Sierra Nevada' và có thể là nguyên nhân dẫn đến sự sụp đổ của nền văn minh Anasazi."
climate,"There are now , trapped in Arctic ice , diseases that have not circulated in the air for millions of years — in some cases , since before humans were around to encounter them . Which means our immune systems would have no idea how to fight back when those prehistoric plagues emerge from the ice .",appeal to emotion,"Hiện nay, các mầm bệnh chưa từng lưu hành trong không khí hàng triệu năm – trong một số trường hợp là từ trước khi con người xuất hiện – đang bị mắc kẹt trong lớp băng Bắc Cực. Điều đó có nghĩa là hệ miễn dịch của chúng ta sẽ hoàn toàn không có khả năng chống trả khi những đại dịch tiền sử này thoát ra từ lớp băng."
climate,"Before the early-modern period , when adventuring sailboats accelerated the mixing of peoples and their bugs , human provinciality was a guard against pandemic . Today , even with globalization and the enormous intermingling of human populations , our ecosystems are mostly stable , and this functions as another limit , but global warming will scramble those ecosystems and help disease trespass those limits as surely as Cortés did .",fallacy of logic,"Trước thời kỳ cận đại, khi các chuyến tàu buồm thúc đẩy sự giao thoa giữa các dân tộc và mầm bệnh của họ, sự biệt lập của con người chính là rào cản ngăn chặn đại dịch. Ngày nay, dù có toàn cầu hóa và sự hòa nhập to lớn giữa các quần thể người, các hệ sinh thái của chúng ta phần lớn vẫn ổn định và đây đóng vai trò là một giới hạn khác, nhưng sự nóng lên toàn cầu sẽ xáo trộn các hệ sinh thái đó và giúp dịch bệnh vượt qua các giới hạn này một cách chắc chắn như cách Cortés đã từng làm."
climate,"The fraction of carbon dioxide is growing : It just crossed 400 parts per million , and high-end estimates extrapolating from current trends suggest it will hit 1,000 ppm by 2100 . At that concentration , compared to the air we breathe now , human cognitive ability declines by 21 percent .",ad populum,"Tỉ lệ carbon dioxide đang tăng lên: Nó vừa vượt ngưỡng 400 phần triệu, và các dự báo lạc quan dựa trên xu hướng hiện tại cho thấy con số này sẽ đạt 1.000 ppm vào năm 2100. Ở nồng độ đó, so với không khí chúng ta đang hít thở, khả năng nhận thức của con người sẽ suy giảm tới 21 phần trăm."
climate,"Other stuff in the hotter air is even scarier , with small increases in pollution capable of shortening life spans by ten years .",appeal to emotion,"Những thứ khác trong bầu không khí nóng hơn còn đáng sợ hơn thế, khi chỉ cần sự gia tăng nhỏ trong mức độ ô nhiễm cũng đủ làm rút ngắn tuổi thọ con người tới mười năm."
climate,"The warmer the planet gets , the more ozone forms , and by mid-century , Americans will likely suffer a 70 percent increase in unhealthy ozone smog , the National Center for Atmospheric Research has projected .",fallacy of credibility,"Hành tinh càng nóng lên thì ozone hình thành càng nhiều, và theo dự báo của Trung tâm Nghiên cứu Khí quyển Quốc gia, đến giữa thế kỷ này, người Mỹ có khả năng sẽ phải gánh chịu mức tăng 70 phần trăm tình trạng khói mù ozone độc hại."
climate,Which does make you think again about the autism epidemic in West Hollywood .,false causality,Điều này thực sự khiến chúng ta phải suy nghĩ lại về đại dịch tự kỷ tại West Hollywood.
climate,"Already , more than 10,000 people die each day from the small particles emitted from fossil-fuel burning ; each year , 339,000 people die from wildfire smoke , in part because climate change has extended forest-fire season ( in the U.S. , it ’ s increased by 78 days since 1970 ) .",false causality,"Hiện tại, hơn 10.000 người chết mỗi ngày do các hạt bụi mịn phát thải từ việc đốt nhiên liệu hóa thạch; mỗi năm, 339.000 người thiệt mạng do khói từ cháy rừng, một phần vì biến đổi khí hậu đã kéo dài mùa cháy rừng (tại Mỹ, nó đã tăng thêm 78 ngày kể từ năm 1970)."
climate,"By 2050 , according to the U.S. Forest Service , wildfires will be twice as destructive as they are today ; in some places , the area burned could grow fivefold .",appeal to emotion,"Theo Cục Kiểm lâm Hoa Kỳ, đến năm 2050, các vụ cháy rừng sẽ tàn phá gấp đôi so với hiện nay; tại một số nơi, diện tích bị thiêu rụi có thể tăng gấp năm lần."
climate,"Peatland fires in Indonesia in 1997 , for instance , added to the global CO2 release by up to 40 percent , and more burning only means more warming only means more burning .",circular reasoning,"Ví dụ như các vụ cháy đất than bùn ở Indonesia năm 1997 đã làm tăng lượng khí thải CO2 toàn cầu lên tới 40 phần trăm, và càng cháy nhiều thì càng nóng lên, mà càng nóng lên thì lại càng cháy nhiều hơn."
climate,"There is also the terrifying possibility that rain forests like the Amazon , which in 2010 suffered its second “ hundred-year drought ” in the space of five years , could dry out enough to become vulnerable to these kinds of devastating , rolling forest fires — which would not only expel enormous amounts of carbon into the atmosphere but also shrink the size of the forest . That is especially bad because the Amazon alone provides 20 percent of our oxygen .",appeal to emotion,"Ngoài ra còn có khả năng kinh hoàng rằng các khu rừng nhiệt đới như Amazon — nơi vào năm 2010 đã hứng chịu đợt hạn hán 'trăm năm' lần thứ hai trong vòng năm năm — có thể khô cạn đến mức dễ bị tổn thương trước những trận cháy rừng kinh khủng và lan rộng, điều này không chỉ thải ra lượng carbon khổng lồ vào khí quyển mà còn làm thu hẹp diện tích rừng. Điều này đặc biệt tồi tệ vì chỉ riêng Amazon đã cung cấp 20 phần trăm lượng oxy cho chúng ta."
climate,"In 2013 , melting Arctic ice remodeled Asian weather patterns , depriving industrial China of the natural ventilation systems it had come to depend on , which blanketed much of the country ’ s north in an unbreathable smog .",false causality,"Vào năm 2013, băng tan ở Bắc Cực đã làm thay đổi các mô hình thời tiết ở châu Á, tước đi hệ thống thông gió tự nhiên mà Trung Quốc vốn đã phụ thuộc vào, khiến phần lớn miền Bắc nước này chìm trong làn khói mù không thể hít thở nổi."
climate,"The Chinese “ airpocalypse ” of 2013 peaked at what would have been an Air Quality Index of over 800 . That year , smog was responsible for a third of all deaths in the country .",ad populum,"Đợt 'khói mù tận thế' của Trung Quốc năm 2013 đã đạt đỉnh điểm với chỉ số chất lượng không khí (AQI) lên tới hơn 800. Năm đó, khói mù là nguyên nhân gây ra một phần ba tổng số ca tử vong trên cả nước."
climate,"But researchers like Marshall Burke and Solomon Hsiang have managed to quantify some of the non-obvious relationships between temperature and violence : For every half-degree of warming , they say , societies will see between a 10 and 20 percent increase in the likelihood of armed conflict .",fallacy of credibility,"Tuy nhiên, các nhà nghiên cứu như Marshall Burke và Solomon Hsiang đã định lượng được những mối liên hệ không rõ ràng giữa nhiệt độ và bạo lực: Họ cho rằng cứ mỗi nửa độ nóng lên, xã hội sẽ đối mặt với nguy cơ xung đột vũ trang tăng từ 10 đến 20 phần trăm."
climate,Some speculate that the elevated level of strife across the Middle East over the past generation reflects the pressures of global warming — a hypothesis all the more cruel considering that warming began accelerating when the industrialized world extracted and then burned the region ’ s oil .,fallacy of credibility,Nhiều người suy đoán rằng mức độ bất ổn leo thang tại Trung Đông thế hệ qua chính là áp lực từ biến đổi khí hậu — một giả thuyết nghiệt ngã khi xét đến việc tình trạng nóng lên bắt đầu tăng tốc kể từ khi thế giới công nghiệp khai thác và đốt cháy nguồn dầu mỏ của khu vực này.
climate,"`` The bottom line point is that there has been a long-term warming trend observed in the location where Pam intensified , '' Ventrice said .",false causality,Ventrice nhận định: Điểm mấu chốt là đã có một xu hướng nóng lên dài hạn được quan sát thấy tại nơi mà bão Pam tăng cường độ.
climate,"This debate — as I argue at some length in Watermelons — was always about left-wing ideology , quasi-religious hysteria , and “ follow the money ” corruption , never about “ science . ”",fallacy of extension,"Cuộc tranh luận này — như tôi đã lập luận khá chi tiết trong cuốn Watermelons — thực chất chỉ xoay quanh tư tưởng cánh tả, sự cuồng loạn mang tính tôn giáo và nạn tham nhũng kiểu 'chạy theo đồng tiền', chứ chưa bao giờ là về 'khoa học' cả."
climate,"That is , all these different experts from around the world — China , Russia , Canada , the U.S. , Italy , etc . — have been looking closely at different aspects of the global warming puzzle in various regions and on different timescales and come to the conclusion in irreproachable , peer-reviewed scientific ways that there is no evidence to support the global warming scare story .",intentional,"Nghĩa là, tất cả các chuyên gia từ khắp nơi trên thế giới — Trung Quốc, Nga, Canada, Mỹ, Ý, v.v. — đã xem xét kỹ lưỡng các khía cạnh khác nhau của bức tranh biến đổi khí hậu ở nhiều khu vực và khung thời gian khác nhau, để rồi kết luận bằng các phương pháp khoa học chuẩn mực, được bình duyệt rằng không có bằng chứng nào ủng hộ câu chuyện hù dọa về sự nóng lên toàn cầu."
climate,"Büntgen et al , below , shows that temperatures in the northern hemisphere were warmer in the early 1400s than they are today",intentional,"Büntgen và cộng sự, như bên dưới, cho thấy nhiệt độ ở Bắc bán cầu vào đầu những năm 1400 còn ấm hơn cả hiện nay."
climate,Here ’ s an unusual one from Guillet et al suggesting that there ’ s nothing new about wildly early or late grape harvests through the centuries :,intentional,"Đây là một nghiên cứu khác lạ từ Guillet và cộng sự, cho rằng việc thu hoạch nho quá sớm hoặc quá muộn qua các thế kỷ chẳng phải là điều gì mới mẻ cả:"
climate,"Here ’ s one from Li et al showing that China was much warmer 8,000 years ago",fallacy of relevance,Đây là một nghiên cứu từ Li và cộng sự cho thấy Trung Quốc đã ấm hơn rất nhiều vào 8.000 năm trước.
climate,Here ’ s an unusual one from Guillet et al suggesting that there ’ s nothing new about wildly early or late grape harvests through the centuries :,fallacy of relevance,"Đây là một nghiên cứu khác lạ từ Guillet và cộng sự, cho rằng việc thu hoạch nho quá sớm hoặc quá muộn qua các thế kỷ chẳng phải là điều gì mới mẻ cả:"
climate,"By “ global warming ” these papers don ’ t , of course , mean the mild warming of around 0.8 degrees Celsius that the planet has experienced since the middle of the 19th century as the world crawled out of the Little Ice Age .",intentional,"Tất nhiên, với cụm từ 'nóng lên toàn cầu', các bài báo này không hề ám chỉ mức tăng nhẹ khoảng 0,8 độ C mà hành tinh đã trải qua kể từ giữa thế kỷ 19 khi thế giới dần thoát khỏi Kỷ Băng hà nhỏ."
climate,"Here ’ s one from Li et al showing that China was much warmer 8,000 years ago",intentional,Đây là nghiên cứu của Li và cộng sự cho thấy Trung Quốc đã ấm hơn rất nhiều vào 8.000 năm trước.
climate,Here ’ s an unusual one from Guillet et al suggesting that there ’ s nothing new about wildly early or late grape harvests through the centuries :,intentional,Đây là một trường hợp khác lạ từ Guillet và cộng sự cho thấy việc thu hoạch nho quá sớm hoặc quá muộn qua các thế kỷ chẳng có gì là mới mẻ cả:
climate,"Büntgen et al , below , shows that temperatures in the northern hemisphere were warmer in the early 1400s than they are today",fallacy of relevance,Nghiên cứu của Büntgen và cộng sự dưới đây chỉ ra rằng nhiệt độ ở bắc bán cầu vào đầu những năm 1400 còn ấm hơn cả hiện nay.
climate,Here ’ s an unusual one from Guillet et al suggesting that there ’ s nothing new about wildly early or late grape harvests through the centuries :,fallacy of relevance,Đây là một trường hợp khác lạ từ Guillet và cộng sự cho thấy việc thu hoạch nho quá sớm hoặc quá muộn qua các thế kỷ chẳng có gì là mới mẻ cả:
climate,“ Global warming ” is a myth — so say 80 graphs from 58 peer-reviewed scientific papers published in 2017 .,fallacy of credibility,“Hiện tượng nóng lên toàn cầu” chỉ là một huyền thoại — đó là kết luận của 80 biểu đồ từ 58 bài báo khoa học được bình duyệt vào năm 2017.
climate,"“ Global warming ” as in the scary , historically unprecedented , primarily man-made phenomenon which we must address urgently before the icecaps melt and the Pacific islands disappear beneath the waves and all the baby polar bears drown .",ad hominem,"“Hiện tượng nóng lên toàn cầu” ở đây được hiểu là một hiện tượng đáng sợ, chưa từng có trong lịch sử, chủ yếu do con người gây ra mà chúng ta phải giải quyết khẩn cấp trước khi các chỏm băng tan chảy, các đảo Thái Bình Dương chìm dưới sóng biển và tất cả gấu Bắc Cực con bị chết đuối."
climate,"By “ global warming ” these papers don ’ t , of course , mean the mild warming of around 0.8 degrees Celsius that the planet has experienced since the middle of the 19th century as the world crawled out of the Little Ice Age .",equivocation,"Tất nhiên, với “hiện tượng nóng lên toàn cầu”, các bài báo này không ám chỉ mức tăng nhẹ khoảng 0,8 độ C mà trái đất đã trải qua kể từ giữa thế kỷ 19 khi thế giới dần thoát khỏi Kỷ băng hà nhỏ."
climate,"“ Global warming ” as in the scary , historically unprecedented , primarily man-made phenomenon which we must address urgently before the icecaps melt and the Pacific islands disappear beneath the waves and all the baby polar bears drown .",intentional,"“Hiện tượng nóng lên toàn cầu” ở đây được hiểu là một hiện tượng đáng sợ, chưa từng có trong lịch sử, chủ yếu do con người gây ra mà chúng ta phải giải quyết khẩn cấp trước khi các chỏm băng tan chảy, các đảo Thái Bình Dương chìm dưới sóng biển và tất cả gấu Bắc Cực con bị chết đuối."
climate,What all these papers argue in their different ways is that the alarmist version of global warming — aka Catastrophic Anthropogenic Global Warming ( CAGW ) — is a fake artefact .,fallacy of extension,Điểm chung của tất cả các bài báo này là luận điểm cho rằng phiên bản báo động về hiện tượng nóng lên toàn cầu — hay còn gọi là Nóng lên toàn cầu do con người gây ra gây thảm họa (CAGW) — chỉ là một sản phẩm giả tạo.
climate,"That is , all these different experts from around the world — China , Russia , Canada , the U.S. , Italy , etc . — have been looking closely at different aspects of the global warming puzzle in various regions and on different timescales and come to the conclusion in irreproachable , peer-reviewed scientific ways that there is no evidence to support the global warming scare story .",equivocation,"Nghĩa là, tất cả các chuyên gia khác nhau trên khắp thế giới — từ Trung Quốc, Nga, Canada, Mỹ, Ý, v.v. — đã xem xét kỹ lưỡng các khía cạnh khác nhau của bức tranh nóng lên toàn cầu ở những khu vực và khoảng thời gian khác nhau, để rồi đi đến kết luận bằng các phương pháp khoa học chuẩn mực và được bình duyệt rằng, chẳng có bằng chứng nào ủng hộ câu chuyện hù dọa về nóng lên toàn cầu cả."
climate,“ Global warming ” is a myth — so say 80 graphs from 58 peer-reviewed scientific papers published in 2017 .,intentional,Hiện tượng nóng lên toàn cầu chỉ là huyền thoại — đó là khẳng định của 80 biểu đồ từ 58 bài báo khoa học được bình duyệt năm 2017.
climate,"Büntgen et al , below , shows that temperatures in the northern hemisphere were warmer in the early 1400s than they are today",fallacy of credibility,Nghiên cứu của Büntgen và cộng sự dưới đây cho thấy nhiệt độ ở Bắc bán cầu vào đầu những năm 1400 còn nóng hơn cả bây giờ.
climate,"Here ’ s one from Li et al showing that China was much warmer 8,000 years ago",fallacy of credibility,Đây là một biểu đồ từ Li và cộng sự cho thấy Trung Quốc đã từng nóng hơn rất nhiều cách đây 8.000 năm.
climate,Here ’ s an unusual one from Guillet et al suggesting that there ’ s nothing new about wildly early or late grape harvests through the centuries :,fallacy of credibility,Đây là một trường hợp lạ từ Guillet và cộng sự cho thấy việc thu hoạch nho sớm hay muộn bất thường qua các thế kỷ chẳng có gì là mới lạ cả:
climate,Here ’ s an unusual one from Guillet et al suggesting that there ’ s nothing new about wildly early or late grape harvests through the centuries :,fallacy of credibility,Đây là một trường hợp lạ từ Guillet và cộng sự cho thấy việc thu hoạch nho sớm hay muộn bất thường qua các thế kỷ chẳng có gì là mới lạ cả:
climate,"And on and on it goes — there are 80 graphs in all , each showing in its different way why the scare about global warming has been horribly overdone because the evidence just doesn ’ t support its being unusual or a problem .",fallacy of logic,"Cứ thế tiếp diễn — tổng cộng có 80 biểu đồ, mỗi cái cho thấy lý do tại sao sự hoảng loạn về tình trạng nóng lên toàn cầu đã bị thổi phồng quá mức, bởi bằng chứng chẳng cho thấy đó là điều bất thường hay là một vấn đề nghiêm trọng."
climate,"Few , if any , entertain the notion that carbon dioxide levels have much to do with it .",intentional,"Chẳng có mấy ai, nếu có đi chăng nữa, tin rằng nồng độ carbon dioxide có liên quan nhiều đến vấn đề này."
climate,Several of the papers note that the primary influence on warming appears to be solar activity .,equivocation,Một vài bài báo lưu ý rằng yếu tố chính ảnh hưởng đến sự nóng lên dường như là hoạt động của mặt trời.
climate,The intellectually corrupt and mendacious alarmist science establishment —,ad hominem,Giới khoa học báo động giả đầy tham nhũng và dối trá về mặt trí tuệ —
climate,But this is just ugly propaganda .,ad hominem,Nhưng đây chỉ là kiểu tuyên truyền xấu xí.
climate,"Here are dozens of reputable scientists from around the world with no axe to grind collaborating on studies which all corroborate , independently and rigorously , the increasingly respectable view that “ man-made global warming ” just isn ’ t a thing .",fallacy of credibility,"Đây là hàng tá nhà khoa học uy tín trên khắp thế giới không hề có tư lợi, đang cùng hợp tác trong những nghiên cứu độc lập và chặt chẽ, tất cả đều củng cố cho quan điểm ngày càng đáng tin rằng 'biến đổi khí hậu do con người gây ra' hoàn toàn là chuyện không có thật."
climate,"Here are dozens of reputable scientists from around the world with no axe to grind collaborating on studies which all corroborate , independently and rigorously , the increasingly respectable view that “ man-made global warming ” just isn ’ t a thing .",ad populum,"Đây là hàng tá nhà khoa học uy tín trên khắp thế giới không hề có tư lợi, đang cùng hợp tác trong những nghiên cứu độc lập và chặt chẽ, tất cả đều củng cố cho quan điểm ngày càng đáng tin rằng 'biến đổi khí hậu do con người gây ra' hoàn toàn là chuyện không có thật."
climate,"Here are dozens of reputable scientists from around the world with no axe to grind collaborating on studies which all corroborate , independently and rigorously , the increasingly respectable view that “ man-made global warming ” just isn ’ t a thing .",fallacy of logic,"Đây là hàng tá nhà khoa học uy tín trên khắp thế giới không hề có tư lợi, đang cùng hợp tác trong những nghiên cứu độc lập và chặt chẽ, tất cả đều củng cố cho quan điểm ngày càng đáng tin rằng 'biến đổi khí hậu do con người gây ra' hoàn toàn là chuyện không có thật."
climate,"This debate — as I argue at some length in Watermelons — was always about left-wing ideology , quasi-religious hysteria , and “ follow the money ” corruption , never about “ science . ”",ad hominem,"Cuộc tranh luận này - như tôi đã lập luận khá kỹ trong cuốn Watermelons - luôn xoay quanh hệ tư tưởng cánh tả, sự cuồng loạn mang màu sắc tôn giáo và sự tham nhũng kiểu 'hãy nhìn vào đồng tiền', chứ chẳng bao giờ liên quan đến 'khoa học' cả."
climate,"As a disclaimer , the plot line in which much of New England and Western Europe gets plunged into an ice age is significantly over exaggerated and unrealistic on human time scales .",faulty generalization,Cần nói rõ là kịch bản phần lớn vùng New England và Tây Âu rơi vào kỷ băng hà là một sự cường điệu quá mức và phi thực tế nếu xét trên thang đo thời gian của con người.
climate,"Ever since 2012 , scientists have been debating a complex and frankly explosive idea about how a warming planet will alter our weather — one that , if it ’ s correct , would have profound implications across the Northern Hemisphere and especially in its middle latitudes , where hundreds of millions of people live .",appeal to emotion,"Kể từ năm 2012, các nhà khoa học đã tranh luận về một ý tưởng phức tạp và thú vị về cách hành tinh nóng lên sẽ làm thay đổi thời tiết của chúng ta - một ý tưởng mà nếu đúng, sẽ để lại những hệ quả sâu rộng trên khắp Bắc bán cầu, đặc biệt là ở các vĩ độ trung bình, nơi hàng trăm triệu người đang sinh sống."
climate,"The study itself , for instance , refers to “ quasi-resonant amplification ( QRA ) of synoptic-scale waves ” as the key mechanism for how researchers believe this is happening — terminology sure to impart terror in nonscientists worldwide .",intentional,"Bản thân nghiên cứu này, chẳng hạn, đề cập đến 'sự khuếch đại cộng hưởng chuẩn (QRA) của các sóng quy mô thời tiết' như cơ chế then chốt giải thích cho hiện tượng này - một thuật ngữ chắc chắn sẽ gieo rắc nỗi sợ hãi cho những người không chuyên trên toàn thế giới."
climate,"Mann , who testifies before Congress this week in a session that is expected to feature a rip-roaring debate about the severity of climate change , commented , “ That ’ s going to be a fake debate .",false dilemma,"Mann, người sẽ điều trần trước Quốc hội tuần này trong một phiên họp dự kiến sẽ có những màn tranh luận nảy lửa về mức độ nghiêm trọng của biến đổi khí hậu, đã bình luận rằng: 'Đó sẽ là một cuộc tranh luận giả tạo'."
climate,You have said on several occasions that summer Arctic sea ice would disappear by the middle of this decade . It hasn ’ t . Are you being alarmist ? No .,false dilemma,Ông đã nói nhiều lần rằng băng biển Bắc Cực mùa hè sẽ biến mất vào giữa thập kỷ này. Nhưng nó đã không biến mất. Ông có đang làm quá lên không? Không hề.
climate,"By contrast , carbon dioxide hangs around in the climate system for about 100 years before it ends up in the sea and is absorbed by creatures that die and litter the seabed .",appeal to emotion,"Ngược lại, carbon dioxide tồn tại trong hệ thống khí hậu khoảng 100 năm trước khi hòa vào đại dương và được hấp thụ bởi các sinh vật rồi chết đi và lắng xuống đáy biển."
climate,Calculations suggest it would need 40 % to 50 % of the arable land of the planet to make it work on the scale we will need and that would not leave enough land to grow crops to feed the world or to provide homes for a viable population of wild animals and plants .,ad populum,
climate,Most people expect this year will see a record low in the Arctic ’ s summer sea-ice cover .,ad populum,
climate,"Today , there are quite a number of researchers who think carbon dioxide could last 1,000 years in the atmosphere .",ad populum,
climate,"We may be able to raise the Thames barrier in Britain but in Bangladesh , it just means more and more people will be drowned .",appeal to emotion,
climate,"It ’ s one that has often been celebrated by climate change skeptics and contrarians who have long contended that global warming won ’ t be all bad , and that plants might help offset any global warming trend .",false dilemma,
climate,"On our current trajectory , the report warns , “ planetary and human systems [ are ] reaching a ‘ point of no return ’ by mid-century , in which the prospect of a largely uninhabitable Earth leads to the breakdown of nations and the international order . ”",appeal to emotion,
climate,"Barrie now works for the Climate Change Institute at Australian National University , Canberra .",appeal to emotion,
climate,A harrowing scenario analysis of how human civilization might collapse in coming decades due to climate change has been endorsed by a former Australian defense chief and senior royal navy commander .,intentional,
climate,A harrowing scenario analysis of how human civilization might collapse in coming decades due to climate change has been endorsed by a former Australian defense chief and senior royal navy commander .,faulty generalization,
climate,"The analysis , published by the Breakthrough National Centre for Climate Restoration , a think-tank in Melbourne , Australia , describes climate change as “ a near- to mid-term existential threat to human civilization ” and sets out a plausible scenario of where business-as-usual could lead over the next 30 years .",faulty generalization,
climate,"On our current trajectory , the report warns , “ planetary and human systems [ are ] reaching a ‘ point of no return ’ by mid-century , in which the prospect of a largely uninhabitable Earth leads to the breakdown of nations and the international order . ”",intentional,"Báo cáo cảnh báo rằng nếu tiếp tục đà này, các hệ thống hành tinh và nhân loại sẽ chạm đến 'điểm không thể quay đầu' vào giữa thế kỷ, khi đó viễn cảnh về một Trái Đất gần như không thể sinh sống sẽ dẫn đến sự sụp đổ của các quốc gia và trật tự quốc tế."
climate,The only way to avoid the risks of this scenario is what the report describes as “ akin in scale to the World War II emergency mobilization ” —but this time focused on rapidly building out a zero-emissions industrial system to set in train the restoration of a safe climate .,intentional,Cách duy nhất để tránh viễn cảnh này là thực hiện điều mà báo cáo mô tả là 'tương đương với quy mô huy động khẩn cấp thời Thế chiến II' — nhưng lần này tập trung vào việc cấp tốc xây dựng hệ thống công nghiệp không phát thải để khởi động quá trình khôi phục khí hậu an toàn.
climate,"Some one billion people would be forced to attempt to relocate from unlivable conditions , and two billion would face scarcity of water supplies . Agriculture would collapse in the sub-tropics , and food production would suffer dramatically worldwide . The internal cohesion of nation-states like the US and China would unravel .",faulty generalization,"Khoảng một tỷ người sẽ buộc phải tìm cách di cư khỏi những vùng không thể sinh sống, và hai tỷ người khác sẽ đối mặt với tình trạng khan hiếm nước. Nông nghiệp sẽ sụp đổ ở các vùng cận nhiệt đới và sản xuất lương thực toàn cầu sẽ chịu thiệt hại nặng nề. Sự gắn kết nội bộ của các quốc gia như Mỹ và Trung Quốc sẽ tan rã."
climate,"“ Even for 2°C of warming , more than a billion people may need to be relocated and in high-end scenarios , the scale of destruction is beyond our capacity to model with a high likelihood of human civilization coming to an end , ” the report notes .",fallacy of logic,"Báo cáo chỉ rõ: 'Ngay cả ở mức nóng lên 2°C, hơn một tỷ người có thể phải di dời và trong các kịch bản tồi tệ nhất, mức độ tàn phá vượt quá khả năng mô hình hóa của chúng ta, với khả năng cao là nền văn minh nhân loại sẽ đi đến hồi kết'."
climate,"Barrie now works for the Climate Change Institute at Australian National University , Canberra .",faulty generalization,"Barrie hiện đang làm việc tại Viện Biến đổi Khí hậu thuộc Đại học Quốc gia Úc, Canberra."
climate,"Barrie now works for the Climate Change Institute at Australian National University , Canberra .",intentional,"Barrie hiện đang làm việc tại Viện Biến đổi Khí hậu thuộc Đại học Quốc gia Úc, Canberra."
climate,"Some one billion people would be forced to attempt to relocate from unlivable conditions , and two billion would face scarcity of water supplies . Agriculture would collapse in the sub-tropics , and food production would suffer dramatically worldwide . The internal cohesion of nation-states like the US and China would unravel .",intentional,"Khoảng một tỷ người sẽ buộc phải tìm cách di cư khỏi những vùng không thể sinh sống, và hai tỷ người khác sẽ đối mặt với tình trạng khan hiếm nước. Nông nghiệp sẽ sụp đổ ở các vùng cận nhiệt đới và sản xuất lương thực toàn cầu sẽ chịu thiệt hại nặng nề. Sự gắn kết nội bộ của các quốc gia như Mỹ và Trung Quốc sẽ tan rã."
climate,"Yes , you read that correctly , three million — million — years ago CO2 levels on Earth were the same as they are today , but there is one major difference between three million years ago and today…",intentional,"Vâng, bạn không đọc nhầm đâu, ba triệu năm trước nồng độ CO2 trên Trái Đất cũng tương đương hiện nay, nhưng có một điểm khác biệt lớn giữa thời điểm đó và bây giờ…"
climate,"We have also been told the problem is DEFINITELY NOT a billions-year-old planet running through cycles where the temperature might fluctuate a bit . Oh , no , that could never be it — so stop saying that could be , you Denier .",intentional,"Chúng ta còn được bảo rằng vấn đề CHẮC CHẮN KHÔNG PHẢI là do một hành tinh hàng tỷ năm tuổi đang trải qua các chu kỳ mà nhiệt độ có thể dao động đôi chút. Ồ không, không bao giờ có chuyện đó đâu — nên hãy thôi nói như vậy đi, đồ phủ nhận luận."
climate,"No , actually , what this study proves is that there is nothing we can do to stop the Earth ’ s naturally occurring climate cycles .",intentional,"Không, thực tế là nghiên cứu này chứng minh rằng chúng ta chẳng thể làm gì để ngăn chặn các chu kỳ khí hậu tự nhiên của Trái Đất."
climate,"Current CO2 levels of 410 parts per million ( ppm ) were last seen on Earth three million years ago , according to the most detailed reconstruction of the Earth ’ s climate by researchers at the Potsdam Institute for Climate Impact Research ( PIK ) and published in Science Advances .",intentional,"Theo nghiên cứu chi tiết nhất về khí hậu Trái Đất được thực hiện bởi Viện Nghiên cứu Tác động Khí hậu Potsdam (PIK) và công bố trên tạp chí Science Advances, mức CO2 hiện tại là 410 phần triệu (ppm) từng xuất hiện lần cuối cách đây ba triệu năm."
climate,And yet… CO2 levels were the same then as they are now…,false dilemma,Nhưng mà này... mức CO2 lúc đó với bây giờ vẫn y hệt nhau mà thôi...
climate,The far-left ThinkProgress reports that scientists have finally proven that the theory of man-made Global Warming is a total hoax .,fallacy of relevance,Trang ThinkProgress thuộc phe cực tả đưa tin rằng các nhà khoa học cuối cùng đã chứng minh được thuyết biến đổi khí hậu do con người gây ra hoàn toàn là một trò lừa bịp.
climate,"Yes , you read that correctly , three million — million — years ago CO2 levels on Earth were the same as they are today , but there is one major difference between three million years ago and today… Three million years ago , we humans were not driving cars or eating the meat that requires cow farts ; we weren ’ t barbecuing or refusing to recycle or building factories ; there was no Industrial Age , no plastic , no air conditioning , no electricity , no lumber mills , no consumerism , no aerosols . In fact , three million years ago , there were probably no human beings on Earth , at least not human in the way we use that term today . And yet…",false causality,"Vâng, bạn đọc không nhầm đâu, ba triệu năm trước mức CO2 trên Trái Đất đã tương đương với ngày nay, nhưng có một sự khác biệt lớn giữa ba triệu năm trước và bây giờ... Ba triệu năm trước, con người chúng ta đâu có lái xe hay ăn thịt bò làm sản sinh ra khí thải từ bò; chúng ta không nướng thịt, không từ chối tái chế hay xây dựng nhà máy; không có thời đại công nghiệp, không nhựa, không điều hòa, không điện năng, không xưởng gỗ, không chủ nghĩa tiêu dùng, không bình xịt aerosol. Thật ra thì ba triệu năm trước có lẽ chẳng có bóng dáng con người nào trên Trái Đất, ít nhất là không phải con người theo cách chúng ta định nghĩa ngày nay. Vậy mà..."
climate,"Yes , you read that correctly , three million — million — years ago CO2 levels on Earth were the same as they are today , but there is one major difference between three million years ago and today… Three million years ago , we humans were not driving cars or eating the meat that requires cow farts ; we weren ’ t barbecuing or refusing to recycle or building factories ; there was no Industrial Age , no plastic , no air conditioning , no electricity , no lumber mills , no consumerism , no aerosols . In fact , three million years ago , there were probably no human beings on Earth , at least not human in the way we use that term today . And yet…",fallacy of logic,"Vâng, bạn đọc không nhầm đâu, ba triệu năm trước mức CO2 trên Trái Đất đã tương đương với ngày nay, nhưng có một sự khác biệt lớn giữa ba triệu năm trước và bây giờ... Ba triệu năm trước, con người chúng ta đâu có lái xe hay ăn thịt bò làm sản sinh ra khí thải từ bò; chúng ta không nướng thịt, không từ chối tái chế hay xây dựng nhà máy; không có thời đại công nghiệp, không nhựa, không điều hòa, không điện năng, không xưởng gỗ, không chủ nghĩa tiêu dùng, không bình xịt aerosol. Thật ra thì ba triệu năm trước có lẽ chẳng có bóng dáng con người nào trên Trái Đất, ít nhất là không phải con người theo cách chúng ta định nghĩa ngày nay. Vậy mà..."
climate,"Temperatures were up to 7 degrees Fahrenheit warmer globally , at least double that at the poles , and sea levels were some 20 meters ( 65 feet ) higher . How is that possible 2,999,945 years before Americans moved to the suburbs and lit up the charcoal grills ?",fallacy of logic,"Nhiệt độ toàn cầu khi đó cao hơn tới 7 độ F, ở các cực còn cao gấp đôi, và mực nước biển dâng cao khoảng 20 mét. Làm sao chuyện đó có thể xảy ra tận 2.999.945 năm trước khi người Mỹ chuyển tới vùng ngoại ô và đốt lò nướng than cơ chứ?"
climate,"Because , because , because Orange Man Bad :",fallacy of relevance,"Chỉ vì, vì, vì gã da cam đó xấu xa:"
climate,"Because , because , because Orange Man Bad :",fallacy of extension,"Chỉ vì, vì, vì gã da cam đó xấu xa:"
climate,"No , actually , what this study proves is that there is nothing we can do to stop the Earth ’ s naturally occurring climate cycles .",fallacy of logic,"Không, thực tế là nghiên cứu này chứng minh rằng chúng ta chẳng thể làm gì để ngăn chặn các chu kỳ khí hậu tự nhiên của Trái Đất."
climate,"Current CO2 levels of 410 parts per million ( ppm ) were last seen on Earth three million years ago , according to the most detailed reconstruction of the Earth ’ s climate by researchers at the Potsdam Institute for Climate Impact Research ( PIK ) and published in Science Advances .",fallacy of credibility,"Theo nghiên cứu chi tiết nhất về khí hậu Trái Đất được thực hiện bởi Viện Nghiên cứu Tác động Khí hậu Potsdam (PIK) và công bố trên tạp chí Science Advances, mức CO2 hiện tại là 410 phần triệu (ppm) từng xuất hiện lần cuối cách đây ba triệu năm."
climate,"Because , because , because Orange Man Bad :",ad hominem,"Vì, vì, vì cái lão đấy xấu xa:"
climate,"As a 2003 study published in the same Science journal put it , `` there will not be enough nitrogen available to sustain the high carbon uptake scenarios . ''",intentional,"Như một nghiên cứu năm 2003 đăng trên cùng tạp chí Science đã chỉ rõ: ""sẽ không có đủ lượng nitơ để duy trì các kịch bản hấp thụ carbon cao."""
climate,Pay close attention to the word `` paradigm . '',intentional,"Hãy chú ý kỹ đến từ ""hệ hình"" (paradigm) nhé."
climate,The question is whether any climate scientists or environmentalists — who are entirely wedded to the idea that industrialization is destroying the planet — would ever admit this .,intentional,Vấn đề nằm ở chỗ liệu có bất kỳ nhà khoa học khí hậu hay nhà môi trường nào — những người vốn đã cực đoan với tư tưởng rằng công nghiệp hóa đang hủy hoại hành tinh — chịu thừa nhận điều này hay không.
climate,The question is whether any climate scientists or environmentalists — who are entirely wedded to the idea that industrialization is destroying the planet — would ever admit this .,fallacy of extension,Vấn đề nằm ở chỗ liệu có bất kỳ nhà khoa học khí hậu hay nhà môi trường nào — những người vốn đã cực đoan với tư tưởng rằng công nghiệp hóa đang hủy hoại hành tinh — chịu thừa nhận điều này hay không.
climate,"As we 've noted in this space , the idea of `` settled science '' peddled by environmentalists and politicians defies the history of science , which has seen repeated upheavals of previous forms of `` settled science . ''",fallacy of credibility,"Như chúng tôi đã lưu ý tại đây, khái niệm ""khoa học đã được định đoạt"" mà phe môi trường và chính trị gia đang rao giảng hoàn toàn đi ngược lại lịch sử khoa học, nơi mà các hình thái ""khoa học đã được định đoạt"" cũ kỹ đã nhiều lần bị lật đổ."
climate,"As we 've noted in this space , the idea of `` settled science '' peddled by environmentalists and politicians defies the history of science , which has seen repeated upheavals of previous forms of `` settled science . ''",faulty generalization,"Như chúng tôi đã lưu ý tại đây, khái niệm ""khoa học đã được định đoạt"" mà phe môi trường và chính trị gia đang rao giảng hoàn toàn đi ngược lại lịch sử khoa học, nơi mà các hình thái ""khoa học đã được định đoạt"" cũ kỹ đã nhiều lần bị lật đổ."
climate,"Thomas Kuhn studied this phenomenon in his 1962 book `` The Structure Of Scientific Revolutions . '' He explained how scientists develop a theory — or paradigm — based on available evidence — to explain what they 're seeing . Once that paradigm takes hold , scientists are often loath to give up on it even if evidence piles up that it might be wrong . Eventually , however , faulty paradigms do give way , ushering in a new scientific paradigm . Examples of such paradigm shifts in the past : heliocentric solar system , continental drift , Einstein 's theories .",fallacy of relevance,"Thomas Kuhn đã nghiên cứu hiện tượng này trong cuốn sách năm 1962 của ông mang tên ""Cấu trúc của các cuộc cách mạng khoa học"". Ông giải thích cách các nhà khoa học xây dựng một lý thuyết — hay hệ hình — dựa trên bằng chứng hiện có để giải thích những gì họ quan sát được. Khi hệ hình đó đã bám rễ, các nhà khoa học thường không muốn từ bỏ nó ngay cả khi bằng chứng cho thấy nó sai ngày càng nhiều. Tuy nhiên, cuối cùng thì các hệ hình sai lệch cũng phải nhường chỗ, mở đường cho một hệ hình khoa học mới. Ví dụ về những cuộc chuyển dịch hệ hình trong quá khứ: thuyết nhật tâm, thuyết trôi dạt lục địa, thuyết của Einstein."
climate,"Thomas Kuhn studied this phenomenon in his 1962 book `` The Structure Of Scientific Revolutions . '' He explained how scientists develop a theory — or paradigm — based on available evidence — to explain what they 're seeing . Once that paradigm takes hold , scientists are often loath to give up on it even if evidence piles up that it might be wrong . Eventually , however , faulty paradigms do give way , ushering in a new scientific paradigm . Examples of such paradigm shifts in the past : heliocentric solar system , continental drift , Einstein 's theories .",fallacy of credibility,"Thomas Kuhn đã nghiên cứu hiện tượng này trong cuốn sách năm 1962 của ông mang tên ""Cấu trúc của các cuộc cách mạng khoa học"". Ông giải thích cách các nhà khoa học xây dựng một lý thuyết — hay hệ hình — dựa trên bằng chứng hiện có để giải thích những gì họ quan sát được. Khi hệ hình đó đã bám rễ, các nhà khoa học thường không muốn từ bỏ nó ngay cả khi bằng chứng cho thấy nó sai ngày càng nhiều. Tuy nhiên, cuối cùng thì các hệ hình sai lệch cũng phải nhường chỗ, mở đường cho một hệ hình khoa học mới. Ví dụ về những cuộc chuyển dịch hệ hình trong quá khứ: thuyết nhật tâm, thuyết trôi dạt lục địa, thuyết của Einstein."
climate,"Thomas Kuhn studied this phenomenon in his 1962 book `` The Structure Of Scientific Revolutions . '' He explained how scientists develop a theory — or paradigm — based on available evidence — to explain what they 're seeing . Once that paradigm takes hold , scientists are often loath to give up on it even if evidence piles up that it might be wrong . Eventually , however , faulty paradigms do give way , ushering in a new scientific paradigm . Examples of such paradigm shifts in the past : heliocentric solar system , continental drift , Einstein 's theories .",faulty generalization,"Thomas Kuhn đã nghiên cứu hiện tượng này trong cuốn sách năm 1962 của ông mang tên ""Cấu trúc của các cuộc cách mạng khoa học"". Ông giải thích cách các nhà khoa học xây dựng một lý thuyết — hay hệ hình — dựa trên bằng chứng hiện có để giải thích những gì họ quan sát được. Khi hệ hình đó đã bám rễ, các nhà khoa học thường không muốn từ bỏ nó ngay cả khi bằng chứng cho thấy nó sai ngày càng nhiều. Tuy nhiên, cuối cùng thì các hệ hình sai lệch cũng phải nhường chỗ, mở đường cho một hệ hình khoa học mới. Ví dụ về những cuộc chuyển dịch hệ hình trong quá khứ: thuyết nhật tâm, thuyết trôi dạt lục địa, thuyết của Einstein."
climate,And a recent paper published in Nature concluded that the planet is less sensitive to increases in CO2 than the computer models say .,intentional,Một bài báo gần đây trên Nature kết luận rằng trái đất ít nhạy cảm với sự gia tăng CO2 hơn so với các mô hình máy tính dự báo.
climate,But will they ?,intentional,Nhưng liệu họ có làm thế không?
climate,"With their reputations and huge amounts government grant money at stake , it 's unlikely that many climate scientists would ever admit to being wrong .",ad hominem,"Với danh tiếng và những khoản trợ cấp chính phủ khổng lồ đang bị đe dọa, khó mà tin được các nhà khoa học khí hậu sẽ thừa nhận mình sai."
climate,"With their reputations and huge amounts government grant money at stake , it 's unlikely that many climate scientists would ever admit to being wrong .",intentional,"Với danh tiếng và những khoản trợ cấp chính phủ khổng lồ đang bị đe dọa, khó mà tin được các nhà khoa học khí hậu sẽ thừa nhận mình sai."
climate,They failed to predict a decade-long pause in global temperatures .,intentional,Họ đã thất bại trong việc dự báo sự chững lại suốt một thập kỷ của nhiệt độ toàn cầu.
climate,Nor have various calamities that were supposed to have occurred by now materialized .,intentional,Cũng chẳng có thảm họa nào được dự đoán xảy ra từ trước đến nay trở thành hiện thực cả.
climate,But climate scientists assumed that the ability to plants to perform this function was limited because the availability of nitrogen in the atmosphere was limited .,intentional,Nhưng các nhà khoa học khí hậu đã mặc định rằng khả năng thực hiện chức năng này của thực vật bị hạn chế do nguồn cung nitơ trong khí quyển có hạn.
climate,"Climate Change : Scientists just discovered a massive , heretofore unknown , source of nitrogen .",intentional,Biến đổi khí hậu: Các nhà khoa học vừa phát hiện một nguồn nitơ khổng lồ chưa từng được biết đến trước đây.
climate,"If Houlton 's finding about these vast , previously unknown nitrogen stores holds true , then it would have an enormous impact on global warming predictions .",intentional,"Nếu phát hiện của Houlton về những kho dự trữ nitơ khổng lồ chưa từng biết tới này là chính xác, nó sẽ tạo ra tác động to lớn đến các dự báo về sự nóng lên toàn cầu."
climate,The international team onboard the Russian research ship R/V Akademik Keldysh said most of the bubbles were currently dissolving in the water but methane levels at the surface were four to eight times what would normally be expected and this was venting into the atmosphere .,intentional,"Nhóm nghiên cứu quốc tế trên con tàu R/V Akademik Keldysh của Nga cho biết hầu hết các bong bóng đang tan trong nước, nhưng nồng độ metan tại bề mặt cao gấp bốn đến tám lần mức bình thường và đang thoát ra khí quyển."
climate,"High levels of the potent greenhouse gas have been detected down to a depth of 350 metres in the Laptev Sea near Russia , prompting concern among researchers that the discovery could have “ serious climate consequences ” .",intentional,"Nồng độ khí nhà kính cực mạnh đã được phát hiện ở độ sâu tới 350 mét tại biển Laptev gần Nga, làm dấy lên lo ngại trong giới nghiên cứu rằng phát hiện này có thể gây ra những hậu quả nghiêm trọng về khí hậu."
climate,"The Arctic is considered ground zero in the debate about the vulnerability of frozen methane deposits – which have been called the “ sleeping giants of the carbon cycle ” - in the ocean , and if releases were to exceed a tipping point it could increase the speed of global heating .",intentional,"Bắc Cực được coi là tâm điểm trong cuộc tranh luận về tính dễ tổn thương của các mỏ khí mê-tan đóng băng – vốn được gọi là những 'gã khổng lồ đang ngủ của chu trình carbon' – dưới đại dương, và nếu lượng phát thải vượt ngưỡng tới hạn, nó có thể làm tăng tốc độ nóng lên toàn cầu."
climate,"Methane seeps detected in the past were found to be historic , but the expedition believes these are new based on an earlier study showing movement of the subsea permafrost between the early 1980s and 2015 .",fallacy of credibility,"Các rò rỉ mê-tan được phát hiện trước đây được xác định là có từ lâu đời, nhưng đoàn thám hiểm tin rằng đây là những rò rỉ mới dựa trên một nghiên cứu trước đó cho thấy sự dịch chuyển của lớp băng vĩnh cửu dưới đáy biển từ đầu những năm 1980 đến năm 2015."
climate,"Despite all this evidence , however , Governors and Senators who are often climate change deniers still get voted back into power there .",ad hominem,"Mặc dù đã có tất cả bằng chứng này, nhưng các Thống đốc và Thượng nghị sĩ – những người thường xuyên phủ nhận biến đổi khí hậu – vẫn liên tục được bầu trở lại nắm quyền tại đó."
climate,"A new study , published in Geophysical Research Letters , suggests that even this ludicrously short-sighted measure won ’ t be enough to stop the incoming tide .",ad hominem,Một nghiên cứu mới được công bố trên tạp chí Geophysical Research Letters cho thấy rằng ngay cả biện pháp thiển cận một cách nực cười này cũng sẽ không đủ để ngăn chặn thủy triều đang dâng lên.
climate,"All in all , it ’ s bad news for Florida ’ s near-future , which is set to be underwater faster than anyone has previously estimated .",appeal to emotion,"Tựu trung lại, đây là tin xấu cho tương lai gần của Florida, nơi được dự báo sẽ chìm dưới nước nhanh hơn bất kỳ ước tính nào trước đây."
climate,"Another study revealed that , by 2100 , there will be 2 billion climate refugees – and several million of them will be migrating from Florida to places further inland .",appeal to emotion,"Một nghiên cứu khác tiết lộ rằng đến năm 2100, sẽ có 2 tỷ người tị nạn khí hậu, và vài triệu người trong số họ sẽ di cư từ Florida vào sâu trong đất liền."
climate,"Despite all this evidence , however , Governors and Senators who are often climate change deniers still get voted back into power there .",fallacy of logic,"Mặc dù đã có tất cả bằng chứng này, nhưng các Thống đốc và Thượng nghị sĩ – những người thường xuyên phủ nhận biến đổi khí hậu – vẫn liên tục được bầu trở lại nắm quyền tại đó."
climate,"As a result , instead of investing in climate change prevention measures , streets in Miami are literally getting raised up off the ground to stop floodwater coming in .",intentional,"Kết quả là, thay vì đầu tư vào các biện pháp ngăn ngừa biến đổi khí hậu, các con phố ở Miami đang thực sự bị nâng cao lên khỏi mặt đất để ngăn nước lũ tràn vào."
climate,"All in all , it ’ s bad news for Florida ’ s near-future , which is set to be underwater faster than anyone has previously estimated .",faulty generalization,"Tựu trung lại, đây là tin xấu cho tương lai gần của Florida, nơi được dự báo sẽ chìm dưới nước nhanh hơn bất kỳ ước tính nào trước đây."
climate,"Another study revealed that , by 2100 , there will be 2 billion climate refugees – and several million of them will be migrating from Florida to places further inland .",fallacy of credibility,"Một nghiên cứu khác chỉ ra rằng đến năm 2100, sẽ có 2 tỷ người tị nạn khí hậu, và vài triệu trong số đó sẽ phải di cư từ Florida vào sâu trong đất liền."
climate,"For good reason : In the U.S. , and for much of the world , the most dangerous environmental pollutants have been cleaned up . U.S. emissions of particulates , metals and varied gases—all of these : ozone , lead , carbon monoxide , oxides of nitrogen and sulfur—fell almost 70 % between 1970 and 2014 .",ad hominem,"Cũng dễ hiểu thôi: Tại Mỹ và phần lớn thế giới, những chất ô nhiễm môi trường nguy hiểm nhất đã được xử lý. Lượng khí thải tại Mỹ như các loại hạt bụi, kim loại và nhiều loại khí khác — bao gồm ozone, chì, carbon monoxide, oxit nitơ và lưu huỳnh — đã giảm gần 70% trong giai đoạn từ 1970 đến 2014."
climate,"National polls show that climate change is low on the list of voters ’ priorities . For good reason : In the U.S. , and for much of the world , the most dangerous environmental pollutants have been cleaned up . U.S. emissions of particulates , metals and varied gases—all of these : ozone , lead , carbon monoxide , oxides of nitrogen and sulfur—fell almost 70 % between 1970 and 2014 .",intentional,"Các cuộc thăm dò quốc gia cho thấy biến đổi khí hậu không phải là ưu tiên hàng đầu của cử tri. Và điều đó hoàn toàn có lý: Tại Mỹ và phần lớn thế giới, những chất ô nhiễm môi trường nguy hiểm nhất đã được xử lý. Lượng khí thải tại Mỹ như các loại hạt bụi, kim loại và nhiều loại khí khác — bao gồm ozone, chì, carbon monoxide, oxit nitơ và lưu huỳnh — đã giảm gần 70% trong giai đoạn từ 1970 đến 2014."
climate,"“ It ’ s sobering to think of this magnificent landscape and how fundamentally it can change over a relatively short time period , ” he added .",appeal to emotion,Ông ấy nói thêm: 'Thật đáng suy ngẫm khi nghĩ về khung cảnh tráng lệ này và việc nó có thể thay đổi một cách căn bản trong khoảng thời gian tương đối ngắn như thế nào'.
climate,"Estimates vary on how much carbon is currently released from thawing permafrost worldwide , but by one calculation emissions over the rest of the century could average about 1.5 billion tons a year , or about the same as current annual emissions from fossil-fuel burning in the United States .",intentional,"Dù các ước tính về lượng carbon giải phóng từ hiện tượng tan băng vĩnh cửu trên thế giới còn nhiều khác biệt, một tính toán cho thấy lượng khí thải trong phần còn lại của thế kỷ này có thể đạt trung bình khoảng 1,5 tỷ tấn mỗi năm, ngang bằng với lượng khí thải từ nhiên liệu hóa thạch của Mỹ hiện nay."
climate,"In addition to greenhouse gas emissions , thawing wreaks havoc on infrastructure , causing slumping of land when ice loses volume as it turns to water .",appeal to emotion,"Ngoài khí thải nhà kính, việc tan băng còn tàn phá hạ tầng, gây sụt lún đất khi lớp băng mất đi thể tích do chuyển thành nước."
climate,What ’ s the point ? ’ said Boy . ‘ By the time I get to Australia to see it the whole bloody lot will have dissolved . ’,faulty generalization,'Vậy thì có ích gì chứ?' cậu bé nói. 'Đến lúc tôi sang được Úc để ngắm nó thì đống đổ nát ấy tan biến hết rồi.'
climate,"Ocean acidification is the terrifying threat whereby all that man-made CO2 we ’ ve been pumping into the atmosphere may react with the sea to form a sort of giant acid bath . First it will kill off all the calcified marine life , such as shellfish , corals and plankton . Then it will destroy all the species that depend on it — causing an almighty mass extinction which will wipe out the fishing industry and turn our oceans into a barren zone of death .",faulty generalization,"Axit hóa đại dương là mối đe dọa kinh hoàng, nơi mà toàn bộ lượng CO2 do con người thải ra có thể phản ứng với nước biển để tạo thành một bể axit khổng lồ. Trước hết nó sẽ tiêu diệt tất cả các sinh vật biển có vỏ vôi hóa như động vật thân mềm, san hô và sinh vật phù du. Sau đó, nó sẽ hủy diệt tất cả các loài phụ thuộc vào chúng — gây ra một cuộc đại tuyệt chủng kinh hoàng, xóa sổ ngành đánh bắt cá và biến đại dương của chúng ta thành một vùng chết chóc hoang tàn."
climate,"Unfortunately for the doom-mongers , we sceptics have just received some heavy fire-support from a neutral authority .",ad hominem,"Thật không may cho những kẻ chuyên gieo rắc nỗi sợ hãi, chúng ta – những người hoài nghi – vừa nhận được sự hỗ trợ đắc lực từ một cơ quan trung lập."
climate,"Howard Browman , a marine scientist for 35 years , has published a review in the ICES Journal of Marine Science of all the papers published on the subject . His verdict could hardly be more damning . The methodology used by the studies was often flawed ; contrary studies suggesting that ocean acidification wasn ’ t a threat had sometimes had difficulty finding a publisher .",fallacy of credibility,"Howard Browman, một nhà khoa học hải dương với 35 năm kinh nghiệm, đã công bố một bài đánh giá trên Tạp chí Khoa học Hải dương ICES về tất cả các nghiên cứu được xuất bản trong lĩnh vực này. Kết luận của ông ấy chẳng thể nào nặng nề hơn. Phương pháp luận của các nghiên cứu thường đầy lỗ hổng; những nghiên cứu trái chiều cho rằng axit hóa đại dương không phải là mối đe dọa thì lại gặp khó khăn trong việc tìm nơi xuất bản."
climate,"Why , between 2009 and 2014 , did Defra spend a whopping £12.5 million on an ocean acidification research programme when the issue could have been resolved , for next to nothing , after a few hours ’ basic research ?",fallacy of extension,"Tại sao trong giai đoạn 2009-2014, Defra lại ném tận 12,5 triệu bảng vào một chương trình nghiên cứu về axit hóa đại dương trong khi vấn đề này có thể giải quyết với giá rẻ như cho chỉ sau vài giờ nghiên cứu cơ bản?"
climate,"According to a report last year by Climate Change Business Journal , it ’ s now worth an astonishing $ 1.5 trillion — about the same as the online shopping industry . If the scare goes away , then all bets are off , because the entire global decarbonisation business relies on it .",ad populum,"Theo báo cáo từ Climate Change Business Journal năm ngoái, ngành này hiện có giá trị lên tới 1,5 nghìn tỷ đô la — ngang ngửa với ngành mua sắm trực tuyến. Nếu sự hoảng loạn này biến mất thì mọi thứ coi như đổ bể, vì toàn bộ ngành kinh doanh khử cacbon toàn cầu đều dựa vào đó."
climate,"Ocean acidification — the evidence increasingly suggests — is a trivial , misleadingly named , and not remotely worrying phenomenon which has been hyped up beyond all measure for political , ideological and financial reasons .",intentional,"Axit hóa đại dương — theo bằng chứng ngày càng rõ ràng — chỉ là một hiện tượng tầm phào, cái tên gây hiểu lầm, chẳng có gì đáng lo ngại và đã bị thổi phồng quá mức vì các mục đích chính trị, ý thức hệ và tài chính."
climate,"The impact on calcification , metabolism , growth , fertility and survival of calcifying marine species when pH is lowered up to 0.3 units ( beyond what is considered a plausible reduction this century ) is beneficial , not damaging . Marine life has nothing whatsoever to fear from ocean acidification .",ad populum,"Tác động lên quá trình vôi hóa, trao đổi chất, tăng trưởng, sinh sản và khả năng sống sót của các loài sinh vật biển khi độ pH giảm xuống tới 0,3 đơn vị (vượt xa mức giảm dự đoán trong thế kỷ này) thực chất là có lợi chứ không hề gây hại. Sinh vật biển chẳng có lý do gì để sợ hãi axit hóa đại dương cả."
climate,"Hence the need for a fallback position — an environmental theory which would justify the massively expensive and disruptive ongoing decarbonisation programme so assiduously championed by politicians , scientists , green campaigners and anyone making money out of the renewables business .",ad hominem,"Chính vì thế họ cần một phương án dự phòng — một lý thuyết môi trường để hợp thức hóa chương trình khử cacbon cực kỳ đắt đỏ và gây xáo trộn mà các chính trị gia, nhà khoa học, nhà vận động môi trường và những kẻ kiếm chác từ ngành năng lượng tái tạo đang cố tình thúc đẩy."
climate,"What it does do is lend credence to something we much-maligned sceptics have long been saying : that in many environmental fields , the science is being abused and distorted to promote a political and financial agenda .",intentional,"Điều này càng củng cố cho quan điểm mà những người hoài nghi như chúng tôi đã nói từ lâu: trong nhiều lĩnh vực môi trường, khoa học đang bị lợi dụng và bóp méo để phục vụ cho các mục tiêu chính trị và tài chính."
climate,"It ’ s no wonder he should find it worrying , for it has been assiduously promoted by environmentalists for more than a decade now as ‘ global warming ’ s evil twin ’ .",appeal to emotion,"Chẳng trách ông ta lại thấy lo lắng, bởi vì nó đã được giới môi trường rêu rao suốt hơn một thập kỷ qua với cái danh xưng 'người anh em song sinh độc ác của hiện tượng nóng lên toàn cầu'."
climate,By the time I get to Australia to see it the whole bloody lot will have dissolved . ’,appeal to emotion,Đến lúc tôi kịp tới Úc để tận mắt chứng kiến thì chắc cả đống đó đã tan biến hết rồi.
climate,"Last year , no fewer than 600 academic papers were published on the subject , so it must be serious , right ?",ad populum,"Năm ngoái có tới 600 bài báo khoa học được công bố về chủ đề này, nên chắc chắn nó phải là vấn đề nghiêm trọng rồi, đúng không?"
climate,Even the great David Attenborough — presenter of the Great Barrier Reef series — has vouched for its authenticity : ‘,fallacy of credibility,Thậm chí cả huyền thoại David Attenborough — người dẫn chương trình về Rặng san hô Great Barrier — cũng đã xác nhận tính xác thực của nó: ‘
climate,"Ocean acidification — the evidence increasingly suggests — is a trivial , misleadingly named , and not remotely worrying phenomenon which has been hyped up beyond all measure for political , ideological and financial reasons .",faulty generalization,"Axit hóa đại dương - theo bằng chứng ngày càng rõ ràng - chỉ là một hiện tượng tầm thường, bị đặt tên gây hiểu lầm và chẳng có gì đáng lo ngại, tất cả chỉ là bị thổi phồng quá mức vì các lý do chính trị, ý thức hệ và tài chính."
climate,"The impact on calcification , metabolism , growth , fertility and survival of calcifying marine species when pH is lowered up to 0.3 units ( beyond what is considered a plausible reduction this century ) is beneficial , not damaging .",false causality,"Tác động lên quá trình vôi hóa, trao đổi chất, tăng trưởng, khả năng sinh sản và sự sống còn của các loài sinh vật biển khi độ pH giảm xuống tới 0,3 đơn vị (vượt mức dự báo khả thi trong thế kỷ này) thực chất là có lợi chứ không hề gây hại."
climate,"To those of us who have been studying the global warming scare in some detail , the answer is depressingly obvious . It ’ s because in the last decade or so , the climate change industry has become so vast and all encompassing , employing so many people , it simply can not be allowed to fail .",fallacy of relevance,"Đối với những người chúng tôi đã nghiên cứu kỹ về nỗi sợ nóng lên toàn cầu, câu trả lời rõ ràng đến mức đáng thất vọng. Đó là vì trong thập kỷ qua, ngành công nghiệp biến đổi khí hậu đã trở nên quá lớn và bao trùm, tạo công ăn việc làm cho quá nhiều người, nên đơn giản là nó không được phép thất bại."
climate,"An “ inherent bias ” in scientific journals in favour of more calamitous predictions has excluded research showing that marine creatures are not damaged by ocean acidification , which is caused by the sea absorbing carbon dioxide from the atmosphere .",intentional,"Một ""định kiến cố hữu"" trong các tạp chí khoa học đang ưu ái những dự đoán thảm khốc hơn, dẫn đến việc loại bỏ các nghiên cứu cho thấy sinh vật biển không bị tổn hại bởi hiện tượng axit hóa đại dương do nước biển hấp thụ CO2 từ khí quyển."
climate,"The review found that many studies had used flawed methods , subjecting marine creatures to sudden increases in carbon dioxide that would never be experienced in real life .",intentional,"Nghiên cứu đánh giá đã chỉ ra rằng nhiều công trình trước đó sử dụng phương pháp sai lệch, bắt các sinh vật biển chịu đựng sự gia tăng đột ngột của CO2 – điều vốn không bao giờ xảy ra trong tự nhiên."
climate,"“ In some cases it was levels far beyond what would ever be reached even if we burnt every molecule of carbon on the planet , ” Howard Browman , the editor of ICES Journal of Marine Science , who oversaw the review , said .",intentional,"""Trong một vài trường hợp, mức độ này còn vượt xa những gì có thể đạt được ngay cả khi chúng ta đốt cháy toàn bộ phân tử carbon trên hành tinh này"", Howard Browman, biên tập viên của Tạp chí Khoa học Biển ICES, người giám sát đợt đánh giá, cho biết."
climate,"Dr Browman , who is also principal research scientist at the Norwegian Institute of Marine Research , found there had been huge increase in articles on ocean acidification in recent years , rising from five in 2005 to 600 last year . He said that a handful of influential scientific journals and lobbying by international organisations had turned ocean acidification into a major issue .",false causality,"Tiến sĩ Browman, cũng là nhà nghiên cứu chính tại Viện Nghiên cứu Biển Na Uy, nhận thấy số lượng bài báo về axit hóa đại dương đã tăng vọt trong những năm gần đây, từ 5 bài vào năm 2005 lên 600 bài vào năm ngoái. Ông cho rằng một số ít các tạp chí khoa học có ảnh hưởng và sự vận động hành lang của các tổ chức quốc tế đã biến axit hóa đại dương thành một vấn đề lớn."
climate,"Skeptics have long pointed to ice gain in the Southern Hemisphere as evidence climate change wasn ’ t occurring , but scientists warned that it was caused by natural variations and circulations in the atmosphere .",faulty generalization,"Những người hoài nghi từ lâu đã chỉ ra việc gia tăng băng ở Nam Bán cầu làm bằng chứng cho thấy biến đổi khí hậu không xảy ra, tuy nhiên các nhà khoa học cảnh báo rằng đó chỉ là do những biến đổi tự nhiên và hoàn lưu trong khí quyển."
climate,"Skeptics have long pointed to ice gain in the Southern Hemisphere as evidence climate change wasn ’ t occurring , but scientists warned that it was caused by natural variations and circulations in the atmosphere .",intentional,"Những người hoài nghi từ lâu đã chỉ ra việc gia tăng băng ở Nam Bán cầu làm bằng chứng cho thấy biến đổi khí hậu không xảy ra, tuy nhiên các nhà khoa học cảnh báo rằng đó chỉ là do những biến đổi tự nhiên và hoàn lưu trong khí quyển."
climate,"While it is too early to know if the recent , rapid decline in Antarctic sea ice is going to be a regular occurrence like in the Arctic , it “ certainly puts the kibosh on everyone saying that Antarctica ’ s ice is just going up and up , ” Meier said .",faulty generalization,"Dù còn quá sớm để biết liệu sự suy giảm nhanh chóng của băng biển Nam Cực gần đây có trở thành hiện tượng thường xuyên như ở Bắc Cực hay không, thì điều này ""chắc chắn đã đặt dấu chấm hết cho những ai cứ khăng khăng rằng băng ở Nam Cực chỉ có tăng chứ không giảm"", Meier nói."
climate,"Moreover , the study says , massive human greenhouse gas emissions since that time have likely “ postponed ” what might otherwise be another ice age “ by at least 100,000 years . ”",faulty generalization,"Hơn nữa, nghiên cứu còn chỉ ra rằng, lượng khí thải nhà kính khổng lồ từ hoạt động của con người kể từ thời điểm đó có khả năng đã 'trì hoãn' một kỷ băng hà khác 'ít nhất là 100.000 năm'."
climate,"This idea is credited to University of Virginia climate scientist William Ruddiman , who was not involved with the current paper .",fallacy of credibility,"Ý tưởng này được ghi nhận cho nhà khoa học khí hậu William Ruddiman thuộc Đại học Virginia, người không tham gia vào bài nghiên cứu hiện tại."
climate,"Indeed , they note that about 800,000 years ago , orbital alignments were similar but carbon dioxide concentrations were around 240 parts per million , and glaciation did indeed occur .",fallacy of credibility,"Quả thực, họ lưu ý rằng khoảng 800.000 năm trước, sự sắp xếp quỹ đạo cũng tương tự nhưng nồng độ carbon dioxide chỉ vào khoảng 240 phần triệu, và hiện tượng đóng băng đã thực sự xảy ra."
climate,"But as an energy expert asked by Congress to provide objective expert testimony , and invited by the Intergovernmental Panel on Climate Change ( IPCC ) to serve as Expert Reviewer of its next Assessment Report , I feel an obligation to apologize for how badly we environmentalists have misled the public .",fallacy of credibility,"Nhưng với tư cách là một chuyên gia năng lượng được Quốc hội yêu cầu cung cấp lời khai chuyên môn khách quan, và được Ủy ban Liên chính phủ về Biến đổi Khí hậu (IPCC) mời làm Chuyên gia Đánh giá cho Báo cáo Đánh giá tiếp theo, tôi cảm thấy có nghĩa vụ phải xin lỗi vì chúng ta, những người bảo vệ môi trường, đã đánh lừa công chúng tồi tệ đến mức nào."
climate,"In reality , the above facts come from the best-available scientific studies , including those conducted by or accepted by the IPCC , the Food and Agriculture Organization of the United Nations ( FAO ) , the International Union for the Conservation of Nature ( IUCN ) and other leading scientific bodies .",fallacy of credibility,"Trên thực tế, những dữ kiện trên đều đến từ các nghiên cứu khoa học tốt nhất hiện có, bao gồm cả những nghiên cứu được thực hiện hoặc chấp nhận bởi IPCC, Tổ chức Lương thực và Nông nghiệp Liên Hợp Quốc (FAO), Liên minh Bảo tồn Thiên nhiên Quốc tế (IUCN) và các cơ quan khoa học hàng đầu khác."
climate,"But there are also reasons to believe that environmental alarmism will , if not come to an end , have diminishing cultural power . The coronavirus pandemic is an actual crisis that puts the climate “ crisis ” into perspective . Even if you think we have overreacted , Covid-19 has killed nearly 500,000 people and shattered economies around the globe .",fallacy of relevance,"Nhưng cũng có những lý do để tin rằng sự báo động thái quá về môi trường, nếu không chấm dứt hoàn toàn thì cũng sẽ suy giảm sức ảnh hưởng văn hóa. Đại dịch virus corona là một cuộc khủng hoảng thực sự, đặt 'khủng hoảng' khí hậu vào đúng vị thế của nó. Ngay cả khi bạn cho rằng chúng ta đã phản ứng thái quá, Covid-19 đã cướp đi sinh mạng của gần 500.000 người và làm sụp đổ các nền kinh tế trên toàn cầu."
climate,Climate change is happening . It ’ s just not the end of the world . It ’ s not even our most serious environmental problem .,fallacy of relevance,Biến đổi khí hậu đang xảy ra. Chỉ là nó không phải là ngày tận thế. Nó thậm chí còn chẳng phải là vấn đề môi trường nghiêm trọng nhất của chúng ta.
climate,"And in January , one out of five British children told pollsters they were having nightmares about climate change .",ad populum,"Và vào tháng 1, cứ năm trẻ em Anh thì có một em nói với các nhà thăm dò rằng chúng bị ác mộng về biến đổi khí hậu."
climate,” Britain ’ s most high-profile environmental group claimed “ Climate Change Kills Children . ”,appeal to emotion,Nhóm môi trường nổi tiếng nhất nước Anh đã tuyên bố rằng 'Biến đổi khí hậu giết chết trẻ em'.
climate,"And in January , one out of five British children told pollsters they were having nightmares about climate change .",appeal to emotion,"Và vào tháng 1, cứ năm trẻ em Anh thì có một em nói với các nhà thăm dò rằng chúng bị ác mộng về biến đổi khí hậu."
climate,The trend is always in one direction . '',faulty generalization,Xu hướng luôn chỉ đi theo một chiều.
climate,"Still , the shift is precisely what he and other cyclone experts said would be expected from climate change .",faulty generalization,"Tuy nhiên, sự dịch chuyển này chính xác là những gì ông ấy và các chuyên gia về bão đã dự báo là sẽ xảy ra do biến đổi khí hậu."
climate,"Once a year or so , journalists from major news outlets travel to the Marshall Islands , a remote chain of volcanic islands and coral atolls in the Pacific Ocean , to report in panicked tones that the island nation is vanishing because of climate change .",ad hominem,"Cứ khoảng một năm một lần, các nhà báo từ những hãng tin lớn lại đổ xô đến quần đảo Marshall, một chuỗi đảo núi lửa và rạn san hô xa xôi ở Thái Bình Dương, để đưa tin với giọng điệu hoảng loạn rằng quốc gia này đang biến mất vì biến đổi khí hậu."
climate,"Once a year or so , journalists from major news outlets travel to the Marshall Islands , a remote chain of volcanic islands and coral atolls in the Pacific Ocean , to report in panicked tones that the island nation is vanishing because of climate change .",appeal to emotion,"Cứ khoảng một năm một lần, các nhà báo từ những hãng tin lớn lại đổ xô đến quần đảo Marshall, một chuỗi đảo núi lửa và rạn san hô xa xôi ở Thái Bình Dương, để đưa tin với giọng điệu hoảng loạn rằng quốc gia này đang biến mất vì biến đổi khí hậu."
climate,Their dispatches are often filled with raw emotion and suggest that residents are fleeing atolls swiftly sinking into the sea .,fallacy of logic,Các bài tường thuật của họ thường đẫm chất cảm tính và ám chỉ rằng cư dân đang phải tháo chạy khi các đảo san hô nhanh chóng chìm xuống biển.
climate,Plimer says every occurrence of icebergs expanding and shrinking happened with “ more carbon dioxide in the atmosphere than now ” .,false causality,Plimer cho rằng mọi sự kiện băng trôi mở rộng hay thu hẹp đều từng xảy ra trong điều kiện “nồng độ CO2 trong khí quyển còn cao hơn bây giờ”.
climate,"“ We are getting towards the end of the warm period , the peak of the warmth was about 5,000 years ago and we are heading for the next inevitable ice age , ” he told Sky News host Cory Bernardi .",intentional,"“Chúng ta đang đi đến cuối thời kỳ ấm áp, đỉnh điểm của sự ấm lên đã là từ khoảng 5.000 năm trước và chúng ta đang tiến tới kỷ băng hà tất yếu tiếp theo,” ông chia sẻ với Cory Bernardi, người dẫn chương trình Sky News."
climate,"They live in a world where conditions are so extreme that fire seasons in the northern and southern hemispheres overlap , stretching resources at a time when they ’ re needed most .",appeal to emotion,"Họ đang sống trong một thế giới mà các điều kiện thời tiết cực đoan đến mức mùa cháy rừng ở cả hai bán cầu chồng chéo lên nhau, gây áp lực lên nguồn lực ngay tại thời điểm chúng cần được ưu tiên nhất."
climate,And when temperatures head towards this threshold it starts to impact the ability of people to lead normal lives .,appeal to emotion,"Và khi nhiệt độ tiến gần đến ngưỡng này, nó bắt đầu ảnh hưởng trực tiếp đến khả năng duy trì cuộc sống bình thường của con người."
climate,"At home , Australia emits less than 1.24 per cent of global emissions , but so do most countries . More than 170 countries emit less than Australia each year , and combined , this group of countries emits more than any of the largest emitters — 40 per cent of all emissions come from countries that each emit less than 2 per cent of global emissions . So , even if the major emitters decarbonise , it won ’ t be enough .",ad populum,"Tại quê nhà, Úc thải ra chưa tới 1,24% lượng khí thải toàn cầu, nhưng hầu hết các quốc gia khác cũng vậy. Có hơn 170 quốc gia thải ra ít hơn Úc mỗi năm, và tổng hợp lại, nhóm các quốc gia này thải ra lượng khí thải lớn hơn bất kỳ quốc gia phát thải lớn nhất nào — tới 40% tổng lượng khí thải đến từ các quốc gia mà mỗi nước đóng góp dưới 2% tổng lượng khí thải toàn cầu. Vì thế, ngay cả khi các nước phát thải lớn nhất thực hiện khử cacbon, thì chừng đó cũng chẳng thấm tháp gì."
climate,"In this scenario , by 2100 , 73.9 per cent of the world ’ s population will be facing at least 20 days a year of deadly heat and humidity . And before you think that 20 days of this sort of heat is manageable , that ’ s just a minimum .",faulty generalization,"Trong kịch bản này, đến năm 2100, 73,9% dân số thế giới sẽ phải đối mặt với ít nhất 20 ngày mỗi năm chịu đựng nắng nóng và độ ẩm chết người. Và đừng vội cho rằng 20 ngày nắng nóng như thế là vẫn còn trong tầm kiểm soát, đó chỉ là con số tối thiểu thôi."
climate,"By this point you ’ ve seen a few summers , probably run through a few sprinklers , burnt your feet on hot pavement — six-year-old you knows what hot feels like .",appeal to emotion,"Đến thời điểm này, hẳn bạn đã trải qua vài mùa hè, có lẽ từng chạy qua mấy cái vòi phun nước hay bị bỏng chân trên mặt đường nhựa nóng rát — cái tuổi lên sáu của bạn thừa biết cảm giác nóng là như thế nào rồi."
climate,"Economic productivity decreases , and the sorts of activities that are a central part of Australian life — like playing sport or heading to the beach — are affected . As the globe continues to warm , this sort of heat will spread , affecting more and more people for longer and longer periods of time .",appeal to emotion,"Năng suất kinh tế sụt giảm, và những hoạt động vốn là một phần không thể thiếu trong đời sống người Úc — như chơi thể thao hay đi biển — đều bị ảnh hưởng. Khi trái đất tiếp tục nóng lên, kiểu nắng nóng này sẽ lan rộng, tác động đến ngày càng nhiều người trong khoảng thời gian ngày càng kéo dài."
climate,"The 2009 Black Saturday bushfires , which claimed the lives of 173 Australians , are etched into the national consciousness . But in the heatwave that led up to the fires , the number of deaths soared .",appeal to emotion,"Thảm họa cháy rừng Black Saturday năm 2009, cướp đi sinh mạng của 173 người Úc, đã hằn sâu vào ký ức quốc gia. Nhưng ngay trong đợt nắng nóng dẫn đến các vụ cháy đó, số người chết cũng đã tăng vọt."
climate,In this scenario they may still have the opportunity to visit a living Great Barrier Reef .,appeal to emotion,"Trong kịch bản này, họ có lẽ vẫn còn cơ hội để chiêm ngưỡng một Rạn san hô Great Barrier vẫn đang sống sót."
climate,"As countries get more peaceful in Africa we could lose more tropical forests , which really worries me . ”",false dilemma,"Khi các quốc gia ở châu Phi trở nên hòa bình hơn, chúng ta có thể mất nhiều rừng nhiệt đới hơn, điều đó thực sự làm tôi lo lắng."
climate,"“ It breaks my heart to think we ’ d lose half our tropical forests for plantations just to save ourselves , ” Lawrence said . “ It ’ s horrifying that we ’ d lose our biodiversity to avert climate change .",appeal to emotion,"“Thật đau lòng khi nghĩ rằng chúng ta sẽ đánh đổi một nửa diện tích rừng nhiệt đới để làm đồn điền chỉ nhằm cứu lấy bản thân mình,” Lawrence nói. “Thật kinh khủng khi chúng ta phải hy sinh đa dạng sinh học để ngăn chặn biến đổi khí hậu.”"
climate,Losing tropical forests is not somehow cheaper than putting up wind farms in the US or Sahara . ”,fallacy of extension,Việc mất đi các khu rừng nhiệt đới không hề rẻ hơn so với việc lắp đặt các trang trại điện gió ở Mỹ hay trên sa mạc Sahara.
climate,"Lawrence said a steep drop in emissions to zero by 2040 would negate the need for “ negative emissions ” technology that would damage forests ’ ability to suck up carbon , maintain local water supplies and weather patterns and provide a home for a riot of birds , mammals , insects and other creatures .",false dilemma,"Lawrence cho biết việc cắt giảm mạnh lượng khí thải xuống bằng không vào năm 2040 sẽ loại bỏ nhu cầu về công nghệ “phát thải âm”, thứ vốn sẽ phá hủy khả năng hấp thụ carbon, duy trì nguồn nước địa phương, ổn định kiểu thời tiết và là mái nhà cho vô số loài chim, động vật có vú, côn trùng và các sinh vật khác."
climate,"But looking to the future , mass coral bleaching on the Great Barrier Reef will likely be an annual phenomenon within a decade , Torda said .",faulty generalization,"Nhưng nhìn về tương lai, hiện tượng tẩy trắng san hô hàng loạt tại Rạn san hô Great Barrier có khả năng sẽ trở thành chuyện thường niên chỉ trong vòng một thập kỷ tới, Torda nhận định."
